obs_map,eta,config,branch,full,flag,coherent,coset,issued,issued_methods,coverage_mode,hierarchy_applicable,hierarchy_holds,oracle,sound,exact,improves_full,improves_simple_min,oracle_states
0,0,0,1,1,1,1,1,1,branch;full;flag;coherent;coset,exact,1,1,1,1,1,0,0,5
0,0,1,1,1,1,1,1,1,branch;full;flag;coherent;coset,exact,1,1,1,1,1,0,0,5
0,0,2,1,1,1,1,1,1,branch;full;flag;coherent;coset,exact,1,1,1,1,1,0,0,5
0,0,3,1,1,1,1,1,1,branch;full;flag;coherent;coset,exact,1,1,1,1,1,0,0,5
0,0,4,1/2,1/2,1/2,1/2,1/2,1/2,branch;full;flag;coherent;coset,exact,1,1,1/2,1,1,0,0,7
0,0,5,1,1,1,1,1,1,branch;full;flag;coherent;coset,exact,1,1,1,1,1,0,0,7
0,0,6,1,1,1,1,1,1,branch;full;flag;coherent;coset,exact,1,1,1,1,1,0,0,6
0,0,7,1,1,1,1,1,1,branch;full;flag;coherent;coset,exact,1,1,1,1,1,0,0,6
0,0,8,1/2,1/2,1/2,1/2,1/2,1/2,branch;full;flag;coherent;coset,exact,1,1,1/2,1,1,0,0,7
0,0,9,1,1,1,1,1,1,branch;full;flag;coherent;coset,exact,1,1,1,1,1,0,0,7
0,0,10,1,1,1,1,1,1,branch;full;flag;coherent;coset,exact,1,1,1,1,1,0,0,6
0,0,11,1,1,1,1,1,1,branch;full;flag;coherent;coset,exact,1,1,1,1,1,0,0,6
0,0,12,1/2,1/2,1/2,1/2,1/2,1/2,branch;full;flag;coherent;coset,exact,1,1,1/2,1,1,0,0,7
0,0,13,1,1,1,1,1,1,branch;full;flag;coherent;coset,exact,1,1,1,1,1,0,0,7
0,0,14,1,1,1,1,1,1,branch;full;flag;coherent;coset,exact,1,1,1,1,1,0,0,6
0,0,15,1,1,1,1,1,1,branch;full;flag;coherent;coset,exact,1,1,1,1,1,0,0,6
0,0,16,1/2,1/2,1/2,1/2,1/2,1/2,branch;full;flag;coherent;coset,exact,1,1,1/2,1,1,0,0,7
0,0,17,1,1,1,1,1,1,branch;full;flag;coherent;coset,exact,1,1,1,1,1,0,0,7
0,0,18,1,1,1,1,1,1,branch;full;flag;coherent;coset,exact,1,1,1,1,1,0,0,6
0,0,19,1,1,1,1,1,1,branch;full;flag;coherent;coset,exact,1,1,1,1,1,0,0,6
0,0,20,1/2,1/2,1/2,1/2,1/2,1/2,branch;full;flag;coherent;coset,exact,1,1,1/2,1,1,0,0,7
0,0,21,1,1,1,1,1,1,branch;full;flag;coherent;coset,exact,1,1,1,1,1,0,0,7
0,0,22,1,1,1,1,1,1,branch;full;flag;coherent;coset,exact,1,1,1,1,1,0,0,6
0,0,23,1,1,1,1,1,1,branch;full;flag;coherent;coset,exact,1,1,1,1,1,0,0,6
0,0,24,1/4,1/4,1/4,1/4,1/4,1/4,branch;full;flag;coherent;coset,exact,1,1,1/4,1,1,0,0,8
0,0,25,1/2,1/2,1/2,1/2,1/2,1/2,branch;full;flag;coherent;coset,exact,1,1,1/2,1,1,0,0,14
0,0,26,3/4,3/4,3/4,3/4,3/4,3/4,branch;full;flag;coherent;coset,exact,1,1,3/4,1,1,0,0,8
0,0,27,1,1,1,1,1,1,branch;full;flag;coherent;coset,exact,1,1,1,1,1,0,0,8
0,0,28,1/4,1/4,1/4,1/4,1/4,1/4,branch;full;flag;coherent;coset,exact,1,1,1/4,1,1,0,0,8
0,0,29,1/2,1/2,1/2,1/2,1/2,1/2,branch;full;flag;coherent;coset,exact,1,1,1/2,1,1,0,0,14
0,0,30,3/4,3/4,3/4,3/4,3/4,3/4,branch;full;flag;coherent;coset,exact,1,1,3/4,1,1,0,0,8
0,0,31,1,1,1,1,1,1,branch;full;flag;coherent;coset,exact,1,1,1,1,1,0,0,8
0,0,32,1/2,1/2,1/2,1/2,1/2,1/2,branch;full;flag;coherent;coset,exact,1,1,1/2,1,1,0,0,7
0,0,33,1,1,1,1,1,1,branch;full;flag;coherent;coset,exact,1,1,1,1,1,0,0,7
0,0,34,1,1,1,1,1,1,branch;full;flag;coherent;coset,exact,1,1,1,1,1,0,0,6
0,0,35,1,1,1,1,1,1,branch;full;flag;coherent;coset,exact,1,1,1,1,1,0,0,6
0,0,36,1/4,1/4,1/4,1/4,1/4,1/4,branch;full;flag;coherent;coset,exact,1,1,1/4,1,1,0,0,8
0,0,37,1/2,1/2,1/2,1/2,1/2,1/2,branch;full;flag;coherent;coset,exact,1,1,1/2,1,1,0,0,14
0,0,38,3/4,3/4,3/4,3/4,3/4,3/4,branch;full;flag;coherent;coset,exact,1,1,3/4,1,1,0,0,8
0,0,39,1,1,1,1,1,1,branch;full;flag;coherent;coset,exact,1,1,1,1,1,0,0,8
0,0,40,1/2,1/2,1/2,1/2,1/2,1/2,branch;full;flag;coherent;coset,exact,1,1,1/2,1,1,0,0,7
0,0,41,1,1,1,1,1,1,branch;full;flag;coherent;coset,exact,1,1,1,1,1,0,0,7
0,0,42,1,1,1,1,1,1,branch;full;flag;coherent;coset,exact,1,1,1,1,1,0,0,6
0,0,43,1,1,1,1,1,1,branch;full;flag;coherent;coset,exact,1,1,1,1,1,0,0,6
0,0,44,1/4,1/4,1/4,1/4,1/4,1/4,branch;full;flag;coherent;coset,exact,1,1,1/4,1,1,0,0,8
0,0,45,1/2,1/2,1/2,1/2,1/2,1/2,branch;full;flag;coherent;coset,exact,1,1,1/2,1,1,0,0,14
0,0,46,3/4,3/4,3/4,3/4,3/4,3/4,branch;full;flag;coherent;coset,exact,1,1,3/4,1,1,0,0,8
0,0,47,1,1,1,1,1,1,branch;full;flag;coherent;coset,exact,1,1,1,1,1,0,0,8
0,0,48,1/2,1/2,1/2,1/2,1/2,1/2,branch;full;flag;coherent;coset,exact,1,1,1/2,1,1,0,0,7
0,0,49,1,1,1,1,1,1,branch;full;flag;coherent;coset,exact,1,1,1,1,1,0,0,7
0,0,50,1,1,1,1,1,1,branch;full;flag;coherent;coset,exact,1,1,1,1,1,0,0,6
0,0,51,1,1,1,1,1,1,branch;full;flag;coherent;coset,exact,1,1,1,1,1,0,0,6
0,0,52,1/4,1/4,1/4,1/4,1/4,1/4,branch;full;flag;coherent;coset,exact,1,1,1/4,1,1,0,0,8
0,0,53,1/2,1/2,1/2,1/2,1/2,1/2,branch;full;flag;coherent;coset,exact,1,1,1/2,1,1,0,0,14
0,0,54,3/4,3/4,3/4,3/4,3/4,3/4,branch;full;flag;coherent;coset,exact,1,1,3/4,1,1,0,0,8
0,0,55,1,1,1,1,1,1,branch;full;flag;coherent;coset,exact,1,1,1,1,1,0,0,8
0,0,56,1/4,1/4,1/4,1/4,1/4,1/4,branch;full;flag;coherent;coset,exact,1,1,1/4,1,1,0,0,8
0,0,57,1/2,1/2,1/2,1/2,1/2,1/2,branch;full;flag;coherent;coset,exact,1,1,1/2,1,1,0,0,14
0,0,58,3/4,3/4,3/4,3/4,3/4,3/4,branch;full;flag;coherent;coset,exact,1,1,3/4,1,1,0,0,8
0,0,59,1,1,1,1,1,1,branch;full;flag;coherent;coset,exact,1,1,1,1,1,0,0,8
0,0,60,1/2,1/2,1/2,1/2,1/2,1/2,branch;full;flag;coherent;coset,exact,1,1,1/2,1,1,0,0,7
0,0,61,1,1,1,1,1,1,branch;full;flag;coherent;coset,exact,1,1,1,1,1,0,0,7
0,0,62,1,1,1,1,1,1,branch;full;flag;coherent;coset,exact,1,1,1,1,1,0,0,6
0,0,63,1,1,1,1,1,1,branch;full;flag;coherent;coset,exact,1,1,1,1,1,0,0,6
0,1/4,0,1,1,1,1,1,1,branch;full;flag;coherent;coset,exact,1,1,1,1,1,0,0,8
0,1/4,1,1,1,1,1,1,1,branch;full;flag;coherent;coset,exact,1,1,1,1,1,0,0,8
0,1/4,2,1,1,1,1,1,1,branch;full;flag;coherent;coset,exact,1,1,1,1,1,0,0,8
0,1/4,3,1,1,1,1,1,1,branch;full;flag;coherent;coset,exact,1,1,1,1,1,0,0,8
0,1/4,4,1/2,1/2,1/2,1/2,1/2,1/2,branch;full;flag;coherent;coset,exact,1,1,1/2,1,1,0,0,13
0,1/4,5,1,1,1,1,1,1,branch;full;flag;coherent;coset,exact,1,1,1,1,1,0,0,14
0,1/4,6,1,1,1,1,1,1,branch;full;flag;coherent;coset,exact,1,1,1,1,1,0,0,11
0,1/4,7,1,1,1,1,1,1,branch;full;flag;coherent;coset,exact,1,1,1,1,1,0,0,11
0,1/4,8,1/2,1/2,1/2,1/2,1/2,1/2,branch;full;flag;coherent;coset,exact,1,1,1/2,1,1,0,0,13
0,1/4,9,1,1,1,1,1,1,branch;full;flag;coherent;coset,exact,1,1,1,1,1,0,0,14
0,1/4,10,1,1,1,1,1,1,branch;full;flag;coherent;coset,exact,1,1,1,1,1,0,0,11
0,1/4,11,1,1,1,1,1,1,branch;full;flag;coherent;coset,exact,1,1,1,1,1,0,0,11
0,1/4,12,1/2,1/2,1/2,1/2,1/2,1/2,branch;full;flag;coherent;coset,exact,1,1,1/2,1,1,0,0,13
0,1/4,13,1,1,1,1,1,1,branch;full;flag;coherent;coset,exact,1,1,1,1,1,0,0,14
0,1/4,14,1,1,1,1,1,1,branch;full;flag;coherent;coset,exact,1,1,1,1,1,0,0,11
0,1/4,15,1,1,1,1,1,1,branch;full;flag;coherent;coset,exact,1,1,1,1,1,0,0,11
0,1/4,16,1/2,1/2,1/2,1/2,1/2,1/2,branch;full;flag;coherent;coset,exact,1,1,1/2,1,1,0,0,13
0,1/4,17,1,1,1,1,1,1,branch;full;flag;coherent;coset,exact,1,1,1,1,1,0,0,14
0,1/4,18,1,1,1,1,1,1,branch;full;flag;coherent;coset,exact,1,1,1,1,1,0,0,11
0,1/4,19,1,1,1,1,1,1,branch;full;flag;coherent;coset,exact,1,1,1,1,1,0,0,11
0,1/4,20,1/2,1/2,1/2,1/2,1/2,1/2,branch;full;flag;coherent;coset,exact,1,1,1/2,1,1,0,0,13
0,1/4,21,1,1,1,1,1,1,branch;full;flag;coherent;coset,exact,1,1,1,1,1,0,0,14
0,1/4,22,1,1,1,1,1,1,branch;full;flag;coherent;coset,exact,1,1,1,1,1,0,0,11
0,1/4,23,1,1,1,1,1,1,branch;full;flag;coherent;coset,exact,1,1,1,1,1,0,0,11
0,1/4,24,1/4,1/4,1/4,1/4,1/4,1/4,branch;full;flag;coherent;coset,exact,1,1,1/4,1,1,0,0,16
0,1/4,25,1/2,1/2,1/2,1/2,1/2,1/2,branch;full;flag;coherent;coset,exact,1,1,1/2,1,1,0,0,34
0,1/4,26,3/4,3/4,3/4,3/4,3/4,3/4,branch;full;flag;coherent;coset,exact,1,1,3/4,1,1,0,0,16
0,1/4,27,1,1,1,1,1,1,branch;full;flag;coherent;coset,exact,1,1,1,1,1,0,0,17
0,1/4,28,1/4,1/4,1/4,1/4,1/4,1/4,branch;full;flag;coherent;coset,exact,1,1,1/4,1,1,0,0,16
0,1/4,29,1/2,1/2,1/2,1/2,1/2,1/2,branch;full;flag;coherent;coset,exact,1,1,1/2,1,1,0,0,34
0,1/4,30,3/4,3/4,3/4,3/4,3/4,3/4,branch;full;flag;coherent;coset,exact,1,1,3/4,1,1,0,0,16
0,1/4,31,1,1,1,1,1,1,branch;full;flag;coherent;coset,exact,1,1,1,1,1,0,0,17
0,1/4,32,1/2,1/2,1/2,1/2,1/2,1/2,branch;full;flag;coherent;coset,exact,1,1,1/2,1,1,0,0,13
0,1/4,33,1,1,1,1,1,1,branch;full;flag;coherent;coset,exact,1,1,1,1,1,0,0,14
0,1/4,34,1,1,1,1,1,1,branch;full;flag;coherent;coset,exact,1,1,1,1,1,0,0,11
0,1/4,35,1,1,1,1,1,1,branch;full;flag;coherent;coset,exact,1,1,1,1,1,0,0,11
0,1/4,36,1/4,1/4,1/4,1/4,1/4,1/4,branch;full;flag;coherent;coset,exact,1,1,1/4,1,1,0,0,16
0,1/4,37,1/2,1/2,1/2,1/2,1/2,1/2,branch;full;flag;coherent;coset,exact,1,1,1/2,1,1,0,0,34
0,1/4,38,3/4,3/4,3/4,3/4,3/4,3/4,branch;full;flag;coherent;coset,exact,1,1,3/4,1,1,0,0,16
0,1/4,39,1,1,1,1,1,1,branch;full;flag;coherent;coset,exact,1,1,1,1,1,0,0,17
0,1/4,40,1/2,1/2,1/2,1/2,1/2,1/2,branch;full;flag;coherent;coset,exact,1,1,1/2,1,1,0,0,13
0,1/4,41,1,1,1,1,1,1,branch;full;flag;coherent;coset,exact,1,1,1,1,1,0,0,14
0,1/4,42,1,1,1,1,1,1,branch;full;flag;coherent;coset,exact,1,1,1,1,1,0,0,11
0,1/4,43,1,1,1,1,1,1,branch;full;flag;coherent;coset,exact,1,1,1,1,1,0,0,11
0,1/4,44,1/4,1/4,1/4,1/4,1/4,1/4,branch;full;flag;coherent;coset,exact,1,1,1/4,1,1,0,0,16
0,1/4,45,1/2,1/2,1/2,1/2,1/2,1/2,branch;full;flag;coherent;coset,exact,1,1,1/2,1,1,0,0,34
0,1/4,46,3/4,3/4,3/4,3/4,3/4,3/4,branch;full;flag;coherent;coset,exact,1,1,3/4,1,1,0,0,16
0,1/4,47,1,1,1,1,1,1,branch;full;flag;coherent;coset,exact,1,1,1,1,1,0,0,17
0,1/4,48,1/2,1/2,1/2,1/2,1/2,1/2,branch;full;flag;coherent;coset,exact,1,1,1/2,1,1,0,0,13
0,1/4,49,1,1,1,1,1,1,branch;full;flag;coherent;coset,exact,1,1,1,1,1,0,0,14
0,1/4,50,1,1,1,1,1,1,branch;full;flag;coherent;coset,exact,1,1,1,1,1,0,0,11
0,1/4,51,1,1,1,1,1,1,branch;full;flag;coherent;coset,exact,1,1,1,1,1,0,0,11
0,1/4,52,1/4,1/4,1/4,1/4,1/4,1/4,branch;full;flag;coherent;coset,exact,1,1,1/4,1,1,0,0,16
0,1/4,53,1/2,1/2,1/2,1/2,1/2,1/2,branch;full;flag;coherent;coset,exact,1,1,1/2,1,1,0,0,34
0,1/4,54,3/4,3/4,3/4,3/4,3/4,3/4,branch;full;flag;coherent;coset,exact,1,1,3/4,1,1,0,0,16
0,1/4,55,1,1,1,1,1,1,branch;full;flag;coherent;coset,exact,1,1,1,1,1,0,0,17
0,1/4,56,1/4,1/4,1/4,1/4,1/4,1/4,branch;full;flag;coherent;coset,exact,1,1,1/4,1,1,0,0,16
0,1/4,57,1/2,1/2,1/2,1/2,1/2,1/2,branch;full;flag;coherent;coset,exact,1,1,1/2,1,1,0,0,34
0,1/4,58,3/4,3/4,3/4,3/4,3/4,3/4,branch;full;flag;coherent;coset,exact,1,1,3/4,1,1,0,0,16
0,1/4,59,1,1,1,1,1,1,branch;full;flag;coherent;coset,exact,1,1,1,1,1,0,0,17
0,1/4,60,1/2,1/2,1/2,1/2,1/2,1/2,branch;full;flag;coherent;coset,exact,1,1,1/2,1,1,0,0,13
0,1/4,61,1,1,1,1,1,1,branch;full;flag;coherent;coset,exact,1,1,1,1,1,0,0,14
0,1/4,62,1,1,1,1,1,1,branch;full;flag;coherent;coset,exact,1,1,1,1,1,0,0,11
0,1/4,63,1,1,1,1,1,1,branch;full;flag;coherent;coset,exact,1,1,1,1,1,0,0,11
0,1/2,0,1,1,1,1,1,1,branch;full;flag;coherent;coset,exact,1,1,1,1,1,0,0,4
0,1/2,1,1,1,1,1,1,1,branch;full;flag;coherent;coset,exact,1,1,1,1,1,0,0,4
0,1/2,2,1,1,1,1,1,1,branch;full;flag;coherent;coset,exact,1,1,1,1,1,0,0,4
0,1/2,3,1,1,1,1,1,1,branch;full;flag;coherent;coset,exact,1,1,1,1,1,0,0,4
0,1/2,4,1/2,1/2,1/2,1/2,1/2,1/2,branch;full;flag;coherent;coset,exact,1,1,1/2,1,1,0,0,5
0,1/2,5,1,1,1,1,1,1,branch;full;flag;coherent;coset,exact,1,1,1,1,1,0,0,6
0,1/2,6,1,1,1,1,1,1,branch;full;flag;coherent;coset,exact,1,1,1,1,1,0,0,5
0,1/2,7,1,1,1,1,1,1,branch;full;flag;coherent;coset,exact,1,1,1,1,1,0,0,5
0,1/2,8,1/2,1/2,1/2,1/2,1/2,1/2,branch;full;flag;coherent;coset,exact,1,1,1/2,1,1,0,0,5
0,1/2,9,1,1,1,1,1,1,branch;full;flag;coherent;coset,exact,1,1,1,1,1,0,0,6
0,1/2,10,1,1,1,1,1,1,branch;full;flag;coherent;coset,exact,1,1,1,1,1,0,0,5
0,1/2,11,1,1,1,1,1,1,branch;full;flag;coherent;coset,exact,1,1,1,1,1,0,0,5
0,1/2,12,1/2,1/2,1/2,1/2,1/2,1/2,branch;full;flag;coherent;coset,exact,1,1,1/2,1,1,0,0,5
0,1/2,13,1,1,1,1,1,1,branch;full;flag;coherent;coset,exact,1,1,1,1,1,0,0,6
0,1/2,14,1,1,1,1,1,1,branch;full;flag;coherent;coset,exact,1,1,1,1,1,0,0,5
0,1/2,15,1,1,1,1,1,1,branch;full;flag;coherent;coset,exact,1,1,1,1,1,0,0,5
0,1/2,16,1/2,1/2,1/2,1/2,1/2,1/2,branch;full;flag;coherent;coset,exact,1,1,1/2,1,1,0,0,5
0,1/2,17,1,1,1,1,1,1,branch;full;flag;coherent;coset,exact,1,1,1,1,1,0,0,6
0,1/2,18,1,1,1,1,1,1,branch;full;flag;coherent;coset,exact,1,1,1,1,1,0,0,5
0,1/2,19,1,1,1,1,1,1,branch;full;flag;coherent;coset,exact,1,1,1,1,1,0,0,5
0,1/2,20,1/2,1/2,1/2,1/2,1/2,1/2,branch;full;flag;coherent;coset,exact,1,1,1/2,1,1,0,0,5
0,1/2,21,1,1,1,1,1,1,branch;full;flag;coherent;coset,exact,1,1,1,1,1,0,0,6
0,1/2,22,1,1,1,1,1,1,branch;full;flag;coherent;coset,exact,1,1,1,1,1,0,0,5
0,1/2,23,1,1,1,1,1,1,branch;full;flag;coherent;coset,exact,1,1,1,1,1,0,0,5
0,1/2,24,1/4,1/4,1/4,1/4,1/4,1/4,branch;full;flag;coherent;coset,exact,1,1,1/4,1,1,0,0,6
0,1/2,25,1/2,1/2,1/2,1/2,1/2,1/2,branch;full;flag;coherent;coset,exact,1,1,1/2,1,1,0,0,12
0,1/2,26,3/4,3/4,3/4,3/4,3/4,3/4,branch;full;flag;coherent;coset,exact,1,1,3/4,1,1,0,0,6
0,1/2,27,1,1,1,1,1,1,branch;full;flag;coherent;coset,exact,1,1,1,1,1,0,0,7
0,1/2,28,1/4,1/4,1/4,1/4,1/4,1/4,branch;full;flag;coherent;coset,exact,1,1,1/4,1,1,0,0,6
0,1/2,29,1/2,1/2,1/2,1/2,1/2,1/2,branch;full;flag;coherent;coset,exact,1,1,1/2,1,1,0,0,12
0,1/2,30,3/4,3/4,3/4,3/4,3/4,3/4,branch;full;flag;coherent;coset,exact,1,1,3/4,1,1,0,0,6
0,1/2,31,1,1,1,1,1,1,branch;full;flag;coherent;coset,exact,1,1,1,1,1,0,0,7
0,1/2,32,1/2,1/2,1/2,1/2,1/2,1/2,branch;full;flag;coherent;coset,exact,1,1,1/2,1,1,0,0,5
0,1/2,33,1,1,1,1,1,1,branch;full;flag;coherent;coset,exact,1,1,1,1,1,0,0,6
0,1/2,34,1,1,1,1,1,1,branch;full;flag;coherent;coset,exact,1,1,1,1,1,0,0,5
0,1/2,35,1,1,1,1,1,1,branch;full;flag;coherent;coset,exact,1,1,1,1,1,0,0,5
0,1/2,36,1/4,1/4,1/4,1/4,1/4,1/4,branch;full;flag;coherent;coset,exact,1,1,1/4,1,1,0,0,6
0,1/2,37,1/2,1/2,1/2,1/2,1/2,1/2,branch;full;flag;coherent;coset,exact,1,1,1/2,1,1,0,0,12
0,1/2,38,3/4,3/4,3/4,3/4,3/4,3/4,branch;full;flag;coherent;coset,exact,1,1,3/4,1,1,0,0,6
0,1/2,39,1,1,1,1,1,1,branch;full;flag;coherent;coset,exact,1,1,1,1,1,0,0,7
0,1/2,40,1/2,1/2,1/2,1/2,1/2,1/2,branch;full;flag;coherent;coset,exact,1,1,1/2,1,1,0,0,5
0,1/2,41,1,1,1,1,1,1,branch;full;flag;coherent;coset,exact,1,1,1,1,1,0,0,6
0,1/2,42,1,1,1,1,1,1,branch;full;flag;coherent;coset,exact,1,1,1,1,1,0,0,5
0,1/2,43,1,1,1,1,1,1,branch;full;flag;coherent;coset,exact,1,1,1,1,1,0,0,5
0,1/2,44,1/4,1/4,1/4,1/4,1/4,1/4,branch;full;flag;coherent;coset,exact,1,1,1/4,1,1,0,0,6
0,1/2,45,1/2,1/2,1/2,1/2,1/2,1/2,branch;full;flag;coherent;coset,exact,1,1,1/2,1,1,0,0,12
0,1/2,46,3/4,3/4,3/4,3/4,3/4,3/4,branch;full;flag;coherent;coset,exact,1,1,3/4,1,1,0,0,6
0,1/2,47,1,1,1,1,1,1,branch;full;flag;coherent;coset,exact,1,1,1,1,1,0,0,7
0,1/2,48,1/2,1/2,1/2,1/2,1/2,1/2,branch;full;flag;coherent;coset,exact,1,1,1/2,1,1,0,0,5
0,1/2,49,1,1,1,1,1,1,branch;full;flag;coherent;coset,exact,1,1,1,1,1,0,0,6
0,1/2,50,1,1,1,1,1,1,branch;full;flag;coherent;coset,exact,1,1,1,1,1,0,0,5
0,1/2,51,1,1,1,1,1,1,branch;full;flag;coherent;coset,exact,1,1,1,1,1,0,0,5
0,1/2,52,1/4,1/4,1/4,1/4,1/4,1/4,branch;full;flag;coherent;coset,exact,1,1,1/4,1,1,0,0,6
0,1/2,53,1/2,1/2,1/2,1/2,1/2,1/2,branch;full;flag;coherent;coset,exact,1,1,1/2,1,1,0,0,12
0,1/2,54,3/4,3/4,3/4,3/4,3/4,3/4,branch;full;flag;coherent;coset,exact,1,1,3/4,1,1,0,0,6
0,1/2,55,1,1,1,1,1,1,branch;full;flag;coherent;coset,exact,1,1,1,1,1,0,0,7
0,1/2,56,1/4,1/4,1/4,1/4,1/4,1/4,branch;full;flag;coherent;coset,exact,1,1,1/4,1,1,0,0,6
0,1/2,57,1/2,1/2,1/2,1/2,1/2,1/2,branch;full;flag;coherent;coset,exact,1,1,1/2,1,1,0,0,12
0,1/2,58,3/4,3/4,3/4,3/4,3/4,3/4,branch;full;flag;coherent;coset,exact,1,1,3/4,1,1,0,0,6
0,1/2,59,1,1,1,1,1,1,branch;full;flag;coherent;coset,exact,1,1,1,1,1,0,0,7
0,1/2,60,1/2,1/2,1/2,1/2,1/2,1/2,branch;full;flag;coherent;coset,exact,1,1,1/2,1,1,0,0,5
0,1/2,61,1,1,1,1,1,1,branch;full;flag;coherent;coset,exact,1,1,1,1,1,0,0,6
0,1/2,62,1,1,1,1,1,1,branch;full;flag;coherent;coset,exact,1,1,1,1,1,0,0,5
0,1/2,63,1,1,1,1,1,1,branch;full;flag;coherent;coset,exact,1,1,1,1,1,0,0,5
0,3/4,0,1,1,1,1,1,1,branch;full;flag;coherent;coset,exact,1,1,1,1,1,0,0,8
0,3/4,1,1,1,1,1,1,1,branch;full;flag;coherent;coset,exact,1,1,1,1,1,0,0,8
0,3/4,2,1,1,1,1,1,1,branch;full;flag;coherent;coset,exact,1,1,1,1,1,0,0,8
0,3/4,3,1,1,1,1,1,1,branch;full;flag;coherent;coset,exact,1,1,1,1,1,0,0,8
0,3/4,4,1/2,1/2,1/2,1/2,1/2,1/2,branch;full;flag;coherent;coset,exact,1,1,1/2,1,1,0,0,13
0,3/4,5,1,1,1,1,1,1,branch;full;flag;coherent;coset,exact,1,1,1,1,1,0,0,14
0,3/4,6,1,1,1,1,1,1,branch;full;flag;coherent;coset,exact,1,1,1,1,1,0,0,11
0,3/4,7,1,1,1,1,1,1,branch;full;flag;coherent;coset,exact,1,1,1,1,1,0,0,11
0,3/4,8,1/2,1/2,1/2,1/2,1/2,1/2,branch;full;flag;coherent;coset,exact,1,1,1/2,1,1,0,0,13
0,3/4,9,1,1,1,1,1,1,branch;full;flag;coherent;coset,exact,1,1,1,1,1,0,0,14
0,3/4,10,1,1,1,1,1,1,branch;full;flag;coherent;coset,exact,1,1,1,1,1,0,0,11
0,3/4,11,1,1,1,1,1,1,branch;full;flag;coherent;coset,exact,1,1,1,1,1,0,0,11
0,3/4,12,1/2,1/2,1/2,1/2,1/2,1/2,branch;full;flag;coherent;coset,exact,1,1,1/2,1,1,0,0,13
0,3/4,13,1,1,1,1,1,1,branch;full;flag;coherent;coset,exact,1,1,1,1,1,0,0,14
0,3/4,14,1,1,1,1,1,1,branch;full;flag;coherent;coset,exact,1,1,1,1,1,0,0,11
0,3/4,15,1,1,1,1,1,1,branch;full;flag;coherent;coset,exact,1,1,1,1,1,0,0,11
0,3/4,16,1/2,1/2,1/2,1/2,1/2,1/2,branch;full;flag;coherent;coset,exact,1,1,1/2,1,1,0,0,13
0,3/4,17,1,1,1,1,1,1,branch;full;flag;coherent;coset,exact,1,1,1,1,1,0,0,14
0,3/4,18,1,1,1,1,1,1,branch;full;flag;coherent;coset,exact,1,1,1,1,1,0,0,11
0,3/4,19,1,1,1,1,1,1,branch;full;flag;coherent;coset,exact,1,1,1,1,1,0,0,11
0,3/4,20,1/2,1/2,1/2,1/2,1/2,1/2,branch;full;flag;coherent;coset,exact,1,1,1/2,1,1,0,0,13
0,3/4,21,1,1,1,1,1,1,branch;full;flag;coherent;coset,exact,1,1,1,1,1,0,0,14
0,3/4,22,1,1,1,1,1,1,branch;full;flag;coherent;coset,exact,1,1,1,1,1,0,0,11
0,3/4,23,1,1,1,1,1,1,branch;full;flag;coherent;coset,exact,1,1,1,1,1,0,0,11
0,3/4,24,1/4,1/4,1/4,1/4,1/4,1/4,branch;full;flag;coherent;coset,exact,1,1,1/4,1,1,0,0,16
0,3/4,25,1/2,1/2,1/2,1/2,1/2,1/2,branch;full;flag;coherent;coset,exact,1,1,1/2,1,1,0,0,34
0,3/4,26,3/4,3/4,3/4,3/4,3/4,3/4,branch;full;flag;coherent;coset,exact,1,1,3/4,1,1,0,0,16
0,3/4,27,1,1,1,1,1,1,branch;full;flag;coherent;coset,exact,1,1,1,1,1,0,0,17
0,3/4,28,1/4,1/4,1/4,1/4,1/4,1/4,branch;full;flag;coherent;coset,exact,1,1,1/4,1,1,0,0,16
0,3/4,29,1/2,1/2,1/2,1/2,1/2,1/2,branch;full;flag;coherent;coset,exact,1,1,1/2,1,1,0,0,34
0,3/4,30,3/4,3/4,3/4,3/4,3/4,3/4,branch;full;flag;coherent;coset,exact,1,1,3/4,1,1,0,0,16
0,3/4,31,1,1,1,1,1,1,branch;full;flag;coherent;coset,exact,1,1,1,1,1,0,0,17
0,3/4,32,1/2,1/2,1/2,1/2,1/2,1/2,branch;full;flag;coherent;coset,exact,1,1,1/2,1,1,0,0,13
0,3/4,33,1,1,1,1,1,1,branch;full;flag;coherent;coset,exact,1,1,1,1,1,0,0,14
0,3/4,34,1,1,1,1,1,1,branch;full;flag;coherent;coset,exact,1,1,1,1,1,0,0,11
0,3/4,35,1,1,1,1,1,1,branch;full;flag;coherent;coset,exact,1,1,1,1,1,0,0,11
0,3/4,36,1/4,1/4,1/4,1/4,1/4,1/4,branch;full;flag;coherent;coset,exact,1,1,1/4,1,1,0,0,16
0,3/4,37,1/2,1/2,1/2,1/2,1/2,1/2,branch;full;flag;coherent;coset,exact,1,1,1/2,1,1,0,0,34
0,3/4,38,3/4,3/4,3/4,3/4,3/4,3/4,branch;full;flag;coherent;coset,exact,1,1,3/4,1,1,0,0,16
0,3/4,39,1,1,1,1,1,1,branch;full;flag;coherent;coset,exact,1,1,1,1,1,0,0,17
0,3/4,40,1/2,1/2,1/2,1/2,1/2,1/2,branch;full;flag;coherent;coset,exact,1,1,1/2,1,1,0,0,13
0,3/4,41,1,1,1,1,1,1,branch;full;flag;coherent;coset,exact,1,1,1,1,1,0,0,14
0,3/4,42,1,1,1,1,1,1,branch;full;flag;coherent;coset,exact,1,1,1,1,1,0,0,11
0,3/4,43,1,1,1,1,1,1,branch;full;flag;coherent;coset,exact,1,1,1,1,1,0,0,11
0,3/4,44,1/4,1/4,1/4,1/4,1/4,1/4,branch;full;flag;coherent;coset,exact,1,1,1/4,1,1,0,0,16
0,3/4,45,1/2,1/2,1/2,1/2,1/2,1/2,branch;full;flag;coherent;coset,exact,1,1,1/2,1,1,0,0,34
0,3/4,46,3/4,3/4,3/4,3/4,3/4,3/4,branch;full;flag;coherent;coset,exact,1,1,3/4,1,1,0,0,16
0,3/4,47,1,1,1,1,1,1,branch;full;flag;coherent;coset,exact,1,1,1,1,1,0,0,17
0,3/4,48,1/2,1/2,1/2,1/2,1/2,1/2,branch;full;flag;coherent;coset,exact,1,1,1/2,1,1,0,0,13
0,3/4,49,1,1,1,1,1,1,branch;full;flag;coherent;coset,exact,1,1,1,1,1,0,0,14
0,3/4,50,1,1,1,1,1,1,branch;full;flag;coherent;coset,exact,1,1,1,1,1,0,0,11
0,3/4,51,1,1,1,1,1,1,branch;full;flag;coherent;coset,exact,1,1,1,1,1,0,0,11
0,3/4,52,1/4,1/4,1/4,1/4,1/4,1/4,branch;full;flag;coherent;coset,exact,1,1,1/4,1,1,0,0,16
0,3/4,53,1/2,1/2,1/2,1/2,1/2,1/2,branch;full;flag;coherent;coset,exact,1,1,1/2,1,1,0,0,34
0,3/4,54,3/4,3/4,3/4,3/4,3/4,3/4,branch;full;flag;coherent;coset,exact,1,1,3/4,1,1,0,0,16
0,3/4,55,1,1,1,1,1,1,branch;full;flag;coherent;coset,exact,1,1,1,1,1,0,0,17
0,3/4,56,1/4,1/4,1/4,1/4,1/4,1/4,branch;full;flag;coherent;coset,exact,1,1,1/4,1,1,0,0,16
0,3/4,57,1/2,1/2,1/2,1/2,1/2,1/2,branch;full;flag;coherent;coset,exact,1,1,1/2,1,1,0,0,34
0,3/4,58,3/4,3/4,3/4,3/4,3/4,3/4,branch;full;flag;coherent;coset,exact,1,1,3/4,1,1,0,0,16
0,3/4,59,1,1,1,1,1,1,branch;full;flag;coherent;coset,exact,1,1,1,1,1,0,0,17
0,3/4,60,1/2,1/2,1/2,1/2,1/2,1/2,branch;full;flag;coherent;coset,exact,1,1,1/2,1,1,0,0,13
0,3/4,61,1,1,1,1,1,1,branch;full;flag;coherent;coset,exact,1,1,1,1,1,0,0,14
0,3/4,62,1,1,1,1,1,1,branch;full;flag;coherent;coset,exact,1,1,1,1,1,0,0,11
0,3/4,63,1,1,1,1,1,1,branch;full;flag;coherent;coset,exact,1,1,1,1,1,0,0,11
0,1,0,1,1,1,1,1,1,branch;full;flag;coherent;coset,exact,1,1,1,1,1,0,0,5
0,1,1,1,1,1,1,1,1,branch;full;flag;coherent;coset,exact,1,1,1,1,1,0,0,5
0,1,2,1,1,1,1,1,1,branch;full;flag;coherent;coset,exact,1,1,1,1,1,0,0,5
0,1,3,1,1,1,1,1,1,branch;full;flag;coherent;coset,exact,1,1,1,1,1,0,0,5
0,1,4,1/2,1/2,1/2,1/2,1/2,1/2,branch;full;flag;coherent;coset,exact,1,1,1/2,1,1,0,0,7
0,1,5,1,1,1,1,1,1,branch;full;flag;coherent;coset,exact,1,1,1,1,1,0,0,7
0,1,6,1,1,1,1,1,1,branch;full;flag;coherent;coset,exact,1,1,1,1,1,0,0,6
0,1,7,1,1,1,1,1,1,branch;full;flag;coherent;coset,exact,1,1,1,1,1,0,0,6
0,1,8,1/2,1/2,1/2,1/2,1/2,1/2,branch;full;flag;coherent;coset,exact,1,1,1/2,1,1,0,0,7
0,1,9,1,1,1,1,1,1,branch;full;flag;coherent;coset,exact,1,1,1,1,1,0,0,7
0,1,10,1,1,1,1,1,1,branch;full;flag;coherent;coset,exact,1,1,1,1,1,0,0,6
0,1,11,1,1,1,1,1,1,branch;full;flag;coherent;coset,exact,1,1,1,1,1,0,0,6
0,1,12,1/2,1/2,1/2,1/2,1/2,1/2,branch;full;flag;coherent;coset,exact,1,1,1/2,1,1,0,0,7
0,1,13,1,1,1,1,1,1,branch;full;flag;coherent;coset,exact,1,1,1,1,1,0,0,7
0,1,14,1,1,1,1,1,1,branch;full;flag;coherent;coset,exact,1,1,1,1,1,0,0,6
0,1,15,1,1,1,1,1,1,branch;full;flag;coherent;coset,exact,1,1,1,1,1,0,0,6
0,1,16,1/2,1/2,1/2,1/2,1/2,1/2,branch;full;flag;coherent;coset,exact,1,1,1/2,1,1,0,0,7
0,1,17,1,1,1,1,1,1,branch;full;flag;coherent;coset,exact,1,1,1,1,1,0,0,7
0,1,18,1,1,1,1,1,1,branch;full;flag;coherent;coset,exact,1,1,1,1,1,0,0,6
0,1,19,1,1,1,1,1,1,branch;full;flag;coherent;coset,exact,1,1,1,1,1,0,0,6
0,1,20,1/2,1/2,1/2,1/2,1/2,1/2,branch;full;flag;coherent;coset,exact,1,1,1/2,1,1,0,0,7
0,1,21,1,1,1,1,1,1,branch;full;flag;coherent;coset,exact,1,1,1,1,1,0,0,7
0,1,22,1,1,1,1,1,1,branch;full;flag;coherent;coset,exact,1,1,1,1,1,0,0,6
0,1,23,1,1,1,1,1,1,branch;full;flag;coherent;coset,exact,1,1,1,1,1,0,0,6
0,1,24,1/4,1/4,1/4,1/4,1/4,1/4,branch;full;flag;coherent;coset,exact,1,1,1/4,1,1,0,0,8
0,1,25,1/2,1/2,1/2,1/2,1/2,1/2,branch;full;flag;coherent;coset,exact,1,1,1/2,1,1,0,0,14
0,1,26,3/4,3/4,3/4,3/4,3/4,3/4,branch;full;flag;coherent;coset,exact,1,1,3/4,1,1,0,0,8
0,1,27,1,1,1,1,1,1,branch;full;flag;coherent;coset,exact,1,1,1,1,1,0,0,8
0,1,28,1/4,1/4,1/4,1/4,1/4,1/4,branch;full;flag;coherent;coset,exact,1,1,1/4,1,1,0,0,8
0,1,29,1/2,1/2,1/2,1/2,1/2,1/2,branch;full;flag;coherent;coset,exact,1,1,1/2,1,1,0,0,14
0,1,30,3/4,3/4,3/4,3/4,3/4,3/4,branch;full;flag;coherent;coset,exact,1,1,3/4,1,1,0,0,8
0,1,31,1,1,1,1,1,1,branch;full;flag;coherent;coset,exact,1,1,1,1,1,0,0,8
0,1,32,1/2,1/2,1/2,1/2,1/2,1/2,branch;full;flag;coherent;coset,exact,1,1,1/2,1,1,0,0,7
0,1,33,1,1,1,1,1,1,branch;full;flag;coherent;coset,exact,1,1,1,1,1,0,0,7
0,1,34,1,1,1,1,1,1,branch;full;flag;coherent;coset,exact,1,1,1,1,1,0,0,6
0,1,35,1,1,1,1,1,1,branch;full;flag;coherent;coset,exact,1,1,1,1,1,0,0,6
0,1,36,1/4,1/4,1/4,1/4,1/4,1/4,branch;full;flag;coherent;coset,exact,1,1,1/4,1,1,0,0,8
0,1,37,1/2,1/2,1/2,1/2,1/2,1/2,branch;full;flag;coherent;coset,exact,1,1,1/2,1,1,0,0,14
0,1,38,3/4,3/4,3/4,3/4,3/4,3/4,branch;full;flag;coherent;coset,exact,1,1,3/4,1,1,0,0,8
0,1,39,1,1,1,1,1,1,branch;full;flag;coherent;coset,exact,1,1,1,1,1,0,0,8
0,1,40,1/2,1/2,1/2,1/2,1/2,1/2,branch;full;flag;coherent;coset,exact,1,1,1/2,1,1,0,0,7
0,1,41,1,1,1,1,1,1,branch;full;flag;coherent;coset,exact,1,1,1,1,1,0,0,7
0,1,42,1,1,1,1,1,1,branch;full;flag;coherent;coset,exact,1,1,1,1,1,0,0,6
0,1,43,1,1,1,1,1,1,branch;full;flag;coherent;coset,exact,1,1,1,1,1,0,0,6
0,1,44,1/4,1/4,1/4,1/4,1/4,1/4,branch;full;flag;coherent;coset,exact,1,1,1/4,1,1,0,0,8
0,1,45,1/2,1/2,1/2,1/2,1/2,1/2,branch;full;flag;coherent;coset,exact,1,1,1/2,1,1,0,0,14
0,1,46,3/4,3/4,3/4,3/4,3/4,3/4,branch;full;flag;coherent;coset,exact,1,1,3/4,1,1,0,0,8
0,1,47,1,1,1,1,1,1,branch;full;flag;coherent;coset,exact,1,1,1,1,1,0,0,8
0,1,48,1/2,1/2,1/2,1/2,1/2,1/2,branch;full;flag;coherent;coset,exact,1,1,1/2,1,1,0,0,7
0,1,49,1,1,1,1,1,1,branch;full;flag;coherent;coset,exact,1,1,1,1,1,0,0,7
0,1,50,1,1,1,1,1,1,branch;full;flag;coherent;coset,exact,1,1,1,1,1,0,0,6
0,1,51,1,1,1,1,1,1,branch;full;flag;coherent;coset,exact,1,1,1,1,1,0,0,6
0,1,52,1/4,1/4,1/4,1/4,1/4,1/4,branch;full;flag;coherent;coset,exact,1,1,1/4,1,1,0,0,8
0,1,53,1/2,1/2,1/2,1/2,1/2,1/2,branch;full;flag;coherent;coset,exact,1,1,1/2,1,1,0,0,14
0,1,54,3/4,3/4,3/4,3/4,3/4,3/4,branch;full;flag;coherent;coset,exact,1,1,3/4,1,1,0,0,8
0,1,55,1,1,1,1,1,1,branch;full;flag;coherent;coset,exact,1,1,1,1,1,0,0,8
0,1,56,1/4,1/4,1/4,1/4,1/4,1/4,branch;full;flag;coherent;coset,exact,1,1,1/4,1,1,0,0,8
0,1,57,1/2,1/2,1/2,1/2,1/2,1/2,branch;full;flag;coherent;coset,exact,1,1,1/2,1,1,0,0,14
0,1,58,3/4,3/4,3/4,3/4,3/4,3/4,branch;full;flag;coherent;coset,exact,1,1,3/4,1,1,0,0,8
0,1,59,1,1,1,1,1,1,branch;full;flag;coherent;coset,exact,1,1,1,1,1,0,0,8
0,1,60,1/2,1/2,1/2,1/2,1/2,1/2,branch;full;flag;coherent;coset,exact,1,1,1/2,1,1,0,0,7
0,1,61,1,1,1,1,1,1,branch;full;flag;coherent;coset,exact,1,1,1,1,1,0,0,7
0,1,62,1,1,1,1,1,1,branch;full;flag;coherent;coset,exact,1,1,1,1,1,0,0,6
0,1,63,1,1,1,1,1,1,branch;full;flag;coherent;coset,exact,1,1,1,1,1,0,0,6
1,0,0,1,1,1,1,1,1,branch;full;flag;coherent;coset,exact,1,1,1,1,1,0,0,7
1,0,1,1,1,1,1,1,1,branch;full;flag;coherent;coset,exact,1,1,1,1,1,0,0,7
1,0,2,1,1,1,1,1,1,branch;full;flag;coherent;coset,exact,1,1,1,1,1,0,0,7
1,0,3,1,1,1,1,1,1,branch;full;flag;coherent;coset,exact,1,1,1,1,1,0,0,7
1,0,4,1,1,1,1,1,1,branch;full;flag;coherent;coset,exact,1,1,1,1,1,0,0,7
1,0,5,1,1,1,1,1,1,branch;full;flag;coherent;coset,exact,1,1,1,1,1,0,0,7
1,0,6,1,1,1,1,1,1,branch;full;flag;coherent;coset,exact,1,1,1,1,1,0,0,7
1,0,7,1,1,1,1,1,1,branch;full;flag;coherent;coset,exact,1,1,1,1,1,0,0,7
1,0,8,1/2,1/2,1/2,1/2,1/2,1/2,branch;full;flag;coherent;coset,exact,1,1,1/2,1,1,0,0,11
1,0,9,1,1,1,1,1,1,branch;full;flag;coherent;coset,exact,1,1,1,1,1,0,0,11
1,0,10,1,1,1,1,1,1,branch;full;flag;coherent;coset,exact,1,1,1,1,1,0,0,9
1,0,11,1,1,1,1,1,1,branch;full;flag;coherent;coset,exact,1,1,1,1,1,0,0,9
1,0,12,1/2,1/2,1/2,1/2,1/2,1/2,branch;full;flag;coherent;coset,exact,1,1,1/2,1,1,0,0,11
1,0,13,1,1,1,1,1,1,branch;full;flag;coherent;coset,exact,1,1,1,1,1,0,0,11
1,0,14,1,1,1,1,1,1,branch;full;flag;coherent;coset,exact,1,1,1,1,1,0,0,9
1,0,15,1,1,1,1,1,1,branch;full;flag;coherent;coset,exact,1,1,1,1,1,0,0,9
1,0,16,1,1,1,1,1,1,branch;full;flag;coherent;coset,exact,1,1,1,1,1,0,0,7
1,0,17,1,1,1,1,1,1,branch;full;flag;coherent;coset,exact,1,1,1,1,1,0,0,7
1,0,18,1,1,1,1,1,1,branch;full;flag;coherent;coset,exact,1,1,1,1,1,0,0,7
1,0,19,1,1,1,1,1,1,branch;full;flag;coherent;coset,exact,1,1,1,1,1,0,0,7
1,0,20,1,1,1,1,1,1,branch;full;flag;coherent;coset,exact,1,1,1,1,1,0,0,7
1,0,21,1,1,1,1,1,1,branch;full;flag;coherent;coset,exact,1,1,1,1,1,0,0,7
1,0,22,1,1,1,1,1,1,branch;full;flag;coherent;coset,exact,1,1,1,1,1,0,0,7
1,0,23,1,1,1,1,1,1,branch;full;flag;coherent;coset,exact,1,1,1,1,1,0,0,7
1,0,24,1/2,1/2,1/2,1/2,1/2,1/2,branch;full;flag;coherent;coset,exact,1,1,1/2,1,1,0,0,11
1,0,25,1,1,1,1,1,1,branch;full;flag;coherent;coset,exact,1,1,1,1,1,0,0,11
1,0,26,1,1,1,1,1,1,branch;full;flag;coherent;coset,exact,1,1,1,1,1,0,0,9
1,0,27,1,1,1,1,1,1,branch;full;flag;coherent;coset,exact,1,1,1,1,1,0,0,9
1,0,28,1/2,1/2,1/2,1/2,1/2,1/2,branch;full;flag;coherent;coset,exact,1,1,1/2,1,1,0,0,11
1,0,29,1,1,1,1,1,1,branch;full;flag;coherent;coset,exact,1,1,1,1,1,0,0,11
1,0,30,1,1,1,1,1,1,branch;full;flag;coherent;coset,exact,1,1,1,1,1,0,0,9
1,0,31,1,1,1,1,1,1,branch;full;flag;coherent;coset,exact,1,1,1,1,1,0,0,9
1,0,32,1/2,1/2,1/2,1/2,1/2,1/2,branch;full;flag;coherent;coset,exact,1,1,1/2,1,1,0,0,11
1,0,33,1,1,1,1,1,1,branch;full;flag;coherent;coset,exact,1,1,1,1,1,0,0,11
1,0,34,1,1,1,1,1,1,branch;full;flag;coherent;coset,exact,1,1,1,1,1,0,0,9
1,0,35,1,1,1,1,1,1,branch;full;flag;coherent;coset,exact,1,1,1,1,1,0,0,9
1,0,36,1/2,1/2,1/2,1/2,1/2,1/2,branch;full;flag;coherent;coset,exact,1,1,1/2,1,1,0,0,11
1,0,37,1,1,1,1,1,1,branch;full;flag;coherent;coset,exact,1,1,1,1,1,0,0,11
1,0,38,1,1,1,1,1,1,branch;full;flag;coherent;coset,exact,1,1,1,1,1,0,0,9
1,0,39,1,1,1,1,1,1,branch;full;flag;coherent;coset,exact,1,1,1,1,1,0,0,9
1,0,40,1/2,1/2,1/2,1/2,1/2,1/2,branch;full;flag;coherent;coset,exact,1,1,1/2,1,1,0,0,11
1,0,41,1,1,1,1,1,1,branch;full;flag;coherent;coset,exact,1,1,1,1,1,0,0,11
1,0,42,1,1,1,1,1,1,branch;full;flag;coherent;coset,exact,1,1,1,1,1,0,0,9
1,0,43,1,1,1,1,1,1,branch;full;flag;coherent;coset,exact,1,1,1,1,1,0,0,9
1,0,44,1/2,1/2,1/2,1/2,1/2,1/2,branch;full;flag;coherent;coset,exact,1,1,1/2,1,1,0,0,11
1,0,45,1,1,1,1,1,1,branch;full;flag;coherent;coset,exact,1,1,1,1,1,0,0,11
1,0,46,1,1,1,1,1,1,branch;full;flag;coherent;coset,exact,1,1,1,1,1,0,0,9
1,0,47,1,1,1,1,1,1,branch;full;flag;coherent;coset,exact,1,1,1,1,1,0,0,9
1,0,48,1/2,1/2,1/2,1/2,1/2,1/2,branch;full;flag;coherent;coset,exact,1,1,1/2,1,1,0,0,11
1,0,49,1,1,1,1,1,1,branch;full;flag;coherent;coset,exact,1,1,1,1,1,0,0,11
1,0,50,1,1,1,1,1,1,branch;full;flag;coherent;coset,exact,1,1,1,1,1,0,0,9
1,0,51,1,1,1,1,1,1,branch;full;flag;coherent;coset,exact,1,1,1,1,1,0,0,9
1,0,52,1/2,1/2,1/2,1/2,1/2,1/2,branch;full;flag;coherent;coset,exact,1,1,1/2,1,1,0,0,11
1,0,53,1,1,1,1,1,1,branch;full;flag;coherent;coset,exact,1,1,1,1,1,0,0,11
1,0,54,1,1,1,1,1,1,branch;full;flag;coherent;coset,exact,1,1,1,1,1,0,0,9
1,0,55,1,1,1,1,1,1,branch;full;flag;coherent;coset,exact,1,1,1,1,1,0,0,9
1,0,56,1/2,1/2,1/2,1/2,1/2,1/2,branch;full;flag;coherent;coset,exact,1,1,1/2,1,1,0,0,11
1,0,57,1,1,1,1,1,1,branch;full;flag;coherent;coset,exact,1,1,1,1,1,0,0,11
1,0,58,1,1,1,1,1,1,branch;full;flag;coherent;coset,exact,1,1,1,1,1,0,0,9
1,0,59,1,1,1,1,1,1,branch;full;flag;coherent;coset,exact,1,1,1,1,1,0,0,9
1,0,60,1/2,1/2,1/2,1/2,1/2,1/2,branch;full;flag;coherent;coset,exact,1,1,1/2,1,1,0,0,11
1,0,61,1,1,1,1,1,1,branch;full;flag;coherent;coset,exact,1,1,1,1,1,0,0,11
1,0,62,1,1,1,1,1,1,branch;full;flag;coherent;coset,exact,1,1,1,1,1,0,0,9
1,0,63,1,1,1,1,1,1,branch;full;flag;coherent;coset,exact,1,1,1,1,1,0,0,9
1,1/4,0,1,1,1,1,1,1,branch;full;flag;coherent;coset,exact,1,1,1,1,1,0,0,10
1,1/4,1,1,1,1,1,1,1,branch;full;flag;coherent;coset,exact,1,1,1,1,1,0,0,10
1,1/4,2,1,1,1,1,1,1,branch;full;flag;coherent;coset,exact,1,1,1,1,1,0,0,10
1,1/4,3,1,1,1,1,1,1,branch;full;flag;coherent;coset,exact,1,1,1,1,1,0,0,10
1,1/4,4,1,1,3/4,3/4,3/4,3/4,flag;coherent;coset,exact,1,1,3/4,1,1,1,0,15
1,1/4,5,1,1,1,1,1,1,branch;full;flag;coherent;coset,exact,1,1,1,1,1,0,0,16
1,1/4,6,1,1,1,1,1,1,branch;full;flag;coherent;coset,exact,1,1,1,1,1,0,0,12
1,1/4,7,1,1,1,1,1,1,branch;full;flag;coherent;coset,exact,1,1,1,1,1,0,0,12
1,1/4,8,1/2,1/2,1/2,1/2,1/2,1/2,branch;full;flag;coherent;coset,exact,1,1,1/2,1,1,0,0,17
1,1/4,9,1,1,1,1,1,1,branch;full;flag;coherent;coset,exact,1,1,1,1,1,0,0,18
1,1/4,10,1,1,1,1,1,1,branch;full;flag;coherent;coset,exact,1,1,1,1,1,0,0,14
1,1/4,11,1,1,1,1,1,1,branch;full;flag;coherent;coset,exact,1,1,1,1,1,0,0,14
1,1/4,12,1/2,1/2,1/2,1/2,1/2,1/2,branch;full;flag;coherent;coset,exact,1,1,1/2,1,1,0,0,17
1,1/4,13,1,1,1,1,1,1,branch;full;flag;coherent;coset,exact,1,1,1,1,1,0,0,18
1,1/4,14,1,1,1,1,1,1,branch;full;flag;coherent;coset,exact,1,1,1,1,1,0,0,14
1,1/4,15,1,1,1,1,1,1,branch;full;flag;coherent;coset,exact,1,1,1,1,1,0,0,14
1,1/4,16,1,1,3/4,3/4,3/4,3/4,flag;coherent;coset,exact,1,1,3/4,1,1,1,0,15
1,1/4,17,1,1,1,1,1,1,branch;full;flag;coherent;coset,exact,1,1,1,1,1,0,0,16
1,1/4,18,1,1,1,1,1,1,branch;full;flag;coherent;coset,exact,1,1,1,1,1,0,0,12
1,1/4,19,1,1,1,1,1,1,branch;full;flag;coherent;coset,exact,1,1,1,1,1,0,0,12
1,1/4,20,1,1,3/4,3/4,3/4,3/4,flag;coherent;coset,exact,1,1,3/4,1,1,1,0,15
1,1/4,21,1,1,1,1,1,1,branch;full;flag;coherent;coset,exact,1,1,1,1,1,0,0,16
1,1/4,22,1,1,1,1,1,1,branch;full;flag;coherent;coset,exact,1,1,1,1,1,0,0,12
1,1/4,23,1,1,1,1,1,1,branch;full;flag;coherent;coset,exact,1,1,1,1,1,0,0,12
1,1/4,24,1/2,1/2,3/8,3/8,3/8,3/8,flag;coherent;coset,exact,1,1,3/8,1,1,1,0,21
1,1/4,25,1,1,3/4,3/4,3/4,3/4,flag;coherent;coset,exact,1,1,3/4,1,1,1,0,43
1,1/4,26,1,1,7/8,7/8,7/8,7/8,flag;coherent;coset,exact,1,1,7/8,1,1,1,0,17
1,1/4,27,1,1,1,1,1,1,branch;full;flag;coherent;coset,exact,1,1,1,1,1,0,0,18
1,1/4,28,1/2,1/2,3/8,3/8,3/8,3/8,flag;coherent;coset,exact,1,1,3/8,1,1,1,0,21
1,1/4,29,1,1,3/4,3/4,3/4,3/4,flag;coherent;coset,exact,1,1,3/4,1,1,1,0,43
1,1/4,30,1,1,7/8,7/8,7/8,7/8,flag;coherent;coset,exact,1,1,7/8,1,1,1,0,17
1,1/4,31,1,1,1,1,1,1,branch;full;flag;coherent;coset,exact,1,1,1,1,1,0,0,18
1,1/4,32,1/2,1/2,1/2,1/2,1/2,1/2,branch;full;flag;coherent;coset,exact,1,1,1/2,1,1,0,0,17
1,1/4,33,1,1,1,1,1,1,branch;full;flag;coherent;coset,exact,1,1,1,1,1,0,0,18
1,1/4,34,1,1,1,1,1,1,branch;full;flag;coherent;coset,exact,1,1,1,1,1,0,0,14
1,1/4,35,1,1,1,1,1,1,branch;full;flag;coherent;coset,exact,1,1,1,1,1,0,0,14
1,1/4,36,1/2,1/2,3/8,3/8,3/8,3/8,flag;coherent;coset,exact,1,1,3/8,1,1,1,0,21
1,1/4,37,1,1,3/4,3/4,3/4,3/4,flag;coherent;coset,exact,1,1,3/4,1,1,1,0,43
1,1/4,38,1,1,7/8,7/8,7/8,7/8,flag;coherent;coset,exact,1,1,7/8,1,1,1,0,17
1,1/4,39,1,1,1,1,1,1,branch;full;flag;coherent;coset,exact,1,1,1,1,1,0,0,18
1,1/4,40,1/2,1/2,1/2,1/2,1/2,1/2,branch;full;flag;coherent;coset,exact,1,1,1/2,1,1,0,0,17
1,1/4,41,1,1,1,1,1,1,branch;full;flag;coherent;coset,exact,1,1,1,1,1,0,0,18
1,1/4,42,1,1,1,1,1,1,branch;full;flag;coherent;coset,exact,1,1,1,1,1,0,0,14
1,1/4,43,1,1,1,1,1,1,branch;full;flag;coherent;coset,exact,1,1,1,1,1,0,0,14
1,1/4,44,1/2,1/2,3/8,3/8,3/8,3/8,flag;coherent;coset,exact,1,1,3/8,1,1,1,0,21
1,1/4,45,1,1,3/4,3/4,3/4,3/4,flag;coherent;coset,exact,1,1,3/4,1,1,1,0,43
1,1/4,46,1,1,7/8,7/8,7/8,7/8,flag;coherent;coset,exact,1,1,7/8,1,1,1,0,17
1,1/4,47,1,1,1,1,1,1,branch;full;flag;coherent;coset,exact,1,1,1,1,1,0,0,18
1,1/4,48,1/2,1/2,1/2,1/2,1/2,1/2,branch;full;flag;coherent;coset,exact,1,1,1/2,1,1,0,0,17
1,1/4,49,1,1,1,1,1,1,branch;full;flag;coherent;coset,exact,1,1,1,1,1,0,0,18
1,1/4,50,1,1,1,1,1,1,branch;full;flag;coherent;coset,exact,1,1,1,1,1,0,0,14
1,1/4,51,1,1,1,1,1,1,branch;full;flag;coherent;coset,exact,1,1,1,1,1,0,0,14
1,1/4,52,1/2,1/2,3/8,3/8,3/8,3/8,flag;coherent;coset,exact,1,1,3/8,1,1,1,0,21
1,1/4,53,1,1,3/4,3/4,3/4,3/4,flag;coherent;coset,exact,1,1,3/4,1,1,1,0,43
1,1/4,54,1,1,7/8,7/8,7/8,7/8,flag;coherent;coset,exact,1,1,7/8,1,1,1,0,17
1,1/4,55,1,1,1,1,1,1,branch;full;flag;coherent;coset,exact,1,1,1,1,1,0,0,18
1,1/4,56,1/2,1/2,3/8,3/8,3/8,3/8,flag;coherent;coset,exact,1,1,3/8,1,1,1,0,21
1,1/4,57,1,1,3/4,3/4,3/4,3/4,flag;coherent;coset,exact,1,1,3/4,1,1,1,0,43
1,1/4,58,1,1,7/8,7/8,7/8,7/8,flag;coherent;coset,exact,1,1,7/8,1,1,1,0,17
1,1/4,59,1,1,1,1,1,1,branch;full;flag;coherent;coset,exact,1,1,1,1,1,0,0,18
1,1/4,60,1/2,1/2,1/2,1/2,1/2,1/2,branch;full;flag;coherent;coset,exact,1,1,1/2,1,1,0,0,17
1,1/4,61,1,1,1,1,1,1,branch;full;flag;coherent;coset,exact,1,1,1,1,1,0,0,18
1,1/4,62,1,1,1,1,1,1,branch;full;flag;coherent;coset,exact,1,1,1,1,1,0,0,14
1,1/4,63,1,1,1,1,1,1,branch;full;flag;coherent;coset,exact,1,1,1,1,1,0,0,14
1,1/2,0,1,1,1,1,1,1,branch;full;flag;coherent;coset,exact,1,1,1,1,1,0,0,4
1,1/2,1,1,1,1,1,1,1,branch;full;flag;coherent;coset,exact,1,1,1,1,1,0,0,4
1,1/2,2,1,1,1,1,1,1,branch;full;flag;coherent;coset,exact,1,1,1,1,1,0,0,4
1,1/2,3,1,1,1,1,1,1,branch;full;flag;coherent;coset,exact,1,1,1,1,1,0,0,4
1,1/2,4,1,1,1/2,1/2,1/2,1/2,flag;coherent;coset,exact,1,1,1/2,1,1,1,0,5
1,1/2,5,1,1,1,1,1,1,branch;full;flag;coherent;coset,exact,1,1,1,1,1,0,0,6
1,1/2,6,1,1,1,1,1,1,branch;full;flag;coherent;coset,exact,1,1,1,1,1,0,0,5
1,1/2,7,1,1,1,1,1,1,branch;full;flag;coherent;coset,exact,1,1,1,1,1,0,0,5
1,1/2,8,1/2,1/2,1/2,1/2,1/2,1/2,branch;full;flag;coherent;coset,exact,1,1,1/2,1,1,0,0,5
1,1/2,9,1,1,1,1,1,1,branch;full;flag;coherent;coset,exact,1,1,1,1,1,0,0,6
1,1/2,10,1,1,1,1,1,1,branch;full;flag;coherent;coset,exact,1,1,1,1,1,0,0,5
1,1/2,11,1,1,1,1,1,1,branch;full;flag;coherent;coset,exact,1,1,1,1,1,0,0,5
1,1/2,12,1/2,1/2,1/2,1/2,1/2,1/2,branch;full;flag;coherent;coset,exact,1,1,1/2,1,1,0,0,5
1,1/2,13,1,1,1,1,1,1,branch;full;flag;coherent;coset,exact,1,1,1,1,1,0,0,6
1,1/2,14,1,1,1,1,1,1,branch;full;flag;coherent;coset,exact,1,1,1,1,1,0,0,5
1,1/2,15,1,1,1,1,1,1,branch;full;flag;coherent;coset,exact,1,1,1,1,1,0,0,5
1,1/2,16,1,1,1/2,1/2,1/2,1/2,flag;coherent;coset,exact,1,1,1/2,1,1,1,0,5
1,1/2,17,1,1,1,1,1,1,branch;full;flag;coherent;coset,exact,1,1,1,1,1,0,0,6
1,1/2,18,1,1,1,1,1,1,branch;full;flag;coherent;coset,exact,1,1,1,1,1,0,0,5
1,1/2,19,1,1,1,1,1,1,branch;full;flag;coherent;coset,exact,1,1,1,1,1,0,0,5
1,1/2,20,1,1,1/2,1/2,1/2,1/2,flag;coherent;coset,exact,1,1,1/2,1,1,1,0,5
1,1/2,21,1,1,1,1,1,1,branch;full;flag;coherent;coset,exact,1,1,1,1,1,0,0,6
1,1/2,22,1,1,1,1,1,1,branch;full;flag;coherent;coset,exact,1,1,1,1,1,0,0,5
1,1/2,23,1,1,1,1,1,1,branch;full;flag;coherent;coset,exact,1,1,1,1,1,0,0,5
1,1/2,24,1/2,1/2,1/4,1/4,1/4,1/4,flag;coherent;coset,exact,1,1,1/4,1,1,1,0,6
1,1/2,25,1,1,1/2,1/2,1/2,1/2,flag;coherent;coset,exact,1,1,1/2,1,1,1,0,12
1,1/2,26,1,1,3/4,3/4,3/4,3/4,flag;coherent;coset,exact,1,1,3/4,1,1,1,0,6
1,1/2,27,1,1,1,1,1,1,branch;full;flag;coherent;coset,exact,1,1,1,1,1,0,0,7
1,1/2,28,1/2,1/2,1/4,1/4,1/4,1/4,flag;coherent;coset,exact,1,1,1/4,1,1,1,0,6
1,1/2,29,1,1,1/2,1/2,1/2,1/2,flag;coherent;coset,exact,1,1,1/2,1,1,1,0,12
1,1/2,30,1,1,3/4,3/4,3/4,3/4,flag;coherent;coset,exact,1,1,3/4,1,1,1,0,6
1,1/2,31,1,1,1,1,1,1,branch;full;flag;coherent;coset,exact,1,1,1,1,1,0,0,7
1,1/2,32,1/2,1/2,1/2,1/2,1/2,1/2,branch;full;flag;coherent;coset,exact,1,1,1/2,1,1,0,0,5
1,1/2,33,1,1,1,1,1,1,branch;full;flag;coherent;coset,exact,1,1,1,1,1,0,0,6
1,1/2,34,1,1,1,1,1,1,branch;full;flag;coherent;coset,exact,1,1,1,1,1,0,0,5
1,1/2,35,1,1,1,1,1,1,branch;full;flag;coherent;coset,exact,1,1,1,1,1,0,0,5
1,1/2,36,1/2,1/2,1/4,1/4,1/4,1/4,flag;coherent;coset,exact,1,1,1/4,1,1,1,0,6
1,1/2,37,1,1,1/2,1/2,1/2,1/2,flag;coherent;coset,exact,1,1,1/2,1,1,1,0,12
1,1/2,38,1,1,3/4,3/4,3/4,3/4,flag;coherent;coset,exact,1,1,3/4,1,1,1,0,6
1,1/2,39,1,1,1,1,1,1,branch;full;flag;coherent;coset,exact,1,1,1,1,1,0,0,7
1,1/2,40,1/2,1/2,1/2,1/2,1/2,1/2,branch;full;flag;coherent;coset,exact,1,1,1/2,1,1,0,0,5
1,1/2,41,1,1,1,1,1,1,branch;full;flag;coherent;coset,exact,1,1,1,1,1,0,0,6
1,1/2,42,1,1,1,1,1,1,branch;full;flag;coherent;coset,exact,1,1,1,1,1,0,0,5
1,1/2,43,1,1,1,1,1,1,branch;full;flag;coherent;coset,exact,1,1,1,1,1,0,0,5
1,1/2,44,1/2,1/2,1/4,1/4,1/4,1/4,flag;coherent;coset,exact,1,1,1/4,1,1,1,0,6
1,1/2,45,1,1,1/2,1/2,1/2,1/2,flag;coherent;coset,exact,1,1,1/2,1,1,1,0,12
1,1/2,46,1,1,3/4,3/4,3/4,3/4,flag;coherent;coset,exact,1,1,3/4,1,1,1,0,6
1,1/2,47,1,1,1,1,1,1,branch;full;flag;coherent;coset,exact,1,1,1,1,1,0,0,7
1,1/2,48,1/2,1/2,1/2,1/2,1/2,1/2,branch;full;flag;coherent;coset,exact,1,1,1/2,1,1,0,0,5
1,1/2,49,1,1,1,1,1,1,branch;full;flag;coherent;coset,exact,1,1,1,1,1,0,0,6
1,1/2,50,1,1,1,1,1,1,branch;full;flag;coherent;coset,exact,1,1,1,1,1,0,0,5
1,1/2,51,1,1,1,1,1,1,branch;full;flag;coherent;coset,exact,1,1,1,1,1,0,0,5
1,1/2,52,1/2,1/2,1/4,1/4,1/4,1/4,flag;coherent;coset,exact,1,1,1/4,1,1,1,0,6
1,1/2,53,1,1,1/2,1/2,1/2,1/2,flag;coherent;coset,exact,1,1,1/2,1,1,1,0,12
1,1/2,54,1,1,3/4,3/4,3/4,3/4,flag;coherent;coset,exact,1,1,3/4,1,1,1,0,6
1,1/2,55,1,1,1,1,1,1,branch;full;flag;coherent;coset,exact,1,1,1,1,1,0,0,7
1,1/2,56,1/2,1/2,1/4,1/4,1/4,1/4,flag;coherent;coset,exact,1,1,1/4,1,1,1,0,6
1,1/2,57,1,1,1/2,1/2,1/2,1/2,flag;coherent;coset,exact,1,1,1/2,1,1,1,0,12
1,1/2,58,1,1,3/4,3/4,3/4,3/4,flag;coherent;coset,exact,1,1,3/4,1,1,1,0,6
1,1/2,59,1,1,1,1,1,1,branch;full;flag;coherent;coset,exact,1,1,1,1,1,0,0,7
1,1/2,60,1/2,1/2,1/2,1/2,1/2,1/2,branch;full;flag;coherent;coset,exact,1,1,1/2,1,1,0,0,5
1,1/2,61,1,1,1,1,1,1,branch;full;flag;coherent;coset,exact,1,1,1,1,1,0,0,6
1,1/2,62,1,1,1,1,1,1,branch;full;flag;coherent;coset,exact,1,1,1,1,1,0,0,5
1,1/2,63,1,1,1,1,1,1,branch;full;flag;coherent;coset,exact,1,1,1,1,1,0,0,5
1,3/4,0,1,1,1,1,1,1,branch;full;flag;coherent;coset,exact,1,1,1,1,1,0,0,10
1,3/4,1,1,1,1,1,1,1,branch;full;flag;coherent;coset,exact,1,1,1,1,1,0,0,10
1,3/4,2,1,1,1,1,1,1,branch;full;flag;coherent;coset,exact,1,1,1,1,1,0,0,10
1,3/4,3,1,1,1,1,1,1,branch;full;flag;coherent;coset,exact,1,1,1,1,1,0,0,10
1,3/4,4,1,1,3/4,3/4,3/4,3/4,flag;coherent;coset,exact,1,1,3/4,1,1,1,0,15
1,3/4,5,1,1,1,1,1,1,branch;full;flag;coherent;coset,exact,1,1,1,1,1,0,0,16
1,3/4,6,1,1,1,1,1,1,branch;full;flag;coherent;coset,exact,1,1,1,1,1,0,0,12
1,3/4,7,1,1,1,1,1,1,branch;full;flag;coherent;coset,exact,1,1,1,1,1,0,0,12
1,3/4,8,1/2,1/2,1/2,1/2,1/2,1/2,branch;full;flag;coherent;coset,exact,1,1,1/2,1,1,0,0,17
1,3/4,9,1,1,1,1,1,1,branch;full;flag;coherent;coset,exact,1,1,1,1,1,0,0,18
1,3/4,10,1,1,1,1,1,1,branch;full;flag;coherent;coset,exact,1,1,1,1,1,0,0,14
1,3/4,11,1,1,1,1,1,1,branch;full;flag;coherent;coset,exact,1,1,1,1,1,0,0,14
1,3/4,12,1/2,1/2,1/2,1/2,1/2,1/2,branch;full;flag;coherent;coset,exact,1,1,1/2,1,1,0,0,17
1,3/4,13,1,1,1,1,1,1,branch;full;flag;coherent;coset,exact,1,1,1,1,1,0,0,18
1,3/4,14,1,1,1,1,1,1,branch;full;flag;coherent;coset,exact,1,1,1,1,1,0,0,14
1,3/4,15,1,1,1,1,1,1,branch;full;flag;coherent;coset,exact,1,1,1,1,1,0,0,14
1,3/4,16,1,1,3/4,3/4,3/4,3/4,flag;coherent;coset,exact,1,1,3/4,1,1,1,0,15
1,3/4,17,1,1,1,1,1,1,branch;full;flag;coherent;coset,exact,1,1,1,1,1,0,0,16
1,3/4,18,1,1,1,1,1,1,branch;full;flag;coherent;coset,exact,1,1,1,1,1,0,0,12
1,3/4,19,1,1,1,1,1,1,branch;full;flag;coherent;coset,exact,1,1,1,1,1,0,0,12
1,3/4,20,1,1,3/4,3/4,3/4,3/4,flag;coherent;coset,exact,1,1,3/4,1,1,1,0,15
1,3/4,21,1,1,1,1,1,1,branch;full;flag;coherent;coset,exact,1,1,1,1,1,0,0,16
1,3/4,22,1,1,1,1,1,1,branch;full;flag;coherent;coset,exact,1,1,1,1,1,0,0,12
1,3/4,23,1,1,1,1,1,1,branch;full;flag;coherent;coset,exact,1,1,1,1,1,0,0,12
1,3/4,24,1/2,1/2,3/8,3/8,3/8,3/8,flag;coherent;coset,exact,1,1,3/8,1,1,1,0,21
1,3/4,25,1,1,3/4,3/4,3/4,3/4,flag;coherent;coset,exact,1,1,3/4,1,1,1,0,43
1,3/4,26,1,1,7/8,7/8,7/8,7/8,flag;coherent;coset,exact,1,1,7/8,1,1,1,0,17
1,3/4,27,1,1,1,1,1,1,branch;full;flag;coherent;coset,exact,1,1,1,1,1,0,0,18
1,3/4,28,1/2,1/2,3/8,3/8,3/8,3/8,flag;coherent;coset,exact,1,1,3/8,1,1,1,0,21
1,3/4,29,1,1,3/4,3/4,3/4,3/4,flag;coherent;coset,exact,1,1,3/4,1,1,1,0,43
1,3/4,30,1,1,7/8,7/8,7/8,7/8,flag;coherent;coset,exact,1,1,7/8,1,1,1,0,17
1,3/4,31,1,1,1,1,1,1,branch;full;flag;coherent;coset,exact,1,1,1,1,1,0,0,18
1,3/4,32,1/2,1/2,1/2,1/2,1/2,1/2,branch;full;flag;coherent;coset,exact,1,1,1/2,1,1,0,0,17
1,3/4,33,1,1,1,1,1,1,branch;full;flag;coherent;coset,exact,1,1,1,1,1,0,0,18
1,3/4,34,1,1,1,1,1,1,branch;full;flag;coherent;coset,exact,1,1,1,1,1,0,0,14
1,3/4,35,1,1,1,1,1,1,branch;full;flag;coherent;coset,exact,1,1,1,1,1,0,0,14
1,3/4,36,1/2,1/2,3/8,3/8,3/8,3/8,flag;coherent;coset,exact,1,1,3/8,1,1,1,0,21
1,3/4,37,1,1,3/4,3/4,3/4,3/4,flag;coherent;coset,exact,1,1,3/4,1,1,1,0,43
1,3/4,38,1,1,7/8,7/8,7/8,7/8,flag;coherent;coset,exact,1,1,7/8,1,1,1,0,17
1,3/4,39,1,1,1,1,1,1,branch;full;flag;coherent;coset,exact,1,1,1,1,1,0,0,18
1,3/4,40,1/2,1/2,1/2,1/2,1/2,1/2,branch;full;flag;coherent;coset,exact,1,1,1/2,1,1,0,0,17
1,3/4,41,1,1,1,1,1,1,branch;full;flag;coherent;coset,exact,1,1,1,1,1,0,0,18
1,3/4,42,1,1,1,1,1,1,branch;full;flag;coherent;coset,exact,1,1,1,1,1,0,0,14
1,3/4,43,1,1,1,1,1,1,branch;full;flag;coherent;coset,exact,1,1,1,1,1,0,0,14
1,3/4,44,1/2,1/2,3/8,3/8,3/8,3/8,flag;coherent;coset,exact,1,1,3/8,1,1,1,0,21
1,3/4,45,1,1,3/4,3/4,3/4,3/4,flag;coherent;coset,exact,1,1,3/4,1,1,1,0,43
1,3/4,46,1,1,7/8,7/8,7/8,7/8,flag;coherent;coset,exact,1,1,7/8,1,1,1,0,17
1,3/4,47,1,1,1,1,1,1,branch;full;flag;coherent;coset,exact,1,1,1,1,1,0,0,18
1,3/4,48,1/2,1/2,1/2,1/2,1/2,1/2,branch;full;flag;coherent;coset,exact,1,1,1/2,1,1,0,0,17
1,3/4,49,1,1,1,1,1,1,branch;full;flag;coherent;coset,exact,1,1,1,1,1,0,0,18
1,3/4,50,1,1,1,1,1,1,branch;full;flag;coherent;coset,exact,1,1,1,1,1,0,0,14
1,3/4,51,1,1,1,1,1,1,branch;full;flag;coherent;coset,exact,1,1,1,1,1,0,0,14
1,3/4,52,1/2,1/2,3/8,3/8,3/8,3/8,flag;coherent;coset,exact,1,1,3/8,1,1,1,0,21
1,3/4,53,1,1,3/4,3/4,3/4,3/4,flag;coherent;coset,exact,1,1,3/4,1,1,1,0,43
1,3/4,54,1,1,7/8,7/8,7/8,7/8,flag;coherent;coset,exact,1,1,7/8,1,1,1,0,17
1,3/4,55,1,1,1,1,1,1,branch;full;flag;coherent;coset,exact,1,1,1,1,1,0,0,18
1,3/4,56,1/2,1/2,3/8,3/8,3/8,3/8,flag;coherent;coset,exact,1,1,3/8,1,1,1,0,21
1,3/4,57,1,1,3/4,3/4,3/4,3/4,flag;coherent;coset,exact,1,1,3/4,1,1,1,0,43
1,3/4,58,1,1,7/8,7/8,7/8,7/8,flag;coherent;coset,exact,1,1,7/8,1,1,1,0,17
1,3/4,59,1,1,1,1,1,1,branch;full;flag;coherent;coset,exact,1,1,1,1,1,0,0,18
1,3/4,60,1/2,1/2,1/2,1/2,1/2,1/2,branch;full;flag;coherent;coset,exact,1,1,1/2,1,1,0,0,17
1,3/4,61,1,1,1,1,1,1,branch;full;flag;coherent;coset,exact,1,1,1,1,1,0,0,18
1,3/4,62,1,1,1,1,1,1,branch;full;flag;coherent;coset,exact,1,1,1,1,1,0,0,14
1,3/4,63,1,1,1,1,1,1,branch;full;flag;coherent;coset,exact,1,1,1,1,1,0,0,14
1,1,0,1,1,1,1,1,1,branch;full;flag;coherent;coset,exact,1,1,1,1,1,0,0,7
1,1,1,1,1,1,1,1,1,branch;full;flag;coherent;coset,exact,1,1,1,1,1,0,0,7
1,1,2,1,1,1,1,1,1,branch;full;flag;coherent;coset,exact,1,1,1,1,1,0,0,7
1,1,3,1,1,1,1,1,1,branch;full;flag;coherent;coset,exact,1,1,1,1,1,0,0,7
1,1,4,1,1,1,1,1,1,branch;full;flag;coherent;coset,exact,1,1,1,1,1,0,0,7
1,1,5,1,1,1,1,1,1,branch;full;flag;coherent;coset,exact,1,1,1,1,1,0,0,7
1,1,6,1,1,1,1,1,1,branch;full;flag;coherent;coset,exact,1,1,1,1,1,0,0,7
1,1,7,1,1,1,1,1,1,branch;full;flag;coherent;coset,exact,1,1,1,1,1,0,0,7
1,1,8,1/2,1/2,1/2,1/2,1/2,1/2,branch;full;flag;coherent;coset,exact,1,1,1/2,1,1,0,0,11
1,1,9,1,1,1,1,1,1,branch;full;flag;coherent;coset,exact,1,1,1,1,1,0,0,11
1,1,10,1,1,1,1,1,1,branch;full;flag;coherent;coset,exact,1,1,1,1,1,0,0,9
1,1,11,1,1,1,1,1,1,branch;full;flag;coherent;coset,exact,1,1,1,1,1,0,0,9
1,1,12,1/2,1/2,1/2,1/2,1/2,1/2,branch;full;flag;coherent;coset,exact,1,1,1/2,1,1,0,0,11
1,1,13,1,1,1,1,1,1,branch;full;flag;coherent;coset,exact,1,1,1,1,1,0,0,11
1,1,14,1,1,1,1,1,1,branch;full;flag;coherent;coset,exact,1,1,1,1,1,0,0,9
1,1,15,1,1,1,1,1,1,branch;full;flag;coherent;coset,exact,1,1,1,1,1,0,0,9
1,1,16,1,1,1,1,1,1,branch;full;flag;coherent;coset,exact,1,1,1,1,1,0,0,7
1,1,17,1,1,1,1,1,1,branch;full;flag;coherent;coset,exact,1,1,1,1,1,0,0,7
1,1,18,1,1,1,1,1,1,branch;full;flag;coherent;coset,exact,1,1,1,1,1,0,0,7
1,1,19,1,1,1,1,1,1,branch;full;flag;coherent;coset,exact,1,1,1,1,1,0,0,7
1,1,20,1,1,1,1,1,1,branch;full;flag;coherent;coset,exact,1,1,1,1,1,0,0,7
1,1,21,1,1,1,1,1,1,branch;full;flag;coherent;coset,exact,1,1,1,1,1,0,0,7
1,1,22,1,1,1,1,1,1,branch;full;flag;coherent;coset,exact,1,1,1,1,1,0,0,7
1,1,23,1,1,1,1,1,1,branch;full;flag;coherent;coset,exact,1,1,1,1,1,0,0,7
1,1,24,1/2,1/2,1/2,1/2,1/2,1/2,branch;full;flag;coherent;coset,exact,1,1,1/2,1,1,0,0,11
1,1,25,1,1,1,1,1,1,branch;full;flag;coherent;coset,exact,1,1,1,1,1,0,0,11
1,1,26,1,1,1,1,1,1,branch;full;flag;coherent;coset,exact,1,1,1,1,1,0,0,9
1,1,27,1,1,1,1,1,1,branch;full;flag;coherent;coset,exact,1,1,1,1,1,0,0,9
1,1,28,1/2,1/2,1/2,1/2,1/2,1/2,branch;full;flag;coherent;coset,exact,1,1,1/2,1,1,0,0,11
1,1,29,1,1,1,1,1,1,branch;full;flag;coherent;coset,exact,1,1,1,1,1,0,0,11
1,1,30,1,1,1,1,1,1,branch;full;flag;coherent;coset,exact,1,1,1,1,1,0,0,9
1,1,31,1,1,1,1,1,1,branch;full;flag;coherent;coset,exact,1,1,1,1,1,0,0,9
1,1,32,1/2,1/2,1/2,1/2,1/2,1/2,branch;full;flag;coherent;coset,exact,1,1,1/2,1,1,0,0,11
1,1,33,1,1,1,1,1,1,branch;full;flag;coherent;coset,exact,1,1,1,1,1,0,0,11
1,1,34,1,1,1,1,1,1,branch;full;flag;coherent;coset,exact,1,1,1,1,1,0,0,9
1,1,35,1,1,1,1,1,1,branch;full;flag;coherent;coset,exact,1,1,1,1,1,0,0,9
1,1,36,1/2,1/2,1/2,1/2,1/2,1/2,branch;full;flag;coherent;coset,exact,1,1,1/2,1,1,0,0,11
1,1,37,1,1,1,1,1,1,branch;full;flag;coherent;coset,exact,1,1,1,1,1,0,0,11
1,1,38,1,1,1,1,1,1,branch;full;flag;coherent;coset,exact,1,1,1,1,1,0,0,9
1,1,39,1,1,1,1,1,1,branch;full;flag;coherent;coset,exact,1,1,1,1,1,0,0,9
1,1,40,1/2,1/2,1/2,1/2,1/2,1/2,branch;full;flag;coherent;coset,exact,1,1,1/2,1,1,0,0,11
1,1,41,1,1,1,1,1,1,branch;full;flag;coherent;coset,exact,1,1,1,1,1,0,0,11
1,1,42,1,1,1,1,1,1,branch;full;flag;coherent;coset,exact,1,1,1,1,1,0,0,9
1,1,43,1,1,1,1,1,1,branch;full;flag;coherent;coset,exact,1,1,1,1,1,0,0,9
1,1,44,1/2,1/2,1/2,1/2,1/2,1/2,branch;full;flag;coherent;coset,exact,1,1,1/2,1,1,0,0,11
1,1,45,1,1,1,1,1,1,branch;full;flag;coherent;coset,exact,1,1,1,1,1,0,0,11
1,1,46,1,1,1,1,1,1,branch;full;flag;coherent;coset,exact,1,1,1,1,1,0,0,9
1,1,47,1,1,1,1,1,1,branch;full;flag;coherent;coset,exact,1,1,1,1,1,0,0,9
1,1,48,1/2,1/2,1/2,1/2,1/2,1/2,branch;full;flag;coherent;coset,exact,1,1,1/2,1,1,0,0,11
1,1,49,1,1,1,1,1,1,branch;full;flag;coherent;coset,exact,1,1,1,1,1,0,0,11
1,1,50,1,1,1,1,1,1,branch;full;flag;coherent;coset,exact,1,1,1,1,1,0,0,9
1,1,51,1,1,1,1,1,1,branch;full;flag;coherent;coset,exact,1,1,1,1,1,0,0,9
1,1,52,1/2,1/2,1/2,1/2,1/2,1/2,branch;full;flag;coherent;coset,exact,1,1,1/2,1,1,0,0,11
1,1,53,1,1,1,1,1,1,branch;full;flag;coherent;coset,exact,1,1,1,1,1,0,0,11
1,1,54,1,1,1,1,1,1,branch;full;flag;coherent;coset,exact,1,1,1,1,1,0,0,9
1,1,55,1,1,1,1,1,1,branch;full;flag;coherent;coset,exact,1,1,1,1,1,0,0,9
1,1,56,1/2,1/2,1/2,1/2,1/2,1/2,branch;full;flag;coherent;coset,exact,1,1,1/2,1,1,0,0,11
1,1,57,1,1,1,1,1,1,branch;full;flag;coherent;coset,exact,1,1,1,1,1,0,0,11
1,1,58,1,1,1,1,1,1,branch;full;flag;coherent;coset,exact,1,1,1,1,1,0,0,9
1,1,59,1,1,1,1,1,1,branch;full;flag;coherent;coset,exact,1,1,1,1,1,0,0,9
1,1,60,1/2,1/2,1/2,1/2,1/2,1/2,branch;full;flag;coherent;coset,exact,1,1,1/2,1,1,0,0,11
1,1,61,1,1,1,1,1,1,branch;full;flag;coherent;coset,exact,1,1,1,1,1,0,0,11
1,1,62,1,1,1,1,1,1,branch;full;flag;coherent;coset,exact,1,1,1,1,1,0,0,9
1,1,63,1,1,1,1,1,1,branch;full;flag;coherent;coset,exact,1,1,1,1,1,0,0,9
2,0,0,1,1,1,1,1,1,branch;full;flag;coherent;coset,exact,1,1,1,1,1,0,0,7
2,0,1,1,1,1,1,1,1,branch;full;flag;coherent;coset,exact,1,1,1,1,1,0,0,7
2,0,2,1,1,1,1,1,1,branch;full;flag;coherent;coset,exact,1,1,1,1,1,0,0,7
2,0,3,1,1,1,1,1,1,branch;full;flag;coherent;coset,exact,1,1,1,1,1,0,0,7
2,0,4,1/2,1/2,1/2,1/2,1/2,1/2,branch;full;flag;coherent;coset,exact,1,1,1/2,1,1,0,0,11
2,0,5,1,1,1,1,1,1,branch;full;flag;coherent;coset,exact,1,1,1,1,1,0,0,11
2,0,6,1,1,1,1,1,1,branch;full;flag;coherent;coset,exact,1,1,1,1,1,0,0,9
2,0,7,1,1,1,1,1,1,branch;full;flag;coherent;coset,exact,1,1,1,1,1,0,0,9
2,0,8,1,1,1,1,1,1,branch;full;flag;coherent;coset,exact,1,1,1,1,1,0,0,7
2,0,9,1,1,1,1,1,1,branch;full;flag;coherent;coset,exact,1,1,1,1,1,0,0,7
2,0,10,1,1,1,1,1,1,branch;full;flag;coherent;coset,exact,1,1,1,1,1,0,0,7
2,0,11,1,1,1,1,1,1,branch;full;flag;coherent;coset,exact,1,1,1,1,1,0,0,7
2,0,12,1/2,1/2,1/2,1/2,1/2,1/2,branch;full;flag;coherent;coset,exact,1,1,1/2,1,1,0,0,11
2,0,13,1,1,1,1,1,1,branch;full;flag;coherent;coset,exact,1,1,1,1,1,0,0,11
2,0,14,1,1,1,1,1,1,branch;full;flag;coherent;coset,exact,1,1,1,1,1,0,0,9
2,0,15,1,1,1,1,1,1,branch;full;flag;coherent;coset,exact,1,1,1,1,1,0,0,9
2,0,16,1/2,1/2,1/2,1/2,1/2,1/2,branch;full;flag;coherent;coset,exact,1,1,1/2,1,1,0,0,11
2,0,17,1,1,1,1,1,1,branch;full;flag;coherent;coset,exact,1,1,1,1,1,0,0,11
2,0,18,1,1,1,1,1,1,branch;full;flag;coherent;coset,exact,1,1,1,1,1,0,0,9
2,0,19,1,1,1,1,1,1,branch;full;flag;coherent;coset,exact,1,1,1,1,1,0,0,9
2,0,20,1/2,1/2,1/2,1/2,1/2,1/2,branch;full;flag;coherent;coset,exact,1,1,1/2,1,1,0,0,11
2,0,21,1,1,1,1,1,1,branch;full;flag;coherent;coset,exact,1,1,1,1,1,0,0,11
2,0,22,1,1,1,1,1,1,branch;full;flag;coherent;coset,exact,1,1,1,1,1,0,0,9
2,0,23,1,1,1,1,1,1,branch;full;flag;coherent;coset,exact,1,1,1,1,1,0,0,9
2,0,24,1/2,1/2,1/2,1/2,1/2,1/2,branch;full;flag;coherent;coset,exact,1,1,1/2,1,1,0,0,11
2,0,25,1,1,1,1,1,1,branch;full;flag;coherent;coset,exact,1,1,1,1,1,0,0,11
2,0,26,1,1,1,1,1,1,branch;full;flag;coherent;coset,exact,1,1,1,1,1,0,0,9
2,0,27,1,1,1,1,1,1,branch;full;flag;coherent;coset,exact,1,1,1,1,1,0,0,9
2,0,28,1/2,1/2,1/2,1/2,1/2,1/2,branch;full;flag;coherent;coset,exact,1,1,1/2,1,1,0,0,11
2,0,29,1,1,1,1,1,1,branch;full;flag;coherent;coset,exact,1,1,1,1,1,0,0,11
2,0,30,1,1,1,1,1,1,branch;full;flag;coherent;coset,exact,1,1,1,1,1,0,0,9
2,0,31,1,1,1,1,1,1,branch;full;flag;coherent;coset,exact,1,1,1,1,1,0,0,9
2,0,32,1,1,1,1,1,1,branch;full;flag;coherent;coset,exact,1,1,1,1,1,0,0,7
2,0,33,1,1,1,1,1,1,branch;full;flag;coherent;coset,exact,1,1,1,1,1,0,0,7
2,0,34,1,1,1,1,1,1,branch;full;flag;coherent;coset,exact,1,1,1,1,1,0,0,7
2,0,35,1,1,1,1,1,1,branch;full;flag;coherent;coset,exact,1,1,1,1,1,0,0,7
2,0,36,1/2,1/2,1/2,1/2,1/2,1/2,branch;full;flag;coherent;coset,exact,1,1,1/2,1,1,0,0,11
2,0,37,1,1,1,1,1,1,branch;full;flag;coherent;coset,exact,1,1,1,1,1,0,0,11
2,0,38,1,1,1,1,1,1,branch;full;flag;coherent;coset,exact,1,1,1,1,1,0,0,9
2,0,39,1,1,1,1,1,1,branch;full;flag;coherent;coset,exact,1,1,1,1,1,0,0,9
2,0,40,1,1,1,1,1,1,branch;full;flag;coherent;coset,exact,1,1,1,1,1,0,0,7
2,0,41,1,1,1,1,1,1,branch;full;flag;coherent;coset,exact,1,1,1,1,1,0,0,7
2,0,42,1,1,1,1,1,1,branch;full;flag;coherent;coset,exact,1,1,1,1,1,0,0,7
2,0,43,1,1,1,1,1,1,branch;full;flag;coherent;coset,exact,1,1,1,1,1,0,0,7
2,0,44,1/2,1/2,1/2,1/2,1/2,1/2,branch;full;flag;coherent;coset,exact,1,1,1/2,1,1,0,0,11
2,0,45,1,1,1,1,1,1,branch;full;flag;coherent;coset,exact,1,1,1,1,1,0,0,11
2,0,46,1,1,1,1,1,1,branch;full;flag;coherent;coset,exact,1,1,1,1,1,0,0,9
2,0,47,1,1,1,1,1,1,branch;full;flag;coherent;coset,exact,1,1,1,1,1,0,0,9
2,0,48,1/2,1/2,1/2,1/2,1/2,1/2,branch;full;flag;coherent;coset,exact,1,1,1/2,1,1,0,0,11
2,0,49,1,1,1,1,1,1,branch;full;flag;coherent;coset,exact,1,1,1,1,1,0,0,11
2,0,50,1,1,1,1,1,1,branch;full;flag;coherent;coset,exact,1,1,1,1,1,0,0,9
2,0,51,1,1,1,1,1,1,branch;full;flag;coherent;coset,exact,1,1,1,1,1,0,0,9
2,0,52,1/2,1/2,1/2,1/2,1/2,1/2,branch;full;flag;coherent;coset,exact,1,1,1/2,1,1,0,0,11
2,0,53,1,1,1,1,1,1,branch;full;flag;coherent;coset,exact,1,1,1,1,1,0,0,11
2,0,54,1,1,1,1,1,1,branch;full;flag;coherent;coset,exact,1,1,1,1,1,0,0,9
2,0,55,1,1,1,1,1,1,branch;full;flag;coherent;coset,exact,1,1,1,1,1,0,0,9
2,0,56,1/2,1/2,1/2,1/2,1/2,1/2,branch;full;flag;coherent;coset,exact,1,1,1/2,1,1,0,0,11
2,0,57,1,1,1,1,1,1,branch;full;flag;coherent;coset,exact,1,1,1,1,1,0,0,11
2,0,58,1,1,1,1,1,1,branch;full;flag;coherent;coset,exact,1,1,1,1,1,0,0,9
2,0,59,1,1,1,1,1,1,branch;full;flag;coherent;coset,exact,1,1,1,1,1,0,0,9
2,0,60,1/2,1/2,1/2,1/2,1/2,1/2,branch;full;flag;coherent;coset,exact,1,1,1/2,1,1,0,0,11
2,0,61,1,1,1,1,1,1,branch;full;flag;coherent;coset,exact,1,1,1,1,1,0,0,11
2,0,62,1,1,1,1,1,1,branch;full;flag;coherent;coset,exact,1,1,1,1,1,0,0,9
2,0,63,1,1,1,1,1,1,branch;full;flag;coherent;coset,exact,1,1,1,1,1,0,0,9
2,1/4,0,1,1,1,1,1,1,branch;full;flag;coherent;coset,exact,1,1,1,1,1,0,0,10
2,1/4,1,1,1,1,1,1,1,branch;full;flag;coherent;coset,exact,1,1,1,1,1,0,0,10
2,1/4,2,1,1,1,1,1,1,branch;full;flag;coherent;coset,exact,1,1,1,1,1,0,0,10
2,1/4,3,1,1,1,1,1,1,branch;full;flag;coherent;coset,exact,1,1,1,1,1,0,0,10
2,1/4,4,1/2,1/2,1/2,1/2,1/2,1/2,branch;full;flag;coherent;coset,exact,1,1,1/2,1,1,0,0,17
2,1/4,5,1,1,1,1,1,1,branch;full;flag;coherent;coset,exact,1,1,1,1,1,0,0,18
2,1/4,6,1,1,1,1,1,1,branch;full;flag;coherent;coset,exact,1,1,1,1,1,0,0,14
2,1/4,7,1,1,1,1,1,1,branch;full;flag;coherent;coset,exact,1,1,1,1,1,0,0,14
2,1/4,8,1,1,3/4,3/4,3/4,3/4,flag;coherent;coset,exact,1,1,3/4,1,1,1,0,15
2,1/4,9,1,1,1,1,1,1,branch;full;flag;coherent;coset,exact,1,1,1,1,1,0,0,16
2,1/4,10,1,1,1,1,1,1,branch;full;flag;coherent;coset,exact,1,1,1,1,1,0,0,12
2,1/4,11,1,1,1,1,1,1,branch;full;flag;coherent;coset,exact,1,1,1,1,1,0,0,12
2,1/4,12,1/2,1/2,1/2,1/2,1/2,1/2,branch;full;flag;coherent;coset,exact,1,1,1/2,1,1,0,0,17
2,1/4,13,1,1,1,1,1,1,branch;full;flag;coherent;coset,exact,1,1,1,1,1,0,0,18
2,1/4,14,1,1,1,1,1,1,branch;full;flag;coherent;coset,exact,1,1,1,1,1,0,0,14
2,1/4,15,1,1,1,1,1,1,branch;full;flag;coherent;coset,exact,1,1,1,1,1,0,0,14
2,1/4,16,1/2,1/2,1/2,1/2,1/2,1/2,branch;full;flag;coherent;coset,exact,1,1,1/2,1,1,0,0,17
2,1/4,17,1,1,1,1,1,1,branch;full;flag;coherent;coset,exact,1,1,1,1,1,0,0,18
2,1/4,18,1,1,1,1,1,1,branch;full;flag;coherent;coset,exact,1,1,1,1,1,0,0,14
2,1/4,19,1,1,1,1,1,1,branch;full;flag;coherent;coset,exact,1,1,1,1,1,0,0,14
2,1/4,20,1/2,1/2,1/2,1/2,1/2,1/2,branch;full;flag;coherent;coset,exact,1,1,1/2,1,1,0,0,17
2,1/4,21,1,1,1,1,1,1,branch;full;flag;coherent;coset,exact,1,1,1,1,1,0,0,18
2,1/4,22,1,1,1,1,1,1,branch;full;flag;coherent;coset,exact,1,1,1,1,1,0,0,14
2,1/4,23,1,1,1,1,1,1,branch;full;flag;coherent;coset,exact,1,1,1,1,1,0,0,14
2,1/4,24,1/2,1/2,3/8,3/8,3/8,3/8,flag;coherent;coset,exact,1,1,3/8,1,1,1,0,21
2,1/4,25,1,1,3/4,3/4,3/4,3/4,flag;coherent;coset,exact,1,1,3/4,1,1,1,0,43
2,1/4,26,1,1,7/8,7/8,7/8,7/8,flag;coherent;coset,exact,1,1,7/8,1,1,1,0,17
2,1/4,27,1,1,1,1,1,1,branch;full;flag;coherent;coset,exact,1,1,1,1,1,0,0,18
2,1/4,28,1/2,1/2,3/8,3/8,3/8,3/8,flag;coherent;coset,exact,1,1,3/8,1,1,1,0,21
2,1/4,29,1,1,3/4,3/4,3/4,3/4,flag;coherent;coset,exact,1,1,3/4,1,1,1,0,43
2,1/4,30,1,1,7/8,7/8,7/8,7/8,flag;coherent;coset,exact,1,1,7/8,1,1,1,0,17
2,1/4,31,1,1,1,1,1,1,branch;full;flag;coherent;coset,exact,1,1,1,1,1,0,0,18
2,1/4,32,1,1,3/4,3/4,3/4,3/4,flag;coherent;coset,exact,1,1,3/4,1,1,1,0,15
2,1/4,33,1,1,1,1,1,1,branch;full;flag;coherent;coset,exact,1,1,1,1,1,0,0,16
2,1/4,34,1,1,1,1,1,1,branch;full;flag;coherent;coset,exact,1,1,1,1,1,0,0,12
2,1/4,35,1,1,1,1,1,1,branch;full;flag;coherent;coset,exact,1,1,1,1,1,0,0,12
2,1/4,36,1/2,1/2,3/8,3/8,3/8,3/8,flag;coherent;coset,exact,1,1,3/8,1,1,1,0,21
2,1/4,37,1,1,3/4,3/4,3/4,3/4,flag;coherent;coset,exact,1,1,3/4,1,1,1,0,43
2,1/4,38,1,1,7/8,7/8,7/8,7/8,flag;coherent;coset,exact,1,1,7/8,1,1,1,0,17
2,1/4,39,1,1,1,1,1,1,branch;full;flag;coherent;coset,exact,1,1,1,1,1,0,0,18
2,1/4,40,1,1,3/4,3/4,3/4,3/4,flag;coherent;coset,exact,1,1,3/4,1,1,1,0,15
2,1/4,41,1,1,1,1,1,1,branch;full;flag;coherent;coset,exact,1,1,1,1,1,0,0,16
2,1/4,42,1,1,1,1,1,1,branch;full;flag;coherent;coset,exact,1,1,1,1,1,0,0,12
2,1/4,43,1,1,1,1,1,1,branch;full;flag;coherent;coset,exact,1,1,1,1,1,0,0,12
2,1/4,44,1/2,1/2,3/8,3/8,3/8,3/8,flag;coherent;coset,exact,1,1,3/8,1,1,1,0,21
2,1/4,45,1,1,3/4,3/4,3/4,3/4,flag;coherent;coset,exact,1,1,3/4,1,1,1,0,43
2,1/4,46,1,1,7/8,7/8,7/8,7/8,flag;coherent;coset,exact,1,1,7/8,1,1,1,0,17
2,1/4,47,1,1,1,1,1,1,branch;full;flag;coherent;coset,exact,1,1,1,1,1,0,0,18
2,1/4,48,1/2,1/2,1/2,1/2,1/2,1/2,branch;full;flag;coherent;coset,exact,1,1,1/2,1,1,0,0,17
2,1/4,49,1,1,1,1,1,1,branch;full;flag;coherent;coset,exact,1,1,1,1,1,0,0,18
2,1/4,50,1,1,1,1,1,1,branch;full;flag;coherent;coset,exact,1,1,1,1,1,0,0,14
2,1/4,51,1,1,1,1,1,1,branch;full;flag;coherent;coset,exact,1,1,1,1,1,0,0,14
2,1/4,52,1/2,1/2,3/8,3/8,3/8,3/8,flag;coherent;coset,exact,1,1,3/8,1,1,1,0,21
2,1/4,53,1,1,3/4,3/4,3/4,3/4,flag;coherent;coset,exact,1,1,3/4,1,1,1,0,43
2,1/4,54,1,1,7/8,7/8,7/8,7/8,flag;coherent;coset,exact,1,1,7/8,1,1,1,0,17
2,1/4,55,1,1,1,1,1,1,branch;full;flag;coherent;coset,exact,1,1,1,1,1,0,0,18
2,1/4,56,1/2,1/2,3/8,3/8,3/8,3/8,flag;coherent;coset,exact,1,1,3/8,1,1,1,0,21
2,1/4,57,1,1,3/4,3/4,3/4,3/4,flag;coherent;coset,exact,1,1,3/4,1,1,1,0,43
2,1/4,58,1,1,7/8,7/8,7/8,7/8,flag;coherent;coset,exact,1,1,7/8,1,1,1,0,17
2,1/4,59,1,1,1,1,1,1,branch;full;flag;coherent;coset,exact,1,1,1,1,1,0,0,18
2,1/4,60,1/2,1/2,1/2,1/2,1/2,1/2,branch;full;flag;coherent;coset,exact,1,1,1/2,1,1,0,0,17
2,1/4,61,1,1,1,1,1,1,branch;full;flag;coherent;coset,exact,1,1,1,1,1,0,0,18
2,1/4,62,1,1,1,1,1,1,branch;full;flag;coherent;coset,exact,1,1,1,1,1,0,0,14
2,1/4,63,1,1,1,1,1,1,branch;full;flag;coherent;coset,exact,1,1,1,1,1,0,0,14
2,1/2,0,1,1,1,1,1,1,branch;full;flag;coherent;coset,exact,1,1,1,1,1,0,0,4
2,1/2,1,1,1,1,1,1,1,branch;full;flag;coherent;coset,exact,1,1,1,1,1,0,0,4
2,1/2,2,1,1,1,1,1,1,branch;full;flag;coherent;coset,exact,1,1,1,1,1,0,0,4
2,1/2,3,1,1,1,1,1,1,branch;full;flag;coherent;coset,exact,1,1,1,1,1,0,0,4
2,1/2,4,1/2,1/2,1/2,1/2,1/2,1/2,branch;full;flag;coherent;coset,exact,1,1,1/2,1,1,0,0,5
2,1/2,5,1,1,1,1,1,1,branch;full;flag;coherent;coset,exact,1,1,1,1,1,0,0,6
2,1/2,6,1,1,1,1,1,1,branch;full;flag;coherent;coset,exact,1,1,1,1,1,0,0,5
2,1/2,7,1,1,1,1,1,1,branch;full;flag;coherent;coset,exact,1,1,1,1,1,0,0,5
2,1/2,8,1,1,1/2,1/2,1/2,1/2,flag;coherent;coset,exact,1,1,1/2,1,1,1,0,5
2,1/2,9,1,1,1,1,1,1,branch;full;flag;coherent;coset,exact,1,1,1,1,1,0,0,6
2,1/2,10,1,1,1,1,1,1,branch;full;flag;coherent;coset,exact,1,1,1,1,1,0,0,5
2,1/2,11,1,1,1,1,1,1,branch;full;flag;coherent;coset,exact,1,1,1,1,1,0,0,5
2,1/2,12,1/2,1/2,1/2,1/2,1/2,1/2,branch;full;flag;coherent;coset,exact,1,1,1/2,1,1,0,0,5
2,1/2,13,1,1,1,1,1,1,branch;full;flag;coherent;coset,exact,1,1,1,1,1,0,0,6
2,1/2,14,1,1,1,1,1,1,branch;full;flag;coherent;coset,exact,1,1,1,1,1,0,0,5
2,1/2,15,1,1,1,1,1,1,branch;full;flag;coherent;coset,exact,1,1,1,1,1,0,0,5
2,1/2,16,1/2,1/2,1/2,1/2,1/2,1/2,branch;full;flag;coherent;coset,exact,1,1,1/2,1,1,0,0,5
2,1/2,17,1,1,1,1,1,1,branch;full;flag;coherent;coset,exact,1,1,1,1,1,0,0,6
2,1/2,18,1,1,1,1,1,1,branch;full;flag;coherent;coset,exact,1,1,1,1,1,0,0,5
2,1/2,19,1,1,1,1,1,1,branch;full;flag;coherent;coset,exact,1,1,1,1,1,0,0,5
2,1/2,20,1/2,1/2,1/2,1/2,1/2,1/2,branch;full;flag;coherent;coset,exact,1,1,1/2,1,1,0,0,5
2,1/2,21,1,1,1,1,1,1,branch;full;flag;coherent;coset,exact,1,1,1,1,1,0,0,6
2,1/2,22,1,1,1,1,1,1,branch;full;flag;coherent;coset,exact,1,1,1,1,1,0,0,5
2,1/2,23,1,1,1,1,1,1,branch;full;flag;coherent;coset,exact,1,1,1,1,1,0,0,5
2,1/2,24,1/2,1/2,1/4,1/4,1/4,1/4,flag;coherent;coset,exact,1,1,1/4,1,1,1,0,6
2,1/2,25,1,1,1/2,1/2,1/2,1/2,flag;coherent;coset,exact,1,1,1/2,1,1,1,0,12
2,1/2,26,1,1,3/4,3/4,3/4,3/4,flag;coherent;coset,exact,1,1,3/4,1,1,1,0,6
2,1/2,27,1,1,1,1,1,1,branch;full;flag;coherent;coset,exact,1,1,1,1,1,0,0,7
2,1/2,28,1/2,1/2,1/4,1/4,1/4,1/4,flag;coherent;coset,exact,1,1,1/4,1,1,1,0,6
2,1/2,29,1,1,1/2,1/2,1/2,1/2,flag;coherent;coset,exact,1,1,1/2,1,1,1,0,12
2,1/2,30,1,1,3/4,3/4,3/4,3/4,flag;coherent;coset,exact,1,1,3/4,1,1,1,0,6
2,1/2,31,1,1,1,1,1,1,branch;full;flag;coherent;coset,exact,1,1,1,1,1,0,0,7
2,1/2,32,1,1,1/2,1/2,1/2,1/2,flag;coherent;coset,exact,1,1,1/2,1,1,1,0,5
2,1/2,33,1,1,1,1,1,1,branch;full;flag;coherent;coset,exact,1,1,1,1,1,0,0,6
2,1/2,34,1,1,1,1,1,1,branch;full;flag;coherent;coset,exact,1,1,1,1,1,0,0,5
2,1/2,35,1,1,1,1,1,1,branch;full;flag;coherent;coset,exact,1,1,1,1,1,0,0,5
2,1/2,36,1/2,1/2,1/4,1/4,1/4,1/4,flag;coherent;coset,exact,1,1,1/4,1,1,1,0,6
2,1/2,37,1,1,1/2,1/2,1/2,1/2,flag;coherent;coset,exact,1,1,1/2,1,1,1,0,12
2,1/2,38,1,1,3/4,3/4,3/4,3/4,flag;coherent;coset,exact,1,1,3/4,1,1,1,0,6
2,1/2,39,1,1,1,1,1,1,branch;full;flag;coherent;coset,exact,1,1,1,1,1,0,0,7
2,1/2,40,1,1,1/2,1/2,1/2,1/2,flag;coherent;coset,exact,1,1,1/2,1,1,1,0,5
2,1/2,41,1,1,1,1,1,1,branch;full;flag;coherent;coset,exact,1,1,1,1,1,0,0,6
2,1/2,42,1,1,1,1,1,1,branch;full;flag;coherent;coset,exact,1,1,1,1,1,0,0,5
2,1/2,43,1,1,1,1,1,1,branch;full;flag;coherent;coset,exact,1,1,1,1,1,0,0,5
2,1/2,44,1/2,1/2,1/4,1/4,1/4,1/4,flag;coherent;coset,exact,1,1,1/4,1,1,1,0,6
2,1/2,45,1,1,1/2,1/2,1/2,1/2,flag;coherent;coset,exact,1,1,1/2,1,1,1,0,12
2,1/2,46,1,1,3/4,3/4,3/4,3/4,flag;coherent;coset,exact,1,1,3/4,1,1,1,0,6
2,1/2,47,1,1,1,1,1,1,branch;full;flag;coherent;coset,exact,1,1,1,1,1,0,0,7
2,1/2,48,1/2,1/2,1/2,1/2,1/2,1/2,branch;full;flag;coherent;coset,exact,1,1,1/2,1,1,0,0,5
2,1/2,49,1,1,1,1,1,1,branch;full;flag;coherent;coset,exact,1,1,1,1,1,0,0,6
2,1/2,50,1,1,1,1,1,1,branch;full;flag;coherent;coset,exact,1,1,1,1,1,0,0,5
2,1/2,51,1,1,1,1,1,1,branch;full;flag;coherent;coset,exact,1,1,1,1,1,0,0,5
2,1/2,52,1/2,1/2,1/4,1/4,1/4,1/4,flag;coherent;coset,exact,1,1,1/4,1,1,1,0,6
2,1/2,53,1,1,1/2,1/2,1/2,1/2,flag;coherent;coset,exact,1,1,1/2,1,1,1,0,12
2,1/2,54,1,1,3/4,3/4,3/4,3/4,flag;coherent;coset,exact,1,1,3/4,1,1,1,0,6
2,1/2,55,1,1,1,1,1,1,branch;full;flag;coherent;coset,exact,1,1,1,1,1,0,0,7
2,1/2,56,1/2,1/2,1/4,1/4,1/4,1/4,flag;coherent;coset,exact,1,1,1/4,1,1,1,0,6
2,1/2,57,1,1,1/2,1/2,1/2,1/2,flag;coherent;coset,exact,1,1,1/2,1,1,1,0,12
2,1/2,58,1,1,3/4,3/4,3/4,3/4,flag;coherent;coset,exact,1,1,3/4,1,1,1,0,6
2,1/2,59,1,1,1,1,1,1,branch;full;flag;coherent;coset,exact,1,1,1,1,1,0,0,7
2,1/2,60,1/2,1/2,1/2,1/2,1/2,1/2,branch;full;flag;coherent;coset,exact,1,1,1/2,1,1,0,0,5
2,1/2,61,1,1,1,1,1,1,branch;full;flag;coherent;coset,exact,1,1,1,1,1,0,0,6
2,1/2,62,1,1,1,1,1,1,branch;full;flag;coherent;coset,exact,1,1,1,1,1,0,0,5
2,1/2,63,1,1,1,1,1,1,branch;full;flag;coherent;coset,exact,1,1,1,1,1,0,0,5
2,3/4,0,1,1,1,1,1,1,branch;full;flag;coherent;coset,exact,1,1,1,1,1,0,0,10
2,3/4,1,1,1,1,1,1,1,branch;full;flag;coherent;coset,exact,1,1,1,1,1,0,0,10
2,3/4,2,1,1,1,1,1,1,branch;full;flag;coherent;coset,exact,1,1,1,1,1,0,0,10
2,3/4,3,1,1,1,1,1,1,branch;full;flag;coherent;coset,exact,1,1,1,1,1,0,0,10
2,3/4,4,1/2,1/2,1/2,1/2,1/2,1/2,branch;full;flag;coherent;coset,exact,1,1,1/2,1,1,0,0,17
2,3/4,5,1,1,1,1,1,1,branch;full;flag;coherent;coset,exact,1,1,1,1,1,0,0,18
2,3/4,6,1,1,1,1,1,1,branch;full;flag;coherent;coset,exact,1,1,1,1,1,0,0,14
2,3/4,7,1,1,1,1,1,1,branch;full;flag;coherent;coset,exact,1,1,1,1,1,0,0,14
2,3/4,8,1,1,3/4,3/4,3/4,3/4,flag;coherent;coset,exact,1,1,3/4,1,1,1,0,15
2,3/4,9,1,1,1,1,1,1,branch;full;flag;coherent;coset,exact,1,1,1,1,1,0,0,16
2,3/4,10,1,1,1,1,1,1,branch;full;flag;coherent;coset,exact,1,1,1,1,1,0,0,12
2,3/4,11,1,1,1,1,1,1,branch;full;flag;coherent;coset,exact,1,1,1,1,1,0,0,12
2,3/4,12,1/2,1/2,1/2,1/2,1/2,1/2,branch;full;flag;coherent;coset,exact,1,1,1/2,1,1,0,0,17
2,3/4,13,1,1,1,1,1,1,branch;full;flag;coherent;coset,exact,1,1,1,1,1,0,0,18
2,3/4,14,1,1,1,1,1,1,branch;full;flag;coherent;coset,exact,1,1,1,1,1,0,0,14
2,3/4,15,1,1,1,1,1,1,branch;full;flag;coherent;coset,exact,1,1,1,1,1,0,0,14
2,3/4,16,1/2,1/2,1/2,1/2,1/2,1/2,branch;full;flag;coherent;coset,exact,1,1,1/2,1,1,0,0,17
2,3/4,17,1,1,1,1,1,1,branch;full;flag;coherent;coset,exact,1,1,1,1,1,0,0,18
2,3/4,18,1,1,1,1,1,1,branch;full;flag;coherent;coset,exact,1,1,1,1,1,0,0,14
2,3/4,19,1,1,1,1,1,1,branch;full;flag;coherent;coset,exact,1,1,1,1,1,0,0,14
2,3/4,20,1/2,1/2,1/2,1/2,1/2,1/2,branch;full;flag;coherent;coset,exact,1,1,1/2,1,1,0,0,17
2,3/4,21,1,1,1,1,1,1,branch;full;flag;coherent;coset,exact,1,1,1,1,1,0,0,18
2,3/4,22,1,1,1,1,1,1,branch;full;flag;coherent;coset,exact,1,1,1,1,1,0,0,14
2,3/4,23,1,1,1,1,1,1,branch;full;flag;coherent;coset,exact,1,1,1,1,1,0,0,14
2,3/4,24,1/2,1/2,3/8,3/8,3/8,3/8,flag;coherent;coset,exact,1,1,3/8,1,1,1,0,21
2,3/4,25,1,1,3/4,3/4,3/4,3/4,flag;coherent;coset,exact,1,1,3/4,1,1,1,0,43
2,3/4,26,1,1,7/8,7/8,7/8,7/8,flag;coherent;coset,exact,1,1,7/8,1,1,1,0,17
2,3/4,27,1,1,1,1,1,1,branch;full;flag;coherent;coset,exact,1,1,1,1,1,0,0,18
2,3/4,28,1/2,1/2,3/8,3/8,3/8,3/8,flag;coherent;coset,exact,1,1,3/8,1,1,1,0,21
2,3/4,29,1,1,3/4,3/4,3/4,3/4,flag;coherent;coset,exact,1,1,3/4,1,1,1,0,43
2,3/4,30,1,1,7/8,7/8,7/8,7/8,flag;coherent;coset,exact,1,1,7/8,1,1,1,0,17
2,3/4,31,1,1,1,1,1,1,branch;full;flag;coherent;coset,exact,1,1,1,1,1,0,0,18
2,3/4,32,1,1,3/4,3/4,3/4,3/4,flag;coherent;coset,exact,1,1,3/4,1,1,1,0,15
2,3/4,33,1,1,1,1,1,1,branch;full;flag;coherent;coset,exact,1,1,1,1,1,0,0,16
2,3/4,34,1,1,1,1,1,1,branch;full;flag;coherent;coset,exact,1,1,1,1,1,0,0,12
2,3/4,35,1,1,1,1,1,1,branch;full;flag;coherent;coset,exact,1,1,1,1,1,0,0,12
2,3/4,36,1/2,1/2,3/8,3/8,3/8,3/8,flag;coherent;coset,exact,1,1,3/8,1,1,1,0,21
2,3/4,37,1,1,3/4,3/4,3/4,3/4,flag;coherent;coset,exact,1,1,3/4,1,1,1,0,43
2,3/4,38,1,1,7/8,7/8,7/8,7/8,flag;coherent;coset,exact,1,1,7/8,1,1,1,0,17
2,3/4,39,1,1,1,1,1,1,branch;full;flag;coherent;coset,exact,1,1,1,1,1,0,0,18
2,3/4,40,1,1,3/4,3/4,3/4,3/4,flag;coherent;coset,exact,1,1,3/4,1,1,1,0,15
2,3/4,41,1,1,1,1,1,1,branch;full;flag;coherent;coset,exact,1,1,1,1,1,0,0,16
2,3/4,42,1,1,1,1,1,1,branch;full;flag;coherent;coset,exact,1,1,1,1,1,0,0,12
2,3/4,43,1,1,1,1,1,1,branch;full;flag;coherent;coset,exact,1,1,1,1,1,0,0,12
2,3/4,44,1/2,1/2,3/8,3/8,3/8,3/8,flag;coherent;coset,exact,1,1,3/8,1,1,1,0,21
2,3/4,45,1,1,3/4,3/4,3/4,3/4,flag;coherent;coset,exact,1,1,3/4,1,1,1,0,43
2,3/4,46,1,1,7/8,7/8,7/8,7/8,flag;coherent;coset,exact,1,1,7/8,1,1,1,0,17
2,3/4,47,1,1,1,1,1,1,branch;full;flag;coherent;coset,exact,1,1,1,1,1,0,0,18
2,3/4,48,1/2,1/2,1/2,1/2,1/2,1/2,branch;full;flag;coherent;coset,exact,1,1,1/2,1,1,0,0,17
2,3/4,49,1,1,1,1,1,1,branch;full;flag;coherent;coset,exact,1,1,1,1,1,0,0,18
2,3/4,50,1,1,1,1,1,1,branch;full;flag;coherent;coset,exact,1,1,1,1,1,0,0,14
2,3/4,51,1,1,1,1,1,1,branch;full;flag;coherent;coset,exact,1,1,1,1,1,0,0,14
2,3/4,52,1/2,1/2,3/8,3/8,3/8,3/8,flag;coherent;coset,exact,1,1,3/8,1,1,1,0,21
2,3/4,53,1,1,3/4,3/4,3/4,3/4,flag;coherent;coset,exact,1,1,3/4,1,1,1,0,43
2,3/4,54,1,1,7/8,7/8,7/8,7/8,flag;coherent;coset,exact,1,1,7/8,1,1,1,0,17
2,3/4,55,1,1,1,1,1,1,branch;full;flag;coherent;coset,exact,1,1,1,1,1,0,0,18
2,3/4,56,1/2,1/2,3/8,3/8,3/8,3/8,flag;coherent;coset,exact,1,1,3/8,1,1,1,0,21
2,3/4,57,1,1,3/4,3/4,3/4,3/4,flag;coherent;coset,exact,1,1,3/4,1,1,1,0,43
2,3/4,58,1,1,7/8,7/8,7/8,7/8,flag;coherent;coset,exact,1,1,7/8,1,1,1,0,17
2,3/4,59,1,1,1,1,1,1,branch;full;flag;coherent;coset,exact,1,1,1,1,1,0,0,18
2,3/4,60,1/2,1/2,1/2,1/2,1/2,1/2,branch;full;flag;coherent;coset,exact,1,1,1/2,1,1,0,0,17
2,3/4,61,1,1,1,1,1,1,branch;full;flag;coherent;coset,exact,1,1,1,1,1,0,0,18
2,3/4,62,1,1,1,1,1,1,branch;full;flag;coherent;coset,exact,1,1,1,1,1,0,0,14
2,3/4,63,1,1,1,1,1,1,branch;full;flag;coherent;coset,exact,1,1,1,1,1,0,0,14
2,1,0,1,1,1,1,1,1,branch;full;flag;coherent;coset,exact,1,1,1,1,1,0,0,7
2,1,1,1,1,1,1,1,1,branch;full;flag;coherent;coset,exact,1,1,1,1,1,0,0,7
2,1,2,1,1,1,1,1,1,branch;full;flag;coherent;coset,exact,1,1,1,1,1,0,0,7
2,1,3,1,1,1,1,1,1,branch;full;flag;coherent;coset,exact,1,1,1,1,1,0,0,7
2,1,4,1/2,1/2,1/2,1/2,1/2,1/2,branch;full;flag;coherent;coset,exact,1,1,1/2,1,1,0,0,11
2,1,5,1,1,1,1,1,1,branch;full;flag;coherent;coset,exact,1,1,1,1,1,0,0,11
2,1,6,1,1,1,1,1,1,branch;full;flag;coherent;coset,exact,1,1,1,1,1,0,0,9
2,1,7,1,1,1,1,1,1,branch;full;flag;coherent;coset,exact,1,1,1,1,1,0,0,9
2,1,8,1,1,1,1,1,1,branch;full;flag;coherent;coset,exact,1,1,1,1,1,0,0,7
2,1,9,1,1,1,1,1,1,branch;full;flag;coherent;coset,exact,1,1,1,1,1,0,0,7
2,1,10,1,1,1,1,1,1,branch;full;flag;coherent;coset,exact,1,1,1,1,1,0,0,7
2,1,11,1,1,1,1,1,1,branch;full;flag;coherent;coset,exact,1,1,1,1,1,0,0,7
2,1,12,1/2,1/2,1/2,1/2,1/2,1/2,branch;full;flag;coherent;coset,exact,1,1,1/2,1,1,0,0,11
2,1,13,1,1,1,1,1,1,branch;full;flag;coherent;coset,exact,1,1,1,1,1,0,0,11
2,1,14,1,1,1,1,1,1,branch;full;flag;coherent;coset,exact,1,1,1,1,1,0,0,9
2,1,15,1,1,1,1,1,1,branch;full;flag;coherent;coset,exact,1,1,1,1,1,0,0,9
2,1,16,1/2,1/2,1/2,1/2,1/2,1/2,branch;full;flag;coherent;coset,exact,1,1,1/2,1,1,0,0,11
2,1,17,1,1,1,1,1,1,branch;full;flag;coherent;coset,exact,1,1,1,1,1,0,0,11
2,1,18,1,1,1,1,1,1,branch;full;flag;coherent;coset,exact,1,1,1,1,1,0,0,9
2,1,19,1,1,1,1,1,1,branch;full;flag;coherent;coset,exact,1,1,1,1,1,0,0,9
2,1,20,1/2,1/2,1/2,1/2,1/2,1/2,branch;full;flag;coherent;coset,exact,1,1,1/2,1,1,0,0,11
2,1,21,1,1,1,1,1,1,branch;full;flag;coherent;coset,exact,1,1,1,1,1,0,0,11
2,1,22,1,1,1,1,1,1,branch;full;flag;coherent;coset,exact,1,1,1,1,1,0,0,9
2,1,23,1,1,1,1,1,1,branch;full;flag;coherent;coset,exact,1,1,1,1,1,0,0,9
2,1,24,1/2,1/2,1/2,1/2,1/2,1/2,branch;full;flag;coherent;coset,exact,1,1,1/2,1,1,0,0,11
2,1,25,1,1,1,1,1,1,branch;full;flag;coherent;coset,exact,1,1,1,1,1,0,0,11
2,1,26,1,1,1,1,1,1,branch;full;flag;coherent;coset,exact,1,1,1,1,1,0,0,9
2,1,27,1,1,1,1,1,1,branch;full;flag;coherent;coset,exact,1,1,1,1,1,0,0,9
2,1,28,1/2,1/2,1/2,1/2,1/2,1/2,branch;full;flag;coherent;coset,exact,1,1,1/2,1,1,0,0,11
2,1,29,1,1,1,1,1,1,branch;full;flag;coherent;coset,exact,1,1,1,1,1,0,0,11
2,1,30,1,1,1,1,1,1,branch;full;flag;coherent;coset,exact,1,1,1,1,1,0,0,9
2,1,31,1,1,1,1,1,1,branch;full;flag;coherent;coset,exact,1,1,1,1,1,0,0,9
2,1,32,1,1,1,1,1,1,branch;full;flag;coherent;coset,exact,1,1,1,1,1,0,0,7
2,1,33,1,1,1,1,1,1,branch;full;flag;coherent;coset,exact,1,1,1,1,1,0,0,7
2,1,34,1,1,1,1,1,1,branch;full;flag;coherent;coset,exact,1,1,1,1,1,0,0,7
2,1,35,1,1,1,1,1,1,branch;full;flag;coherent;coset,exact,1,1,1,1,1,0,0,7
2,1,36,1/2,1/2,1/2,1/2,1/2,1/2,branch;full;flag;coherent;coset,exact,1,1,1/2,1,1,0,0,11
2,1,37,1,1,1,1,1,1,branch;full;flag;coherent;coset,exact,1,1,1,1,1,0,0,11
2,1,38,1,1,1,1,1,1,branch;full;flag;coherent;coset,exact,1,1,1,1,1,0,0,9
2,1,39,1,1,1,1,1,1,branch;full;flag;coherent;coset,exact,1,1,1,1,1,0,0,9
2,1,40,1,1,1,1,1,1,branch;full;flag;coherent;coset,exact,1,1,1,1,1,0,0,7
2,1,41,1,1,1,1,1,1,branch;full;flag;coherent;coset,exact,1,1,1,1,1,0,0,7
2,1,42,1,1,1,1,1,1,branch;full;flag;coherent;coset,exact,1,1,1,1,1,0,0,7
2,1,43,1,1,1,1,1,1,branch;full;flag;coherent;coset,exact,1,1,1,1,1,0,0,7
2,1,44,1/2,1/2,1/2,1/2,1/2,1/2,branch;full;flag;coherent;coset,exact,1,1,1/2,1,1,0,0,11
2,1,45,1,1,1,1,1,1,branch;full;flag;coherent;coset,exact,1,1,1,1,1,0,0,11
2,1,46,1,1,1,1,1,1,branch;full;flag;coherent;coset,exact,1,1,1,1,1,0,0,9
2,1,47,1,1,1,1,1,1,branch;full;flag;coherent;coset,exact,1,1,1,1,1,0,0,9
2,1,48,1/2,1/2,1/2,1/2,1/2,1/2,branch;full;flag;coherent;coset,exact,1,1,1/2,1,1,0,0,11
2,1,49,1,1,1,1,1,1,branch;full;flag;coherent;coset,exact,1,1,1,1,1,0,0,11
2,1,50,1,1,1,1,1,1,branch;full;flag;coherent;coset,exact,1,1,1,1,1,0,0,9
2,1,51,1,1,1,1,1,1,branch;full;flag;coherent;coset,exact,1,1,1,1,1,0,0,9
2,1,52,1/2,1/2,1/2,1/2,1/2,1/2,branch;full;flag;coherent;coset,exact,1,1,1/2,1,1,0,0,11
2,1,53,1,1,1,1,1,1,branch;full;flag;coherent;coset,exact,1,1,1,1,1,0,0,11
2,1,54,1,1,1,1,1,1,branch;full;flag;coherent;coset,exact,1,1,1,1,1,0,0,9
2,1,55,1,1,1,1,1,1,branch;full;flag;coherent;coset,exact,1,1,1,1,1,0,0,9
2,1,56,1/2,1/2,1/2,1/2,1/2,1/2,branch;full;flag;coherent;coset,exact,1,1,1/2,1,1,0,0,11
2,1,57,1,1,1,1,1,1,branch;full;flag;coherent;coset,exact,1,1,1,1,1,0,0,11
2,1,58,1,1,1,1,1,1,branch;full;flag;coherent;coset,exact,1,1,1,1,1,0,0,9
2,1,59,1,1,1,1,1,1,branch;full;flag;coherent;coset,exact,1,1,1,1,1,0,0,9
2,1,60,1/2,1/2,1/2,1/2,1/2,1/2,branch;full;flag;coherent;coset,exact,1,1,1/2,1,1,0,0,11
2,1,61,1,1,1,1,1,1,branch;full;flag;coherent;coset,exact,1,1,1,1,1,0,0,11
2,1,62,1,1,1,1,1,1,branch;full;flag;coherent;coset,exact,1,1,1,1,1,0,0,9
2,1,63,1,1,1,1,1,1,branch;full;flag;coherent;coset,exact,1,1,1,1,1,0,0,9
3,0,0,1,1,1,1,1,1,branch;full;flag;coherent;coset,exact,1,1,1,1,1,0,0,7
3,0,1,1,1,1,1,1,1,branch;full;flag;coherent;coset,exact,1,1,1,1,1,0,0,7
3,0,2,1,1,1,1,1,1,branch;full;flag;coherent;coset,exact,1,1,1,1,1,0,0,7
3,0,3,1,1,1,1,1,1,branch;full;flag;coherent;coset,exact,1,1,1,1,1,0,0,7
3,0,4,1/2,1/2,1/2,1/2,1/2,1/2,branch;full;flag;coherent;coset,exact,1,1,1/2,1,1,0,0,11
3,0,5,1,1,1,1,1,1,branch;full;flag;coherent;coset,exact,1,1,1,1,1,0,0,11
3,0,6,1,1,1,1,1,1,branch;full;flag;coherent;coset,exact,1,1,1,1,1,0,0,9
3,0,7,1,1,1,1,1,1,branch;full;flag;coherent;coset,exact,1,1,1,1,1,0,0,9
3,0,8,1/2,1/2,1/2,1/2,1/2,1/2,branch;full;flag;coherent;coset,exact,1,1,1/2,1,1,0,0,11
3,0,9,1,1,1,1,1,1,branch;full;flag;coherent;coset,exact,1,1,1,1,1,0,0,11
3,0,10,1,1,1,1,1,1,branch;full;flag;coherent;coset,exact,1,1,1,1,1,0,0,9
3,0,11,1,1,1,1,1,1,branch;full;flag;coherent;coset,exact,1,1,1,1,1,0,0,9
3,0,12,1,1,1,1,1,1,branch;full;flag;coherent;coset,exact,1,1,1,1,1,0,0,7
3,0,13,1,1,1,1,1,1,branch;full;flag;coherent;coset,exact,1,1,1,1,1,0,0,7
3,0,14,1,1,1,1,1,1,branch;full;flag;coherent;coset,exact,1,1,1,1,1,0,0,7
3,0,15,1,1,1,1,1,1,branch;full;flag;coherent;coset,exact,1,1,1,1,1,0,0,7
3,0,16,1/2,1/2,1/2,1/2,1/2,1/2,branch;full;flag;coherent;coset,exact,1,1,1/2,1,1,0,0,11
3,0,17,1,1,1,1,1,1,branch;full;flag;coherent;coset,exact,1,1,1,1,1,0,0,11
3,0,18,1,1,1,1,1,1,branch;full;flag;coherent;coset,exact,1,1,1,1,1,0,0,9
3,0,19,1,1,1,1,1,1,branch;full;flag;coherent;coset,exact,1,1,1,1,1,0,0,9
3,0,20,1/2,1/2,1/2,1/2,1/2,1/2,branch;full;flag;coherent;coset,exact,1,1,1/2,1,1,0,0,11
3,0,21,1,1,1,1,1,1,branch;full;flag;coherent;coset,exact,1,1,1,1,1,0,0,11
3,0,22,1,1,1,1,1,1,branch;full;flag;coherent;coset,exact,1,1,1,1,1,0,0,9
3,0,23,1,1,1,1,1,1,branch;full;flag;coherent;coset,exact,1,1,1,1,1,0,0,9
3,0,24,1/2,1/2,1/2,1/2,1/2,1/2,branch;full;flag;coherent;coset,exact,1,1,1/2,1,1,0,0,11
3,0,25,1,1,1,1,1,1,branch;full;flag;coherent;coset,exact,1,1,1,1,1,0,0,11
3,0,26,1,1,1,1,1,1,branch;full;flag;coherent;coset,exact,1,1,1,1,1,0,0,9
3,0,27,1,1,1,1,1,1,branch;full;flag;coherent;coset,exact,1,1,1,1,1,0,0,9
3,0,28,1/2,1/2,1/2,1/2,1/2,1/2,branch;full;flag;coherent;coset,exact,1,1,1/2,1,1,0,0,11
3,0,29,1,1,1,1,1,1,branch;full;flag;coherent;coset,exact,1,1,1,1,1,0,0,11
3,0,30,1,1,1,1,1,1,branch;full;flag;coherent;coset,exact,1,1,1,1,1,0,0,9
3,0,31,1,1,1,1,1,1,branch;full;flag;coherent;coset,exact,1,1,1,1,1,0,0,9
3,0,32,1/2,1/2,1/2,1/2,1/2,1/2,branch;full;flag;coherent;coset,exact,1,1,1/2,1,1,0,0,11
3,0,33,1,1,1,1,1,1,branch;full;flag;coherent;coset,exact,1,1,1,1,1,0,0,11
3,0,34,1,1,1,1,1,1,branch;full;flag;coherent;coset,exact,1,1,1,1,1,0,0,9
3,0,35,1,1,1,1,1,1,branch;full;flag;coherent;coset,exact,1,1,1,1,1,0,0,9
3,0,36,1/2,1/2,1/2,1/2,1/2,1/2,branch;full;flag;coherent;coset,exact,1,1,1/2,1,1,0,0,11
3,0,37,1,1,1,1,1,1,branch;full;flag;coherent;coset,exact,1,1,1,1,1,0,0,11
3,0,38,1,1,1,1,1,1,branch;full;flag;coherent;coset,exact,1,1,1,1,1,0,0,9
3,0,39,1,1,1,1,1,1,branch;full;flag;coherent;coset,exact,1,1,1,1,1,0,0,9
3,0,40,1/2,1/2,1/2,1/2,1/2,1/2,branch;full;flag;coherent;coset,exact,1,1,1/2,1,1,0,0,11
3,0,41,1,1,1,1,1,1,branch;full;flag;coherent;coset,exact,1,1,1,1,1,0,0,11
3,0,42,1,1,1,1,1,1,branch;full;flag;coherent;coset,exact,1,1,1,1,1,0,0,9
3,0,43,1,1,1,1,1,1,branch;full;flag;coherent;coset,exact,1,1,1,1,1,0,0,9
3,0,44,1/2,1/2,1/2,1/2,1/2,1/2,branch;full;flag;coherent;coset,exact,1,1,1/2,1,1,0,0,11
3,0,45,1,1,1,1,1,1,branch;full;flag;coherent;coset,exact,1,1,1,1,1,0,0,11
3,0,46,1,1,1,1,1,1,branch;full;flag;coherent;coset,exact,1,1,1,1,1,0,0,9
3,0,47,1,1,1,1,1,1,branch;full;flag;coherent;coset,exact,1,1,1,1,1,0,0,9
3,0,48,1,1,1,1,1,1,branch;full;flag;coherent;coset,exact,1,1,1,1,1,0,0,7
3,0,49,1,1,1,1,1,1,branch;full;flag;coherent;coset,exact,1,1,1,1,1,0,0,7
3,0,50,1,1,1,1,1,1,branch;full;flag;coherent;coset,exact,1,1,1,1,1,0,0,7
3,0,51,1,1,1,1,1,1,branch;full;flag;coherent;coset,exact,1,1,1,1,1,0,0,7
3,0,52,1/2,1/2,1/2,1/2,1/2,1/2,branch;full;flag;coherent;coset,exact,1,1,1/2,1,1,0,0,11
3,0,53,1,1,1,1,1,1,branch;full;flag;coherent;coset,exact,1,1,1,1,1,0,0,11
3,0,54,1,1,1,1,1,1,branch;full;flag;coherent;coset,exact,1,1,1,1,1,0,0,9
3,0,55,1,1,1,1,1,1,branch;full;flag;coherent;coset,exact,1,1,1,1,1,0,0,9
3,0,56,1/2,1/2,1/2,1/2,1/2,1/2,branch;full;flag;coherent;coset,exact,1,1,1/2,1,1,0,0,11
3,0,57,1,1,1,1,1,1,branch;full;flag;coherent;coset,exact,1,1,1,1,1,0,0,11
3,0,58,1,1,1,1,1,1,branch;full;flag;coherent;coset,exact,1,1,1,1,1,0,0,9
3,0,59,1,1,1,1,1,1,branch;full;flag;coherent;coset,exact,1,1,1,1,1,0,0,9
3,0,60,1,1,1,1,1,1,branch;full;flag;coherent;coset,exact,1,1,1,1,1,0,0,7
3,0,61,1,1,1,1,1,1,branch;full;flag;coherent;coset,exact,1,1,1,1,1,0,0,7
3,0,62,1,1,1,1,1,1,branch;full;flag;coherent;coset,exact,1,1,1,1,1,0,0,7
3,0,63,1,1,1,1,1,1,branch;full;flag;coherent;coset,exact,1,1,1,1,1,0,0,7
3,1/4,0,1,1,1,1,1,1,branch;full;flag;coherent;coset,exact,1,1,1,1,1,0,0,10
3,1/4,1,1,1,1,1,1,1,branch;full;flag;coherent;coset,exact,1,1,1,1,1,0,0,10
3,1/4,2,1,1,1,1,1,1,branch;full;flag;coherent;coset,exact,1,1,1,1,1,0,0,10
3,1/4,3,1,1,1,1,1,1,branch;full;flag;coherent;coset,exact,1,1,1,1,1,0,0,10
3,1/4,4,1/2,1/2,1/2,1/2,1/2,1/2,branch;full;flag;coherent;coset,exact,1,1,1/2,1,1,0,0,17
3,1/4,5,1,1,1,1,1,1,branch;full;flag;coherent;coset,exact,1,1,1,1,1,0,0,18
3,1/4,6,1,1,1,1,1,1,branch;full;flag;coherent;coset,exact,1,1,1,1,1,0,0,14
3,1/4,7,1,1,1,1,1,1,branch;full;flag;coherent;coset,exact,1,1,1,1,1,0,0,14
3,1/4,8,1/2,1/2,1/2,1/2,1/2,1/2,branch;full;flag;coherent;coset,exact,1,1,1/2,1,1,0,0,17
3,1/4,9,1,1,1,1,1,1,branch;full;flag;coherent;coset,exact,1,1,1,1,1,0,0,18
3,1/4,10,1,1,1,1,1,1,branch;full;flag;coherent;coset,exact,1,1,1,1,1,0,0,14
3,1/4,11,1,1,1,1,1,1,branch;full;flag;coherent;coset,exact,1,1,1,1,1,0,0,14
3,1/4,12,1,1,3/4,3/4,3/4,3/4,flag;coherent;coset,exact,1,1,3/4,1,1,1,0,15
3,1/4,13,1,1,1,1,1,1,branch;full;flag;coherent;coset,exact,1,1,1,1,1,0,0,16
3,1/4,14,1,1,1,1,1,1,branch;full;flag;coherent;coset,exact,1,1,1,1,1,0,0,12
3,1/4,15,1,1,1,1,1,1,branch;full;flag;coherent;coset,exact,1,1,1,1,1,0,0,12
3,1/4,16,1/2,1/2,1/2,1/2,1/2,1/2,branch;full;flag;coherent;coset,exact,1,1,1/2,1,1,0,0,17
3,1/4,17,1,1,1,1,1,1,branch;full;flag;coherent;coset,exact,1,1,1,1,1,0,0,18
3,1/4,18,1,1,1,1,1,1,branch;full;flag;coherent;coset,exact,1,1,1,1,1,0,0,14
3,1/4,19,1,1,1,1,1,1,branch;full;flag;coherent;coset,exact,1,1,1,1,1,0,0,14
3,1/4,20,1/2,1/2,1/2,1/2,1/2,1/2,branch;full;flag;coherent;coset,exact,1,1,1/2,1,1,0,0,17
3,1/4,21,1,1,1,1,1,1,branch;full;flag;coherent;coset,exact,1,1,1,1,1,0,0,18
3,1/4,22,1,1,1,1,1,1,branch;full;flag;coherent;coset,exact,1,1,1,1,1,0,0,14
3,1/4,23,1,1,1,1,1,1,branch;full;flag;coherent;coset,exact,1,1,1,1,1,0,0,14
3,1/4,24,1/2,1/2,3/8,3/8,3/8,3/8,flag;coherent;coset,exact,1,1,3/8,1,1,1,0,21
3,1/4,25,1,1,3/4,3/4,3/4,3/4,flag;coherent;coset,exact,1,1,3/4,1,1,1,0,43
3,1/4,26,1,1,7/8,7/8,7/8,7/8,flag;coherent;coset,exact,1,1,7/8,1,1,1,0,17
3,1/4,27,1,1,1,1,1,1,branch;full;flag;coherent;coset,exact,1,1,1,1,1,0,0,18
3,1/4,28,1/2,1/2,3/8,3/8,3/8,3/8,flag;coherent;coset,exact,1,1,3/8,1,1,1,0,21
3,1/4,29,1,1,3/4,3/4,3/4,3/4,flag;coherent;coset,exact,1,1,3/4,1,1,1,0,43
3,1/4,30,1,1,7/8,7/8,7/8,7/8,flag;coherent;coset,exact,1,1,7/8,1,1,1,0,17
3,1/4,31,1,1,1,1,1,1,branch;full;flag;coherent;coset,exact,1,1,1,1,1,0,0,18
3,1/4,32,1/2,1/2,1/2,1/2,1/2,1/2,branch;full;flag;coherent;coset,exact,1,1,1/2,1,1,0,0,17
3,1/4,33,1,1,1,1,1,1,branch;full;flag;coherent;coset,exact,1,1,1,1,1,0,0,18
3,1/4,34,1,1,1,1,1,1,branch;full;flag;coherent;coset,exact,1,1,1,1,1,0,0,14
3,1/4,35,1,1,1,1,1,1,branch;full;flag;coherent;coset,exact,1,1,1,1,1,0,0,14
3,1/4,36,1/2,1/2,3/8,3/8,3/8,3/8,flag;coherent;coset,exact,1,1,3/8,1,1,1,0,21
3,1/4,37,1,1,3/4,3/4,3/4,3/4,flag;coherent;coset,exact,1,1,3/4,1,1,1,0,43
3,1/4,38,1,1,7/8,7/8,7/8,7/8,flag;coherent;coset,exact,1,1,7/8,1,1,1,0,17
3,1/4,39,1,1,1,1,1,1,branch;full;flag;coherent;coset,exact,1,1,1,1,1,0,0,18
3,1/4,40,1/2,1/2,1/2,1/2,1/2,1/2,branch;full;flag;coherent;coset,exact,1,1,1/2,1,1,0,0,17
3,1/4,41,1,1,1,1,1,1,branch;full;flag;coherent;coset,exact,1,1,1,1,1,0,0,18
3,1/4,42,1,1,1,1,1,1,branch;full;flag;coherent;coset,exact,1,1,1,1,1,0,0,14
3,1/4,43,1,1,1,1,1,1,branch;full;flag;coherent;coset,exact,1,1,1,1,1,0,0,14
3,1/4,44,1/2,1/2,3/8,3/8,3/8,3/8,flag;coherent;coset,exact,1,1,3/8,1,1,1,0,21
3,1/4,45,1,1,3/4,3/4,3/4,3/4,flag;coherent;coset,exact,1,1,3/4,1,1,1,0,43
3,1/4,46,1,1,7/8,7/8,7/8,7/8,flag;coherent;coset,exact,1,1,7/8,1,1,1,0,17
3,1/4,47,1,1,1,1,1,1,branch;full;flag;coherent;coset,exact,1,1,1,1,1,0,0,18
3,1/4,48,1,1,3/4,3/4,3/4,3/4,flag;coherent;coset,exact,1,1,3/4,1,1,1,0,15
3,1/4,49,1,1,1,1,1,1,branch;full;flag;coherent;coset,exact,1,1,1,1,1,0,0,16
3,1/4,50,1,1,1,1,1,1,branch;full;flag;coherent;coset,exact,1,1,1,1,1,0,0,12
3,1/4,51,1,1,1,1,1,1,branch;full;flag;coherent;coset,exact,1,1,1,1,1,0,0,12
3,1/4,52,1/2,1/2,3/8,3/8,3/8,3/8,flag;coherent;coset,exact,1,1,3/8,1,1,1,0,21
3,1/4,53,1,1,3/4,3/4,3/4,3/4,flag;coherent;coset,exact,1,1,3/4,1,1,1,0,43
3,1/4,54,1,1,7/8,7/8,7/8,7/8,flag;coherent;coset,exact,1,1,7/8,1,1,1,0,17
3,1/4,55,1,1,1,1,1,1,branch;full;flag;coherent;coset,exact,1,1,1,1,1,0,0,18
3,1/4,56,1/2,1/2,3/8,3/8,3/8,3/8,flag;coherent;coset,exact,1,1,3/8,1,1,1,0,21
3,1/4,57,1,1,3/4,3/4,3/4,3/4,flag;coherent;coset,exact,1,1,3/4,1,1,1,0,43
3,1/4,58,1,1,7/8,7/8,7/8,7/8,flag;coherent;coset,exact,1,1,7/8,1,1,1,0,17
3,1/4,59,1,1,1,1,1,1,branch;full;flag;coherent;coset,exact,1,1,1,1,1,0,0,18
3,1/4,60,1,1,3/4,3/4,3/4,3/4,flag;coherent;coset,exact,1,1,3/4,1,1,1,0,15
3,1/4,61,1,1,1,1,1,1,branch;full;flag;coherent;coset,exact,1,1,1,1,1,0,0,16
3,1/4,62,1,1,1,1,1,1,branch;full;flag;coherent;coset,exact,1,1,1,1,1,0,0,12
3,1/4,63,1,1,1,1,1,1,branch;full;flag;coherent;coset,exact,1,1,1,1,1,0,0,12
3,1/2,0,1,1,1,1,1,1,branch;full;flag;coherent;coset,exact,1,1,1,1,1,0,0,4
3,1/2,1,1,1,1,1,1,1,branch;full;flag;coherent;coset,exact,1,1,1,1,1,0,0,4
3,1/2,2,1,1,1,1,1,1,branch;full;flag;coherent;coset,exact,1,1,1,1,1,0,0,4
3,1/2,3,1,1,1,1,1,1,branch;full;flag;coherent;coset,exact,1,1,1,1,1,0,0,4
3,1/2,4,1/2,1/2,1/2,1/2,1/2,1/2,branch;full;flag;coherent;coset,exact,1,1,1/2,1,1,0,0,5
3,1/2,5,1,1,1,1,1,1,branch;full;flag;coherent;coset,exact,1,1,1,1,1,0,0,6
3,1/2,6,1,1,1,1,1,1,branch;full;flag;coherent;coset,exact,1,1,1,1,1,0,0,5
3,1/2,7,1,1,1,1,1,1,branch;full;flag;coherent;coset,exact,1,1,1,1,1,0,0,5
3,1/2,8,1/2,1/2,1/2,1/2,1/2,1/2,branch;full;flag;coherent;coset,exact,1,1,1/2,1,1,0,0,5
3,1/2,9,1,1,1,1,1,1,branch;full;flag;coherent;coset,exact,1,1,1,1,1,0,0,6
3,1/2,10,1,1,1,1,1,1,branch;full;flag;coherent;coset,exact,1,1,1,1,1,0,0,5
3,1/2,11,1,1,1,1,1,1,branch;full;flag;coherent;coset,exact,1,1,1,1,1,0,0,5
3,1/2,12,1,1,1/2,1/2,1/2,1/2,flag;coherent;coset,exact,1,1,1/2,1,1,1,0,5
3,1/2,13,1,1,1,1,1,1,branch;full;flag;coherent;coset,exact,1,1,1,1,1,0,0,6
3,1/2,14,1,1,1,1,1,1,branch;full;flag;coherent;coset,exact,1,1,1,1,1,0,0,5
3,1/2,15,1,1,1,1,1,1,branch;full;flag;coherent;coset,exact,1,1,1,1,1,0,0,5
3,1/2,16,1/2,1/2,1/2,1/2,1/2,1/2,branch;full;flag;coherent;coset,exact,1,1,1/2,1,1,0,0,5
3,1/2,17,1,1,1,1,1,1,branch;full;flag;coherent;coset,exact,1,1,1,1,1,0,0,6
3,1/2,18,1,1,1,1,1,1,branch;full;flag;coherent;coset,exact,1,1,1,1,1,0,0,5
3,1/2,19,1,1,1,1,1,1,branch;full;flag;coherent;coset,exact,1,1,1,1,1,0,0,5
3,1/2,20,1/2,1/2,1/2,1/2,1/2,1/2,branch;full;flag;coherent;coset,exact,1,1,1/2,1,1,0,0,5
3,1/2,21,1,1,1,1,1,1,branch;full;flag;coherent;coset,exact,1,1,1,1,1,0,0,6
3,1/2,22,1,1,1,1,1,1,branch;full;flag;coherent;coset,exact,1,1,1,1,1,0,0,5
3,1/2,23,1,1,1,1,1,1,branch;full;flag;coherent;coset,exact,1,1,1,1,1,0,0,5
3,1/2,24,1/2,1/2,1/4,1/4,1/4,1/4,flag;coherent;coset,exact,1,1,1/4,1,1,1,0,6
3,1/2,25,1,1,1/2,1/2,1/2,1/2,flag;coherent;coset,exact,1,1,1/2,1,1,1,0,12
3,1/2,26,1,1,3/4,3/4,3/4,3/4,flag;coherent;coset,exact,1,1,3/4,1,1,1,0,6
3,1/2,27,1,1,1,1,1,1,branch;full;flag;coherent;coset,exact,1,1,1,1,1,0,0,7
3,1/2,28,1/2,1/2,1/4,1/4,1/4,1/4,flag;coherent;coset,exact,1,1,1/4,1,1,1,0,6
3,1/2,29,1,1,1/2,1/2,1/2,1/2,flag;coherent;coset,exact,1,1,1/2,1,1,1,0,12
3,1/2,30,1,1,3/4,3/4,3/4,3/4,flag;coherent;coset,exact,1,1,3/4,1,1,1,0,6
3,1/2,31,1,1,1,1,1,1,branch;full;flag;coherent;coset,exact,1,1,1,1,1,0,0,7
3,1/2,32,1/2,1/2,1/2,1/2,1/2,1/2,branch;full;flag;coherent;coset,exact,1,1,1/2,1,1,0,0,5
3,1/2,33,1,1,1,1,1,1,branch;full;flag;coherent;coset,exact,1,1,1,1,1,0,0,6
3,1/2,34,1,1,1,1,1,1,branch;full;flag;coherent;coset,exact,1,1,1,1,1,0,0,5
3,1/2,35,1,1,1,1,1,1,branch;full;flag;coherent;coset,exact,1,1,1,1,1,0,0,5
3,1/2,36,1/2,1/2,1/4,1/4,1/4,1/4,flag;coherent;coset,exact,1,1,1/4,1,1,1,0,6
3,1/2,37,1,1,1/2,1/2,1/2,1/2,flag;coherent;coset,exact,1,1,1/2,1,1,1,0,12
3,1/2,38,1,1,3/4,3/4,3/4,3/4,flag;coherent;coset,exact,1,1,3/4,1,1,1,0,6
3,1/2,39,1,1,1,1,1,1,branch;full;flag;coherent;coset,exact,1,1,1,1,1,0,0,7
3,1/2,40,1/2,1/2,1/2,1/2,1/2,1/2,branch;full;flag;coherent;coset,exact,1,1,1/2,1,1,0,0,5
3,1/2,41,1,1,1,1,1,1,branch;full;flag;coherent;coset,exact,1,1,1,1,1,0,0,6
3,1/2,42,1,1,1,1,1,1,branch;full;flag;coherent;coset,exact,1,1,1,1,1,0,0,5
3,1/2,43,1,1,1,1,1,1,branch;full;flag;coherent;coset,exact,1,1,1,1,1,0,0,5
3,1/2,44,1/2,1/2,1/4,1/4,1/4,1/4,flag;coherent;coset,exact,1,1,1/4,1,1,1,0,6
3,1/2,45,1,1,1/2,1/2,1/2,1/2,flag;coherent;coset,exact,1,1,1/2,1,1,1,0,12
3,1/2,46,1,1,3/4,3/4,3/4,3/4,flag;coherent;coset,exact,1,1,3/4,1,1,1,0,6
3,1/2,47,1,1,1,1,1,1,branch;full;flag;coherent;coset,exact,1,1,1,1,1,0,0,7
3,1/2,48,1,1,1/2,1/2,1/2,1/2,flag;coherent;coset,exact,1,1,1/2,1,1,1,0,5
3,1/2,49,1,1,1,1,1,1,branch;full;flag;coherent;coset,exact,1,1,1,1,1,0,0,6
3,1/2,50,1,1,1,1,1,1,branch;full;flag;coherent;coset,exact,1,1,1,1,1,0,0,5
3,1/2,51,1,1,1,1,1,1,branch;full;flag;coherent;coset,exact,1,1,1,1,1,0,0,5
3,1/2,52,1/2,1/2,1/4,1/4,1/4,1/4,flag;coherent;coset,exact,1,1,1/4,1,1,1,0,6
3,1/2,53,1,1,1/2,1/2,1/2,1/2,flag;coherent;coset,exact,1,1,1/2,1,1,1,0,12
3,1/2,54,1,1,3/4,3/4,3/4,3/4,flag;coherent;coset,exact,1,1,3/4,1,1,1,0,6
3,1/2,55,1,1,1,1,1,1,branch;full;flag;coherent;coset,exact,1,1,1,1,1,0,0,7
3,1/2,56,1/2,1/2,1/4,1/4,1/4,1/4,flag;coherent;coset,exact,1,1,1/4,1,1,1,0,6
3,1/2,57,1,1,1/2,1/2,1/2,1/2,flag;coherent;coset,exact,1,1,1/2,1,1,1,0,12
3,1/2,58,1,1,3/4,3/4,3/4,3/4,flag;coherent;coset,exact,1,1,3/4,1,1,1,0,6
3,1/2,59,1,1,1,1,1,1,branch;full;flag;coherent;coset,exact,1,1,1,1,1,0,0,7
3,1/2,60,1,1,1/2,1/2,1/2,1/2,flag;coherent;coset,exact,1,1,1/2,1,1,1,0,5
3,1/2,61,1,1,1,1,1,1,branch;full;flag;coherent;coset,exact,1,1,1,1,1,0,0,6
3,1/2,62,1,1,1,1,1,1,branch;full;flag;coherent;coset,exact,1,1,1,1,1,0,0,5
3,1/2,63,1,1,1,1,1,1,branch;full;flag;coherent;coset,exact,1,1,1,1,1,0,0,5
3,3/4,0,1,1,1,1,1,1,branch;full;flag;coherent;coset,exact,1,1,1,1,1,0,0,10
3,3/4,1,1,1,1,1,1,1,branch;full;flag;coherent;coset,exact,1,1,1,1,1,0,0,10
3,3/4,2,1,1,1,1,1,1,branch;full;flag;coherent;coset,exact,1,1,1,1,1,0,0,10
3,3/4,3,1,1,1,1,1,1,branch;full;flag;coherent;coset,exact,1,1,1,1,1,0,0,10
3,3/4,4,1/2,1/2,1/2,1/2,1/2,1/2,branch;full;flag;coherent;coset,exact,1,1,1/2,1,1,0,0,17
3,3/4,5,1,1,1,1,1,1,branch;full;flag;coherent;coset,exact,1,1,1,1,1,0,0,18
3,3/4,6,1,1,1,1,1,1,branch;full;flag;coherent;coset,exact,1,1,1,1,1,0,0,14
3,3/4,7,1,1,1,1,1,1,branch;full;flag;coherent;coset,exact,1,1,1,1,1,0,0,14
3,3/4,8,1/2,1/2,1/2,1/2,1/2,1/2,branch;full;flag;coherent;coset,exact,1,1,1/2,1,1,0,0,17
3,3/4,9,1,1,1,1,1,1,branch;full;flag;coherent;coset,exact,1,1,1,1,1,0,0,18
3,3/4,10,1,1,1,1,1,1,branch;full;flag;coherent;coset,exact,1,1,1,1,1,0,0,14
3,3/4,11,1,1,1,1,1,1,branch;full;flag;coherent;coset,exact,1,1,1,1,1,0,0,14
3,3/4,12,1,1,3/4,3/4,3/4,3/4,flag;coherent;coset,exact,1,1,3/4,1,1,1,0,15
3,3/4,13,1,1,1,1,1,1,branch;full;flag;coherent;coset,exact,1,1,1,1,1,0,0,16
3,3/4,14,1,1,1,1,1,1,branch;full;flag;coherent;coset,exact,1,1,1,1,1,0,0,12
3,3/4,15,1,1,1,1,1,1,branch;full;flag;coherent;coset,exact,1,1,1,1,1,0,0,12
3,3/4,16,1/2,1/2,1/2,1/2,1/2,1/2,branch;full;flag;coherent;coset,exact,1,1,1/2,1,1,0,0,17
3,3/4,17,1,1,1,1,1,1,branch;full;flag;coherent;coset,exact,1,1,1,1,1,0,0,18
3,3/4,18,1,1,1,1,1,1,branch;full;flag;coherent;coset,exact,1,1,1,1,1,0,0,14
3,3/4,19,1,1,1,1,1,1,branch;full;flag;coherent;coset,exact,1,1,1,1,1,0,0,14
3,3/4,20,1/2,1/2,1/2,1/2,1/2,1/2,branch;full;flag;coherent;coset,exact,1,1,1/2,1,1,0,0,17
3,3/4,21,1,1,1,1,1,1,branch;full;flag;coherent;coset,exact,1,1,1,1,1,0,0,18
3,3/4,22,1,1,1,1,1,1,branch;full;flag;coherent;coset,exact,1,1,1,1,1,0,0,14
3,3/4,23,1,1,1,1,1,1,branch;full;flag;coherent;coset,exact,1,1,1,1,1,0,0,14
3,3/4,24,1/2,1/2,3/8,3/8,3/8,3/8,flag;coherent;coset,exact,1,1,3/8,1,1,1,0,21
3,3/4,25,1,1,3/4,3/4,3/4,3/4,flag;coherent;coset,exact,1,1,3/4,1,1,1,0,43
3,3/4,26,1,1,7/8,7/8,7/8,7/8,flag;coherent;coset,exact,1,1,7/8,1,1,1,0,17
3,3/4,27,1,1,1,1,1,1,branch;full;flag;coherent;coset,exact,1,1,1,1,1,0,0,18
3,3/4,28,1/2,1/2,3/8,3/8,3/8,3/8,flag;coherent;coset,exact,1,1,3/8,1,1,1,0,21
3,3/4,29,1,1,3/4,3/4,3/4,3/4,flag;coherent;coset,exact,1,1,3/4,1,1,1,0,43
3,3/4,30,1,1,7/8,7/8,7/8,7/8,flag;coherent;coset,exact,1,1,7/8,1,1,1,0,17
3,3/4,31,1,1,1,1,1,1,branch;full;flag;coherent;coset,exact,1,1,1,1,1,0,0,18
3,3/4,32,1/2,1/2,1/2,1/2,1/2,1/2,branch;full;flag;coherent;coset,exact,1,1,1/2,1,1,0,0,17
3,3/4,33,1,1,1,1,1,1,branch;full;flag;coherent;coset,exact,1,1,1,1,1,0,0,18
3,3/4,34,1,1,1,1,1,1,branch;full;flag;coherent;coset,exact,1,1,1,1,1,0,0,14
3,3/4,35,1,1,1,1,1,1,branch;full;flag;coherent;coset,exact,1,1,1,1,1,0,0,14
3,3/4,36,1/2,1/2,3/8,3/8,3/8,3/8,flag;coherent;coset,exact,1,1,3/8,1,1,1,0,21
3,3/4,37,1,1,3/4,3/4,3/4,3/4,flag;coherent;coset,exact,1,1,3/4,1,1,1,0,43
3,3/4,38,1,1,7/8,7/8,7/8,7/8,flag;coherent;coset,exact,1,1,7/8,1,1,1,0,17
3,3/4,39,1,1,1,1,1,1,branch;full;flag;coherent;coset,exact,1,1,1,1,1,0,0,18
3,3/4,40,1/2,1/2,1/2,1/2,1/2,1/2,branch;full;flag;coherent;coset,exact,1,1,1/2,1,1,0,0,17
3,3/4,41,1,1,1,1,1,1,branch;full;flag;coherent;coset,exact,1,1,1,1,1,0,0,18
3,3/4,42,1,1,1,1,1,1,branch;full;flag;coherent;coset,exact,1,1,1,1,1,0,0,14
3,3/4,43,1,1,1,1,1,1,branch;full;flag;coherent;coset,exact,1,1,1,1,1,0,0,14
3,3/4,44,1/2,1/2,3/8,3/8,3/8,3/8,flag;coherent;coset,exact,1,1,3/8,1,1,1,0,21
3,3/4,45,1,1,3/4,3/4,3/4,3/4,flag;coherent;coset,exact,1,1,3/4,1,1,1,0,43
3,3/4,46,1,1,7/8,7/8,7/8,7/8,flag;coherent;coset,exact,1,1,7/8,1,1,1,0,17
3,3/4,47,1,1,1,1,1,1,branch;full;flag;coherent;coset,exact,1,1,1,1,1,0,0,18
3,3/4,48,1,1,3/4,3/4,3/4,3/4,flag;coherent;coset,exact,1,1,3/4,1,1,1,0,15
3,3/4,49,1,1,1,1,1,1,branch;full;flag;coherent;coset,exact,1,1,1,1,1,0,0,16
3,3/4,50,1,1,1,1,1,1,branch;full;flag;coherent;coset,exact,1,1,1,1,1,0,0,12
3,3/4,51,1,1,1,1,1,1,branch;full;flag;coherent;coset,exact,1,1,1,1,1,0,0,12
3,3/4,52,1/2,1/2,3/8,3/8,3/8,3/8,flag;coherent;coset,exact,1,1,3/8,1,1,1,0,21
3,3/4,53,1,1,3/4,3/4,3/4,3/4,flag;coherent;coset,exact,1,1,3/4,1,1,1,0,43
3,3/4,54,1,1,7/8,7/8,7/8,7/8,flag;coherent;coset,exact,1,1,7/8,1,1,1,0,17
3,3/4,55,1,1,1,1,1,1,branch;full;flag;coherent;coset,exact,1,1,1,1,1,0,0,18
3,3/4,56,1/2,1/2,3/8,3/8,3/8,3/8,flag;coherent;coset,exact,1,1,3/8,1,1,1,0,21
3,3/4,57,1,1,3/4,3/4,3/4,3/4,flag;coherent;coset,exact,1,1,3/4,1,1,1,0,43
3,3/4,58,1,1,7/8,7/8,7/8,7/8,flag;coherent;coset,exact,1,1,7/8,1,1,1,0,17
3,3/4,59,1,1,1,1,1,1,branch;full;flag;coherent;coset,exact,1,1,1,1,1,0,0,18
3,3/4,60,1,1,3/4,3/4,3/4,3/4,flag;coherent;coset,exact,1,1,3/4,1,1,1,0,15
3,3/4,61,1,1,1,1,1,1,branch;full;flag;coherent;coset,exact,1,1,1,1,1,0,0,16
3,3/4,62,1,1,1,1,1,1,branch;full;flag;coherent;coset,exact,1,1,1,1,1,0,0,12
3,3/4,63,1,1,1,1,1,1,branch;full;flag;coherent;coset,exact,1,1,1,1,1,0,0,12
3,1,0,1,1,1,1,1,1,branch;full;flag;coherent;coset,exact,1,1,1,1,1,0,0,7
3,1,1,1,1,1,1,1,1,branch;full;flag;coherent;coset,exact,1,1,1,1,1,0,0,7
3,1,2,1,1,1,1,1,1,branch;full;flag;coherent;coset,exact,1,1,1,1,1,0,0,7
3,1,3,1,1,1,1,1,1,branch;full;flag;coherent;coset,exact,1,1,1,1,1,0,0,7
3,1,4,1/2,1/2,1/2,1/2,1/2,1/2,branch;full;flag;coherent;coset,exact,1,1,1/2,1,1,0,0,11
3,1,5,1,1,1,1,1,1,branch;full;flag;coherent;coset,exact,1,1,1,1,1,0,0,11
3,1,6,1,1,1,1,1,1,branch;full;flag;coherent;coset,exact,1,1,1,1,1,0,0,9
3,1,7,1,1,1,1,1,1,branch;full;flag;coherent;coset,exact,1,1,1,1,1,0,0,9
3,1,8,1/2,1/2,1/2,1/2,1/2,1/2,branch;full;flag;coherent;coset,exact,1,1,1/2,1,1,0,0,11
3,1,9,1,1,1,1,1,1,branch;full;flag;coherent;coset,exact,1,1,1,1,1,0,0,11
3,1,10,1,1,1,1,1,1,branch;full;flag;coherent;coset,exact,1,1,1,1,1,0,0,9
3,1,11,1,1,1,1,1,1,branch;full;flag;coherent;coset,exact,1,1,1,1,1,0,0,9
3,1,12,1,1,1,1,1,1,branch;full;flag;coherent;coset,exact,1,1,1,1,1,0,0,7
3,1,13,1,1,1,1,1,1,branch;full;flag;coherent;coset,exact,1,1,1,1,1,0,0,7
3,1,14,1,1,1,1,1,1,branch;full;flag;coherent;coset,exact,1,1,1,1,1,0,0,7
3,1,15,1,1,1,1,1,1,branch;full;flag;coherent;coset,exact,1,1,1,1,1,0,0,7
3,1,16,1/2,1/2,1/2,1/2,1/2,1/2,branch;full;flag;coherent;coset,exact,1,1,1/2,1,1,0,0,11
3,1,17,1,1,1,1,1,1,branch;full;flag;coherent;coset,exact,1,1,1,1,1,0,0,11
3,1,18,1,1,1,1,1,1,branch;full;flag;coherent;coset,exact,1,1,1,1,1,0,0,9
3,1,19,1,1,1,1,1,1,branch;full;flag;coherent;coset,exact,1,1,1,1,1,0,0,9
3,1,20,1/2,1/2,1/2,1/2,1/2,1/2,branch;full;flag;coherent;coset,exact,1,1,1/2,1,1,0,0,11
3,1,21,1,1,1,1,1,1,branch;full;flag;coherent;coset,exact,1,1,1,1,1,0,0,11
3,1,22,1,1,1,1,1,1,branch;full;flag;coherent;coset,exact,1,1,1,1,1,0,0,9
3,1,23,1,1,1,1,1,1,branch;full;flag;coherent;coset,exact,1,1,1,1,1,0,0,9
3,1,24,1/2,1/2,1/2,1/2,1/2,1/2,branch;full;flag;coherent;coset,exact,1,1,1/2,1,1,0,0,11
3,1,25,1,1,1,1,1,1,branch;full;flag;coherent;coset,exact,1,1,1,1,1,0,0,11
3,1,26,1,1,1,1,1,1,branch;full;flag;coherent;coset,exact,1,1,1,1,1,0,0,9
3,1,27,1,1,1,1,1,1,branch;full;flag;coherent;coset,exact,1,1,1,1,1,0,0,9
3,1,28,1/2,1/2,1/2,1/2,1/2,1/2,branch;full;flag;coherent;coset,exact,1,1,1/2,1,1,0,0,11
3,1,29,1,1,1,1,1,1,branch;full;flag;coherent;coset,exact,1,1,1,1,1,0,0,11
3,1,30,1,1,1,1,1,1,branch;full;flag;coherent;coset,exact,1,1,1,1,1,0,0,9
3,1,31,1,1,1,1,1,1,branch;full;flag;coherent;coset,exact,1,1,1,1,1,0,0,9
3,1,32,1/2,1/2,1/2,1/2,1/2,1/2,branch;full;flag;coherent;coset,exact,1,1,1/2,1,1,0,0,11
3,1,33,1,1,1,1,1,1,branch;full;flag;coherent;coset,exact,1,1,1,1,1,0,0,11
3,1,34,1,1,1,1,1,1,branch;full;flag;coherent;coset,exact,1,1,1,1,1,0,0,9
3,1,35,1,1,1,1,1,1,branch;full;flag;coherent;coset,exact,1,1,1,1,1,0,0,9
3,1,36,1/2,1/2,1/2,1/2,1/2,1/2,branch;full;flag;coherent;coset,exact,1,1,1/2,1,1,0,0,11
3,1,37,1,1,1,1,1,1,branch;full;flag;coherent;coset,exact,1,1,1,1,1,0,0,11
3,1,38,1,1,1,1,1,1,branch;full;flag;coherent;coset,exact,1,1,1,1,1,0,0,9
3,1,39,1,1,1,1,1,1,branch;full;flag;coherent;coset,exact,1,1,1,1,1,0,0,9
3,1,40,1/2,1/2,1/2,1/2,1/2,1/2,branch;full;flag;coherent;coset,exact,1,1,1/2,1,1,0,0,11
3,1,41,1,1,1,1,1,1,branch;full;flag;coherent;coset,exact,1,1,1,1,1,0,0,11
3,1,42,1,1,1,1,1,1,branch;full;flag;coherent;coset,exact,1,1,1,1,1,0,0,9
3,1,43,1,1,1,1,1,1,branch;full;flag;coherent;coset,exact,1,1,1,1,1,0,0,9
3,1,44,1/2,1/2,1/2,1/2,1/2,1/2,branch;full;flag;coherent;coset,exact,1,1,1/2,1,1,0,0,11
3,1,45,1,1,1,1,1,1,branch;full;flag;coherent;coset,exact,1,1,1,1,1,0,0,11
3,1,46,1,1,1,1,1,1,branch;full;flag;coherent;coset,exact,1,1,1,1,1,0,0,9
3,1,47,1,1,1,1,1,1,branch;full;flag;coherent;coset,exact,1,1,1,1,1,0,0,9
3,1,48,1,1,1,1,1,1,branch;full;flag;coherent;coset,exact,1,1,1,1,1,0,0,7
3,1,49,1,1,1,1,1,1,branch;full;flag;coherent;coset,exact,1,1,1,1,1,0,0,7
3,1,50,1,1,1,1,1,1,branch;full;flag;coherent;coset,exact,1,1,1,1,1,0,0,7
3,1,51,1,1,1,1,1,1,branch;full;flag;coherent;coset,exact,1,1,1,1,1,0,0,7
3,1,52,1/2,1/2,1/2,1/2,1/2,1/2,branch;full;flag;coherent;coset,exact,1,1,1/2,1,1,0,0,11
3,1,53,1,1,1,1,1,1,branch;full;flag;coherent;coset,exact,1,1,1,1,1,0,0,11
3,1,54,1,1,1,1,1,1,branch;full;flag;coherent;coset,exact,1,1,1,1,1,0,0,9
3,1,55,1,1,1,1,1,1,branch;full;flag;coherent;coset,exact,1,1,1,1,1,0,0,9
3,1,56,1/2,1/2,1/2,1/2,1/2,1/2,branch;full;flag;coherent;coset,exact,1,1,1/2,1,1,0,0,11
3,1,57,1,1,1,1,1,1,branch;full;flag;coherent;coset,exact,1,1,1,1,1,0,0,11
3,1,58,1,1,1,1,1,1,branch;full;flag;coherent;coset,exact,1,1,1,1,1,0,0,9
3,1,59,1,1,1,1,1,1,branch;full;flag;coherent;coset,exact,1,1,1,1,1,0,0,9
3,1,60,1,1,1,1,1,1,branch;full;flag;coherent;coset,exact,1,1,1,1,1,0,0,7
3,1,61,1,1,1,1,1,1,branch;full;flag;coherent;coset,exact,1,1,1,1,1,0,0,7
3,1,62,1,1,1,1,1,1,branch;full;flag;coherent;coset,exact,1,1,1,1,1,0,0,7
3,1,63,1,1,1,1,1,1,branch;full;flag;coherent;coset,exact,1,1,1,1,1,0,0,7
4,0,0,1,1,1,1,1,1,branch;full;flag;coherent;coset,exact,1,1,1,1,1,0,0,7
4,0,1,1,1,1,1,1,1,branch;full;flag;coherent;coset,exact,1,1,1,1,1,0,0,7
4,0,2,1,1,1,1,1,1,branch;full;flag;coherent;coset,exact,1,1,1,1,1,0,0,7
4,0,3,1,1,1,1,1,1,branch;full;flag;coherent;coset,exact,1,1,1,1,1,0,0,7
4,0,4,1,1,1,1,1,1,branch;full;flag;coherent;coset,exact,1,1,1,1,1,0,0,7
4,0,5,1,1,1,1,1,1,branch;full;flag;coherent;coset,exact,1,1,1,1,1,0,0,7
4,0,6,1,1,1,1,1,1,branch;full;flag;coherent;coset,exact,1,1,1,1,1,0,0,7
4,0,7,1,1,1,1,1,1,branch;full;flag;coherent;coset,exact,1,1,1,1,1,0,0,7
4,0,8,1/2,1/2,1/2,1/2,1/2,1/2,branch;full;flag;coherent;coset,exact,1,1,1/2,1,1,0,0,11
4,0,9,1,1,1,1,1,1,branch;full;flag;coherent;coset,exact,1,1,1,1,1,0,0,11
4,0,10,1,1,1,1,1,1,branch;full;flag;coherent;coset,exact,1,1,1,1,1,0,0,9
4,0,11,1,1,1,1,1,1,branch;full;flag;coherent;coset,exact,1,1,1,1,1,0,0,9
4,0,12,1/2,1/2,1/2,1/2,1/2,1/2,branch;full;flag;coherent;coset,exact,1,1,1/2,1,1,0,0,11
4,0,13,1,1,1,1,1,1,branch;full;flag;coherent;coset,exact,1,1,1,1,1,0,0,11
4,0,14,1,1,1,1,1,1,branch;full;flag;coherent;coset,exact,1,1,1,1,1,0,0,9
4,0,15,1,1,1,1,1,1,branch;full;flag;coherent;coset,exact,1,1,1,1,1,0,0,9
4,0,16,1,1,1,1,1,1,branch;full;flag;coherent;coset,exact,1,1,1,1,1,0,0,7
4,0,17,1,1,1,1,1,1,branch;full;flag;coherent;coset,exact,1,1,1,1,1,0,0,7
4,0,18,1,1,1,1,1,1,branch;full;flag;coherent;coset,exact,1,1,1,1,1,0,0,7
4,0,19,1,1,1,1,1,1,branch;full;flag;coherent;coset,exact,1,1,1,1,1,0,0,7
4,0,20,1,1,1,1,1,1,branch;full;flag;coherent;coset,exact,1,1,1,1,1,0,0,7
4,0,21,1,1,1,1,1,1,branch;full;flag;coherent;coset,exact,1,1,1,1,1,0,0,7
4,0,22,1,1,1,1,1,1,branch;full;flag;coherent;coset,exact,1,1,1,1,1,0,0,7
4,0,23,1,1,1,1,1,1,branch;full;flag;coherent;coset,exact,1,1,1,1,1,0,0,7
4,0,24,1/2,1/2,1/2,1/2,1/2,1/2,branch;full;flag;coherent;coset,exact,1,1,1/2,1,1,0,0,11
4,0,25,1,1,1,1,1,1,branch;full;flag;coherent;coset,exact,1,1,1,1,1,0,0,11
4,0,26,1,1,1,1,1,1,branch;full;flag;coherent;coset,exact,1,1,1,1,1,0,0,9
4,0,27,1,1,1,1,1,1,branch;full;flag;coherent;coset,exact,1,1,1,1,1,0,0,9
4,0,28,1/2,1/2,1/2,1/2,1/2,1/2,branch;full;flag;coherent;coset,exact,1,1,1/2,1,1,0,0,11
4,0,29,1,1,1,1,1,1,branch;full;flag;coherent;coset,exact,1,1,1,1,1,0,0,11
4,0,30,1,1,1,1,1,1,branch;full;flag;coherent;coset,exact,1,1,1,1,1,0,0,9
4,0,31,1,1,1,1,1,1,branch;full;flag;coherent;coset,exact,1,1,1,1,1,0,0,9
4,0,32,1/2,1/2,1/2,1/2,1/2,1/2,branch;full;flag;coherent;coset,exact,1,1,1/2,1,1,0,0,11
4,0,33,1,1,1,1,1,1,branch;full;flag;coherent;coset,exact,1,1,1,1,1,0,0,11
4,0,34,1,1,1,1,1,1,branch;full;flag;coherent;coset,exact,1,1,1,1,1,0,0,9
4,0,35,1,1,1,1,1,1,branch;full;flag;coherent;coset,exact,1,1,1,1,1,0,0,9
4,0,36,1/2,1/2,1/2,1/2,1/2,1/2,branch;full;flag;coherent;coset,exact,1,1,1/2,1,1,0,0,11
4,0,37,1,1,1,1,1,1,branch;full;flag;coherent;coset,exact,1,1,1,1,1,0,0,11
4,0,38,1,1,1,1,1,1,branch;full;flag;coherent;coset,exact,1,1,1,1,1,0,0,9
4,0,39,1,1,1,1,1,1,branch;full;flag;coherent;coset,exact,1,1,1,1,1,0,0,9
4,0,40,1/2,1/2,1/2,1/2,1/2,1/2,branch;full;flag;coherent;coset,exact,1,1,1/2,1,1,0,0,11
4,0,41,1,1,1,1,1,1,branch;full;flag;coherent;coset,exact,1,1,1,1,1,0,0,11
4,0,42,1,1,1,1,1,1,branch;full;flag;coherent;coset,exact,1,1,1,1,1,0,0,9
4,0,43,1,1,1,1,1,1,branch;full;flag;coherent;coset,exact,1,1,1,1,1,0,0,9
4,0,44,1/2,1/2,1/2,1/2,1/2,1/2,branch;full;flag;coherent;coset,exact,1,1,1/2,1,1,0,0,11
4,0,45,1,1,1,1,1,1,branch;full;flag;coherent;coset,exact,1,1,1,1,1,0,0,11
4,0,46,1,1,1,1,1,1,branch;full;flag;coherent;coset,exact,1,1,1,1,1,0,0,9
4,0,47,1,1,1,1,1,1,branch;full;flag;coherent;coset,exact,1,1,1,1,1,0,0,9
4,0,48,1/2,1/2,1/2,1/2,1/2,1/2,branch;full;flag;coherent;coset,exact,1,1,1/2,1,1,0,0,11
4,0,49,1,1,1,1,1,1,branch;full;flag;coherent;coset,exact,1,1,1,1,1,0,0,11
4,0,50,1,1,1,1,1,1,branch;full;flag;coherent;coset,exact,1,1,1,1,1,0,0,9
4,0,51,1,1,1,1,1,1,branch;full;flag;coherent;coset,exact,1,1,1,1,1,0,0,9
4,0,52,1/2,1/2,1/2,1/2,1/2,1/2,branch;full;flag;coherent;coset,exact,1,1,1/2,1,1,0,0,11
4,0,53,1,1,1,1,1,1,branch;full;flag;coherent;coset,exact,1,1,1,1,1,0,0,11
4,0,54,1,1,1,1,1,1,branch;full;flag;coherent;coset,exact,1,1,1,1,1,0,0,9
4,0,55,1,1,1,1,1,1,branch;full;flag;coherent;coset,exact,1,1,1,1,1,0,0,9
4,0,56,1/2,1/2,1/2,1/2,1/2,1/2,branch;full;flag;coherent;coset,exact,1,1,1/2,1,1,0,0,11
4,0,57,1,1,1,1,1,1,branch;full;flag;coherent;coset,exact,1,1,1,1,1,0,0,11
4,0,58,1,1,1,1,1,1,branch;full;flag;coherent;coset,exact,1,1,1,1,1,0,0,9
4,0,59,1,1,1,1,1,1,branch;full;flag;coherent;coset,exact,1,1,1,1,1,0,0,9
4,0,60,1/2,1/2,1/2,1/2,1/2,1/2,branch;full;flag;coherent;coset,exact,1,1,1/2,1,1,0,0,11
4,0,61,1,1,1,1,1,1,branch;full;flag;coherent;coset,exact,1,1,1,1,1,0,0,11
4,0,62,1,1,1,1,1,1,branch;full;flag;coherent;coset,exact,1,1,1,1,1,0,0,9
4,0,63,1,1,1,1,1,1,branch;full;flag;coherent;coset,exact,1,1,1,1,1,0,0,9
4,1/4,0,1,1,1,1,1,1,branch;full;flag;coherent;coset,exact,1,1,1,1,1,0,0,10
4,1/4,1,1,1,1,1,1,1,branch;full;flag;coherent;coset,exact,1,1,1,1,1,0,0,10
4,1/4,2,1,1,1,1,1,1,branch;full;flag;coherent;coset,exact,1,1,1,1,1,0,0,10
4,1/4,3,1,1,1,1,1,1,branch;full;flag;coherent;coset,exact,1,1,1,1,1,0,0,10
4,1/4,4,1,1,3/4,3/4,3/4,3/4,flag;coherent;coset,exact,1,1,3/4,1,1,1,0,15
4,1/4,5,1,1,1,1,1,1,branch;full;flag;coherent;coset,exact,1,1,1,1,1,0,0,16
4,1/4,6,1,1,1,1,1,1,branch;full;flag;coherent;coset,exact,1,1,1,1,1,0,0,12
4,1/4,7,1,1,1,1,1,1,branch;full;flag;coherent;coset,exact,1,1,1,1,1,0,0,12
4,1/4,8,1/2,1/2,1/2,1/2,1/2,1/2,branch;full;flag;coherent;coset,exact,1,1,1/2,1,1,0,0,17
4,1/4,9,1,1,1,1,1,1,branch;full;flag;coherent;coset,exact,1,1,1,1,1,0,0,18
4,1/4,10,1,1,1,1,1,1,branch;full;flag;coherent;coset,exact,1,1,1,1,1,0,0,14
4,1/4,11,1,1,1,1,1,1,branch;full;flag;coherent;coset,exact,1,1,1,1,1,0,0,14
4,1/4,12,1/2,1/2,1/2,1/2,1/2,1/2,branch;full;flag;coherent;coset,exact,1,1,1/2,1,1,0,0,17
4,1/4,13,1,1,1,1,1,1,branch;full;flag;coherent;coset,exact,1,1,1,1,1,0,0,18
4,1/4,14,1,1,1,1,1,1,branch;full;flag;coherent;coset,exact,1,1,1,1,1,0,0,14
4,1/4,15,1,1,1,1,1,1,branch;full;flag;coherent;coset,exact,1,1,1,1,1,0,0,14
4,1/4,16,1,1,3/4,3/4,3/4,3/4,flag;coherent;coset,exact,1,1,3/4,1,1,1,0,15
4,1/4,17,1,1,1,1,1,1,branch;full;flag;coherent;coset,exact,1,1,1,1,1,0,0,16
4,1/4,18,1,1,1,1,1,1,branch;full;flag;coherent;coset,exact,1,1,1,1,1,0,0,12
4,1/4,19,1,1,1,1,1,1,branch;full;flag;coherent;coset,exact,1,1,1,1,1,0,0,12
4,1/4,20,1,1,3/4,3/4,3/4,3/4,flag;coherent;coset,exact,1,1,3/4,1,1,1,0,15
4,1/4,21,1,1,1,1,1,1,branch;full;flag;coherent;coset,exact,1,1,1,1,1,0,0,16
4,1/4,22,1,1,1,1,1,1,branch;full;flag;coherent;coset,exact,1,1,1,1,1,0,0,12
4,1/4,23,1,1,1,1,1,1,branch;full;flag;coherent;coset,exact,1,1,1,1,1,0,0,12
4,1/4,24,1/2,1/2,3/8,3/8,3/8,3/8,flag;coherent;coset,exact,1,1,3/8,1,1,1,0,21
4,1/4,25,1,1,3/4,3/4,3/4,3/4,flag;coherent;coset,exact,1,1,3/4,1,1,1,0,43
4,1/4,26,1,1,7/8,7/8,7/8,7/8,flag;coherent;coset,exact,1,1,7/8,1,1,1,0,17
4,1/4,27,1,1,1,1,1,1,branch;full;flag;coherent;coset,exact,1,1,1,1,1,0,0,18
4,1/4,28,1/2,1/2,3/8,3/8,3/8,3/8,flag;coherent;coset,exact,1,1,3/8,1,1,1,0,21
4,1/4,29,1,1,3/4,3/4,3/4,3/4,flag;coherent;coset,exact,1,1,3/4,1,1,1,0,43
4,1/4,30,1,1,7/8,7/8,7/8,7/8,flag;coherent;coset,exact,1,1,7/8,1,1,1,0,17
4,1/4,31,1,1,1,1,1,1,branch;full;flag;coherent;coset,exact,1,1,1,1,1,0,0,18
4,1/4,32,1/2,1/2,1/2,1/2,1/2,1/2,branch;full;flag;coherent;coset,exact,1,1,1/2,1,1,0,0,17
4,1/4,33,1,1,1,1,1,1,branch;full;flag;coherent;coset,exact,1,1,1,1,1,0,0,18
4,1/4,34,1,1,1,1,1,1,branch;full;flag;coherent;coset,exact,1,1,1,1,1,0,0,14
4,1/4,35,1,1,1,1,1,1,branch;full;flag;coherent;coset,exact,1,1,1,1,1,0,0,14
4,1/4,36,1/2,1/2,3/8,3/8,3/8,3/8,flag;coherent;coset,exact,1,1,3/8,1,1,1,0,21
4,1/4,37,1,1,3/4,3/4,3/4,3/4,flag;coherent;coset,exact,1,1,3/4,1,1,1,0,43
4,1/4,38,1,1,7/8,7/8,7/8,7/8,flag;coherent;coset,exact,1,1,7/8,1,1,1,0,17
4,1/4,39,1,1,1,1,1,1,branch;full;flag;coherent;coset,exact,1,1,1,1,1,0,0,18
4,1/4,40,1/2,1/2,1/2,1/2,1/2,1/2,branch;full;flag;coherent;coset,exact,1,1,1/2,1,1,0,0,17
4,1/4,41,1,1,1,1,1,1,branch;full;flag;coherent;coset,exact,1,1,1,1,1,0,0,18
4,1/4,42,1,1,1,1,1,1,branch;full;flag;coherent;coset,exact,1,1,1,1,1,0,0,14
4,1/4,43,1,1,1,1,1,1,branch;full;flag;coherent;coset,exact,1,1,1,1,1,0,0,14
4,1/4,44,1/2,1/2,3/8,3/8,3/8,3/8,flag;coherent;coset,exact,1,1,3/8,1,1,1,0,21
4,1/4,45,1,1,3/4,3/4,3/4,3/4,flag;coherent;coset,exact,1,1,3/4,1,1,1,0,43
4,1/4,46,1,1,7/8,7/8,7/8,7/8,flag;coherent;coset,exact,1,1,7/8,1,1,1,0,17
4,1/4,47,1,1,1,1,1,1,branch;full;flag;coherent;coset,exact,1,1,1,1,1,0,0,18
4,1/4,48,1/2,1/2,1/2,1/2,1/2,1/2,branch;full;flag;coherent;coset,exact,1,1,1/2,1,1,0,0,17
4,1/4,49,1,1,1,1,1,1,branch;full;flag;coherent;coset,exact,1,1,1,1,1,0,0,18
4,1/4,50,1,1,1,1,1,1,branch;full;flag;coherent;coset,exact,1,1,1,1,1,0,0,14
4,1/4,51,1,1,1,1,1,1,branch;full;flag;coherent;coset,exact,1,1,1,1,1,0,0,14
4,1/4,52,1/2,1/2,3/8,3/8,3/8,3/8,flag;coherent;coset,exact,1,1,3/8,1,1,1,0,21
4,1/4,53,1,1,3/4,3/4,3/4,3/4,flag;coherent;coset,exact,1,1,3/4,1,1,1,0,43
4,1/4,54,1,1,7/8,7/8,7/8,7/8,flag;coherent;coset,exact,1,1,7/8,1,1,1,0,17
4,1/4,55,1,1,1,1,1,1,branch;full;flag;coherent;coset,exact,1,1,1,1,1,0,0,18
4,1/4,56,1/2,1/2,3/8,3/8,3/8,3/8,flag;coherent;coset,exact,1,1,3/8,1,1,1,0,21
4,1/4,57,1,1,3/4,3/4,3/4,3/4,flag;coherent;coset,exact,1,1,3/4,1,1,1,0,43
4,1/4,58,1,1,7/8,7/8,7/8,7/8,flag;coherent;coset,exact,1,1,7/8,1,1,1,0,17
4,1/4,59,1,1,1,1,1,1,branch;full;flag;coherent;coset,exact,1,1,1,1,1,0,0,18
4,1/4,60,1/2,1/2,1/2,1/2,1/2,1/2,branch;full;flag;coherent;coset,exact,1,1,1/2,1,1,0,0,17
4,1/4,61,1,1,1,1,1,1,branch;full;flag;coherent;coset,exact,1,1,1,1,1,0,0,18
4,1/4,62,1,1,1,1,1,1,branch;full;flag;coherent;coset,exact,1,1,1,1,1,0,0,14
4,1/4,63,1,1,1,1,1,1,branch;full;flag;coherent;coset,exact,1,1,1,1,1,0,0,14
4,1/2,0,1,1,1,1,1,1,branch;full;flag;coherent;coset,exact,1,1,1,1,1,0,0,4
4,1/2,1,1,1,1,1,1,1,branch;full;flag;coherent;coset,exact,1,1,1,1,1,0,0,4
4,1/2,2,1,1,1,1,1,1,branch;full;flag;coherent;coset,exact,1,1,1,1,1,0,0,4
4,1/2,3,1,1,1,1,1,1,branch;full;flag;coherent;coset,exact,1,1,1,1,1,0,0,4
4,1/2,4,1,1,1/2,1/2,1/2,1/2,flag;coherent;coset,exact,1,1,1/2,1,1,1,0,5
4,1/2,5,1,1,1,1,1,1,branch;full;flag;coherent;coset,exact,1,1,1,1,1,0,0,6
4,1/2,6,1,1,1,1,1,1,branch;full;flag;coherent;coset,exact,1,1,1,1,1,0,0,5
4,1/2,7,1,1,1,1,1,1,branch;full;flag;coherent;coset,exact,1,1,1,1,1,0,0,5
4,1/2,8,1/2,1/2,1/2,1/2,1/2,1/2,branch;full;flag;coherent;coset,exact,1,1,1/2,1,1,0,0,5
4,1/2,9,1,1,1,1,1,1,branch;full;flag;coherent;coset,exact,1,1,1,1,1,0,0,6
4,1/2,10,1,1,1,1,1,1,branch;full;flag;coherent;coset,exact,1,1,1,1,1,0,0,5
4,1/2,11,1,1,1,1,1,1,branch;full;flag;coherent;coset,exact,1,1,1,1,1,0,0,5
4,1/2,12,1/2,1/2,1/2,1/2,1/2,1/2,branch;full;flag;coherent;coset,exact,1,1,1/2,1,1,0,0,5
4,1/2,13,1,1,1,1,1,1,branch;full;flag;coherent;coset,exact,1,1,1,1,1,0,0,6
4,1/2,14,1,1,1,1,1,1,branch;full;flag;coherent;coset,exact,1,1,1,1,1,0,0,5
4,1/2,15,1,1,1,1,1,1,branch;full;flag;coherent;coset,exact,1,1,1,1,1,0,0,5
4,1/2,16,1,1,1/2,1/2,1/2,1/2,flag;coherent;coset,exact,1,1,1/2,1,1,1,0,5
4,1/2,17,1,1,1,1,1,1,branch;full;flag;coherent;coset,exact,1,1,1,1,1,0,0,6
4,1/2,18,1,1,1,1,1,1,branch;full;flag;coherent;coset,exact,1,1,1,1,1,0,0,5
4,1/2,19,1,1,1,1,1,1,branch;full;flag;coherent;coset,exact,1,1,1,1,1,0,0,5
4,1/2,20,1,1,1/2,1/2,1/2,1/2,flag;coherent;coset,exact,1,1,1/2,1,1,1,0,5
4,1/2,21,1,1,1,1,1,1,branch;full;flag;coherent;coset,exact,1,1,1,1,1,0,0,6
4,1/2,22,1,1,1,1,1,1,branch;full;flag;coherent;coset,exact,1,1,1,1,1,0,0,5
4,1/2,23,1,1,1,1,1,1,branch;full;flag;coherent;coset,exact,1,1,1,1,1,0,0,5
4,1/2,24,1/2,1/2,1/4,1/4,1/4,1/4,flag;coherent;coset,exact,1,1,1/4,1,1,1,0,6
4,1/2,25,1,1,1/2,1/2,1/2,1/2,flag;coherent;coset,exact,1,1,1/2,1,1,1,0,12
4,1/2,26,1,1,3/4,3/4,3/4,3/4,flag;coherent;coset,exact,1,1,3/4,1,1,1,0,6
4,1/2,27,1,1,1,1,1,1,branch;full;flag;coherent;coset,exact,1,1,1,1,1,0,0,7
4,1/2,28,1/2,1/2,1/4,1/4,1/4,1/4,flag;coherent;coset,exact,1,1,1/4,1,1,1,0,6
4,1/2,29,1,1,1/2,1/2,1/2,1/2,flag;coherent;coset,exact,1,1,1/2,1,1,1,0,12
4,1/2,30,1,1,3/4,3/4,3/4,3/4,flag;coherent;coset,exact,1,1,3/4,1,1,1,0,6
4,1/2,31,1,1,1,1,1,1,branch;full;flag;coherent;coset,exact,1,1,1,1,1,0,0,7
4,1/2,32,1/2,1/2,1/2,1/2,1/2,1/2,branch;full;flag;coherent;coset,exact,1,1,1/2,1,1,0,0,5
4,1/2,33,1,1,1,1,1,1,branch;full;flag;coherent;coset,exact,1,1,1,1,1,0,0,6
4,1/2,34,1,1,1,1,1,1,branch;full;flag;coherent;coset,exact,1,1,1,1,1,0,0,5
4,1/2,35,1,1,1,1,1,1,branch;full;flag;coherent;coset,exact,1,1,1,1,1,0,0,5
4,1/2,36,1/2,1/2,1/4,1/4,1/4,1/4,flag;coherent;coset,exact,1,1,1/4,1,1,1,0,6
4,1/2,37,1,1,1/2,1/2,1/2,1/2,flag;coherent;coset,exact,1,1,1/2,1,1,1,0,12
4,1/2,38,1,1,3/4,3/4,3/4,3/4,flag;coherent;coset,exact,1,1,3/4,1,1,1,0,6
4,1/2,39,1,1,1,1,1,1,branch;full;flag;coherent;coset,exact,1,1,1,1,1,0,0,7
4,1/2,40,1/2,1/2,1/2,1/2,1/2,1/2,branch;full;flag;coherent;coset,exact,1,1,1/2,1,1,0,0,5
4,1/2,41,1,1,1,1,1,1,branch;full;flag;coherent;coset,exact,1,1,1,1,1,0,0,6
4,1/2,42,1,1,1,1,1,1,branch;full;flag;coherent;coset,exact,1,1,1,1,1,0,0,5
4,1/2,43,1,1,1,1,1,1,branch;full;flag;coherent;coset,exact,1,1,1,1,1,0,0,5
4,1/2,44,1/2,1/2,1/4,1/4,1/4,1/4,flag;coherent;coset,exact,1,1,1/4,1,1,1,0,6
4,1/2,45,1,1,1/2,1/2,1/2,1/2,flag;coherent;coset,exact,1,1,1/2,1,1,1,0,12
4,1/2,46,1,1,3/4,3/4,3/4,3/4,flag;coherent;coset,exact,1,1,3/4,1,1,1,0,6
4,1/2,47,1,1,1,1,1,1,branch;full;flag;coherent;coset,exact,1,1,1,1,1,0,0,7
4,1/2,48,1/2,1/2,1/2,1/2,1/2,1/2,branch;full;flag;coherent;coset,exact,1,1,1/2,1,1,0,0,5
4,1/2,49,1,1,1,1,1,1,branch;full;flag;coherent;coset,exact,1,1,1,1,1,0,0,6
4,1/2,50,1,1,1,1,1,1,branch;full;flag;coherent;coset,exact,1,1,1,1,1,0,0,5
4,1/2,51,1,1,1,1,1,1,branch;full;flag;coherent;coset,exact,1,1,1,1,1,0,0,5
4,1/2,52,1/2,1/2,1/4,1/4,1/4,1/4,flag;coherent;coset,exact,1,1,1/4,1,1,1,0,6
4,1/2,53,1,1,1/2,1/2,1/2,1/2,flag;coherent;coset,exact,1,1,1/2,1,1,1,0,12
4,1/2,54,1,1,3/4,3/4,3/4,3/4,flag;coherent;coset,exact,1,1,3/4,1,1,1,0,6
4,1/2,55,1,1,1,1,1,1,branch;full;flag;coherent;coset,exact,1,1,1,1,1,0,0,7
4,1/2,56,1/2,1/2,1/4,1/4,1/4,1/4,flag;coherent;coset,exact,1,1,1/4,1,1,1,0,6
4,1/2,57,1,1,1/2,1/2,1/2,1/2,flag;coherent;coset,exact,1,1,1/2,1,1,1,0,12
4,1/2,58,1,1,3/4,3/4,3/4,3/4,flag;coherent;coset,exact,1,1,3/4,1,1,1,0,6
4,1/2,59,1,1,1,1,1,1,branch;full;flag;coherent;coset,exact,1,1,1,1,1,0,0,7
4,1/2,60,1/2,1/2,1/2,1/2,1/2,1/2,branch;full;flag;coherent;coset,exact,1,1,1/2,1,1,0,0,5
4,1/2,61,1,1,1,1,1,1,branch;full;flag;coherent;coset,exact,1,1,1,1,1,0,0,6
4,1/2,62,1,1,1,1,1,1,branch;full;flag;coherent;coset,exact,1,1,1,1,1,0,0,5
4,1/2,63,1,1,1,1,1,1,branch;full;flag;coherent;coset,exact,1,1,1,1,1,0,0,5
4,3/4,0,1,1,1,1,1,1,branch;full;flag;coherent;coset,exact,1,1,1,1,1,0,0,10
4,3/4,1,1,1,1,1,1,1,branch;full;flag;coherent;coset,exact,1,1,1,1,1,0,0,10
4,3/4,2,1,1,1,1,1,1,branch;full;flag;coherent;coset,exact,1,1,1,1,1,0,0,10
4,3/4,3,1,1,1,1,1,1,branch;full;flag;coherent;coset,exact,1,1,1,1,1,0,0,10
4,3/4,4,1,1,3/4,3/4,3/4,3/4,flag;coherent;coset,exact,1,1,3/4,1,1,1,0,15
4,3/4,5,1,1,1,1,1,1,branch;full;flag;coherent;coset,exact,1,1,1,1,1,0,0,16
4,3/4,6,1,1,1,1,1,1,branch;full;flag;coherent;coset,exact,1,1,1,1,1,0,0,12
4,3/4,7,1,1,1,1,1,1,branch;full;flag;coherent;coset,exact,1,1,1,1,1,0,0,12
4,3/4,8,1/2,1/2,1/2,1/2,1/2,1/2,branch;full;flag;coherent;coset,exact,1,1,1/2,1,1,0,0,17
4,3/4,9,1,1,1,1,1,1,branch;full;flag;coherent;coset,exact,1,1,1,1,1,0,0,18
4,3/4,10,1,1,1,1,1,1,branch;full;flag;coherent;coset,exact,1,1,1,1,1,0,0,14
4,3/4,11,1,1,1,1,1,1,branch;full;flag;coherent;coset,exact,1,1,1,1,1,0,0,14
4,3/4,12,1/2,1/2,1/2,1/2,1/2,1/2,branch;full;flag;coherent;coset,exact,1,1,1/2,1,1,0,0,17
4,3/4,13,1,1,1,1,1,1,branch;full;flag;coherent;coset,exact,1,1,1,1,1,0,0,18
4,3/4,14,1,1,1,1,1,1,branch;full;flag;coherent;coset,exact,1,1,1,1,1,0,0,14
4,3/4,15,1,1,1,1,1,1,branch;full;flag;coherent;coset,exact,1,1,1,1,1,0,0,14
4,3/4,16,1,1,3/4,3/4,3/4,3/4,flag;coherent;coset,exact,1,1,3/4,1,1,1,0,15
4,3/4,17,1,1,1,1,1,1,branch;full;flag;coherent;coset,exact,1,1,1,1,1,0,0,16
4,3/4,18,1,1,1,1,1,1,branch;full;flag;coherent;coset,exact,1,1,1,1,1,0,0,12
4,3/4,19,1,1,1,1,1,1,branch;full;flag;coherent;coset,exact,1,1,1,1,1,0,0,12
4,3/4,20,1,1,3/4,3/4,3/4,3/4,flag;coherent;coset,exact,1,1,3/4,1,1,1,0,15
4,3/4,21,1,1,1,1,1,1,branch;full;flag;coherent;coset,exact,1,1,1,1,1,0,0,16
4,3/4,22,1,1,1,1,1,1,branch;full;flag;coherent;coset,exact,1,1,1,1,1,0,0,12
4,3/4,23,1,1,1,1,1,1,branch;full;flag;coherent;coset,exact,1,1,1,1,1,0,0,12
4,3/4,24,1/2,1/2,3/8,3/8,3/8,3/8,flag;coherent;coset,exact,1,1,3/8,1,1,1,0,21
4,3/4,25,1,1,3/4,3/4,3/4,3/4,flag;coherent;coset,exact,1,1,3/4,1,1,1,0,43
4,3/4,26,1,1,7/8,7/8,7/8,7/8,flag;coherent;coset,exact,1,1,7/8,1,1,1,0,17
4,3/4,27,1,1,1,1,1,1,branch;full;flag;coherent;coset,exact,1,1,1,1,1,0,0,18
4,3/4,28,1/2,1/2,3/8,3/8,3/8,3/8,flag;coherent;coset,exact,1,1,3/8,1,1,1,0,21
4,3/4,29,1,1,3/4,3/4,3/4,3/4,flag;coherent;coset,exact,1,1,3/4,1,1,1,0,43
4,3/4,30,1,1,7/8,7/8,7/8,7/8,flag;coherent;coset,exact,1,1,7/8,1,1,1,0,17
4,3/4,31,1,1,1,1,1,1,branch;full;flag;coherent;coset,exact,1,1,1,1,1,0,0,18
4,3/4,32,1/2,1/2,1/2,1/2,1/2,1/2,branch;full;flag;coherent;coset,exact,1,1,1/2,1,1,0,0,17
4,3/4,33,1,1,1,1,1,1,branch;full;flag;coherent;coset,exact,1,1,1,1,1,0,0,18
4,3/4,34,1,1,1,1,1,1,branch;full;flag;coherent;coset,exact,1,1,1,1,1,0,0,14
4,3/4,35,1,1,1,1,1,1,branch;full;flag;coherent;coset,exact,1,1,1,1,1,0,0,14
4,3/4,36,1/2,1/2,3/8,3/8,3/8,3/8,flag;coherent;coset,exact,1,1,3/8,1,1,1,0,21
4,3/4,37,1,1,3/4,3/4,3/4,3/4,flag;coherent;coset,exact,1,1,3/4,1,1,1,0,43
4,3/4,38,1,1,7/8,7/8,7/8,7/8,flag;coherent;coset,exact,1,1,7/8,1,1,1,0,17
4,3/4,39,1,1,1,1,1,1,branch;full;flag;coherent;coset,exact,1,1,1,1,1,0,0,18
4,3/4,40,1/2,1/2,1/2,1/2,1/2,1/2,branch;full;flag;coherent;coset,exact,1,1,1/2,1,1,0,0,17
4,3/4,41,1,1,1,1,1,1,branch;full;flag;coherent;coset,exact,1,1,1,1,1,0,0,18
4,3/4,42,1,1,1,1,1,1,branch;full;flag;coherent;coset,exact,1,1,1,1,1,0,0,14
4,3/4,43,1,1,1,1,1,1,branch;full;flag;coherent;coset,exact,1,1,1,1,1,0,0,14
4,3/4,44,1/2,1/2,3/8,3/8,3/8,3/8,flag;coherent;coset,exact,1,1,3/8,1,1,1,0,21
4,3/4,45,1,1,3/4,3/4,3/4,3/4,flag;coherent;coset,exact,1,1,3/4,1,1,1,0,43
4,3/4,46,1,1,7/8,7/8,7/8,7/8,flag;coherent;coset,exact,1,1,7/8,1,1,1,0,17
4,3/4,47,1,1,1,1,1,1,branch;full;flag;coherent;coset,exact,1,1,1,1,1,0,0,18
4,3/4,48,1/2,1/2,1/2,1/2,1/2,1/2,branch;full;flag;coherent;coset,exact,1,1,1/2,1,1,0,0,17
4,3/4,49,1,1,1,1,1,1,branch;full;flag;coherent;coset,exact,1,1,1,1,1,0,0,18
4,3/4,50,1,1,1,1,1,1,branch;full;flag;coherent;coset,exact,1,1,1,1,1,0,0,14
4,3/4,51,1,1,1,1,1,1,branch;full;flag;coherent;coset,exact,1,1,1,1,1,0,0,14
4,3/4,52,1/2,1/2,3/8,3/8,3/8,3/8,flag;coherent;coset,exact,1,1,3/8,1,1,1,0,21
4,3/4,53,1,1,3/4,3/4,3/4,3/4,flag;coherent;coset,exact,1,1,3/4,1,1,1,0,43
4,3/4,54,1,1,7/8,7/8,7/8,7/8,flag;coherent;coset,exact,1,1,7/8,1,1,1,0,17
4,3/4,55,1,1,1,1,1,1,branch;full;flag;coherent;coset,exact,1,1,1,1,1,0,0,18
4,3/4,56,1/2,1/2,3/8,3/8,3/8,3/8,flag;coherent;coset,exact,1,1,3/8,1,1,1,0,21
4,3/4,57,1,1,3/4,3/4,3/4,3/4,flag;coherent;coset,exact,1,1,3/4,1,1,1,0,43
4,3/4,58,1,1,7/8,7/8,7/8,7/8,flag;coherent;coset,exact,1,1,7/8,1,1,1,0,17
4,3/4,59,1,1,1,1,1,1,branch;full;flag;coherent;coset,exact,1,1,1,1,1,0,0,18
4,3/4,60,1/2,1/2,1/2,1/2,1/2,1/2,branch;full;flag;coherent;coset,exact,1,1,1/2,1,1,0,0,17
4,3/4,61,1,1,1,1,1,1,branch;full;flag;coherent;coset,exact,1,1,1,1,1,0,0,18
4,3/4,62,1,1,1,1,1,1,branch;full;flag;coherent;coset,exact,1,1,1,1,1,0,0,14
4,3/4,63,1,1,1,1,1,1,branch;full;flag;coherent;coset,exact,1,1,1,1,1,0,0,14
4,1,0,1,1,1,1,1,1,branch;full;flag;coherent;coset,exact,1,1,1,1,1,0,0,7
4,1,1,1,1,1,1,1,1,branch;full;flag;coherent;coset,exact,1,1,1,1,1,0,0,7
4,1,2,1,1,1,1,1,1,branch;full;flag;coherent;coset,exact,1,1,1,1,1,0,0,7
4,1,3,1,1,1,1,1,1,branch;full;flag;coherent;coset,exact,1,1,1,1,1,0,0,7
4,1,4,1,1,1,1,1,1,branch;full;flag;coherent;coset,exact,1,1,1,1,1,0,0,7
4,1,5,1,1,1,1,1,1,branch;full;flag;coherent;coset,exact,1,1,1,1,1,0,0,7
4,1,6,1,1,1,1,1,1,branch;full;flag;coherent;coset,exact,1,1,1,1,1,0,0,7
4,1,7,1,1,1,1,1,1,branch;full;flag;coherent;coset,exact,1,1,1,1,1,0,0,7
4,1,8,1/2,1/2,1/2,1/2,1/2,1/2,branch;full;flag;coherent;coset,exact,1,1,1/2,1,1,0,0,11
4,1,9,1,1,1,1,1,1,branch;full;flag;coherent;coset,exact,1,1,1,1,1,0,0,11
4,1,10,1,1,1,1,1,1,branch;full;flag;coherent;coset,exact,1,1,1,1,1,0,0,9
4,1,11,1,1,1,1,1,1,branch;full;flag;coherent;coset,exact,1,1,1,1,1,0,0,9
4,1,12,1/2,1/2,1/2,1/2,1/2,1/2,branch;full;flag;coherent;coset,exact,1,1,1/2,1,1,0,0,11
4,1,13,1,1,1,1,1,1,branch;full;flag;coherent;coset,exact,1,1,1,1,1,0,0,11
4,1,14,1,1,1,1,1,1,branch;full;flag;coherent;coset,exact,1,1,1,1,1,0,0,9
4,1,15,1,1,1,1,1,1,branch;full;flag;coherent;coset,exact,1,1,1,1,1,0,0,9
4,1,16,1,1,1,1,1,1,branch;full;flag;coherent;coset,exact,1,1,1,1,1,0,0,7
4,1,17,1,1,1,1,1,1,branch;full;flag;coherent;coset,exact,1,1,1,1,1,0,0,7
4,1,18,1,1,1,1,1,1,branch;full;flag;coherent;coset,exact,1,1,1,1,1,0,0,7
4,1,19,1,1,1,1,1,1,branch;full;flag;coherent;coset,exact,1,1,1,1,1,0,0,7
4,1,20,1,1,1,1,1,1,branch;full;flag;coherent;coset,exact,1,1,1,1,1,0,0,7
4,1,21,1,1,1,1,1,1,branch;full;flag;coherent;coset,exact,1,1,1,1,1,0,0,7
4,1,22,1,1,1,1,1,1,branch;full;flag;coherent;coset,exact,1,1,1,1,1,0,0,7
4,1,23,1,1,1,1,1,1,branch;full;flag;coherent;coset,exact,1,1,1,1,1,0,0,7
4,1,24,1/2,1/2,1/2,1/2,1/2,1/2,branch;full;flag;coherent;coset,exact,1,1,1/2,1,1,0,0,11
4,1,25,1,1,1,1,1,1,branch;full;flag;coherent;coset,exact,1,1,1,1,1,0,0,11
4,1,26,1,1,1,1,1,1,branch;full;flag;coherent;coset,exact,1,1,1,1,1,0,0,9
4,1,27,1,1,1,1,1,1,branch;full;flag;coherent;coset,exact,1,1,1,1,1,0,0,9
4,1,28,1/2,1/2,1/2,1/2,1/2,1/2,branch;full;flag;coherent;coset,exact,1,1,1/2,1,1,0,0,11
4,1,29,1,1,1,1,1,1,branch;full;flag;coherent;coset,exact,1,1,1,1,1,0,0,11
4,1,30,1,1,1,1,1,1,branch;full;flag;coherent;coset,exact,1,1,1,1,1,0,0,9
4,1,31,1,1,1,1,1,1,branch;full;flag;coherent;coset,exact,1,1,1,1,1,0,0,9
4,1,32,1/2,1/2,1/2,1/2,1/2,1/2,branch;full;flag;coherent;coset,exact,1,1,1/2,1,1,0,0,11
4,1,33,1,1,1,1,1,1,branch;full;flag;coherent;coset,exact,1,1,1,1,1,0,0,11
4,1,34,1,1,1,1,1,1,branch;full;flag;coherent;coset,exact,1,1,1,1,1,0,0,9
4,1,35,1,1,1,1,1,1,branch;full;flag;coherent;coset,exact,1,1,1,1,1,0,0,9
4,1,36,1/2,1/2,1/2,1/2,1/2,1/2,branch;full;flag;coherent;coset,exact,1,1,1/2,1,1,0,0,11
4,1,37,1,1,1,1,1,1,branch;full;flag;coherent;coset,exact,1,1,1,1,1,0,0,11
4,1,38,1,1,1,1,1,1,branch;full;flag;coherent;coset,exact,1,1,1,1,1,0,0,9
4,1,39,1,1,1,1,1,1,branch;full;flag;coherent;coset,exact,1,1,1,1,1,0,0,9
4,1,40,1/2,1/2,1/2,1/2,1/2,1/2,branch;full;flag;coherent;coset,exact,1,1,1/2,1,1,0,0,11
4,1,41,1,1,1,1,1,1,branch;full;flag;coherent;coset,exact,1,1,1,1,1,0,0,11
4,1,42,1,1,1,1,1,1,branch;full;flag;coherent;coset,exact,1,1,1,1,1,0,0,9
4,1,43,1,1,1,1,1,1,branch;full;flag;coherent;coset,exact,1,1,1,1,1,0,0,9
4,1,44,1/2,1/2,1/2,1/2,1/2,1/2,branch;full;flag;coherent;coset,exact,1,1,1/2,1,1,0,0,11
4,1,45,1,1,1,1,1,1,branch;full;flag;coherent;coset,exact,1,1,1,1,1,0,0,11
4,1,46,1,1,1,1,1,1,branch;full;flag;coherent;coset,exact,1,1,1,1,1,0,0,9
4,1,47,1,1,1,1,1,1,branch;full;flag;coherent;coset,exact,1,1,1,1,1,0,0,9
4,1,48,1/2,1/2,1/2,1/2,1/2,1/2,branch;full;flag;coherent;coset,exact,1,1,1/2,1,1,0,0,11
4,1,49,1,1,1,1,1,1,branch;full;flag;coherent;coset,exact,1,1,1,1,1,0,0,11
4,1,50,1,1,1,1,1,1,branch;full;flag;coherent;coset,exact,1,1,1,1,1,0,0,9
4,1,51,1,1,1,1,1,1,branch;full;flag;coherent;coset,exact,1,1,1,1,1,0,0,9
4,1,52,1/2,1/2,1/2,1/2,1/2,1/2,branch;full;flag;coherent;coset,exact,1,1,1/2,1,1,0,0,11
4,1,53,1,1,1,1,1,1,branch;full;flag;coherent;coset,exact,1,1,1,1,1,0,0,11
4,1,54,1,1,1,1,1,1,branch;full;flag;coherent;coset,exact,1,1,1,1,1,0,0,9
4,1,55,1,1,1,1,1,1,branch;full;flag;coherent;coset,exact,1,1,1,1,1,0,0,9
4,1,56,1/2,1/2,1/2,1/2,1/2,1/2,branch;full;flag;coherent;coset,exact,1,1,1/2,1,1,0,0,11
4,1,57,1,1,1,1,1,1,branch;full;flag;coherent;coset,exact,1,1,1,1,1,0,0,11
4,1,58,1,1,1,1,1,1,branch;full;flag;coherent;coset,exact,1,1,1,1,1,0,0,9
4,1,59,1,1,1,1,1,1,branch;full;flag;coherent;coset,exact,1,1,1,1,1,0,0,9
4,1,60,1/2,1/2,1/2,1/2,1/2,1/2,branch;full;flag;coherent;coset,exact,1,1,1/2,1,1,0,0,11
4,1,61,1,1,1,1,1,1,branch;full;flag;coherent;coset,exact,1,1,1,1,1,0,0,11
4,1,62,1,1,1,1,1,1,branch;full;flag;coherent;coset,exact,1,1,1,1,1,0,0,9
4,1,63,1,1,1,1,1,1,branch;full;flag;coherent;coset,exact,1,1,1,1,1,0,0,9
5,0,0,1,1,1,1,1,1,branch;full;flag;coherent;coset,exact,1,1,1,1,1,0,0,7
5,0,1,1,1,1,1,1,1,branch;full;flag;coherent;coset,exact,1,1,1,1,1,0,0,7
5,0,2,1,1,1,1,1,1,branch;full;flag;coherent;coset,exact,1,1,1,1,1,0,0,7
5,0,3,1,1,1,1,1,1,branch;full;flag;coherent;coset,exact,1,1,1,1,1,0,0,7
5,0,4,1,1,1,1,1,1,branch;full;flag;coherent;coset,exact,1,1,1,1,1,0,0,7
5,0,5,1,1,1,1,1,1,branch;full;flag;coherent;coset,exact,1,1,1,1,1,0,0,7
5,0,6,1,1,1,1,1,1,branch;full;flag;coherent;coset,exact,1,1,1,1,1,0,0,7
5,0,7,1,1,1,1,1,1,branch;full;flag;coherent;coset,exact,1,1,1,1,1,0,0,7
5,0,8,1/2,1/2,1/2,1/2,1/2,1/2,branch;full;flag;coherent;coset,exact,1,1,1/2,1,1,0,0,11
5,0,9,1,1,1,1,1,1,branch;full;flag;coherent;coset,exact,1,1,1,1,1,0,0,11
5,0,10,1,1,1,1,1,1,branch;full;flag;coherent;coset,exact,1,1,1,1,1,0,0,9
5,0,11,1,1,1,1,1,1,branch;full;flag;coherent;coset,exact,1,1,1,1,1,0,0,9
5,0,12,1/2,1/2,1/2,1/2,1/2,1/2,branch;full;flag;coherent;coset,exact,1,1,1/2,1,1,0,0,11
5,0,13,1,1,1,1,1,1,branch;full;flag;coherent;coset,exact,1,1,1,1,1,0,0,11
5,0,14,1,1,1,1,1,1,branch;full;flag;coherent;coset,exact,1,1,1,1,1,0,0,9
5,0,15,1,1,1,1,1,1,branch;full;flag;coherent;coset,exact,1,1,1,1,1,0,0,9
5,0,16,1,1,1,1,1,1,branch;full;flag;coherent;coset,exact,1,1,1,1,1,0,0,7
5,0,17,1,1,1,1,1,1,branch;full;flag;coherent;coset,exact,1,1,1,1,1,0,0,7
5,0,18,1,1,1,1,1,1,branch;full;flag;coherent;coset,exact,1,1,1,1,1,0,0,7
5,0,19,1,1,1,1,1,1,branch;full;flag;coherent;coset,exact,1,1,1,1,1,0,0,7
5,0,20,1,1,1,1,1,1,branch;full;flag;coherent;coset,exact,1,1,1,1,1,0,0,7
5,0,21,1,1,1,1,1,1,branch;full;flag;coherent;coset,exact,1,1,1,1,1,0,0,7
5,0,22,1,1,1,1,1,1,branch;full;flag;coherent;coset,exact,1,1,1,1,1,0,0,7
5,0,23,1,1,1,1,1,1,branch;full;flag;coherent;coset,exact,1,1,1,1,1,0,0,7
5,0,24,1/2,1/2,1/2,1/2,1/2,1/2,branch;full;flag;coherent;coset,exact,1,1,1/2,1,1,0,0,11
5,0,25,1,1,1,1,1,1,branch;full;flag;coherent;coset,exact,1,1,1,1,1,0,0,11
5,0,26,1,1,1,1,1,1,branch;full;flag;coherent;coset,exact,1,1,1,1,1,0,0,9
5,0,27,1,1,1,1,1,1,branch;full;flag;coherent;coset,exact,1,1,1,1,1,0,0,9
5,0,28,1/2,1/2,1/2,1/2,1/2,1/2,branch;full;flag;coherent;coset,exact,1,1,1/2,1,1,0,0,11
5,0,29,1,1,1,1,1,1,branch;full;flag;coherent;coset,exact,1,1,1,1,1,0,0,11
5,0,30,1,1,1,1,1,1,branch;full;flag;coherent;coset,exact,1,1,1,1,1,0,0,9
5,0,31,1,1,1,1,1,1,branch;full;flag;coherent;coset,exact,1,1,1,1,1,0,0,9
5,0,32,1/2,1/2,1/2,1/2,1/2,1/2,branch;full;flag;coherent;coset,exact,1,1,1/2,1,1,0,0,11
5,0,33,1,1,1,1,1,1,branch;full;flag;coherent;coset,exact,1,1,1,1,1,0,0,11
5,0,34,1,1,1,1,1,1,branch;full;flag;coherent;coset,exact,1,1,1,1,1,0,0,9
5,0,35,1,1,1,1,1,1,branch;full;flag;coherent;coset,exact,1,1,1,1,1,0,0,9
5,0,36,1/2,1/2,1/2,1/2,1/2,1/2,branch;full;flag;coherent;coset,exact,1,1,1/2,1,1,0,0,11
5,0,37,1,1,1,1,1,1,branch;full;flag;coherent;coset,exact,1,1,1,1,1,0,0,11
5,0,38,1,1,1,1,1,1,branch;full;flag;coherent;coset,exact,1,1,1,1,1,0,0,9
5,0,39,1,1,1,1,1,1,branch;full;flag;coherent;coset,exact,1,1,1,1,1,0,0,9
5,0,40,1/2,1/2,1/2,1/2,1/2,1/2,branch;full;flag;coherent;coset,exact,1,1,1/2,1,1,0,0,11
5,0,41,1,1,1,1,1,1,branch;full;flag;coherent;coset,exact,1,1,1,1,1,0,0,11
5,0,42,1,1,1,1,1,1,branch;full;flag;coherent;coset,exact,1,1,1,1,1,0,0,9
5,0,43,1,1,1,1,1,1,branch;full;flag;coherent;coset,exact,1,1,1,1,1,0,0,9
5,0,44,1/2,1/2,1/2,1/2,1/2,1/2,branch;full;flag;coherent;coset,exact,1,1,1/2,1,1,0,0,11
5,0,45,1,1,1,1,1,1,branch;full;flag;coherent;coset,exact,1,1,1,1,1,0,0,11
5,0,46,1,1,1,1,1,1,branch;full;flag;coherent;coset,exact,1,1,1,1,1,0,0,9
5,0,47,1,1,1,1,1,1,branch;full;flag;coherent;coset,exact,1,1,1,1,1,0,0,9
5,0,48,1/2,1/2,1/2,1/2,1/2,1/2,branch;full;flag;coherent;coset,exact,1,1,1/2,1,1,0,0,11
5,0,49,1,1,1,1,1,1,branch;full;flag;coherent;coset,exact,1,1,1,1,1,0,0,11
5,0,50,1,1,1,1,1,1,branch;full;flag;coherent;coset,exact,1,1,1,1,1,0,0,9
5,0,51,1,1,1,1,1,1,branch;full;flag;coherent;coset,exact,1,1,1,1,1,0,0,9
5,0,52,1/2,1/2,1/2,1/2,1/2,1/2,branch;full;flag;coherent;coset,exact,1,1,1/2,1,1,0,0,11
5,0,53,1,1,1,1,1,1,branch;full;flag;coherent;coset,exact,1,1,1,1,1,0,0,11
5,0,54,1,1,1,1,1,1,branch;full;flag;coherent;coset,exact,1,1,1,1,1,0,0,9
5,0,55,1,1,1,1,1,1,branch;full;flag;coherent;coset,exact,1,1,1,1,1,0,0,9
5,0,56,1/2,1/2,1/2,1/2,1/2,1/2,branch;full;flag;coherent;coset,exact,1,1,1/2,1,1,0,0,11
5,0,57,1,1,1,1,1,1,branch;full;flag;coherent;coset,exact,1,1,1,1,1,0,0,11
5,0,58,1,1,1,1,1,1,branch;full;flag;coherent;coset,exact,1,1,1,1,1,0,0,9
5,0,59,1,1,1,1,1,1,branch;full;flag;coherent;coset,exact,1,1,1,1,1,0,0,9
5,0,60,1/2,1/2,1/2,1/2,1/2,1/2,branch;full;flag;coherent;coset,exact,1,1,1/2,1,1,0,0,11
5,0,61,1,1,1,1,1,1,branch;full;flag;coherent;coset,exact,1,1,1,1,1,0,0,11
5,0,62,1,1,1,1,1,1,branch;full;flag;coherent;coset,exact,1,1,1,1,1,0,0,9
5,0,63,1,1,1,1,1,1,branch;full;flag;coherent;coset,exact,1,1,1,1,1,0,0,9
5,1/4,0,1,1,1,1,1,1,branch;full;flag;coherent;coset,exact,1,1,1,1,1,0,0,8
5,1/4,1,1,1,1,1,1,1,branch;full;flag;coherent;coset,exact,1,1,1,1,1,0,0,8
5,1/4,2,1,1,1,1,1,1,branch;full;flag;coherent;coset,exact,1,1,1,1,1,0,0,8
5,1/4,3,1,1,1,1,1,1,branch;full;flag;coherent;coset,exact,1,1,1,1,1,0,0,8
5,1/4,4,1,1,7/8,7/8,7/8,7/8,flag;coherent;coset,exact,1,1,3/4,1,0,1,0,13
5,1/4,5,1,1,1,1,1,1,branch;full;flag;coherent;coset,exact,1,1,1,1,1,0,0,14
5,1/4,6,1,1,1,1,1,1,branch;full;flag;coherent;coset,exact,1,1,1,1,1,0,0,11
5,1/4,7,1,1,1,1,1,1,branch;full;flag;coherent;coset,exact,1,1,1,1,1,0,0,11
5,1/4,8,1/2,1/2,1/2,1/2,1/2,1/2,branch;full;flag;coherent;coset,exact,1,1,1/2,1,1,0,0,13
5,1/4,9,1,1,1,1,1,1,branch;full;flag;coherent;coset,exact,1,1,1,1,1,0,0,14
5,1/4,10,1,1,1,1,1,1,branch;full;flag;coherent;coset,exact,1,1,1,1,1,0,0,11
5,1/4,11,1,1,1,1,1,1,branch;full;flag;coherent;coset,exact,1,1,1,1,1,0,0,11
5,1/4,12,1/2,1/2,1/2,1/2,1/2,1/2,branch;full;flag;coherent;coset,exact,1,1,1/2,1,1,0,0,13
5,1/4,13,1,1,1,1,1,1,branch;full;flag;coherent;coset,exact,1,1,1,1,1,0,0,14
5,1/4,14,1,1,1,1,1,1,branch;full;flag;coherent;coset,exact,1,1,1,1,1,0,0,11
5,1/4,15,1,1,1,1,1,1,branch;full;flag;coherent;coset,exact,1,1,1,1,1,0,0,11
5,1/4,16,1,1,7/8,7/8,7/8,7/8,flag;coherent;coset,exact,1,1,3/4,1,0,1,0,13
5,1/4,17,1,1,1,1,1,1,branch;full;flag;coherent;coset,exact,1,1,1,1,1,0,0,14
5,1/4,18,1,1,1,1,1,1,branch;full;flag;coherent;coset,exact,1,1,1,1,1,0,0,11
5,1/4,19,1,1,1,1,1,1,branch;full;flag;coherent;coset,exact,1,1,1,1,1,0,0,11
5,1/4,20,1,1,7/8,7/8,7/8,7/8,flag;coherent;coset,exact,1,1,3/4,1,0,1,0,13
5,1/4,21,1,1,1,1,1,1,branch;full;flag;coherent;coset,exact,1,1,1,1,1,0,0,14
5,1/4,22,1,1,1,1,1,1,branch;full;flag;coherent;coset,exact,1,1,1,1,1,0,0,11
5,1/4,23,1,1,1,1,1,1,branch;full;flag;coherent;coset,exact,1,1,1,1,1,0,0,11
5,1/4,24,1/2,1/2,7/16,7/16,7/16,7/16,flag;coherent;coset,exact,1,1,3/8,1,0,1,0,16
5,1/4,25,1,1,7/8,7/8,7/8,7/8,flag;coherent;coset,exact,1,1,3/4,1,0,1,0,34
5,1/4,26,1,1,15/16,15/16,15/16,15/16,flag;coherent;coset,exact,1,1,7/8,1,0,1,0,16
5,1/4,27,1,1,1,1,1,1,branch;full;flag;coherent;coset,exact,1,1,1,1,1,0,0,17
5,1/4,28,1/2,1/2,7/16,7/16,7/16,7/16,flag;coherent;coset,exact,1,1,3/8,1,0,1,0,16
5,1/4,29,1,1,7/8,7/8,7/8,7/8,flag;coherent;coset,exact,1,1,3/4,1,0,1,0,34
5,1/4,30,1,1,15/16,15/16,15/16,15/16,flag;coherent;coset,exact,1,1,7/8,1,0,1,0,16
5,1/4,31,1,1,1,1,1,1,branch;full;flag;coherent;coset,exact,1,1,1,1,1,0,0,17
5,1/4,32,1/2,1/2,1/2,1/2,1/2,1/2,branch;full;flag;coherent;coset,exact,1,1,1/2,1,1,0,0,13
5,1/4,33,1,1,1,1,1,1,branch;full;flag;coherent;coset,exact,1,1,1,1,1,0,0,14
5,1/4,34,1,1,1,1,1,1,branch;full;flag;coherent;coset,exact,1,1,1,1,1,0,0,11
5,1/4,35,1,1,1,1,1,1,branch;full;flag;coherent;coset,exact,1,1,1,1,1,0,0,11
5,1/4,36,1/2,1/2,7/16,7/16,7/16,7/16,flag;coherent;coset,exact,1,1,3/8,1,0,1,0,16
5,1/4,37,1,1,7/8,7/8,7/8,7/8,flag;coherent;coset,exact,1,1,3/4,1,0,1,0,34
5,1/4,38,1,1,15/16,15/16,15/16,15/16,flag;coherent;coset,exact,1,1,7/8,1,0,1,0,16
5,1/4,39,1,1,1,1,1,1,branch;full;flag;coherent;coset,exact,1,1,1,1,1,0,0,17
5,1/4,40,1/2,1/2,1/2,1/2,1/2,1/2,branch;full;flag;coherent;coset,exact,1,1,1/2,1,1,0,0,13
5,1/4,41,1,1,1,1,1,1,branch;full;flag;coherent;coset,exact,1,1,1,1,1,0,0,14
5,1/4,42,1,1,1,1,1,1,branch;full;flag;coherent;coset,exact,1,1,1,1,1,0,0,11
5,1/4,43,1,1,1,1,1,1,branch;full;flag;coherent;coset,exact,1,1,1,1,1,0,0,11
5,1/4,44,1/2,1/2,7/16,7/16,7/16,7/16,flag;coherent;coset,exact,1,1,3/8,1,0,1,0,16
5,1/4,45,1,1,7/8,7/8,7/8,7/8,flag;coherent;coset,exact,1,1,3/4,1,0,1,0,34
5,1/4,46,1,1,15/16,15/16,15/16,15/16,flag;coherent;coset,exact,1,1,7/8,1,0,1,0,16
5,1/4,47,1,1,1,1,1,1,branch;full;flag;coherent;coset,exact,1,1,1,1,1,0,0,17
5,1/4,48,1/2,1/2,1/2,1/2,1/2,1/2,branch;full;flag;coherent;coset,exact,1,1,1/2,1,1,0,0,13
5,1/4,49,1,1,1,1,1,1,branch;full;flag;coherent;coset,exact,1,1,1,1,1,0,0,14
5,1/4,50,1,1,1,1,1,1,branch;full;flag;coherent;coset,exact,1,1,1,1,1,0,0,11
5,1/4,51,1,1,1,1,1,1,branch;full;flag;coherent;coset,exact,1,1,1,1,1,0,0,11
5,1/4,52,1/2,1/2,7/16,7/16,7/16,7/16,flag;coherent;coset,exact,1,1,3/8,1,0,1,0,16
5,1/4,53,1,1,7/8,7/8,7/8,7/8,flag;coherent;coset,exact,1,1,3/4,1,0,1,0,34
5,1/4,54,1,1,15/16,15/16,15/16,15/16,flag;coherent;coset,exact,1,1,7/8,1,0,1,0,16
5,1/4,55,1,1,1,1,1,1,branch;full;flag;coherent;coset,exact,1,1,1,1,1,0,0,17
5,1/4,56,1/2,1/2,7/16,7/16,7/16,7/16,flag;coherent;coset,exact,1,1,3/8,1,0,1,0,16
5,1/4,57,1,1,7/8,7/8,7/8,7/8,flag;coherent;coset,exact,1,1,3/4,1,0,1,0,34
5,1/4,58,1,1,15/16,15/16,15/16,15/16,flag;coherent;coset,exact,1,1,7/8,1,0,1,0,16
5,1/4,59,1,1,1,1,1,1,branch;full;flag;coherent;coset,exact,1,1,1,1,1,0,0,17
5,1/4,60,1/2,1/2,1/2,1/2,1/2,1/2,branch;full;flag;coherent;coset,exact,1,1,1/2,1,1,0,0,13
5,1/4,61,1,1,1,1,1,1,branch;full;flag;coherent;coset,exact,1,1,1,1,1,0,0,14
5,1/4,62,1,1,1,1,1,1,branch;full;flag;coherent;coset,exact,1,1,1,1,1,0,0,11
5,1/4,63,1,1,1,1,1,1,branch;full;flag;coherent;coset,exact,1,1,1,1,1,0,0,11
5,1/2,0,1,1,1,1,1,1,branch;full;flag;coherent;coset,exact,1,1,1,1,1,0,0,4
5,1/2,1,1,1,1,1,1,1,branch;full;flag;coherent;coset,exact,1,1,1,1,1,0,0,4
5,1/2,2,1,1,1,1,1,1,branch;full;flag;coherent;coset,exact,1,1,1,1,1,0,0,4
5,1/2,3,1,1,1,1,1,1,branch;full;flag;coherent;coset,exact,1,1,1,1,1,0,0,4
5,1/2,4,1,1,1/2,1/2,1/2,1/2,flag;coherent;coset,exact,1,1,1/2,1,1,1,0,5
5,1/2,5,1,1,1,1,1,1,branch;full;flag;coherent;coset,exact,1,1,1,1,1,0,0,6
5,1/2,6,1,1,1,1,1,1,branch;full;flag;coherent;coset,exact,1,1,1,1,1,0,0,5
5,1/2,7,1,1,1,1,1,1,branch;full;flag;coherent;coset,exact,1,1,1,1,1,0,0,5
5,1/2,8,1/2,1/2,1/2,1/2,1/2,1/2,branch;full;flag;coherent;coset,exact,1,1,1/2,1,1,0,0,5
5,1/2,9,1,1,1,1,1,1,branch;full;flag;coherent;coset,exact,1,1,1,1,1,0,0,6
5,1/2,10,1,1,1,1,1,1,branch;full;flag;coherent;coset,exact,1,1,1,1,1,0,0,5
5,1/2,11,1,1,1,1,1,1,branch;full;flag;coherent;coset,exact,1,1,1,1,1,0,0,5
5,1/2,12,1/2,1/2,1/2,1/2,1/2,1/2,branch;full;flag;coherent;coset,exact,1,1,1/2,1,1,0,0,5
5,1/2,13,1,1,1,1,1,1,branch;full;flag;coherent;coset,exact,1,1,1,1,1,0,0,6
5,1/2,14,1,1,1,1,1,1,branch;full;flag;coherent;coset,exact,1,1,1,1,1,0,0,5
5,1/2,15,1,1,1,1,1,1,branch;full;flag;coherent;coset,exact,1,1,1,1,1,0,0,5
5,1/2,16,1,1,1/2,1/2,1/2,1/2,flag;coherent;coset,exact,1,1,1/2,1,1,1,0,5
5,1/2,17,1,1,1,1,1,1,branch;full;flag;coherent;coset,exact,1,1,1,1,1,0,0,6
5,1/2,18,1,1,1,1,1,1,branch;full;flag;coherent;coset,exact,1,1,1,1,1,0,0,5
5,1/2,19,1,1,1,1,1,1,branch;full;flag;coherent;coset,exact,1,1,1,1,1,0,0,5
5,1/2,20,1,1,1/2,1/2,1/2,1/2,flag;coherent;coset,exact,1,1,1/2,1,1,1,0,5
5,1/2,21,1,1,1,1,1,1,branch;full;flag;coherent;coset,exact,1,1,1,1,1,0,0,6
5,1/2,22,1,1,1,1,1,1,branch;full;flag;coherent;coset,exact,1,1,1,1,1,0,0,5
5,1/2,23,1,1,1,1,1,1,branch;full;flag;coherent;coset,exact,1,1,1,1,1,0,0,5
5,1/2,24,1/2,1/2,1/4,1/4,1/4,1/4,flag;coherent;coset,exact,1,1,1/4,1,1,1,0,6
5,1/2,25,1,1,1/2,1/2,1/2,1/2,flag;coherent;coset,exact,1,1,1/2,1,1,1,0,12
5,1/2,26,1,1,3/4,3/4,3/4,3/4,flag;coherent;coset,exact,1,1,3/4,1,1,1,0,6
5,1/2,27,1,1,1,1,1,1,branch;full;flag;coherent;coset,exact,1,1,1,1,1,0,0,7
5,1/2,28,1/2,1/2,1/4,1/4,1/4,1/4,flag;coherent;coset,exact,1,1,1/4,1,1,1,0,6
5,1/2,29,1,1,1/2,1/2,1/2,1/2,flag;coherent;coset,exact,1,1,1/2,1,1,1,0,12
5,1/2,30,1,1,3/4,3/4,3/4,3/4,flag;coherent;coset,exact,1,1,3/4,1,1,1,0,6
5,1/2,31,1,1,1,1,1,1,branch;full;flag;coherent;coset,exact,1,1,1,1,1,0,0,7
5,1/2,32,1/2,1/2,1/2,1/2,1/2,1/2,branch;full;flag;coherent;coset,exact,1,1,1/2,1,1,0,0,5
5,1/2,33,1,1,1,1,1,1,branch;full;flag;coherent;coset,exact,1,1,1,1,1,0,0,6
5,1/2,34,1,1,1,1,1,1,branch;full;flag;coherent;coset,exact,1,1,1,1,1,0,0,5
5,1/2,35,1,1,1,1,1,1,branch;full;flag;coherent;coset,exact,1,1,1,1,1,0,0,5
5,1/2,36,1/2,1/2,1/4,1/4,1/4,1/4,flag;coherent;coset,exact,1,1,1/4,1,1,1,0,6
5,1/2,37,1,1,1/2,1/2,1/2,1/2,flag;coherent;coset,exact,1,1,1/2,1,1,1,0,12
5,1/2,38,1,1,3/4,3/4,3/4,3/4,flag;coherent;coset,exact,1,1,3/4,1,1,1,0,6
5,1/2,39,1,1,1,1,1,1,branch;full;flag;coherent;coset,exact,1,1,1,1,1,0,0,7
5,1/2,40,1/2,1/2,1/2,1/2,1/2,1/2,branch;full;flag;coherent;coset,exact,1,1,1/2,1,1,0,0,5
5,1/2,41,1,1,1,1,1,1,branch;full;flag;coherent;coset,exact,1,1,1,1,1,0,0,6
5,1/2,42,1,1,1,1,1,1,branch;full;flag;coherent;coset,exact,1,1,1,1,1,0,0,5
5,1/2,43,1,1,1,1,1,1,branch;full;flag;coherent;coset,exact,1,1,1,1,1,0,0,5
5,1/2,44,1/2,1/2,1/4,1/4,1/4,1/4,flag;coherent;coset,exact,1,1,1/4,1,1,1,0,6
5,1/2,45,1,1,1/2,1/2,1/2,1/2,flag;coherent;coset,exact,1,1,1/2,1,1,1,0,12
5,1/2,46,1,1,3/4,3/4,3/4,3/4,flag;coherent;coset,exact,1,1,3/4,1,1,1,0,6
5,1/2,47,1,1,1,1,1,1,branch;full;flag;coherent;coset,exact,1,1,1,1,1,0,0,7
5,1/2,48,1/2,1/2,1/2,1/2,1/2,1/2,branch;full;flag;coherent;coset,exact,1,1,1/2,1,1,0,0,5
5,1/2,49,1,1,1,1,1,1,branch;full;flag;coherent;coset,exact,1,1,1,1,1,0,0,6
5,1/2,50,1,1,1,1,1,1,branch;full;flag;coherent;coset,exact,1,1,1,1,1,0,0,5
5,1/2,51,1,1,1,1,1,1,branch;full;flag;coherent;coset,exact,1,1,1,1,1,0,0,5
5,1/2,52,1/2,1/2,1/4,1/4,1/4,1/4,flag;coherent;coset,exact,1,1,1/4,1,1,1,0,6
5,1/2,53,1,1,1/2,1/2,1/2,1/2,flag;coherent;coset,exact,1,1,1/2,1,1,1,0,12
5,1/2,54,1,1,3/4,3/4,3/4,3/4,flag;coherent;coset,exact,1,1,3/4,1,1,1,0,6
5,1/2,55,1,1,1,1,1,1,branch;full;flag;coherent;coset,exact,1,1,1,1,1,0,0,7
5,1/2,56,1/2,1/2,1/4,1/4,1/4,1/4,flag;coherent;coset,exact,1,1,1/4,1,1,1,0,6
5,1/2,57,1,1,1/2,1/2,1/2,1/2,flag;coherent;coset,exact,1,1,1/2,1,1,1,0,12
5,1/2,58,1,1,3/4,3/4,3/4,3/4,flag;coherent;coset,exact,1,1,3/4,1,1,1,0,6
5,1/2,59,1,1,1,1,1,1,branch;full;flag;coherent;coset,exact,1,1,1,1,1,0,0,7
5,1/2,60,1/2,1/2,1/2,1/2,1/2,1/2,branch;full;flag;coherent;coset,exact,1,1,1/2,1,1,0,0,5
5,1/2,61,1,1,1,1,1,1,branch;full;flag;coherent;coset,exact,1,1,1,1,1,0,0,6
5,1/2,62,1,1,1,1,1,1,branch;full;flag;coherent;coset,exact,1,1,1,1,1,0,0,5
5,1/2,63,1,1,1,1,1,1,branch;full;flag;coherent;coset,exact,1,1,1,1,1,0,0,5
5,3/4,0,1,1,1,1,1,1,branch;full;flag;coherent;coset,exact,1,1,1,1,1,0,0,8
5,3/4,1,1,1,1,1,1,1,branch;full;flag;coherent;coset,exact,1,1,1,1,1,0,0,8
5,3/4,2,1,1,1,1,1,1,branch;full;flag;coherent;coset,exact,1,1,1,1,1,0,0,8
5,3/4,3,1,1,1,1,1,1,branch;full;flag;coherent;coset,exact,1,1,1,1,1,0,0,8
5,3/4,4,1,1,7/8,7/8,7/8,7/8,flag;coherent;coset,exact,1,1,3/4,1,0,1,0,13
5,3/4,5,1,1,1,1,1,1,branch;full;flag;coherent;coset,exact,1,1,1,1,1,0,0,14
5,3/4,6,1,1,1,1,1,1,branch;full;flag;coherent;coset,exact,1,1,1,1,1,0,0,11
5,3/4,7,1,1,1,1,1,1,branch;full;flag;coherent;coset,exact,1,1,1,1,1,0,0,11
5,3/4,8,1/2,1/2,1/2,1/2,1/2,1/2,branch;full;flag;coherent;coset,exact,1,1,1/2,1,1,0,0,13
5,3/4,9,1,1,1,1,1,1,branch;full;flag;coherent;coset,exact,1,1,1,1,1,0,0,14
5,3/4,10,1,1,1,1,1,1,branch;full;flag;coherent;coset,exact,1,1,1,1,1,0,0,11
5,3/4,11,1,1,1,1,1,1,branch;full;flag;coherent;coset,exact,1,1,1,1,1,0,0,11
5,3/4,12,1/2,1/2,1/2,1/2,1/2,1/2,branch;full;flag;coherent;coset,exact,1,1,1/2,1,1,0,0,13
5,3/4,13,1,1,1,1,1,1,branch;full;flag;coherent;coset,exact,1,1,1,1,1,0,0,14
5,3/4,14,1,1,1,1,1,1,branch;full;flag;coherent;coset,exact,1,1,1,1,1,0,0,11
5,3/4,15,1,1,1,1,1,1,branch;full;flag;coherent;coset,exact,1,1,1,1,1,0,0,11
5,3/4,16,1,1,7/8,7/8,7/8,7/8,flag;coherent;coset,exact,1,1,3/4,1,0,1,0,13
5,3/4,17,1,1,1,1,1,1,branch;full;flag;coherent;coset,exact,1,1,1,1,1,0,0,14
5,3/4,18,1,1,1,1,1,1,branch;full;flag;coherent;coset,exact,1,1,1,1,1,0,0,11
5,3/4,19,1,1,1,1,1,1,branch;full;flag;coherent;coset,exact,1,1,1,1,1,0,0,11
5,3/4,20,1,1,7/8,7/8,7/8,7/8,flag;coherent;coset,exact,1,1,3/4,1,0,1,0,13
5,3/4,21,1,1,1,1,1,1,branch;full;flag;coherent;coset,exact,1,1,1,1,1,0,0,14
5,3/4,22,1,1,1,1,1,1,branch;full;flag;coherent;coset,exact,1,1,1,1,1,0,0,11
5,3/4,23,1,1,1,1,1,1,branch;full;flag;coherent;coset,exact,1,1,1,1,1,0,0,11
5,3/4,24,1/2,1/2,7/16,7/16,7/16,7/16,flag;coherent;coset,exact,1,1,3/8,1,0,1,0,16
5,3/4,25,1,1,7/8,7/8,7/8,7/8,flag;coherent;coset,exact,1,1,3/4,1,0,1,0,34
5,3/4,26,1,1,15/16,15/16,15/16,15/16,flag;coherent;coset,exact,1,1,7/8,1,0,1,0,16
5,3/4,27,1,1,1,1,1,1,branch;full;flag;coherent;coset,exact,1,1,1,1,1,0,0,17
5,3/4,28,1/2,1/2,7/16,7/16,7/16,7/16,flag;coherent;coset,exact,1,1,3/8,1,0,1,0,16
5,3/4,29,1,1,7/8,7/8,7/8,7/8,flag;coherent;coset,exact,1,1,3/4,1,0,1,0,34
5,3/4,30,1,1,15/16,15/16,15/16,15/16,flag;coherent;coset,exact,1,1,7/8,1,0,1,0,16
5,3/4,31,1,1,1,1,1,1,branch;full;flag;coherent;coset,exact,1,1,1,1,1,0,0,17
5,3/4,32,1/2,1/2,1/2,1/2,1/2,1/2,branch;full;flag;coherent;coset,exact,1,1,1/2,1,1,0,0,13
5,3/4,33,1,1,1,1,1,1,branch;full;flag;coherent;coset,exact,1,1,1,1,1,0,0,14
5,3/4,34,1,1,1,1,1,1,branch;full;flag;coherent;coset,exact,1,1,1,1,1,0,0,11
5,3/4,35,1,1,1,1,1,1,branch;full;flag;coherent;coset,exact,1,1,1,1,1,0,0,11
5,3/4,36,1/2,1/2,7/16,7/16,7/16,7/16,flag;coherent;coset,exact,1,1,3/8,1,0,1,0,16
5,3/4,37,1,1,7/8,7/8,7/8,7/8,flag;coherent;coset,exact,1,1,3/4,1,0,1,0,34
5,3/4,38,1,1,15/16,15/16,15/16,15/16,flag;coherent;coset,exact,1,1,7/8,1,0,1,0,16
5,3/4,39,1,1,1,1,1,1,branch;full;flag;coherent;coset,exact,1,1,1,1,1,0,0,17
5,3/4,40,1/2,1/2,1/2,1/2,1/2,1/2,branch;full;flag;coherent;coset,exact,1,1,1/2,1,1,0,0,13
5,3/4,41,1,1,1,1,1,1,branch;full;flag;coherent;coset,exact,1,1,1,1,1,0,0,14
5,3/4,42,1,1,1,1,1,1,branch;full;flag;coherent;coset,exact,1,1,1,1,1,0,0,11
5,3/4,43,1,1,1,1,1,1,branch;full;flag;coherent;coset,exact,1,1,1,1,1,0,0,11
5,3/4,44,1/2,1/2,7/16,7/16,7/16,7/16,flag;coherent;coset,exact,1,1,3/8,1,0,1,0,16
5,3/4,45,1,1,7/8,7/8,7/8,7/8,flag;coherent;coset,exact,1,1,3/4,1,0,1,0,34
5,3/4,46,1,1,15/16,15/16,15/16,15/16,flag;coherent;coset,exact,1,1,7/8,1,0,1,0,16
5,3/4,47,1,1,1,1,1,1,branch;full;flag;coherent;coset,exact,1,1,1,1,1,0,0,17
5,3/4,48,1/2,1/2,1/2,1/2,1/2,1/2,branch;full;flag;coherent;coset,exact,1,1,1/2,1,1,0,0,13
5,3/4,49,1,1,1,1,1,1,branch;full;flag;coherent;coset,exact,1,1,1,1,1,0,0,14
5,3/4,50,1,1,1,1,1,1,branch;full;flag;coherent;coset,exact,1,1,1,1,1,0,0,11
5,3/4,51,1,1,1,1,1,1,branch;full;flag;coherent;coset,exact,1,1,1,1,1,0,0,11
5,3/4,52,1/2,1/2,7/16,7/16,7/16,7/16,flag;coherent;coset,exact,1,1,3/8,1,0,1,0,16
5,3/4,53,1,1,7/8,7/8,7/8,7/8,flag;coherent;coset,exact,1,1,3/4,1,0,1,0,34
5,3/4,54,1,1,15/16,15/16,15/16,15/16,flag;coherent;coset,exact,1,1,7/8,1,0,1,0,16
5,3/4,55,1,1,1,1,1,1,branch;full;flag;coherent;coset,exact,1,1,1,1,1,0,0,17
5,3/4,56,1/2,1/2,7/16,7/16,7/16,7/16,flag;coherent;coset,exact,1,1,3/8,1,0,1,0,16
5,3/4,57,1,1,7/8,7/8,7/8,7/8,flag;coherent;coset,exact,1,1,3/4,1,0,1,0,34
5,3/4,58,1,1,15/16,15/16,15/16,15/16,flag;coherent;coset,exact,1,1,7/8,1,0,1,0,16
5,3/4,59,1,1,1,1,1,1,branch;full;flag;coherent;coset,exact,1,1,1,1,1,0,0,17
5,3/4,60,1/2,1/2,1/2,1/2,1/2,1/2,branch;full;flag;coherent;coset,exact,1,1,1/2,1,1,0,0,13
5,3/4,61,1,1,1,1,1,1,branch;full;flag;coherent;coset,exact,1,1,1,1,1,0,0,14
5,3/4,62,1,1,1,1,1,1,branch;full;flag;coherent;coset,exact,1,1,1,1,1,0,0,11
5,3/4,63,1,1,1,1,1,1,branch;full;flag;coherent;coset,exact,1,1,1,1,1,0,0,11
5,1,0,1,1,1,1,1,1,branch;full;flag;coherent;coset,exact,1,1,1,1,1,0,0,7
5,1,1,1,1,1,1,1,1,branch;full;flag;coherent;coset,exact,1,1,1,1,1,0,0,7
5,1,2,1,1,1,1,1,1,branch;full;flag;coherent;coset,exact,1,1,1,1,1,0,0,7
5,1,3,1,1,1,1,1,1,branch;full;flag;coherent;coset,exact,1,1,1,1,1,0,0,7
5,1,4,1,1,1,1,1,1,branch;full;flag;coherent;coset,exact,1,1,1,1,1,0,0,7
5,1,5,1,1,1,1,1,1,branch;full;flag;coherent;coset,exact,1,1,1,1,1,0,0,7
5,1,6,1,1,1,1,1,1,branch;full;flag;coherent;coset,exact,1,1,1,1,1,0,0,7
5,1,7,1,1,1,1,1,1,branch;full;flag;coherent;coset,exact,1,1,1,1,1,0,0,7
5,1,8,1/2,1/2,1/2,1/2,1/2,1/2,branch;full;flag;coherent;coset,exact,1,1,1/2,1,1,0,0,11
5,1,9,1,1,1,1,1,1,branch;full;flag;coherent;coset,exact,1,1,1,1,1,0,0,11
5,1,10,1,1,1,1,1,1,branch;full;flag;coherent;coset,exact,1,1,1,1,1,0,0,9
5,1,11,1,1,1,1,1,1,branch;full;flag;coherent;coset,exact,1,1,1,1,1,0,0,9
5,1,12,1/2,1/2,1/2,1/2,1/2,1/2,branch;full;flag;coherent;coset,exact,1,1,1/2,1,1,0,0,11
5,1,13,1,1,1,1,1,1,branch;full;flag;coherent;coset,exact,1,1,1,1,1,0,0,11
5,1,14,1,1,1,1,1,1,branch;full;flag;coherent;coset,exact,1,1,1,1,1,0,0,9
5,1,15,1,1,1,1,1,1,branch;full;flag;coherent;coset,exact,1,1,1,1,1,0,0,9
5,1,16,1,1,1,1,1,1,branch;full;flag;coherent;coset,exact,1,1,1,1,1,0,0,7
5,1,17,1,1,1,1,1,1,branch;full;flag;coherent;coset,exact,1,1,1,1,1,0,0,7
5,1,18,1,1,1,1,1,1,branch;full;flag;coherent;coset,exact,1,1,1,1,1,0,0,7
5,1,19,1,1,1,1,1,1,branch;full;flag;coherent;coset,exact,1,1,1,1,1,0,0,7
5,1,20,1,1,1,1,1,1,branch;full;flag;coherent;coset,exact,1,1,1,1,1,0,0,7
5,1,21,1,1,1,1,1,1,branch;full;flag;coherent;coset,exact,1,1,1,1,1,0,0,7
5,1,22,1,1,1,1,1,1,branch;full;flag;coherent;coset,exact,1,1,1,1,1,0,0,7
5,1,23,1,1,1,1,1,1,branch;full;flag;coherent;coset,exact,1,1,1,1,1,0,0,7
5,1,24,1/2,1/2,1/2,1/2,1/2,1/2,branch;full;flag;coherent;coset,exact,1,1,1/2,1,1,0,0,11
5,1,25,1,1,1,1,1,1,branch;full;flag;coherent;coset,exact,1,1,1,1,1,0,0,11
5,1,26,1,1,1,1,1,1,branch;full;flag;coherent;coset,exact,1,1,1,1,1,0,0,9
5,1,27,1,1,1,1,1,1,branch;full;flag;coherent;coset,exact,1,1,1,1,1,0,0,9
5,1,28,1/2,1/2,1/2,1/2,1/2,1/2,branch;full;flag;coherent;coset,exact,1,1,1/2,1,1,0,0,11
5,1,29,1,1,1,1,1,1,branch;full;flag;coherent;coset,exact,1,1,1,1,1,0,0,11
5,1,30,1,1,1,1,1,1,branch;full;flag;coherent;coset,exact,1,1,1,1,1,0,0,9
5,1,31,1,1,1,1,1,1,branch;full;flag;coherent;coset,exact,1,1,1,1,1,0,0,9
5,1,32,1/2,1/2,1/2,1/2,1/2,1/2,branch;full;flag;coherent;coset,exact,1,1,1/2,1,1,0,0,11
5,1,33,1,1,1,1,1,1,branch;full;flag;coherent;coset,exact,1,1,1,1,1,0,0,11
5,1,34,1,1,1,1,1,1,branch;full;flag;coherent;coset,exact,1,1,1,1,1,0,0,9
5,1,35,1,1,1,1,1,1,branch;full;flag;coherent;coset,exact,1,1,1,1,1,0,0,9
5,1,36,1/2,1/2,1/2,1/2,1/2,1/2,branch;full;flag;coherent;coset,exact,1,1,1/2,1,1,0,0,11
5,1,37,1,1,1,1,1,1,branch;full;flag;coherent;coset,exact,1,1,1,1,1,0,0,11
5,1,38,1,1,1,1,1,1,branch;full;flag;coherent;coset,exact,1,1,1,1,1,0,0,9
5,1,39,1,1,1,1,1,1,branch;full;flag;coherent;coset,exact,1,1,1,1,1,0,0,9
5,1,40,1/2,1/2,1/2,1/2,1/2,1/2,branch;full;flag;coherent;coset,exact,1,1,1/2,1,1,0,0,11
5,1,41,1,1,1,1,1,1,branch;full;flag;coherent;coset,exact,1,1,1,1,1,0,0,11
5,1,42,1,1,1,1,1,1,branch;full;flag;coherent;coset,exact,1,1,1,1,1,0,0,9
5,1,43,1,1,1,1,1,1,branch;full;flag;coherent;coset,exact,1,1,1,1,1,0,0,9
5,1,44,1/2,1/2,1/2,1/2,1/2,1/2,branch;full;flag;coherent;coset,exact,1,1,1/2,1,1,0,0,11
5,1,45,1,1,1,1,1,1,branch;full;flag;coherent;coset,exact,1,1,1,1,1,0,0,11
5,1,46,1,1,1,1,1,1,branch;full;flag;coherent;coset,exact,1,1,1,1,1,0,0,9
5,1,47,1,1,1,1,1,1,branch;full;flag;coherent;coset,exact,1,1,1,1,1,0,0,9
5,1,48,1/2,1/2,1/2,1/2,1/2,1/2,branch;full;flag;coherent;coset,exact,1,1,1/2,1,1,0,0,11
5,1,49,1,1,1,1,1,1,branch;full;flag;coherent;coset,exact,1,1,1,1,1,0,0,11
5,1,50,1,1,1,1,1,1,branch;full;flag;coherent;coset,exact,1,1,1,1,1,0,0,9
5,1,51,1,1,1,1,1,1,branch;full;flag;coherent;coset,exact,1,1,1,1,1,0,0,9
5,1,52,1/2,1/2,1/2,1/2,1/2,1/2,branch;full;flag;coherent;coset,exact,1,1,1/2,1,1,0,0,11
5,1,53,1,1,1,1,1,1,branch;full;flag;coherent;coset,exact,1,1,1,1,1,0,0,11
5,1,54,1,1,1,1,1,1,branch;full;flag;coherent;coset,exact,1,1,1,1,1,0,0,9
5,1,55,1,1,1,1,1,1,branch;full;flag;coherent;coset,exact,1,1,1,1,1,0,0,9
5,1,56,1/2,1/2,1/2,1/2,1/2,1/2,branch;full;flag;coherent;coset,exact,1,1,1/2,1,1,0,0,11
5,1,57,1,1,1,1,1,1,branch;full;flag;coherent;coset,exact,1,1,1,1,1,0,0,11
5,1,58,1,1,1,1,1,1,branch;full;flag;coherent;coset,exact,1,1,1,1,1,0,0,9
5,1,59,1,1,1,1,1,1,branch;full;flag;coherent;coset,exact,1,1,1,1,1,0,0,9
5,1,60,1/2,1/2,1/2,1/2,1/2,1/2,branch;full;flag;coherent;coset,exact,1,1,1/2,1,1,0,0,11
5,1,61,1,1,1,1,1,1,branch;full;flag;coherent;coset,exact,1,1,1,1,1,0,0,11
5,1,62,1,1,1,1,1,1,branch;full;flag;coherent;coset,exact,1,1,1,1,1,0,0,9
5,1,63,1,1,1,1,1,1,branch;full;flag;coherent;coset,exact,1,1,1,1,1,0,0,9
6,0,0,1,1,1,1,1,1,branch;full;flag;coherent;coset,exact,1,1,1,1,1,0,0,10
6,0,1,1,1,1,1,1,1,branch;full;flag;coherent;coset,exact,1,1,1,1,1,0,0,10
6,0,2,1,1,1,1,1,1,branch;full;flag;coherent;coset,exact,1,1,1,1,1,0,0,10
6,0,3,1,1,1,1,1,1,branch;full;flag;coherent;coset,exact,1,1,1,1,1,0,0,10
6,0,4,1,1,1,1,1,1,branch;full;flag;coherent;coset,exact,1,1,1,1,1,0,0,10
6,0,5,1,1,1,1,1,1,branch;full;flag;coherent;coset,exact,1,1,1,1,1,0,0,10
6,0,6,1,1,1,1,1,1,branch;full;flag;coherent;coset,exact,1,1,1,1,1,0,0,10
6,0,7,1,1,1,1,1,1,branch;full;flag;coherent;coset,exact,1,1,1,1,1,0,0,10
6,0,8,1,1,1,1,1,1,branch;full;flag;coherent;coset,exact,1,1,1,1,1,0,0,10
6,0,9,1,1,1,1,1,1,branch;full;flag;coherent;coset,exact,1,1,1,1,1,0,0,10
6,0,10,1,1,1,1,1,1,branch;full;flag;coherent;coset,exact,1,1,1,1,1,0,0,10
6,0,11,1,1,1,1,1,1,branch;full;flag;coherent;coset,exact,1,1,1,1,1,0,0,10
6,0,12,1,1,1,1,1,1,branch;full;flag;coherent;coset,exact,1,1,1,1,1,0,0,10
6,0,13,1,1,1,1,1,1,branch;full;flag;coherent;coset,exact,1,1,1,1,1,0,0,10
6,0,14,1,1,1,1,1,1,branch;full;flag;coherent;coset,exact,1,1,1,1,1,0,0,10
6,0,15,1,1,1,1,1,1,branch;full;flag;coherent;coset,exact,1,1,1,1,1,0,0,10
6,0,16,1,1,1,1,1,1,branch;full;flag;coherent;coset,exact,1,1,1,1,1,0,0,10
6,0,17,1,1,1,1,1,1,branch;full;flag;coherent;coset,exact,1,1,1,1,1,0,0,10
6,0,18,1,1,1,1,1,1,branch;full;flag;coherent;coset,exact,1,1,1,1,1,0,0,10
6,0,19,1,1,1,1,1,1,branch;full;flag;coherent;coset,exact,1,1,1,1,1,0,0,10
6,0,20,1,1,1,1,1,1,branch;full;flag;coherent;coset,exact,1,1,1,1,1,0,0,10
6,0,21,1,1,1,1,1,1,branch;full;flag;coherent;coset,exact,1,1,1,1,1,0,0,10
6,0,22,1,1,1,1,1,1,branch;full;flag;coherent;coset,exact,1,1,1,1,1,0,0,10
6,0,23,1,1,1,1,1,1,branch;full;flag;coherent;coset,exact,1,1,1,1,1,0,0,10
6,0,24,1,1,1,1,1,1,branch;full;flag;coherent;coset,exact,1,1,1,1,1,0,0,10
6,0,25,1,1,1,1,1,1,branch;full;flag;coherent;coset,exact,1,1,1,1,1,0,0,10
6,0,26,1,1,1,1,1,1,branch;full;flag;coherent;coset,exact,1,1,1,1,1,0,0,10
6,0,27,1,1,1,1,1,1,branch;full;flag;coherent;coset,exact,1,1,1,1,1,0,0,10
6,0,28,1,1,1,1,1,1,branch;full;flag;coherent;coset,exact,1,1,1,1,1,0,0,10
6,0,29,1,1,1,1,1,1,branch;full;flag;coherent;coset,exact,1,1,1,1,1,0,0,10
6,0,30,1,1,1,1,1,1,branch;full;flag;coherent;coset,exact,1,1,1,1,1,0,0,10
6,0,31,1,1,1,1,1,1,branch;full;flag;coherent;coset,exact,1,1,1,1,1,0,0,10
6,0,32,1,1,1,1,1,1,branch;full;flag;coherent;coset,exact,1,1,1,1,1,0,0,10
6,0,33,1,1,1,1,1,1,branch;full;flag;coherent;coset,exact,1,1,1,1,1,0,0,10
6,0,34,1,1,1,1,1,1,branch;full;flag;coherent;coset,exact,1,1,1,1,1,0,0,10
6,0,35,1,1,1,1,1,1,branch;full;flag;coherent;coset,exact,1,1,1,1,1,0,0,10
6,0,36,1,1,1,1,1,1,branch;full;flag;coherent;coset,exact,1,1,1,1,1,0,0,10
6,0,37,1,1,1,1,1,1,branch;full;flag;coherent;coset,exact,1,1,1,1,1,0,0,10
6,0,38,1,1,1,1,1,1,branch;full;flag;coherent;coset,exact,1,1,1,1,1,0,0,10
6,0,39,1,1,1,1,1,1,branch;full;flag;coherent;coset,exact,1,1,1,1,1,0,0,10
6,0,40,1,1,1,1,1,1,branch;full;flag;coherent;coset,exact,1,1,1,1,1,0,0,10
6,0,41,1,1,1,1,1,1,branch;full;flag;coherent;coset,exact,1,1,1,1,1,0,0,10
6,0,42,1,1,1,1,1,1,branch;full;flag;coherent;coset,exact,1,1,1,1,1,0,0,10
6,0,43,1,1,1,1,1,1,branch;full;flag;coherent;coset,exact,1,1,1,1,1,0,0,10
6,0,44,1,1,1,1,1,1,branch;full;flag;coherent;coset,exact,1,1,1,1,1,0,0,10
6,0,45,1,1,1,1,1,1,branch;full;flag;coherent;coset,exact,1,1,1,1,1,0,0,10
6,0,46,1,1,1,1,1,1,branch;full;flag;coherent;coset,exact,1,1,1,1,1,0,0,10
6,0,47,1,1,1,1,1,1,branch;full;flag;coherent;coset,exact,1,1,1,1,1,0,0,10
6,0,48,1,1,1,1,1,1,branch;full;flag;coherent;coset,exact,1,1,1,1,1,0,0,10
6,0,49,1,1,1,1,1,1,branch;full;flag;coherent;coset,exact,1,1,1,1,1,0,0,10
6,0,50,1,1,1,1,1,1,branch;full;flag;coherent;coset,exact,1,1,1,1,1,0,0,10
6,0,51,1,1,1,1,1,1,branch;full;flag;coherent;coset,exact,1,1,1,1,1,0,0,10
6,0,52,1,1,1,1,1,1,branch;full;flag;coherent;coset,exact,1,1,1,1,1,0,0,10
6,0,53,1,1,1,1,1,1,branch;full;flag;coherent;coset,exact,1,1,1,1,1,0,0,10
6,0,54,1,1,1,1,1,1,branch;full;flag;coherent;coset,exact,1,1,1,1,1,0,0,10
6,0,55,1,1,1,1,1,1,branch;full;flag;coherent;coset,exact,1,1,1,1,1,0,0,10
6,0,56,1,1,1,1,1,1,branch;full;flag;coherent;coset,exact,1,1,1,1,1,0,0,10
6,0,57,1,1,1,1,1,1,branch;full;flag;coherent;coset,exact,1,1,1,1,1,0,0,10
6,0,58,1,1,1,1,1,1,branch;full;flag;coherent;coset,exact,1,1,1,1,1,0,0,10
6,0,59,1,1,1,1,1,1,branch;full;flag;coherent;coset,exact,1,1,1,1,1,0,0,10
6,0,60,1,1,1,1,1,1,branch;full;flag;coherent;coset,exact,1,1,1,1,1,0,0,10
6,0,61,1,1,1,1,1,1,branch;full;flag;coherent;coset,exact,1,1,1,1,1,0,0,10
6,0,62,1,1,1,1,1,1,branch;full;flag;coherent;coset,exact,1,1,1,1,1,0,0,10
6,0,63,1,1,1,1,1,1,branch;full;flag;coherent;coset,exact,1,1,1,1,1,0,0,10
6,1/4,0,1,1,1,1,1,1,branch;full;flag;coherent;coset,exact,1,1,1,1,1,0,0,10
6,1/4,1,1,1,1,1,1,1,branch;full;flag;coherent;coset,exact,1,1,1,1,1,0,0,10
6,1/4,2,1,1,1,1,1,1,branch;full;flag;coherent;coset,exact,1,1,1,1,1,0,0,10
6,1/4,3,1,1,1,1,1,1,branch;full;flag;coherent;coset,exact,1,1,1,1,1,0,0,10
6,1/4,4,1,1,3/4,3/4,3/4,3/4,flag;coherent;coset,exact,1,1,3/4,1,1,1,0,17
6,1/4,5,1,1,1,1,1,1,branch;full;flag;coherent;coset,exact,1,1,1,1,1,0,0,18
6,1/4,6,1,1,1,1,1,1,branch;full;flag;coherent;coset,exact,1,1,1,1,1,0,0,14
6,1/4,7,1,1,1,1,1,1,branch;full;flag;coherent;coset,exact,1,1,1,1,1,0,0,14
6,1/4,8,1,1,3/4,3/4,3/4,3/4,flag;coherent;coset,exact,1,1,3/4,1,1,1,0,17
6,1/4,9,1,1,1,1,1,1,branch;full;flag;coherent;coset,exact,1,1,1,1,1,0,0,18
6,1/4,10,1,1,1,1,1,1,branch;full;flag;coherent;coset,exact,1,1,1,1,1,0,0,14
6,1/4,11,1,1,1,1,1,1,branch;full;flag;coherent;coset,exact,1,1,1,1,1,0,0,14
6,1/4,12,1,1,5/8,5/8,5/8,5/8,flag;coherent;coset,exact,1,1,5/8,1,1,1,0,15
6,1/4,13,1,1,1,1,1,1,branch;full;flag;coherent;coset,exact,1,1,1,1,1,0,0,16
6,1/4,14,1,1,1,1,1,1,branch;full;flag;coherent;coset,exact,1,1,1,1,1,0,0,12
6,1/4,15,1,1,1,1,1,1,branch;full;flag;coherent;coset,exact,1,1,1,1,1,0,0,12
6,1/4,16,1,1,3/4,3/4,3/4,3/4,flag;coherent;coset,exact,1,1,3/4,1,1,1,0,17
6,1/4,17,1,1,1,1,1,1,branch;full;flag;coherent;coset,exact,1,1,1,1,1,0,0,18
6,1/4,18,1,1,1,1,1,1,branch;full;flag;coherent;coset,exact,1,1,1,1,1,0,0,14
6,1/4,19,1,1,1,1,1,1,branch;full;flag;coherent;coset,exact,1,1,1,1,1,0,0,14
6,1/4,20,1,1,3/4,3/4,3/4,3/4,flag;coherent;coset,exact,1,1,3/4,1,1,1,0,17
6,1/4,21,1,1,1,1,1,1,branch;full;flag;coherent;coset,exact,1,1,1,1,1,0,0,18
6,1/4,22,1,1,1,1,1,1,branch;full;flag;coherent;coset,exact,1,1,1,1,1,0,0,14
6,1/4,23,1,1,1,1,1,1,branch;full;flag;coherent;coset,exact,1,1,1,1,1,0,0,14
6,1/4,24,1,1,9/16,9/16,9/16,9/16,flag;coherent;coset,exact,1,1,9/16,1,1,1,0,21
6,1/4,25,1,1,7/8,7/8,7/8,7/8,flag;coherent;coset,exact,1,1,3/4,1,0,1,0,43
6,1/4,26,1,1,15/16,15/16,15/16,15/16,flag;coherent;coset,exact,1,1,15/16,1,1,1,0,17
6,1/4,27,1,1,1,1,1,1,branch;full;flag;coherent;coset,exact,1,1,1,1,1,0,0,18
6,1/4,28,1,1,9/16,9/16,9/16,9/16,flag;coherent;coset,exact,1,1,9/16,1,1,1,0,21
6,1/4,29,1,1,7/8,7/8,7/8,7/8,flag;coherent;coset,exact,1,1,3/4,1,0,1,0,43
6,1/4,30,1,1,15/16,15/16,15/16,15/16,flag;coherent;coset,exact,1,1,15/16,1,1,1,0,17
6,1/4,31,1,1,1,1,1,1,branch;full;flag;coherent;coset,exact,1,1,1,1,1,0,0,18
6,1/4,32,1,1,3/4,3/4,3/4,3/4,flag;coherent;coset,exact,1,1,3/4,1,1,1,0,17
6,1/4,33,1,1,1,1,1,1,branch;full;flag;coherent;coset,exact,1,1,1,1,1,0,0,18
6,1/4,34,1,1,1,1,1,1,branch;full;flag;coherent;coset,exact,1,1,1,1,1,0,0,14
6,1/4,35,1,1,1,1,1,1,branch;full;flag;coherent;coset,exact,1,1,1,1,1,0,0,14
6,1/4,36,1,1,9/16,9/16,9/16,9/16,flag;coherent;coset,exact,1,1,9/16,1,1,1,0,21
6,1/4,37,1,1,7/8,7/8,7/8,7/8,flag;coherent;coset,exact,1,1,3/4,1,0,1,0,43
6,1/4,38,1,1,15/16,15/16,15/16,15/16,flag;coherent;coset,exact,1,1,15/16,1,1,1,0,17
6,1/4,39,1,1,1,1,1,1,branch;full;flag;coherent;coset,exact,1,1,1,1,1,0,0,18
6,1/4,40,1,1,3/4,3/4,3/4,3/4,flag;coherent;coset,exact,1,1,3/4,1,1,1,0,17
6,1/4,41,1,1,1,1,1,1,branch;full;flag;coherent;coset,exact,1,1,1,1,1,0,0,18
6,1/4,42,1,1,1,1,1,1,branch;full;flag;coherent;coset,exact,1,1,1,1,1,0,0,14
6,1/4,43,1,1,1,1,1,1,branch;full;flag;coherent;coset,exact,1,1,1,1,1,0,0,14
6,1/4,44,1,1,9/16,9/16,9/16,9/16,flag;coherent;coset,exact,1,1,9/16,1,1,1,0,21
6,1/4,45,1,1,7/8,7/8,7/8,7/8,flag;coherent;coset,exact,1,1,3/4,1,0,1,0,43
6,1/4,46,1,1,15/16,15/16,15/16,15/16,flag;coherent;coset,exact,1,1,15/16,1,1,1,0,17
6,1/4,47,1,1,1,1,1,1,branch;full;flag;coherent;coset,exact,1,1,1,1,1,0,0,18
6,1/4,48,1,1,5/8,5/8,5/8,5/8,flag;coherent;coset,exact,1,1,5/8,1,1,1,0,15
6,1/4,49,1,1,1,1,1,1,branch;full;flag;coherent;coset,exact,1,1,1,1,1,0,0,16
6,1/4,50,1,1,1,1,1,1,branch;full;flag;coherent;coset,exact,1,1,1,1,1,0,0,12
6,1/4,51,1,1,1,1,1,1,branch;full;flag;coherent;coset,exact,1,1,1,1,1,0,0,12
6,1/4,52,1,1,9/16,9/16,9/16,9/16,flag;coherent;coset,exact,1,1,9/16,1,1,1,0,21
6,1/4,53,1,1,7/8,7/8,7/8,7/8,flag;coherent;coset,exact,1,1,3/4,1,0,1,0,43
6,1/4,54,1,1,15/16,15/16,15/16,15/16,flag;coherent;coset,exact,1,1,15/16,1,1,1,0,17
6,1/4,55,1,1,1,1,1,1,branch;full;flag;coherent;coset,exact,1,1,1,1,1,0,0,18
6,1/4,56,1,1,9/16,9/16,9/16,9/16,flag;coherent;coset,exact,1,1,9/16,1,1,1,0,21
6,1/4,57,1,1,7/8,7/8,7/8,7/8,flag;coherent;coset,exact,1,1,3/4,1,0,1,0,43
6,1/4,58,1,1,15/16,15/16,15/16,15/16,flag;coherent;coset,exact,1,1,15/16,1,1,1,0,17
6,1/4,59,1,1,1,1,1,1,branch;full;flag;coherent;coset,exact,1,1,1,1,1,0,0,18
6,1/4,60,1,1,5/8,5/8,5/8,5/8,flag;coherent;coset,exact,1,1,5/8,1,1,1,0,15
6,1/4,61,1,1,1,1,1,1,branch;full;flag;coherent;coset,exact,1,1,1,1,1,0,0,16
6,1/4,62,1,1,1,1,1,1,branch;full;flag;coherent;coset,exact,1,1,1,1,1,0,0,12
6,1/4,63,1,1,1,1,1,1,branch;full;flag;coherent;coset,exact,1,1,1,1,1,0,0,12
6,1/2,0,1,1,1,1,1,1,branch;full;flag;coherent;coset,exact,1,1,1,1,1,0,0,4
6,1/2,1,1,1,1,1,1,1,branch;full;flag;coherent;coset,exact,1,1,1,1,1,0,0,4
6,1/2,2,1,1,1,1,1,1,branch;full;flag;coherent;coset,exact,1,1,1,1,1,0,0,4
6,1/2,3,1,1,1,1,1,1,branch;full;flag;coherent;coset,exact,1,1,1,1,1,0,0,4
6,1/2,4,1,1,1/2,1/2,1/2,1/2,flag;coherent;coset,exact,1,1,1/2,1,1,1,0,5
6,1/2,5,1,1,1,1,1,1,branch;full;flag;coherent;coset,exact,1,1,1,1,1,0,0,6
6,1/2,6,1,1,1,1,1,1,branch;full;flag;coherent;coset,exact,1,1,1,1,1,0,0,5
6,1/2,7,1,1,1,1,1,1,branch;full;flag;coherent;coset,exact,1,1,1,1,1,0,0,5
6,1/2,8,1,1,1/2,1/2,1/2,1/2,flag;coherent;coset,exact,1,1,1/2,1,1,1,0,5
6,1/2,9,1,1,1,1,1,1,branch;full;flag;coherent;coset,exact,1,1,1,1,1,0,0,6
6,1/2,10,1,1,1,1,1,1,branch;full;flag;coherent;coset,exact,1,1,1,1,1,0,0,5
6,1/2,11,1,1,1,1,1,1,branch;full;flag;coherent;coset,exact,1,1,1,1,1,0,0,5
6,1/2,12,1,1,1/2,1/2,1/2,1/2,flag;coherent;coset,exact,1,1,1/2,1,1,1,0,5
6,1/2,13,1,1,1,1,1,1,branch;full;flag;coherent;coset,exact,1,1,1,1,1,0,0,6
6,1/2,14,1,1,1,1,1,1,branch;full;flag;coherent;coset,exact,1,1,1,1,1,0,0,5
6,1/2,15,1,1,1,1,1,1,branch;full;flag;coherent;coset,exact,1,1,1,1,1,0,0,5
6,1/2,16,1,1,1/2,1/2,1/2,1/2,flag;coherent;coset,exact,1,1,1/2,1,1,1,0,5
6,1/2,17,1,1,1,1,1,1,branch;full;flag;coherent;coset,exact,1,1,1,1,1,0,0,6
6,1/2,18,1,1,1,1,1,1,branch;full;flag;coherent;coset,exact,1,1,1,1,1,0,0,5
6,1/2,19,1,1,1,1,1,1,branch;full;flag;coherent;coset,exact,1,1,1,1,1,0,0,5
6,1/2,20,1,1,1/2,1/2,1/2,1/2,flag;coherent;coset,exact,1,1,1/2,1,1,1,0,5
6,1/2,21,1,1,1,1,1,1,branch;full;flag;coherent;coset,exact,1,1,1,1,1,0,0,6
6,1/2,22,1,1,1,1,1,1,branch;full;flag;coherent;coset,exact,1,1,1,1,1,0,0,5
6,1/2,23,1,1,1,1,1,1,branch;full;flag;coherent;coset,exact,1,1,1,1,1,0,0,5
6,1/2,24,1,1,1/4,1/4,1/4,1/4,flag;coherent;coset,exact,1,1,1/4,1,1,1,0,6
6,1/2,25,1,1,1/2,1/2,1/2,1/2,flag;coherent;coset,exact,1,1,1/2,1,1,1,0,12
6,1/2,26,1,1,3/4,3/4,3/4,3/4,flag;coherent;coset,exact,1,1,3/4,1,1,1,0,6
6,1/2,27,1,1,1,1,1,1,branch;full;flag;coherent;coset,exact,1,1,1,1,1,0,0,7
6,1/2,28,1,1,1/4,1/4,1/4,1/4,flag;coherent;coset,exact,1,1,1/4,1,1,1,0,6
6,1/2,29,1,1,1/2,1/2,1/2,1/2,flag;coherent;coset,exact,1,1,1/2,1,1,1,0,12
6,1/2,30,1,1,3/4,3/4,3/4,3/4,flag;coherent;coset,exact,1,1,3/4,1,1,1,0,6
6,1/2,31,1,1,1,1,1,1,branch;full;flag;coherent;coset,exact,1,1,1,1,1,0,0,7
6,1/2,32,1,1,1/2,1/2,1/2,1/2,flag;coherent;coset,exact,1,1,1/2,1,1,1,0,5
6,1/2,33,1,1,1,1,1,1,branch;full;flag;coherent;coset,exact,1,1,1,1,1,0,0,6
6,1/2,34,1,1,1,1,1,1,branch;full;flag;coherent;coset,exact,1,1,1,1,1,0,0,5
6,1/2,35,1,1,1,1,1,1,branch;full;flag;coherent;coset,exact,1,1,1,1,1,0,0,5
6,1/2,36,1,1,1/4,1/4,1/4,1/4,flag;coherent;coset,exact,1,1,1/4,1,1,1,0,6
6,1/2,37,1,1,1/2,1/2,1/2,1/2,flag;coherent;coset,exact,1,1,1/2,1,1,1,0,12
6,1/2,38,1,1,3/4,3/4,3/4,3/4,flag;coherent;coset,exact,1,1,3/4,1,1,1,0,6
6,1/2,39,1,1,1,1,1,1,branch;full;flag;coherent;coset,exact,1,1,1,1,1,0,0,7
6,1/2,40,1,1,1/2,1/2,1/2,1/2,flag;coherent;coset,exact,1,1,1/2,1,1,1,0,5
6,1/2,41,1,1,1,1,1,1,branch;full;flag;coherent;coset,exact,1,1,1,1,1,0,0,6
6,1/2,42,1,1,1,1,1,1,branch;full;flag;coherent;coset,exact,1,1,1,1,1,0,0,5
6,1/2,43,1,1,1,1,1,1,branch;full;flag;coherent;coset,exact,1,1,1,1,1,0,0,5
6,1/2,44,1,1,1/4,1/4,1/4,1/4,flag;coherent;coset,exact,1,1,1/4,1,1,1,0,6
6,1/2,45,1,1,1/2,1/2,1/2,1/2,flag;coherent;coset,exact,1,1,1/2,1,1,1,0,12
6,1/2,46,1,1,3/4,3/4,3/4,3/4,flag;coherent;coset,exact,1,1,3/4,1,1,1,0,6
6,1/2,47,1,1,1,1,1,1,branch;full;flag;coherent;coset,exact,1,1,1,1,1,0,0,7
6,1/2,48,1,1,1/2,1/2,1/2,1/2,flag;coherent;coset,exact,1,1,1/2,1,1,1,0,5
6,1/2,49,1,1,1,1,1,1,branch;full;flag;coherent;coset,exact,1,1,1,1,1,0,0,6
6,1/2,50,1,1,1,1,1,1,branch;full;flag;coherent;coset,exact,1,1,1,1,1,0,0,5
6,1/2,51,1,1,1,1,1,1,branch;full;flag;coherent;coset,exact,1,1,1,1,1,0,0,5
6,1/2,52,1,1,1/4,1/4,1/4,1/4,flag;coherent;coset,exact,1,1,1/4,1,1,1,0,6
6,1/2,53,1,1,1/2,1/2,1/2,1/2,flag;coherent;coset,exact,1,1,1/2,1,1,1,0,12
6,1/2,54,1,1,3/4,3/4,3/4,3/4,flag;coherent;coset,exact,1,1,3/4,1,1,1,0,6
6,1/2,55,1,1,1,1,1,1,branch;full;flag;coherent;coset,exact,1,1,1,1,1,0,0,7
6,1/2,56,1,1,1/4,1/4,1/4,1/4,flag;coherent;coset,exact,1,1,1/4,1,1,1,0,6
6,1/2,57,1,1,1/2,1/2,1/2,1/2,flag;coherent;coset,exact,1,1,1/2,1,1,1,0,12
6,1/2,58,1,1,3/4,3/4,3/4,3/4,flag;coherent;coset,exact,1,1,3/4,1,1,1,0,6
6,1/2,59,1,1,1,1,1,1,branch;full;flag;coherent;coset,exact,1,1,1,1,1,0,0,7
6,1/2,60,1,1,1/2,1/2,1/2,1/2,flag;coherent;coset,exact,1,1,1/2,1,1,1,0,5
6,1/2,61,1,1,1,1,1,1,branch;full;flag;coherent;coset,exact,1,1,1,1,1,0,0,6
6,1/2,62,1,1,1,1,1,1,branch;full;flag;coherent;coset,exact,1,1,1,1,1,0,0,5
6,1/2,63,1,1,1,1,1,1,branch;full;flag;coherent;coset,exact,1,1,1,1,1,0,0,5
6,3/4,0,1,1,1,1,1,1,branch;full;flag;coherent;coset,exact,1,1,1,1,1,0,0,10
6,3/4,1,1,1,1,1,1,1,branch;full;flag;coherent;coset,exact,1,1,1,1,1,0,0,10
6,3/4,2,1,1,1,1,1,1,branch;full;flag;coherent;coset,exact,1,1,1,1,1,0,0,10
6,3/4,3,1,1,1,1,1,1,branch;full;flag;coherent;coset,exact,1,1,1,1,1,0,0,10
6,3/4,4,1,1,3/4,3/4,3/4,3/4,flag;coherent;coset,exact,1,1,3/4,1,1,1,0,17
6,3/4,5,1,1,1,1,1,1,branch;full;flag;coherent;coset,exact,1,1,1,1,1,0,0,18
6,3/4,6,1,1,1,1,1,1,branch;full;flag;coherent;coset,exact,1,1,1,1,1,0,0,14
6,3/4,7,1,1,1,1,1,1,branch;full;flag;coherent;coset,exact,1,1,1,1,1,0,0,14
6,3/4,8,1,1,3/4,3/4,3/4,3/4,flag;coherent;coset,exact,1,1,3/4,1,1,1,0,17
6,3/4,9,1,1,1,1,1,1,branch;full;flag;coherent;coset,exact,1,1,1,1,1,0,0,18
6,3/4,10,1,1,1,1,1,1,branch;full;flag;coherent;coset,exact,1,1,1,1,1,0,0,14
6,3/4,11,1,1,1,1,1,1,branch;full;flag;coherent;coset,exact,1,1,1,1,1,0,0,14
6,3/4,12,1,1,5/8,5/8,5/8,5/8,flag;coherent;coset,exact,1,1,5/8,1,1,1,0,15
6,3/4,13,1,1,1,1,1,1,branch;full;flag;coherent;coset,exact,1,1,1,1,1,0,0,16
6,3/4,14,1,1,1,1,1,1,branch;full;flag;coherent;coset,exact,1,1,1,1,1,0,0,12
6,3/4,15,1,1,1,1,1,1,branch;full;flag;coherent;coset,exact,1,1,1,1,1,0,0,12
6,3/4,16,1,1,3/4,3/4,3/4,3/4,flag;coherent;coset,exact,1,1,3/4,1,1,1,0,17
6,3/4,17,1,1,1,1,1,1,branch;full;flag;coherent;coset,exact,1,1,1,1,1,0,0,18
6,3/4,18,1,1,1,1,1,1,branch;full;flag;coherent;coset,exact,1,1,1,1,1,0,0,14
6,3/4,19,1,1,1,1,1,1,branch;full;flag;coherent;coset,exact,1,1,1,1,1,0,0,14
6,3/4,20,1,1,3/4,3/4,3/4,3/4,flag;coherent;coset,exact,1,1,3/4,1,1,1,0,17
6,3/4,21,1,1,1,1,1,1,branch;full;flag;coherent;coset,exact,1,1,1,1,1,0,0,18
6,3/4,22,1,1,1,1,1,1,branch;full;flag;coherent;coset,exact,1,1,1,1,1,0,0,14
6,3/4,23,1,1,1,1,1,1,branch;full;flag;coherent;coset,exact,1,1,1,1,1,0,0,14
6,3/4,24,1,1,9/16,9/16,9/16,9/16,flag;coherent;coset,exact,1,1,9/16,1,1,1,0,21
6,3/4,25,1,1,7/8,7/8,7/8,7/8,flag;coherent;coset,exact,1,1,3/4,1,0,1,0,43
6,3/4,26,1,1,15/16,15/16,15/16,15/16,flag;coherent;coset,exact,1,1,15/16,1,1,1,0,17
6,3/4,27,1,1,1,1,1,1,branch;full;flag;coherent;coset,exact,1,1,1,1,1,0,0,18
6,3/4,28,1,1,9/16,9/16,9/16,9/16,flag;coherent;coset,exact,1,1,9/16,1,1,1,0,21
6,3/4,29,1,1,7/8,7/8,7/8,7/8,flag;coherent;coset,exact,1,1,3/4,1,0,1,0,43
6,3/4,30,1,1,15/16,15/16,15/16,15/16,flag;coherent;coset,exact,1,1,15/16,1,1,1,0,17
6,3/4,31,1,1,1,1,1,1,branch;full;flag;coherent;coset,exact,1,1,1,1,1,0,0,18
6,3/4,32,1,1,3/4,3/4,3/4,3/4,flag;coherent;coset,exact,1,1,3/4,1,1,1,0,17
6,3/4,33,1,1,1,1,1,1,branch;full;flag;coherent;coset,exact,1,1,1,1,1,0,0,18
6,3/4,34,1,1,1,1,1,1,branch;full;flag;coherent;coset,exact,1,1,1,1,1,0,0,14
6,3/4,35,1,1,1,1,1,1,branch;full;flag;coherent;coset,exact,1,1,1,1,1,0,0,14
6,3/4,36,1,1,9/16,9/16,9/16,9/16,flag;coherent;coset,exact,1,1,9/16,1,1,1,0,21
6,3/4,37,1,1,7/8,7/8,7/8,7/8,flag;coherent;coset,exact,1,1,3/4,1,0,1,0,43
6,3/4,38,1,1,15/16,15/16,15/16,15/16,flag;coherent;coset,exact,1,1,15/16,1,1,1,0,17
6,3/4,39,1,1,1,1,1,1,branch;full;flag;coherent;coset,exact,1,1,1,1,1,0,0,18
6,3/4,40,1,1,3/4,3/4,3/4,3/4,flag;coherent;coset,exact,1,1,3/4,1,1,1,0,17
6,3/4,41,1,1,1,1,1,1,branch;full;flag;coherent;coset,exact,1,1,1,1,1,0,0,18
6,3/4,42,1,1,1,1,1,1,branch;full;flag;coherent;coset,exact,1,1,1,1,1,0,0,14
6,3/4,43,1,1,1,1,1,1,branch;full;flag;coherent;coset,exact,1,1,1,1,1,0,0,14
6,3/4,44,1,1,9/16,9/16,9/16,9/16,flag;coherent;coset,exact,1,1,9/16,1,1,1,0,21
6,3/4,45,1,1,7/8,7/8,7/8,7/8,flag;coherent;coset,exact,1,1,3/4,1,0,1,0,43
6,3/4,46,1,1,15/16,15/16,15/16,15/16,flag;coherent;coset,exact,1,1,15/16,1,1,1,0,17
6,3/4,47,1,1,1,1,1,1,branch;full;flag;coherent;coset,exact,1,1,1,1,1,0,0,18
6,3/4,48,1,1,5/8,5/8,5/8,5/8,flag;coherent;coset,exact,1,1,5/8,1,1,1,0,15
6,3/4,49,1,1,1,1,1,1,branch;full;flag;coherent;coset,exact,1,1,1,1,1,0,0,16
6,3/4,50,1,1,1,1,1,1,branch;full;flag;coherent;coset,exact,1,1,1,1,1,0,0,12
6,3/4,51,1,1,1,1,1,1,branch;full;flag;coherent;coset,exact,1,1,1,1,1,0,0,12
6,3/4,52,1,1,9/16,9/16,9/16,9/16,flag;coherent;coset,exact,1,1,9/16,1,1,1,0,21
6,3/4,53,1,1,7/8,7/8,7/8,7/8,flag;coherent;coset,exact,1,1,3/4,1,0,1,0,43
6,3/4,54,1,1,15/16,15/16,15/16,15/16,flag;coherent;coset,exact,1,1,15/16,1,1,1,0,17
6,3/4,55,1,1,1,1,1,1,branch;full;flag;coherent;coset,exact,1,1,1,1,1,0,0,18
6,3/4,56,1,1,9/16,9/16,9/16,9/16,flag;coherent;coset,exact,1,1,9/16,1,1,1,0,21
6,3/4,57,1,1,7/8,7/8,7/8,7/8,flag;coherent;coset,exact,1,1,3/4,1,0,1,0,43
6,3/4,58,1,1,15/16,15/16,15/16,15/16,flag;coherent;coset,exact,1,1,15/16,1,1,1,0,17
6,3/4,59,1,1,1,1,1,1,branch;full;flag;coherent;coset,exact,1,1,1,1,1,0,0,18
6,3/4,60,1,1,5/8,5/8,5/8,5/8,flag;coherent;coset,exact,1,1,5/8,1,1,1,0,15
6,3/4,61,1,1,1,1,1,1,branch;full;flag;coherent;coset,exact,1,1,1,1,1,0,0,16
6,3/4,62,1,1,1,1,1,1,branch;full;flag;coherent;coset,exact,1,1,1,1,1,0,0,12
6,3/4,63,1,1,1,1,1,1,branch;full;flag;coherent;coset,exact,1,1,1,1,1,0,0,12
6,1,0,1,1,1,1,1,1,branch;full;flag;coherent;coset,exact,1,1,1,1,1,0,0,10
6,1,1,1,1,1,1,1,1,branch;full;flag;coherent;coset,exact,1,1,1,1,1,0,0,10
6,1,2,1,1,1,1,1,1,branch;full;flag;coherent;coset,exact,1,1,1,1,1,0,0,10
6,1,3,1,1,1,1,1,1,branch;full;flag;coherent;coset,exact,1,1,1,1,1,0,0,10
6,1,4,1,1,1,1,1,1,branch;full;flag;coherent;coset,exact,1,1,1,1,1,0,0,10
6,1,5,1,1,1,1,1,1,branch;full;flag;coherent;coset,exact,1,1,1,1,1,0,0,10
6,1,6,1,1,1,1,1,1,branch;full;flag;coherent;coset,exact,1,1,1,1,1,0,0,10
6,1,7,1,1,1,1,1,1,branch;full;flag;coherent;coset,exact,1,1,1,1,1,0,0,10
6,1,8,1,1,1,1,1,1,branch;full;flag;coherent;coset,exact,1,1,1,1,1,0,0,10
6,1,9,1,1,1,1,1,1,branch;full;flag;coherent;coset,exact,1,1,1,1,1,0,0,10
6,1,10,1,1,1,1,1,1,branch;full;flag;coherent;coset,exact,1,1,1,1,1,0,0,10
6,1,11,1,1,1,1,1,1,branch;full;flag;coherent;coset,exact,1,1,1,1,1,0,0,10
6,1,12,1,1,1,1,1,1,branch;full;flag;coherent;coset,exact,1,1,1,1,1,0,0,10
6,1,13,1,1,1,1,1,1,branch;full;flag;coherent;coset,exact,1,1,1,1,1,0,0,10
6,1,14,1,1,1,1,1,1,branch;full;flag;coherent;coset,exact,1,1,1,1,1,0,0,10
6,1,15,1,1,1,1,1,1,branch;full;flag;coherent;coset,exact,1,1,1,1,1,0,0,10
6,1,16,1,1,1,1,1,1,branch;full;flag;coherent;coset,exact,1,1,1,1,1,0,0,10
6,1,17,1,1,1,1,1,1,branch;full;flag;coherent;coset,exact,1,1,1,1,1,0,0,10
6,1,18,1,1,1,1,1,1,branch;full;flag;coherent;coset,exact,1,1,1,1,1,0,0,10
6,1,19,1,1,1,1,1,1,branch;full;flag;coherent;coset,exact,1,1,1,1,1,0,0,10
6,1,20,1,1,1,1,1,1,branch;full;flag;coherent;coset,exact,1,1,1,1,1,0,0,10
6,1,21,1,1,1,1,1,1,branch;full;flag;coherent;coset,exact,1,1,1,1,1,0,0,10
6,1,22,1,1,1,1,1,1,branch;full;flag;coherent;coset,exact,1,1,1,1,1,0,0,10
6,1,23,1,1,1,1,1,1,branch;full;flag;coherent;coset,exact,1,1,1,1,1,0,0,10
6,1,24,1,1,1,1,1,1,branch;full;flag;coherent;coset,exact,1,1,1,1,1,0,0,10
6,1,25,1,1,1,1,1,1,branch;full;flag;coherent;coset,exact,1,1,1,1,1,0,0,10
6,1,26,1,1,1,1,1,1,branch;full;flag;coherent;coset,exact,1,1,1,1,1,0,0,10
6,1,27,1,1,1,1,1,1,branch;full;flag;coherent;coset,exact,1,1,1,1,1,0,0,10
6,1,28,1,1,1,1,1,1,branch;full;flag;coherent;coset,exact,1,1,1,1,1,0,0,10
6,1,29,1,1,1,1,1,1,branch;full;flag;coherent;coset,exact,1,1,1,1,1,0,0,10
6,1,30,1,1,1,1,1,1,branch;full;flag;coherent;coset,exact,1,1,1,1,1,0,0,10
6,1,31,1,1,1,1,1,1,branch;full;flag;coherent;coset,exact,1,1,1,1,1,0,0,10
6,1,32,1,1,1,1,1,1,branch;full;flag;coherent;coset,exact,1,1,1,1,1,0,0,10
6,1,33,1,1,1,1,1,1,branch;full;flag;coherent;coset,exact,1,1,1,1,1,0,0,10
6,1,34,1,1,1,1,1,1,branch;full;flag;coherent;coset,exact,1,1,1,1,1,0,0,10
6,1,35,1,1,1,1,1,1,branch;full;flag;coherent;coset,exact,1,1,1,1,1,0,0,10
6,1,36,1,1,1,1,1,1,branch;full;flag;coherent;coset,exact,1,1,1,1,1,0,0,10
6,1,37,1,1,1,1,1,1,branch;full;flag;coherent;coset,exact,1,1,1,1,1,0,0,10
6,1,38,1,1,1,1,1,1,branch;full;flag;coherent;coset,exact,1,1,1,1,1,0,0,10
6,1,39,1,1,1,1,1,1,branch;full;flag;coherent;coset,exact,1,1,1,1,1,0,0,10
6,1,40,1,1,1,1,1,1,branch;full;flag;coherent;coset,exact,1,1,1,1,1,0,0,10
6,1,41,1,1,1,1,1,1,branch;full;flag;coherent;coset,exact,1,1,1,1,1,0,0,10
6,1,42,1,1,1,1,1,1,branch;full;flag;coherent;coset,exact,1,1,1,1,1,0,0,10
6,1,43,1,1,1,1,1,1,branch;full;flag;coherent;coset,exact,1,1,1,1,1,0,0,10
6,1,44,1,1,1,1,1,1,branch;full;flag;coherent;coset,exact,1,1,1,1,1,0,0,10
6,1,45,1,1,1,1,1,1,branch;full;flag;coherent;coset,exact,1,1,1,1,1,0,0,10
6,1,46,1,1,1,1,1,1,branch;full;flag;coherent;coset,exact,1,1,1,1,1,0,0,10
6,1,47,1,1,1,1,1,1,branch;full;flag;coherent;coset,exact,1,1,1,1,1,0,0,10
6,1,48,1,1,1,1,1,1,branch;full;flag;coherent;coset,exact,1,1,1,1,1,0,0,10
6,1,49,1,1,1,1,1,1,branch;full;flag;coherent;coset,exact,1,1,1,1,1,0,0,10
6,1,50,1,1,1,1,1,1,branch;full;flag;coherent;coset,exact,1,1,1,1,1,0,0,10
6,1,51,1,1,1,1,1,1,branch;full;flag;coherent;coset,exact,1,1,1,1,1,0,0,10
6,1,52,1,1,1,1,1,1,branch;full;flag;coherent;coset,exact,1,1,1,1,1,0,0,10
6,1,53,1,1,1,1,1,1,branch;full;flag;coherent;coset,exact,1,1,1,1,1,0,0,10
6,1,54,1,1,1,1,1,1,branch;full;flag;coherent;coset,exact,1,1,1,1,1,0,0,10
6,1,55,1,1,1,1,1,1,branch;full;flag;coherent;coset,exact,1,1,1,1,1,0,0,10
6,1,56,1,1,1,1,1,1,branch;full;flag;coherent;coset,exact,1,1,1,1,1,0,0,10
6,1,57,1,1,1,1,1,1,branch;full;flag;coherent;coset,exact,1,1,1,1,1,0,0,10
6,1,58,1,1,1,1,1,1,branch;full;flag;coherent;coset,exact,1,1,1,1,1,0,0,10
6,1,59,1,1,1,1,1,1,branch;full;flag;coherent;coset,exact,1,1,1,1,1,0,0,10
6,1,60,1,1,1,1,1,1,branch;full;flag;coherent;coset,exact,1,1,1,1,1,0,0,10
6,1,61,1,1,1,1,1,1,branch;full;flag;coherent;coset,exact,1,1,1,1,1,0,0,10
6,1,62,1,1,1,1,1,1,branch;full;flag;coherent;coset,exact,1,1,1,1,1,0,0,10
6,1,63,1,1,1,1,1,1,branch;full;flag;coherent;coset,exact,1,1,1,1,1,0,0,10
7,0,0,1,1,1,1,1,1,branch;full;flag;coherent;coset,exact,1,1,1,1,1,0,0,10
7,0,1,1,1,1,1,1,1,branch;full;flag;coherent;coset,exact,1,1,1,1,1,0,0,10
7,0,2,1,1,1,1,1,1,branch;full;flag;coherent;coset,exact,1,1,1,1,1,0,0,10
7,0,3,1,1,1,1,1,1,branch;full;flag;coherent;coset,exact,1,1,1,1,1,0,0,10
7,0,4,1,1,1,1,1,1,branch;full;flag;coherent;coset,exact,1,1,1,1,1,0,0,10
7,0,5,1,1,1,1,1,1,branch;full;flag;coherent;coset,exact,1,1,1,1,1,0,0,10
7,0,6,1,1,1,1,1,1,branch;full;flag;coherent;coset,exact,1,1,1,1,1,0,0,10
7,0,7,1,1,1,1,1,1,branch;full;flag;coherent;coset,exact,1,1,1,1,1,0,0,10
7,0,8,1,1,1,1,1,1,branch;full;flag;coherent;coset,exact,1,1,1,1,1,0,0,10
7,0,9,1,1,1,1,1,1,branch;full;flag;coherent;coset,exact,1,1,1,1,1,0,0,10
7,0,10,1,1,1,1,1,1,branch;full;flag;coherent;coset,exact,1,1,1,1,1,0,0,10
7,0,11,1,1,1,1,1,1,branch;full;flag;coherent;coset,exact,1,1,1,1,1,0,0,10
7,0,12,1,1,1,1,1,1,branch;full;flag;coherent;coset,exact,1,1,1,1,1,0,0,10
7,0,13,1,1,1,1,1,1,branch;full;flag;coherent;coset,exact,1,1,1,1,1,0,0,10
7,0,14,1,1,1,1,1,1,branch;full;flag;coherent;coset,exact,1,1,1,1,1,0,0,10
7,0,15,1,1,1,1,1,1,branch;full;flag;coherent;coset,exact,1,1,1,1,1,0,0,10
7,0,16,1,1,1,1,1,1,branch;full;flag;coherent;coset,exact,1,1,1,1,1,0,0,10
7,0,17,1,1,1,1,1,1,branch;full;flag;coherent;coset,exact,1,1,1,1,1,0,0,10
7,0,18,1,1,1,1,1,1,branch;full;flag;coherent;coset,exact,1,1,1,1,1,0,0,10
7,0,19,1,1,1,1,1,1,branch;full;flag;coherent;coset,exact,1,1,1,1,1,0,0,10
7,0,20,1,1,1,1,1,1,branch;full;flag;coherent;coset,exact,1,1,1,1,1,0,0,10
7,0,21,1,1,1,1,1,1,branch;full;flag;coherent;coset,exact,1,1,1,1,1,0,0,10
7,0,22,1,1,1,1,1,1,branch;full;flag;coherent;coset,exact,1,1,1,1,1,0,0,10
7,0,23,1,1,1,1,1,1,branch;full;flag;coherent;coset,exact,1,1,1,1,1,0,0,10
7,0,24,1,1,1,1,1,1,branch;full;flag;coherent;coset,exact,1,1,1,1,1,0,0,10
7,0,25,1,1,1,1,1,1,branch;full;flag;coherent;coset,exact,1,1,1,1,1,0,0,10
7,0,26,1,1,1,1,1,1,branch;full;flag;coherent;coset,exact,1,1,1,1,1,0,0,10
7,0,27,1,1,1,1,1,1,branch;full;flag;coherent;coset,exact,1,1,1,1,1,0,0,10
7,0,28,1,1,1,1,1,1,branch;full;flag;coherent;coset,exact,1,1,1,1,1,0,0,10
7,0,29,1,1,1,1,1,1,branch;full;flag;coherent;coset,exact,1,1,1,1,1,0,0,10
7,0,30,1,1,1,1,1,1,branch;full;flag;coherent;coset,exact,1,1,1,1,1,0,0,10
7,0,31,1,1,1,1,1,1,branch;full;flag;coherent;coset,exact,1,1,1,1,1,0,0,10
7,0,32,1,1,1,1,1,1,branch;full;flag;coherent;coset,exact,1,1,1,1,1,0,0,10
7,0,33,1,1,1,1,1,1,branch;full;flag;coherent;coset,exact,1,1,1,1,1,0,0,10
7,0,34,1,1,1,1,1,1,branch;full;flag;coherent;coset,exact,1,1,1,1,1,0,0,10
7,0,35,1,1,1,1,1,1,branch;full;flag;coherent;coset,exact,1,1,1,1,1,0,0,10
7,0,36,1,1,1,1,1,1,branch;full;flag;coherent;coset,exact,1,1,1,1,1,0,0,10
7,0,37,1,1,1,1,1,1,branch;full;flag;coherent;coset,exact,1,1,1,1,1,0,0,10
7,0,38,1,1,1,1,1,1,branch;full;flag;coherent;coset,exact,1,1,1,1,1,0,0,10
7,0,39,1,1,1,1,1,1,branch;full;flag;coherent;coset,exact,1,1,1,1,1,0,0,10
7,0,40,1,1,1,1,1,1,branch;full;flag;coherent;coset,exact,1,1,1,1,1,0,0,10
7,0,41,1,1,1,1,1,1,branch;full;flag;coherent;coset,exact,1,1,1,1,1,0,0,10
7,0,42,1,1,1,1,1,1,branch;full;flag;coherent;coset,exact,1,1,1,1,1,0,0,10
7,0,43,1,1,1,1,1,1,branch;full;flag;coherent;coset,exact,1,1,1,1,1,0,0,10
7,0,44,1,1,1,1,1,1,branch;full;flag;coherent;coset,exact,1,1,1,1,1,0,0,10
7,0,45,1,1,1,1,1,1,branch;full;flag;coherent;coset,exact,1,1,1,1,1,0,0,10
7,0,46,1,1,1,1,1,1,branch;full;flag;coherent;coset,exact,1,1,1,1,1,0,0,10
7,0,47,1,1,1,1,1,1,branch;full;flag;coherent;coset,exact,1,1,1,1,1,0,0,10
7,0,48,1,1,1,1,1,1,branch;full;flag;coherent;coset,exact,1,1,1,1,1,0,0,10
7,0,49,1,1,1,1,1,1,branch;full;flag;coherent;coset,exact,1,1,1,1,1,0,0,10
7,0,50,1,1,1,1,1,1,branch;full;flag;coherent;coset,exact,1,1,1,1,1,0,0,10
7,0,51,1,1,1,1,1,1,branch;full;flag;coherent;coset,exact,1,1,1,1,1,0,0,10
7,0,52,1,1,1,1,1,1,branch;full;flag;coherent;coset,exact,1,1,1,1,1,0,0,10
7,0,53,1,1,1,1,1,1,branch;full;flag;coherent;coset,exact,1,1,1,1,1,0,0,10
7,0,54,1,1,1,1,1,1,branch;full;flag;coherent;coset,exact,1,1,1,1,1,0,0,10
7,0,55,1,1,1,1,1,1,branch;full;flag;coherent;coset,exact,1,1,1,1,1,0,0,10
7,0,56,1,1,1,1,1,1,branch;full;flag;coherent;coset,exact,1,1,1,1,1,0,0,10
7,0,57,1,1,1,1,1,1,branch;full;flag;coherent;coset,exact,1,1,1,1,1,0,0,10
7,0,58,1,1,1,1,1,1,branch;full;flag;coherent;coset,exact,1,1,1,1,1,0,0,10
7,0,59,1,1,1,1,1,1,branch;full;flag;coherent;coset,exact,1,1,1,1,1,0,0,10
7,0,60,1,1,1,1,1,1,branch;full;flag;coherent;coset,exact,1,1,1,1,1,0,0,10
7,0,61,1,1,1,1,1,1,branch;full;flag;coherent;coset,exact,1,1,1,1,1,0,0,10
7,0,62,1,1,1,1,1,1,branch;full;flag;coherent;coset,exact,1,1,1,1,1,0,0,10
7,0,63,1,1,1,1,1,1,branch;full;flag;coherent;coset,exact,1,1,1,1,1,0,0,10
7,1/4,0,1,1,1,1,1,1,branch;full;flag;coherent;coset,exact,1,1,1,1,1,0,0,10
7,1/4,1,1,1,1,1,1,1,branch;full;flag;coherent;coset,exact,1,1,1,1,1,0,0,10
7,1/4,2,1,1,1,1,1,1,branch;full;flag;coherent;coset,exact,1,1,1,1,1,0,0,10
7,1/4,3,1,1,1,1,1,1,branch;full;flag;coherent;coset,exact,1,1,1,1,1,0,0,10
7,1/4,4,1,1,3/4,3/4,3/4,3/4,flag;coherent;coset,exact,1,1,3/4,1,1,1,0,17
7,1/4,5,1,1,1,1,1,1,branch;full;flag;coherent;coset,exact,1,1,1,1,1,0,0,18
7,1/4,6,1,1,1,1,1,1,branch;full;flag;coherent;coset,exact,1,1,1,1,1,0,0,14
7,1/4,7,1,1,1,1,1,1,branch;full;flag;coherent;coset,exact,1,1,1,1,1,0,0,14
7,1/4,8,1,1,5/8,5/8,5/8,5/8,flag;coherent;coset,exact,1,1,5/8,1,1,1,0,15
7,1/4,9,1,1,1,1,1,1,branch;full;flag;coherent;coset,exact,1,1,1,1,1,0,0,16
7,1/4,10,1,1,1,1,1,1,branch;full;flag;coherent;coset,exact,1,1,1,1,1,0,0,12
7,1/4,11,1,1,1,1,1,1,branch;full;flag;coherent;coset,exact,1,1,1,1,1,0,0,12
7,1/4,12,1,1,3/4,3/4,3/4,3/4,flag;coherent;coset,exact,1,1,3/4,1,1,1,0,17
7,1/4,13,1,1,1,1,1,1,branch;full;flag;coherent;coset,exact,1,1,1,1,1,0,0,18
7,1/4,14,1,1,1,1,1,1,branch;full;flag;coherent;coset,exact,1,1,1,1,1,0,0,14
7,1/4,15,1,1,1,1,1,1,branch;full;flag;coherent;coset,exact,1,1,1,1,1,0,0,14
7,1/4,16,1,1,3/4,3/4,3/4,3/4,flag;coherent;coset,exact,1,1,3/4,1,1,1,0,17
7,1/4,17,1,1,1,1,1,1,branch;full;flag;coherent;coset,exact,1,1,1,1,1,0,0,18
7,1/4,18,1,1,1,1,1,1,branch;full;flag;coherent;coset,exact,1,1,1,1,1,0,0,14
7,1/4,19,1,1,1,1,1,1,branch;full;flag;coherent;coset,exact,1,1,1,1,1,0,0,14
7,1/4,20,1,1,3/4,3/4,3/4,3/4,flag;coherent;coset,exact,1,1,3/4,1,1,1,0,17
7,1/4,21,1,1,1,1,1,1,branch;full;flag;coherent;coset,exact,1,1,1,1,1,0,0,18
7,1/4,22,1,1,1,1,1,1,branch;full;flag;coherent;coset,exact,1,1,1,1,1,0,0,14
7,1/4,23,1,1,1,1,1,1,branch;full;flag;coherent;coset,exact,1,1,1,1,1,0,0,14
7,1/4,24,1,1,9/16,9/16,9/16,9/16,flag;coherent;coset,exact,1,1,9/16,1,1,1,0,21
7,1/4,25,1,1,7/8,7/8,7/8,7/8,flag;coherent;coset,exact,1,1,3/4,1,0,1,0,43
7,1/4,26,1,1,15/16,15/16,15/16,15/16,flag;coherent;coset,exact,1,1,15/16,1,1,1,0,17
7,1/4,27,1,1,1,1,1,1,branch;full;flag;coherent;coset,exact,1,1,1,1,1,0,0,18
7,1/4,28,1,1,9/16,9/16,9/16,9/16,flag;coherent;coset,exact,1,1,9/16,1,1,1,0,21
7,1/4,29,1,1,7/8,7/8,7/8,7/8,flag;coherent;coset,exact,1,1,3/4,1,0,1,0,43
7,1/4,30,1,1,15/16,15/16,15/16,15/16,flag;coherent;coset,exact,1,1,15/16,1,1,1,0,17
7,1/4,31,1,1,1,1,1,1,branch;full;flag;coherent;coset,exact,1,1,1,1,1,0,0,18
7,1/4,32,1,1,5/8,5/8,5/8,5/8,flag;coherent;coset,exact,1,1,5/8,1,1,1,0,15
7,1/4,33,1,1,1,1,1,1,branch;full;flag;coherent;coset,exact,1,1,1,1,1,0,0,16
7,1/4,34,1,1,1,1,1,1,branch;full;flag;coherent;coset,exact,1,1,1,1,1,0,0,12
7,1/4,35,1,1,1,1,1,1,branch;full;flag;coherent;coset,exact,1,1,1,1,1,0,0,12
7,1/4,36,1,1,9/16,9/16,9/16,9/16,flag;coherent;coset,exact,1,1,9/16,1,1,1,0,21
7,1/4,37,1,1,7/8,7/8,7/8,7/8,flag;coherent;coset,exact,1,1,3/4,1,0,1,0,43
7,1/4,38,1,1,15/16,15/16,15/16,15/16,flag;coherent;coset,exact,1,1,15/16,1,1,1,0,17
7,1/4,39,1,1,1,1,1,1,branch;full;flag;coherent;coset,exact,1,1,1,1,1,0,0,18
7,1/4,40,1,1,5/8,5/8,5/8,5/8,flag;coherent;coset,exact,1,1,5/8,1,1,1,0,15
7,1/4,41,1,1,1,1,1,1,branch;full;flag;coherent;coset,exact,1,1,1,1,1,0,0,16
7,1/4,42,1,1,1,1,1,1,branch;full;flag;coherent;coset,exact,1,1,1,1,1,0,0,12
7,1/4,43,1,1,1,1,1,1,branch;full;flag;coherent;coset,exact,1,1,1,1,1,0,0,12
7,1/4,44,1,1,9/16,9/16,9/16,9/16,flag;coherent;coset,exact,1,1,9/16,1,1,1,0,21
7,1/4,45,1,1,7/8,7/8,7/8,7/8,flag;coherent;coset,exact,1,1,3/4,1,0,1,0,43
7,1/4,46,1,1,15/16,15/16,15/16,15/16,flag;coherent;coset,exact,1,1,15/16,1,1,1,0,17
7,1/4,47,1,1,1,1,1,1,branch;full;flag;coherent;coset,exact,1,1,1,1,1,0,0,18
7,1/4,48,1,1,3/4,3/4,3/4,3/4,flag;coherent;coset,exact,1,1,3/4,1,1,1,0,17
7,1/4,49,1,1,1,1,1,1,branch;full;flag;coherent;coset,exact,1,1,1,1,1,0,0,18
7,1/4,50,1,1,1,1,1,1,branch;full;flag;coherent;coset,exact,1,1,1,1,1,0,0,14
7,1/4,51,1,1,1,1,1,1,branch;full;flag;coherent;coset,exact,1,1,1,1,1,0,0,14
7,1/4,52,1,1,9/16,9/16,9/16,9/16,flag;coherent;coset,exact,1,1,9/16,1,1,1,0,21
7,1/4,53,1,1,7/8,7/8,7/8,7/8,flag;coherent;coset,exact,1,1,3/4,1,0,1,0,43
7,1/4,54,1,1,15/16,15/16,15/16,15/16,flag;coherent;coset,exact,1,1,15/16,1,1,1,0,17
7,1/4,55,1,1,1,1,1,1,branch;full;flag;coherent;coset,exact,1,1,1,1,1,0,0,18
7,1/4,56,1,1,9/16,9/16,9/16,9/16,flag;coherent;coset,exact,1,1,9/16,1,1,1,0,21
7,1/4,57,1,1,7/8,7/8,7/8,7/8,flag;coherent;coset,exact,1,1,3/4,1,0,1,0,43
7,1/4,58,1,1,15/16,15/16,15/16,15/16,flag;coherent;coset,exact,1,1,15/16,1,1,1,0,17
7,1/4,59,1,1,1,1,1,1,branch;full;flag;coherent;coset,exact,1,1,1,1,1,0,0,18
7,1/4,60,1,1,3/4,3/4,3/4,3/4,flag;coherent;coset,exact,1,1,3/4,1,1,1,0,17
7,1/4,61,1,1,1,1,1,1,branch;full;flag;coherent;coset,exact,1,1,1,1,1,0,0,18
7,1/4,62,1,1,1,1,1,1,branch;full;flag;coherent;coset,exact,1,1,1,1,1,0,0,14
7,1/4,63,1,1,1,1,1,1,branch;full;flag;coherent;coset,exact,1,1,1,1,1,0,0,14
7,1/2,0,1,1,1,1,1,1,branch;full;flag;coherent;coset,exact,1,1,1,1,1,0,0,4
7,1/2,1,1,1,1,1,1,1,branch;full;flag;coherent;coset,exact,1,1,1,1,1,0,0,4
7,1/2,2,1,1,1,1,1,1,branch;full;flag;coherent;coset,exact,1,1,1,1,1,0,0,4
7,1/2,3,1,1,1,1,1,1,branch;full;flag;coherent;coset,exact,1,1,1,1,1,0,0,4
7,1/2,4,1,1,1/2,1/2,1/2,1/2,flag;coherent;coset,exact,1,1,1/2,1,1,1,0,5
7,1/2,5,1,1,1,1,1,1,branch;full;flag;coherent;coset,exact,1,1,1,1,1,0,0,6
7,1/2,6,1,1,1,1,1,1,branch;full;flag;coherent;coset,exact,1,1,1,1,1,0,0,5
7,1/2,7,1,1,1,1,1,1,branch;full;flag;coherent;coset,exact,1,1,1,1,1,0,0,5
7,1/2,8,1,1,1/2,1/2,1/2,1/2,flag;coherent;coset,exact,1,1,1/2,1,1,1,0,5
7,1/2,9,1,1,1,1,1,1,branch;full;flag;coherent;coset,exact,1,1,1,1,1,0,0,6
7,1/2,10,1,1,1,1,1,1,branch;full;flag;coherent;coset,exact,1,1,1,1,1,0,0,5
7,1/2,11,1,1,1,1,1,1,branch;full;flag;coherent;coset,exact,1,1,1,1,1,0,0,5
7,1/2,12,1,1,1/2,1/2,1/2,1/2,flag;coherent;coset,exact,1,1,1/2,1,1,1,0,5
7,1/2,13,1,1,1,1,1,1,branch;full;flag;coherent;coset,exact,1,1,1,1,1,0,0,6
7,1/2,14,1,1,1,1,1,1,branch;full;flag;coherent;coset,exact,1,1,1,1,1,0,0,5
7,1/2,15,1,1,1,1,1,1,branch;full;flag;coherent;coset,exact,1,1,1,1,1,0,0,5
7,1/2,16,1,1,1/2,1/2,1/2,1/2,flag;coherent;coset,exact,1,1,1/2,1,1,1,0,5
7,1/2,17,1,1,1,1,1,1,branch;full;flag;coherent;coset,exact,1,1,1,1,1,0,0,6
7,1/2,18,1,1,1,1,1,1,branch;full;flag;coherent;coset,exact,1,1,1,1,1,0,0,5
7,1/2,19,1,1,1,1,1,1,branch;full;flag;coherent;coset,exact,1,1,1,1,1,0,0,5
7,1/2,20,1,1,1/2,1/2,1/2,1/2,flag;coherent;coset,exact,1,1,1/2,1,1,1,0,5
7,1/2,21,1,1,1,1,1,1,branch;full;flag;coherent;coset,exact,1,1,1,1,1,0,0,6
7,1/2,22,1,1,1,1,1,1,branch;full;flag;coherent;coset,exact,1,1,1,1,1,0,0,5
7,1/2,23,1,1,1,1,1,1,branch;full;flag;coherent;coset,exact,1,1,1,1,1,0,0,5
7,1/2,24,1,1,1/4,1/4,1/4,1/4,flag;coherent;coset,exact,1,1,1/4,1,1,1,0,6
7,1/2,25,1,1,1/2,1/2,1/2,1/2,flag;coherent;coset,exact,1,1,1/2,1,1,1,0,12
7,1/2,26,1,1,3/4,3/4,3/4,3/4,flag;coherent;coset,exact,1,1,3/4,1,1,1,0,6
7,1/2,27,1,1,1,1,1,1,branch;full;flag;coherent;coset,exact,1,1,1,1,1,0,0,7
7,1/2,28,1,1,1/4,1/4,1/4,1/4,flag;coherent;coset,exact,1,1,1/4,1,1,1,0,6
7,1/2,29,1,1,1/2,1/2,1/2,1/2,flag;coherent;coset,exact,1,1,1/2,1,1,1,0,12
7,1/2,30,1,1,3/4,3/4,3/4,3/4,flag;coherent;coset,exact,1,1,3/4,1,1,1,0,6
7,1/2,31,1,1,1,1,1,1,branch;full;flag;coherent;coset,exact,1,1,1,1,1,0,0,7
7,1/2,32,1,1,1/2,1/2,1/2,1/2,flag;coherent;coset,exact,1,1,1/2,1,1,1,0,5
7,1/2,33,1,1,1,1,1,1,branch;full;flag;coherent;coset,exact,1,1,1,1,1,0,0,6
7,1/2,34,1,1,1,1,1,1,branch;full;flag;coherent;coset,exact,1,1,1,1,1,0,0,5
7,1/2,35,1,1,1,1,1,1,branch;full;flag;coherent;coset,exact,1,1,1,1,1,0,0,5
7,1/2,36,1,1,1/4,1/4,1/4,1/4,flag;coherent;coset,exact,1,1,1/4,1,1,1,0,6
7,1/2,37,1,1,1/2,1/2,1/2,1/2,flag;coherent;coset,exact,1,1,1/2,1,1,1,0,12
7,1/2,38,1,1,3/4,3/4,3/4,3/4,flag;coherent;coset,exact,1,1,3/4,1,1,1,0,6
7,1/2,39,1,1,1,1,1,1,branch;full;flag;coherent;coset,exact,1,1,1,1,1,0,0,7
7,1/2,40,1,1,1/2,1/2,1/2,1/2,flag;coherent;coset,exact,1,1,1/2,1,1,1,0,5
7,1/2,41,1,1,1,1,1,1,branch;full;flag;coherent;coset,exact,1,1,1,1,1,0,0,6
7,1/2,42,1,1,1,1,1,1,branch;full;flag;coherent;coset,exact,1,1,1,1,1,0,0,5
7,1/2,43,1,1,1,1,1,1,branch;full;flag;coherent;coset,exact,1,1,1,1,1,0,0,5
7,1/2,44,1,1,1/4,1/4,1/4,1/4,flag;coherent;coset,exact,1,1,1/4,1,1,1,0,6
7,1/2,45,1,1,1/2,1/2,1/2,1/2,flag;coherent;coset,exact,1,1,1/2,1,1,1,0,12
7,1/2,46,1,1,3/4,3/4,3/4,3/4,flag;coherent;coset,exact,1,1,3/4,1,1,1,0,6
7,1/2,47,1,1,1,1,1,1,branch;full;flag;coherent;coset,exact,1,1,1,1,1,0,0,7
7,1/2,48,1,1,1/2,1/2,1/2,1/2,flag;coherent;coset,exact,1,1,1/2,1,1,1,0,5
7,1/2,49,1,1,1,1,1,1,branch;full;flag;coherent;coset,exact,1,1,1,1,1,0,0,6
7,1/2,50,1,1,1,1,1,1,branch;full;flag;coherent;coset,exact,1,1,1,1,1,0,0,5
7,1/2,51,1,1,1,1,1,1,branch;full;flag;coherent;coset,exact,1,1,1,1,1,0,0,5
7,1/2,52,1,1,1/4,1/4,1/4,1/4,flag;coherent;coset,exact,1,1,1/4,1,1,1,0,6
7,1/2,53,1,1,1/2,1/2,1/2,1/2,flag;coherent;coset,exact,1,1,1/2,1,1,1,0,12
7,1/2,54,1,1,3/4,3/4,3/4,3/4,flag;coherent;coset,exact,1,1,3/4,1,1,1,0,6
7,1/2,55,1,1,1,1,1,1,branch;full;flag;coherent;coset,exact,1,1,1,1,1,0,0,7
7,1/2,56,1,1,1/4,1/4,1/4,1/4,flag;coherent;coset,exact,1,1,1/4,1,1,1,0,6
7,1/2,57,1,1,1/2,1/2,1/2,1/2,flag;coherent;coset,exact,1,1,1/2,1,1,1,0,12
7,1/2,58,1,1,3/4,3/4,3/4,3/4,flag;coherent;coset,exact,1,1,3/4,1,1,1,0,6
7,1/2,59,1,1,1,1,1,1,branch;full;flag;coherent;coset,exact,1,1,1,1,1,0,0,7
7,1/2,60,1,1,1/2,1/2,1/2,1/2,flag;coherent;coset,exact,1,1,1/2,1,1,1,0,5
7,1/2,61,1,1,1,1,1,1,branch;full;flag;coherent;coset,exact,1,1,1,1,1,0,0,6
7,1/2,62,1,1,1,1,1,1,branch;full;flag;coherent;coset,exact,1,1,1,1,1,0,0,5
7,1/2,63,1,1,1,1,1,1,branch;full;flag;coherent;coset,exact,1,1,1,1,1,0,0,5
7,3/4,0,1,1,1,1,1,1,branch;full;flag;coherent;coset,exact,1,1,1,1,1,0,0,10
7,3/4,1,1,1,1,1,1,1,branch;full;flag;coherent;coset,exact,1,1,1,1,1,0,0,10
7,3/4,2,1,1,1,1,1,1,branch;full;flag;coherent;coset,exact,1,1,1,1,1,0,0,10
7,3/4,3,1,1,1,1,1,1,branch;full;flag;coherent;coset,exact,1,1,1,1,1,0,0,10
7,3/4,4,1,1,3/4,3/4,3/4,3/4,flag;coherent;coset,exact,1,1,3/4,1,1,1,0,17
7,3/4,5,1,1,1,1,1,1,branch;full;flag;coherent;coset,exact,1,1,1,1,1,0,0,18
7,3/4,6,1,1,1,1,1,1,branch;full;flag;coherent;coset,exact,1,1,1,1,1,0,0,14
7,3/4,7,1,1,1,1,1,1,branch;full;flag;coherent;coset,exact,1,1,1,1,1,0,0,14
7,3/4,8,1,1,5/8,5/8,5/8,5/8,flag;coherent;coset,exact,1,1,5/8,1,1,1,0,15
7,3/4,9,1,1,1,1,1,1,branch;full;flag;coherent;coset,exact,1,1,1,1,1,0,0,16
7,3/4,10,1,1,1,1,1,1,branch;full;flag;coherent;coset,exact,1,1,1,1,1,0,0,12
7,3/4,11,1,1,1,1,1,1,branch;full;flag;coherent;coset,exact,1,1,1,1,1,0,0,12
7,3/4,12,1,1,3/4,3/4,3/4,3/4,flag;coherent;coset,exact,1,1,3/4,1,1,1,0,17
7,3/4,13,1,1,1,1,1,1,branch;full;flag;coherent;coset,exact,1,1,1,1,1,0,0,18
7,3/4,14,1,1,1,1,1,1,branch;full;flag;coherent;coset,exact,1,1,1,1,1,0,0,14
7,3/4,15,1,1,1,1,1,1,branch;full;flag;coherent;coset,exact,1,1,1,1,1,0,0,14
7,3/4,16,1,1,3/4,3/4,3/4,3/4,flag;coherent;coset,exact,1,1,3/4,1,1,1,0,17
7,3/4,17,1,1,1,1,1,1,branch;full;flag;coherent;coset,exact,1,1,1,1,1,0,0,18
7,3/4,18,1,1,1,1,1,1,branch;full;flag;coherent;coset,exact,1,1,1,1,1,0,0,14
7,3/4,19,1,1,1,1,1,1,branch;full;flag;coherent;coset,exact,1,1,1,1,1,0,0,14
7,3/4,20,1,1,3/4,3/4,3/4,3/4,flag;coherent;coset,exact,1,1,3/4,1,1,1,0,17
7,3/4,21,1,1,1,1,1,1,branch;full;flag;coherent;coset,exact,1,1,1,1,1,0,0,18
7,3/4,22,1,1,1,1,1,1,branch;full;flag;coherent;coset,exact,1,1,1,1,1,0,0,14
7,3/4,23,1,1,1,1,1,1,branch;full;flag;coherent;coset,exact,1,1,1,1,1,0,0,14
7,3/4,24,1,1,9/16,9/16,9/16,9/16,flag;coherent;coset,exact,1,1,9/16,1,1,1,0,21
7,3/4,25,1,1,7/8,7/8,7/8,7/8,flag;coherent;coset,exact,1,1,3/4,1,0,1,0,43
7,3/4,26,1,1,15/16,15/16,15/16,15/16,flag;coherent;coset,exact,1,1,15/16,1,1,1,0,17
7,3/4,27,1,1,1,1,1,1,branch;full;flag;coherent;coset,exact,1,1,1,1,1,0,0,18
7,3/4,28,1,1,9/16,9/16,9/16,9/16,flag;coherent;coset,exact,1,1,9/16,1,1,1,0,21
7,3/4,29,1,1,7/8,7/8,7/8,7/8,flag;coherent;coset,exact,1,1,3/4,1,0,1,0,43
7,3/4,30,1,1,15/16,15/16,15/16,15/16,flag;coherent;coset,exact,1,1,15/16,1,1,1,0,17
7,3/4,31,1,1,1,1,1,1,branch;full;flag;coherent;coset,exact,1,1,1,1,1,0,0,18
7,3/4,32,1,1,5/8,5/8,5/8,5/8,flag;coherent;coset,exact,1,1,5/8,1,1,1,0,15
7,3/4,33,1,1,1,1,1,1,branch;full;flag;coherent;coset,exact,1,1,1,1,1,0,0,16
7,3/4,34,1,1,1,1,1,1,branch;full;flag;coherent;coset,exact,1,1,1,1,1,0,0,12
7,3/4,35,1,1,1,1,1,1,branch;full;flag;coherent;coset,exact,1,1,1,1,1,0,0,12
7,3/4,36,1,1,9/16,9/16,9/16,9/16,flag;coherent;coset,exact,1,1,9/16,1,1,1,0,21
7,3/4,37,1,1,7/8,7/8,7/8,7/8,flag;coherent;coset,exact,1,1,3/4,1,0,1,0,43
7,3/4,38,1,1,15/16,15/16,15/16,15/16,flag;coherent;coset,exact,1,1,15/16,1,1,1,0,17
7,3/4,39,1,1,1,1,1,1,branch;full;flag;coherent;coset,exact,1,1,1,1,1,0,0,18
7,3/4,40,1,1,5/8,5/8,5/8,5/8,flag;coherent;coset,exact,1,1,5/8,1,1,1,0,15
7,3/4,41,1,1,1,1,1,1,branch;full;flag;coherent;coset,exact,1,1,1,1,1,0,0,16
7,3/4,42,1,1,1,1,1,1,branch;full;flag;coherent;coset,exact,1,1,1,1,1,0,0,12
7,3/4,43,1,1,1,1,1,1,branch;full;flag;coherent;coset,exact,1,1,1,1,1,0,0,12
7,3/4,44,1,1,9/16,9/16,9/16,9/16,flag;coherent;coset,exact,1,1,9/16,1,1,1,0,21
7,3/4,45,1,1,7/8,7/8,7/8,7/8,flag;coherent;coset,exact,1,1,3/4,1,0,1,0,43
7,3/4,46,1,1,15/16,15/16,15/16,15/16,flag;coherent;coset,exact,1,1,15/16,1,1,1,0,17
7,3/4,47,1,1,1,1,1,1,branch;full;flag;coherent;coset,exact,1,1,1,1,1,0,0,18
7,3/4,48,1,1,3/4,3/4,3/4,3/4,flag;coherent;coset,exact,1,1,3/4,1,1,1,0,17
7,3/4,49,1,1,1,1,1,1,branch;full;flag;coherent;coset,exact,1,1,1,1,1,0,0,18
7,3/4,50,1,1,1,1,1,1,branch;full;flag;coherent;coset,exact,1,1,1,1,1,0,0,14
7,3/4,51,1,1,1,1,1,1,branch;full;flag;coherent;coset,exact,1,1,1,1,1,0,0,14
7,3/4,52,1,1,9/16,9/16,9/16,9/16,flag;coherent;coset,exact,1,1,9/16,1,1,1,0,21
7,3/4,53,1,1,7/8,7/8,7/8,7/8,flag;coherent;coset,exact,1,1,3/4,1,0,1,0,43
7,3/4,54,1,1,15/16,15/16,15/16,15/16,flag;coherent;coset,exact,1,1,15/16,1,1,1,0,17
7,3/4,55,1,1,1,1,1,1,branch;full;flag;coherent;coset,exact,1,1,1,1,1,0,0,18
7,3/4,56,1,1,9/16,9/16,9/16,9/16,flag;coherent;coset,exact,1,1,9/16,1,1,1,0,21
7,3/4,57,1,1,7/8,7/8,7/8,7/8,flag;coherent;coset,exact,1,1,3/4,1,0,1,0,43
7,3/4,58,1,1,15/16,15/16,15/16,15/16,flag;coherent;coset,exact,1,1,15/16,1,1,1,0,17
7,3/4,59,1,1,1,1,1,1,branch;full;flag;coherent;coset,exact,1,1,1,1,1,0,0,18
7,3/4,60,1,1,3/4,3/4,3/4,3/4,flag;coherent;coset,exact,1,1,3/4,1,1,1,0,17
7,3/4,61,1,1,1,1,1,1,branch;full;flag;coherent;coset,exact,1,1,1,1,1,0,0,18
7,3/4,62,1,1,1,1,1,1,branch;full;flag;coherent;coset,exact,1,1,1,1,1,0,0,14
7,3/4,63,1,1,1,1,1,1,branch;full;flag;coherent;coset,exact,1,1,1,1,1,0,0,14
7,1,0,1,1,1,1,1,1,branch;full;flag;coherent;coset,exact,1,1,1,1,1,0,0,10
7,1,1,1,1,1,1,1,1,branch;full;flag;coherent;coset,exact,1,1,1,1,1,0,0,10
7,1,2,1,1,1,1,1,1,branch;full;flag;coherent;coset,exact,1,1,1,1,1,0,0,10
7,1,3,1,1,1,1,1,1,branch;full;flag;coherent;coset,exact,1,1,1,1,1,0,0,10
7,1,4,1,1,1,1,1,1,branch;full;flag;coherent;coset,exact,1,1,1,1,1,0,0,10
7,1,5,1,1,1,1,1,1,branch;full;flag;coherent;coset,exact,1,1,1,1,1,0,0,10
7,1,6,1,1,1,1,1,1,branch;full;flag;coherent;coset,exact,1,1,1,1,1,0,0,10
7,1,7,1,1,1,1,1,1,branch;full;flag;coherent;coset,exact,1,1,1,1,1,0,0,10
7,1,8,1,1,1,1,1,1,branch;full;flag;coherent;coset,exact,1,1,1,1,1,0,0,10
7,1,9,1,1,1,1,1,1,branch;full;flag;coherent;coset,exact,1,1,1,1,1,0,0,10
7,1,10,1,1,1,1,1,1,branch;full;flag;coherent;coset,exact,1,1,1,1,1,0,0,10
7,1,11,1,1,1,1,1,1,branch;full;flag;coherent;coset,exact,1,1,1,1,1,0,0,10
7,1,12,1,1,1,1,1,1,branch;full;flag;coherent;coset,exact,1,1,1,1,1,0,0,10
7,1,13,1,1,1,1,1,1,branch;full;flag;coherent;coset,exact,1,1,1,1,1,0,0,10
7,1,14,1,1,1,1,1,1,branch;full;flag;coherent;coset,exact,1,1,1,1,1,0,0,10
7,1,15,1,1,1,1,1,1,branch;full;flag;coherent;coset,exact,1,1,1,1,1,0,0,10
7,1,16,1,1,1,1,1,1,branch;full;flag;coherent;coset,exact,1,1,1,1,1,0,0,10
7,1,17,1,1,1,1,1,1,branch;full;flag;coherent;coset,exact,1,1,1,1,1,0,0,10
7,1,18,1,1,1,1,1,1,branch;full;flag;coherent;coset,exact,1,1,1,1,1,0,0,10
7,1,19,1,1,1,1,1,1,branch;full;flag;coherent;coset,exact,1,1,1,1,1,0,0,10
7,1,20,1,1,1,1,1,1,branch;full;flag;coherent;coset,exact,1,1,1,1,1,0,0,10
7,1,21,1,1,1,1,1,1,branch;full;flag;coherent;coset,exact,1,1,1,1,1,0,0,10
7,1,22,1,1,1,1,1,1,branch;full;flag;coherent;coset,exact,1,1,1,1,1,0,0,10
7,1,23,1,1,1,1,1,1,branch;full;flag;coherent;coset,exact,1,1,1,1,1,0,0,10
7,1,24,1,1,1,1,1,1,branch;full;flag;coherent;coset,exact,1,1,1,1,1,0,0,10
7,1,25,1,1,1,1,1,1,branch;full;flag;coherent;coset,exact,1,1,1,1,1,0,0,10
7,1,26,1,1,1,1,1,1,branch;full;flag;coherent;coset,exact,1,1,1,1,1,0,0,10
7,1,27,1,1,1,1,1,1,branch;full;flag;coherent;coset,exact,1,1,1,1,1,0,0,10
7,1,28,1,1,1,1,1,1,branch;full;flag;coherent;coset,exact,1,1,1,1,1,0,0,10
7,1,29,1,1,1,1,1,1,branch;full;flag;coherent;coset,exact,1,1,1,1,1,0,0,10
7,1,30,1,1,1,1,1,1,branch;full;flag;coherent;coset,exact,1,1,1,1,1,0,0,10
7,1,31,1,1,1,1,1,1,branch;full;flag;coherent;coset,exact,1,1,1,1,1,0,0,10
7,1,32,1,1,1,1,1,1,branch;full;flag;coherent;coset,exact,1,1,1,1,1,0,0,10
7,1,33,1,1,1,1,1,1,branch;full;flag;coherent;coset,exact,1,1,1,1,1,0,0,10
7,1,34,1,1,1,1,1,1,branch;full;flag;coherent;coset,exact,1,1,1,1,1,0,0,10
7,1,35,1,1,1,1,1,1,branch;full;flag;coherent;coset,exact,1,1,1,1,1,0,0,10
7,1,36,1,1,1,1,1,1,branch;full;flag;coherent;coset,exact,1,1,1,1,1,0,0,10
7,1,37,1,1,1,1,1,1,branch;full;flag;coherent;coset,exact,1,1,1,1,1,0,0,10
7,1,38,1,1,1,1,1,1,branch;full;flag;coherent;coset,exact,1,1,1,1,1,0,0,10
7,1,39,1,1,1,1,1,1,branch;full;flag;coherent;coset,exact,1,1,1,1,1,0,0,10
7,1,40,1,1,1,1,1,1,branch;full;flag;coherent;coset,exact,1,1,1,1,1,0,0,10
7,1,41,1,1,1,1,1,1,branch;full;flag;coherent;coset,exact,1,1,1,1,1,0,0,10
7,1,42,1,1,1,1,1,1,branch;full;flag;coherent;coset,exact,1,1,1,1,1,0,0,10
7,1,43,1,1,1,1,1,1,branch;full;flag;coherent;coset,exact,1,1,1,1,1,0,0,10
7,1,44,1,1,1,1,1,1,branch;full;flag;coherent;coset,exact,1,1,1,1,1,0,0,10
7,1,45,1,1,1,1,1,1,branch;full;flag;coherent;coset,exact,1,1,1,1,1,0,0,10
7,1,46,1,1,1,1,1,1,branch;full;flag;coherent;coset,exact,1,1,1,1,1,0,0,10
7,1,47,1,1,1,1,1,1,branch;full;flag;coherent;coset,exact,1,1,1,1,1,0,0,10
7,1,48,1,1,1,1,1,1,branch;full;flag;coherent;coset,exact,1,1,1,1,1,0,0,10
7,1,49,1,1,1,1,1,1,branch;full;flag;coherent;coset,exact,1,1,1,1,1,0,0,10
7,1,50,1,1,1,1,1,1,branch;full;flag;coherent;coset,exact,1,1,1,1,1,0,0,10
7,1,51,1,1,1,1,1,1,branch;full;flag;coherent;coset,exact,1,1,1,1,1,0,0,10
7,1,52,1,1,1,1,1,1,branch;full;flag;coherent;coset,exact,1,1,1,1,1,0,0,10
7,1,53,1,1,1,1,1,1,branch;full;flag;coherent;coset,exact,1,1,1,1,1,0,0,10
7,1,54,1,1,1,1,1,1,branch;full;flag;coherent;coset,exact,1,1,1,1,1,0,0,10
7,1,55,1,1,1,1,1,1,branch;full;flag;coherent;coset,exact,1,1,1,1,1,0,0,10
7,1,56,1,1,1,1,1,1,branch;full;flag;coherent;coset,exact,1,1,1,1,1,0,0,10
7,1,57,1,1,1,1,1,1,branch;full;flag;coherent;coset,exact,1,1,1,1,1,0,0,10
7,1,58,1,1,1,1,1,1,branch;full;flag;coherent;coset,exact,1,1,1,1,1,0,0,10
7,1,59,1,1,1,1,1,1,branch;full;flag;coherent;coset,exact,1,1,1,1,1,0,0,10
7,1,60,1,1,1,1,1,1,branch;full;flag;coherent;coset,exact,1,1,1,1,1,0,0,10
7,1,61,1,1,1,1,1,1,branch;full;flag;coherent;coset,exact,1,1,1,1,1,0,0,10
7,1,62,1,1,1,1,1,1,branch;full;flag;coherent;coset,exact,1,1,1,1,1,0,0,10
7,1,63,1,1,1,1,1,1,branch;full;flag;coherent;coset,exact,1,1,1,1,1,0,0,10
8,0,0,1,1,1,1,1,1,branch;full;flag;coherent;coset,exact,1,1,1,1,1,0,0,7
8,0,1,1,1,1,1,1,1,branch;full;flag;coherent;coset,exact,1,1,1,1,1,0,0,7
8,0,2,1,1,1,1,1,1,branch;full;flag;coherent;coset,exact,1,1,1,1,1,0,0,7
8,0,3,1,1,1,1,1,1,branch;full;flag;coherent;coset,exact,1,1,1,1,1,0,0,7
8,0,4,1/2,1/2,1/2,1/2,1/2,1/2,branch;full;flag;coherent;coset,exact,1,1,1/2,1,1,0,0,11
8,0,5,1,1,1,1,1,1,branch;full;flag;coherent;coset,exact,1,1,1,1,1,0,0,11
8,0,6,1,1,1,1,1,1,branch;full;flag;coherent;coset,exact,1,1,1,1,1,0,0,9
8,0,7,1,1,1,1,1,1,branch;full;flag;coherent;coset,exact,1,1,1,1,1,0,0,9
8,0,8,1,1,1,1,1,1,branch;full;flag;coherent;coset,exact,1,1,1,1,1,0,0,7
8,0,9,1,1,1,1,1,1,branch;full;flag;coherent;coset,exact,1,1,1,1,1,0,0,7
8,0,10,1,1,1,1,1,1,branch;full;flag;coherent;coset,exact,1,1,1,1,1,0,0,7
8,0,11,1,1,1,1,1,1,branch;full;flag;coherent;coset,exact,1,1,1,1,1,0,0,7
8,0,12,1/2,1/2,1/2,1/2,1/2,1/2,branch;full;flag;coherent;coset,exact,1,1,1/2,1,1,0,0,11
8,0,13,1,1,1,1,1,1,branch;full;flag;coherent;coset,exact,1,1,1,1,1,0,0,11
8,0,14,1,1,1,1,1,1,branch;full;flag;coherent;coset,exact,1,1,1,1,1,0,0,9
8,0,15,1,1,1,1,1,1,branch;full;flag;coherent;coset,exact,1,1,1,1,1,0,0,9
8,0,16,1/2,1/2,1/2,1/2,1/2,1/2,branch;full;flag;coherent;coset,exact,1,1,1/2,1,1,0,0,11
8,0,17,1,1,1,1,1,1,branch;full;flag;coherent;coset,exact,1,1,1,1,1,0,0,11
8,0,18,1,1,1,1,1,1,branch;full;flag;coherent;coset,exact,1,1,1,1,1,0,0,9
8,0,19,1,1,1,1,1,1,branch;full;flag;coherent;coset,exact,1,1,1,1,1,0,0,9
8,0,20,1/2,1/2,1/2,1/2,1/2,1/2,branch;full;flag;coherent;coset,exact,1,1,1/2,1,1,0,0,11
8,0,21,1,1,1,1,1,1,branch;full;flag;coherent;coset,exact,1,1,1,1,1,0,0,11
8,0,22,1,1,1,1,1,1,branch;full;flag;coherent;coset,exact,1,1,1,1,1,0,0,9
8,0,23,1,1,1,1,1,1,branch;full;flag;coherent;coset,exact,1,1,1,1,1,0,0,9
8,0,24,1/2,1/2,1/2,1/2,1/2,1/2,branch;full;flag;coherent;coset,exact,1,1,1/2,1,1,0,0,11
8,0,25,1,1,1,1,1,1,branch;full;flag;coherent;coset,exact,1,1,1,1,1,0,0,11
8,0,26,1,1,1,1,1,1,branch;full;flag;coherent;coset,exact,1,1,1,1,1,0,0,9
8,0,27,1,1,1,1,1,1,branch;full;flag;coherent;coset,exact,1,1,1,1,1,0,0,9
8,0,28,1/2,1/2,1/2,1/2,1/2,1/2,branch;full;flag;coherent;coset,exact,1,1,1/2,1,1,0,0,11
8,0,29,1,1,1,1,1,1,branch;full;flag;coherent;coset,exact,1,1,1,1,1,0,0,11
8,0,30,1,1,1,1,1,1,branch;full;flag;coherent;coset,exact,1,1,1,1,1,0,0,9
8,0,31,1,1,1,1,1,1,branch;full;flag;coherent;coset,exact,1,1,1,1,1,0,0,9
8,0,32,1,1,1,1,1,1,branch;full;flag;coherent;coset,exact,1,1,1,1,1,0,0,7
8,0,33,1,1,1,1,1,1,branch;full;flag;coherent;coset,exact,1,1,1,1,1,0,0,7
8,0,34,1,1,1,1,1,1,branch;full;flag;coherent;coset,exact,1,1,1,1,1,0,0,7
8,0,35,1,1,1,1,1,1,branch;full;flag;coherent;coset,exact,1,1,1,1,1,0,0,7
8,0,36,1/2,1/2,1/2,1/2,1/2,1/2,branch;full;flag;coherent;coset,exact,1,1,1/2,1,1,0,0,11
8,0,37,1,1,1,1,1,1,branch;full;flag;coherent;coset,exact,1,1,1,1,1,0,0,11
8,0,38,1,1,1,1,1,1,branch;full;flag;coherent;coset,exact,1,1,1,1,1,0,0,9
8,0,39,1,1,1,1,1,1,branch;full;flag;coherent;coset,exact,1,1,1,1,1,0,0,9
8,0,40,1,1,1,1,1,1,branch;full;flag;coherent;coset,exact,1,1,1,1,1,0,0,7
8,0,41,1,1,1,1,1,1,branch;full;flag;coherent;coset,exact,1,1,1,1,1,0,0,7
8,0,42,1,1,1,1,1,1,branch;full;flag;coherent;coset,exact,1,1,1,1,1,0,0,7
8,0,43,1,1,1,1,1,1,branch;full;flag;coherent;coset,exact,1,1,1,1,1,0,0,7
8,0,44,1/2,1/2,1/2,1/2,1/2,1/2,branch;full;flag;coherent;coset,exact,1,1,1/2,1,1,0,0,11
8,0,45,1,1,1,1,1,1,branch;full;flag;coherent;coset,exact,1,1,1,1,1,0,0,11
8,0,46,1,1,1,1,1,1,branch;full;flag;coherent;coset,exact,1,1,1,1,1,0,0,9
8,0,47,1,1,1,1,1,1,branch;full;flag;coherent;coset,exact,1,1,1,1,1,0,0,9
8,0,48,1/2,1/2,1/2,1/2,1/2,1/2,branch;full;flag;coherent;coset,exact,1,1,1/2,1,1,0,0,11
8,0,49,1,1,1,1,1,1,branch;full;flag;coherent;coset,exact,1,1,1,1,1,0,0,11
8,0,50,1,1,1,1,1,1,branch;full;flag;coherent;coset,exact,1,1,1,1,1,0,0,9
8,0,51,1,1,1,1,1,1,branch;full;flag;coherent;coset,exact,1,1,1,1,1,0,0,9
8,0,52,1/2,1/2,1/2,1/2,1/2,1/2,branch;full;flag;coherent;coset,exact,1,1,1/2,1,1,0,0,11
8,0,53,1,1,1,1,1,1,branch;full;flag;coherent;coset,exact,1,1,1,1,1,0,0,11
8,0,54,1,1,1,1,1,1,branch;full;flag;coherent;coset,exact,1,1,1,1,1,0,0,9
8,0,55,1,1,1,1,1,1,branch;full;flag;coherent;coset,exact,1,1,1,1,1,0,0,9
8,0,56,1/2,1/2,1/2,1/2,1/2,1/2,branch;full;flag;coherent;coset,exact,1,1,1/2,1,1,0,0,11
8,0,57,1,1,1,1,1,1,branch;full;flag;coherent;coset,exact,1,1,1,1,1,0,0,11
8,0,58,1,1,1,1,1,1,branch;full;flag;coherent;coset,exact,1,1,1,1,1,0,0,9
8,0,59,1,1,1,1,1,1,branch;full;flag;coherent;coset,exact,1,1,1,1,1,0,0,9
8,0,60,1/2,1/2,1/2,1/2,1/2,1/2,branch;full;flag;coherent;coset,exact,1,1,1/2,1,1,0,0,11
8,0,61,1,1,1,1,1,1,branch;full;flag;coherent;coset,exact,1,1,1,1,1,0,0,11
8,0,62,1,1,1,1,1,1,branch;full;flag;coherent;coset,exact,1,1,1,1,1,0,0,9
8,0,63,1,1,1,1,1,1,branch;full;flag;coherent;coset,exact,1,1,1,1,1,0,0,9
8,1/4,0,1,1,1,1,1,1,branch;full;flag;coherent;coset,exact,1,1,1,1,1,0,0,10
8,1/4,1,1,1,1,1,1,1,branch;full;flag;coherent;coset,exact,1,1,1,1,1,0,0,10
8,1/4,2,1,1,1,1,1,1,branch;full;flag;coherent;coset,exact,1,1,1,1,1,0,0,10
8,1/4,3,1,1,1,1,1,1,branch;full;flag;coherent;coset,exact,1,1,1,1,1,0,0,10
8,1/4,4,1/2,1/2,1/2,1/2,1/2,1/2,branch;full;flag;coherent;coset,exact,1,1,1/2,1,1,0,0,17
8,1/4,5,1,1,1,1,1,1,branch;full;flag;coherent;coset,exact,1,1,1,1,1,0,0,18
8,1/4,6,1,1,1,1,1,1,branch;full;flag;coherent;coset,exact,1,1,1,1,1,0,0,14
8,1/4,7,1,1,1,1,1,1,branch;full;flag;coherent;coset,exact,1,1,1,1,1,0,0,14
8,1/4,8,1,1,3/4,3/4,3/4,3/4,flag;coherent;coset,exact,1,1,3/4,1,1,1,0,15
8,1/4,9,1,1,1,1,1,1,branch;full;flag;coherent;coset,exact,1,1,1,1,1,0,0,16
8,1/4,10,1,1,1,1,1,1,branch;full;flag;coherent;coset,exact,1,1,1,1,1,0,0,12
8,1/4,11,1,1,1,1,1,1,branch;full;flag;coherent;coset,exact,1,1,1,1,1,0,0,12
8,1/4,12,1/2,1/2,1/2,1/2,1/2,1/2,branch;full;flag;coherent;coset,exact,1,1,1/2,1,1,0,0,17
8,1/4,13,1,1,1,1,1,1,branch;full;flag;coherent;coset,exact,1,1,1,1,1,0,0,18
8,1/4,14,1,1,1,1,1,1,branch;full;flag;coherent;coset,exact,1,1,1,1,1,0,0,14
8,1/4,15,1,1,1,1,1,1,branch;full;flag;coherent;coset,exact,1,1,1,1,1,0,0,14
8,1/4,16,1/2,1/2,1/2,1/2,1/2,1/2,branch;full;flag;coherent;coset,exact,1,1,1/2,1,1,0,0,17
8,1/4,17,1,1,1,1,1,1,branch;full;flag;coherent;coset,exact,1,1,1,1,1,0,0,18
8,1/4,18,1,1,1,1,1,1,branch;full;flag;coherent;coset,exact,1,1,1,1,1,0,0,14
8,1/4,19,1,1,1,1,1,1,branch;full;flag;coherent;coset,exact,1,1,1,1,1,0,0,14
8,1/4,20,1/2,1/2,1/2,1/2,1/2,1/2,branch;full;flag;coherent;coset,exact,1,1,1/2,1,1,0,0,17
8,1/4,21,1,1,1,1,1,1,branch;full;flag;coherent;coset,exact,1,1,1,1,1,0,0,18
8,1/4,22,1,1,1,1,1,1,branch;full;flag;coherent;coset,exact,1,1,1,1,1,0,0,14
8,1/4,23,1,1,1,1,1,1,branch;full;flag;coherent;coset,exact,1,1,1,1,1,0,0,14
8,1/4,24,1/2,1/2,3/8,3/8,3/8,3/8,flag;coherent;coset,exact,1,1,3/8,1,1,1,0,21
8,1/4,25,1,1,3/4,3/4,3/4,3/4,flag;coherent;coset,exact,1,1,3/4,1,1,1,0,43
8,1/4,26,1,1,7/8,7/8,7/8,7/8,flag;coherent;coset,exact,1,1,7/8,1,1,1,0,17
8,1/4,27,1,1,1,1,1,1,branch;full;flag;coherent;coset,exact,1,1,1,1,1,0,0,18
8,1/4,28,1/2,1/2,3/8,3/8,3/8,3/8,flag;coherent;coset,exact,1,1,3/8,1,1,1,0,21
8,1/4,29,1,1,3/4,3/4,3/4,3/4,flag;coherent;coset,exact,1,1,3/4,1,1,1,0,43
8,1/4,30,1,1,7/8,7/8,7/8,7/8,flag;coherent;coset,exact,1,1,7/8,1,1,1,0,17
8,1/4,31,1,1,1,1,1,1,branch;full;flag;coherent;coset,exact,1,1,1,1,1,0,0,18
8,1/4,32,1,1,3/4,3/4,3/4,3/4,flag;coherent;coset,exact,1,1,3/4,1,1,1,0,15
8,1/4,33,1,1,1,1,1,1,branch;full;flag;coherent;coset,exact,1,1,1,1,1,0,0,16
8,1/4,34,1,1,1,1,1,1,branch;full;flag;coherent;coset,exact,1,1,1,1,1,0,0,12
8,1/4,35,1,1,1,1,1,1,branch;full;flag;coherent;coset,exact,1,1,1,1,1,0,0,12
8,1/4,36,1/2,1/2,3/8,3/8,3/8,3/8,flag;coherent;coset,exact,1,1,3/8,1,1,1,0,21
8,1/4,37,1,1,3/4,3/4,3/4,3/4,flag;coherent;coset,exact,1,1,3/4,1,1,1,0,43
8,1/4,38,1,1,7/8,7/8,7/8,7/8,flag;coherent;coset,exact,1,1,7/8,1,1,1,0,17
8,1/4,39,1,1,1,1,1,1,branch;full;flag;coherent;coset,exact,1,1,1,1,1,0,0,18
8,1/4,40,1,1,3/4,3/4,3/4,3/4,flag;coherent;coset,exact,1,1,3/4,1,1,1,0,15
8,1/4,41,1,1,1,1,1,1,branch;full;flag;coherent;coset,exact,1,1,1,1,1,0,0,16
8,1/4,42,1,1,1,1,1,1,branch;full;flag;coherent;coset,exact,1,1,1,1,1,0,0,12
8,1/4,43,1,1,1,1,1,1,branch;full;flag;coherent;coset,exact,1,1,1,1,1,0,0,12
8,1/4,44,1/2,1/2,3/8,3/8,3/8,3/8,flag;coherent;coset,exact,1,1,3/8,1,1,1,0,21
8,1/4,45,1,1,3/4,3/4,3/4,3/4,flag;coherent;coset,exact,1,1,3/4,1,1,1,0,43
8,1/4,46,1,1,7/8,7/8,7/8,7/8,flag;coherent;coset,exact,1,1,7/8,1,1,1,0,17
8,1/4,47,1,1,1,1,1,1,branch;full;flag;coherent;coset,exact,1,1,1,1,1,0,0,18
8,1/4,48,1/2,1/2,1/2,1/2,1/2,1/2,branch;full;flag;coherent;coset,exact,1,1,1/2,1,1,0,0,17
8,1/4,49,1,1,1,1,1,1,branch;full;flag;coherent;coset,exact,1,1,1,1,1,0,0,18
8,1/4,50,1,1,1,1,1,1,branch;full;flag;coherent;coset,exact,1,1,1,1,1,0,0,14
8,1/4,51,1,1,1,1,1,1,branch;full;flag;coherent;coset,exact,1,1,1,1,1,0,0,14
8,1/4,52,1/2,1/2,3/8,3/8,3/8,3/8,flag;coherent;coset,exact,1,1,3/8,1,1,1,0,21
8,1/4,53,1,1,3/4,3/4,3/4,3/4,flag;coherent;coset,exact,1,1,3/4,1,1,1,0,43
8,1/4,54,1,1,7/8,7/8,7/8,7/8,flag;coherent;coset,exact,1,1,7/8,1,1,1,0,17
8,1/4,55,1,1,1,1,1,1,branch;full;flag;coherent;coset,exact,1,1,1,1,1,0,0,18
8,1/4,56,1/2,1/2,3/8,3/8,3/8,3/8,flag;coherent;coset,exact,1,1,3/8,1,1,1,0,21
8,1/4,57,1,1,3/4,3/4,3/4,3/4,flag;coherent;coset,exact,1,1,3/4,1,1,1,0,43
8,1/4,58,1,1,7/8,7/8,7/8,7/8,flag;coherent;coset,exact,1,1,7/8,1,1,1,0,17
8,1/4,59,1,1,1,1,1,1,branch;full;flag;coherent;coset,exact,1,1,1,1,1,0,0,18
8,1/4,60,1/2,1/2,1/2,1/2,1/2,1/2,branch;full;flag;coherent;coset,exact,1,1,1/2,1,1,0,0,17
8,1/4,61,1,1,1,1,1,1,branch;full;flag;coherent;coset,exact,1,1,1,1,1,0,0,18
8,1/4,62,1,1,1,1,1,1,branch;full;flag;coherent;coset,exact,1,1,1,1,1,0,0,14
8,1/4,63,1,1,1,1,1,1,branch;full;flag;coherent;coset,exact,1,1,1,1,1,0,0,14
8,1/2,0,1,1,1,1,1,1,branch;full;flag;coherent;coset,exact,1,1,1,1,1,0,0,4
8,1/2,1,1,1,1,1,1,1,branch;full;flag;coherent;coset,exact,1,1,1,1,1,0,0,4
8,1/2,2,1,1,1,1,1,1,branch;full;flag;coherent;coset,exact,1,1,1,1,1,0,0,4
8,1/2,3,1,1,1,1,1,1,branch;full;flag;coherent;coset,exact,1,1,1,1,1,0,0,4
8,1/2,4,1/2,1/2,1/2,1/2,1/2,1/2,branch;full;flag;coherent;coset,exact,1,1,1/2,1,1,0,0,5
8,1/2,5,1,1,1,1,1,1,branch;full;flag;coherent;coset,exact,1,1,1,1,1,0,0,6
8,1/2,6,1,1,1,1,1,1,branch;full;flag;coherent;coset,exact,1,1,1,1,1,0,0,5
8,1/2,7,1,1,1,1,1,1,branch;full;flag;coherent;coset,exact,1,1,1,1,1,0,0,5
8,1/2,8,1,1,1/2,1/2,1/2,1/2,flag;coherent;coset,exact,1,1,1/2,1,1,1,0,5
8,1/2,9,1,1,1,1,1,1,branch;full;flag;coherent;coset,exact,1,1,1,1,1,0,0,6
8,1/2,10,1,1,1,1,1,1,branch;full;flag;coherent;coset,exact,1,1,1,1,1,0,0,5
8,1/2,11,1,1,1,1,1,1,branch;full;flag;coherent;coset,exact,1,1,1,1,1,0,0,5
8,1/2,12,1/2,1/2,1/2,1/2,1/2,1/2,branch;full;flag;coherent;coset,exact,1,1,1/2,1,1,0,0,5
8,1/2,13,1,1,1,1,1,1,branch;full;flag;coherent;coset,exact,1,1,1,1,1,0,0,6
8,1/2,14,1,1,1,1,1,1,branch;full;flag;coherent;coset,exact,1,1,1,1,1,0,0,5
8,1/2,15,1,1,1,1,1,1,branch;full;flag;coherent;coset,exact,1,1,1,1,1,0,0,5
8,1/2,16,1/2,1/2,1/2,1/2,1/2,1/2,branch;full;flag;coherent;coset,exact,1,1,1/2,1,1,0,0,5
8,1/2,17,1,1,1,1,1,1,branch;full;flag;coherent;coset,exact,1,1,1,1,1,0,0,6
8,1/2,18,1,1,1,1,1,1,branch;full;flag;coherent;coset,exact,1,1,1,1,1,0,0,5
8,1/2,19,1,1,1,1,1,1,branch;full;flag;coherent;coset,exact,1,1,1,1,1,0,0,5
8,1/2,20,1/2,1/2,1/2,1/2,1/2,1/2,branch;full;flag;coherent;coset,exact,1,1,1/2,1,1,0,0,5
8,1/2,21,1,1,1,1,1,1,branch;full;flag;coherent;coset,exact,1,1,1,1,1,0,0,6
8,1/2,22,1,1,1,1,1,1,branch;full;flag;coherent;coset,exact,1,1,1,1,1,0,0,5
8,1/2,23,1,1,1,1,1,1,branch;full;flag;coherent;coset,exact,1,1,1,1,1,0,0,5
8,1/2,24,1/2,1/2,1/4,1/4,1/4,1/4,flag;coherent;coset,exact,1,1,1/4,1,1,1,0,6
8,1/2,25,1,1,1/2,1/2,1/2,1/2,flag;coherent;coset,exact,1,1,1/2,1,1,1,0,12
8,1/2,26,1,1,3/4,3/4,3/4,3/4,flag;coherent;coset,exact,1,1,3/4,1,1,1,0,6
8,1/2,27,1,1,1,1,1,1,branch;full;flag;coherent;coset,exact,1,1,1,1,1,0,0,7
8,1/2,28,1/2,1/2,1/4,1/4,1/4,1/4,flag;coherent;coset,exact,1,1,1/4,1,1,1,0,6
8,1/2,29,1,1,1/2,1/2,1/2,1/2,flag;coherent;coset,exact,1,1,1/2,1,1,1,0,12
8,1/2,30,1,1,3/4,3/4,3/4,3/4,flag;coherent;coset,exact,1,1,3/4,1,1,1,0,6
8,1/2,31,1,1,1,1,1,1,branch;full;flag;coherent;coset,exact,1,1,1,1,1,0,0,7
8,1/2,32,1,1,1/2,1/2,1/2,1/2,flag;coherent;coset,exact,1,1,1/2,1,1,1,0,5
8,1/2,33,1,1,1,1,1,1,branch;full;flag;coherent;coset,exact,1,1,1,1,1,0,0,6
8,1/2,34,1,1,1,1,1,1,branch;full;flag;coherent;coset,exact,1,1,1,1,1,0,0,5
8,1/2,35,1,1,1,1,1,1,branch;full;flag;coherent;coset,exact,1,1,1,1,1,0,0,5
8,1/2,36,1/2,1/2,1/4,1/4,1/4,1/4,flag;coherent;coset,exact,1,1,1/4,1,1,1,0,6
8,1/2,37,1,1,1/2,1/2,1/2,1/2,flag;coherent;coset,exact,1,1,1/2,1,1,1,0,12
8,1/2,38,1,1,3/4,3/4,3/4,3/4,flag;coherent;coset,exact,1,1,3/4,1,1,1,0,6
8,1/2,39,1,1,1,1,1,1,branch;full;flag;coherent;coset,exact,1,1,1,1,1,0,0,7
8,1/2,40,1,1,1/2,1/2,1/2,1/2,flag;coherent;coset,exact,1,1,1/2,1,1,1,0,5
8,1/2,41,1,1,1,1,1,1,branch;full;flag;coherent;coset,exact,1,1,1,1,1,0,0,6
8,1/2,42,1,1,1,1,1,1,branch;full;flag;coherent;coset,exact,1,1,1,1,1,0,0,5
8,1/2,43,1,1,1,1,1,1,branch;full;flag;coherent;coset,exact,1,1,1,1,1,0,0,5
8,1/2,44,1/2,1/2,1/4,1/4,1/4,1/4,flag;coherent;coset,exact,1,1,1/4,1,1,1,0,6
8,1/2,45,1,1,1/2,1/2,1/2,1/2,flag;coherent;coset,exact,1,1,1/2,1,1,1,0,12
8,1/2,46,1,1,3/4,3/4,3/4,3/4,flag;coherent;coset,exact,1,1,3/4,1,1,1,0,6
8,1/2,47,1,1,1,1,1,1,branch;full;flag;coherent;coset,exact,1,1,1,1,1,0,0,7
8,1/2,48,1/2,1/2,1/2,1/2,1/2,1/2,branch;full;flag;coherent;coset,exact,1,1,1/2,1,1,0,0,5
8,1/2,49,1,1,1,1,1,1,branch;full;flag;coherent;coset,exact,1,1,1,1,1,0,0,6
8,1/2,50,1,1,1,1,1,1,branch;full;flag;coherent;coset,exact,1,1,1,1,1,0,0,5
8,1/2,51,1,1,1,1,1,1,branch;full;flag;coherent;coset,exact,1,1,1,1,1,0,0,5
8,1/2,52,1/2,1/2,1/4,1/4,1/4,1/4,flag;coherent;coset,exact,1,1,1/4,1,1,1,0,6
8,1/2,53,1,1,1/2,1/2,1/2,1/2,flag;coherent;coset,exact,1,1,1/2,1,1,1,0,12
8,1/2,54,1,1,3/4,3/4,3/4,3/4,flag;coherent;coset,exact,1,1,3/4,1,1,1,0,6
8,1/2,55,1,1,1,1,1,1,branch;full;flag;coherent;coset,exact,1,1,1,1,1,0,0,7
8,1/2,56,1/2,1/2,1/4,1/4,1/4,1/4,flag;coherent;coset,exact,1,1,1/4,1,1,1,0,6
8,1/2,57,1,1,1/2,1/2,1/2,1/2,flag;coherent;coset,exact,1,1,1/2,1,1,1,0,12
8,1/2,58,1,1,3/4,3/4,3/4,3/4,flag;coherent;coset,exact,1,1,3/4,1,1,1,0,6
8,1/2,59,1,1,1,1,1,1,branch;full;flag;coherent;coset,exact,1,1,1,1,1,0,0,7
8,1/2,60,1/2,1/2,1/2,1/2,1/2,1/2,branch;full;flag;coherent;coset,exact,1,1,1/2,1,1,0,0,5
8,1/2,61,1,1,1,1,1,1,branch;full;flag;coherent;coset,exact,1,1,1,1,1,0,0,6
8,1/2,62,1,1,1,1,1,1,branch;full;flag;coherent;coset,exact,1,1,1,1,1,0,0,5
8,1/2,63,1,1,1,1,1,1,branch;full;flag;coherent;coset,exact,1,1,1,1,1,0,0,5
8,3/4,0,1,1,1,1,1,1,branch;full;flag;coherent;coset,exact,1,1,1,1,1,0,0,10
8,3/4,1,1,1,1,1,1,1,branch;full;flag;coherent;coset,exact,1,1,1,1,1,0,0,10
8,3/4,2,1,1,1,1,1,1,branch;full;flag;coherent;coset,exact,1,1,1,1,1,0,0,10
8,3/4,3,1,1,1,1,1,1,branch;full;flag;coherent;coset,exact,1,1,1,1,1,0,0,10
8,3/4,4,1/2,1/2,1/2,1/2,1/2,1/2,branch;full;flag;coherent;coset,exact,1,1,1/2,1,1,0,0,17
8,3/4,5,1,1,1,1,1,1,branch;full;flag;coherent;coset,exact,1,1,1,1,1,0,0,18
8,3/4,6,1,1,1,1,1,1,branch;full;flag;coherent;coset,exact,1,1,1,1,1,0,0,14
8,3/4,7,1,1,1,1,1,1,branch;full;flag;coherent;coset,exact,1,1,1,1,1,0,0,14
8,3/4,8,1,1,3/4,3/4,3/4,3/4,flag;coherent;coset,exact,1,1,3/4,1,1,1,0,15
8,3/4,9,1,1,1,1,1,1,branch;full;flag;coherent;coset,exact,1,1,1,1,1,0,0,16
8,3/4,10,1,1,1,1,1,1,branch;full;flag;coherent;coset,exact,1,1,1,1,1,0,0,12
8,3/4,11,1,1,1,1,1,1,branch;full;flag;coherent;coset,exact,1,1,1,1,1,0,0,12
8,3/4,12,1/2,1/2,1/2,1/2,1/2,1/2,branch;full;flag;coherent;coset,exact,1,1,1/2,1,1,0,0,17
8,3/4,13,1,1,1,1,1,1,branch;full;flag;coherent;coset,exact,1,1,1,1,1,0,0,18
8,3/4,14,1,1,1,1,1,1,branch;full;flag;coherent;coset,exact,1,1,1,1,1,0,0,14
8,3/4,15,1,1,1,1,1,1,branch;full;flag;coherent;coset,exact,1,1,1,1,1,0,0,14
8,3/4,16,1/2,1/2,1/2,1/2,1/2,1/2,branch;full;flag;coherent;coset,exact,1,1,1/2,1,1,0,0,17
8,3/4,17,1,1,1,1,1,1,branch;full;flag;coherent;coset,exact,1,1,1,1,1,0,0,18
8,3/4,18,1,1,1,1,1,1,branch;full;flag;coherent;coset,exact,1,1,1,1,1,0,0,14
8,3/4,19,1,1,1,1,1,1,branch;full;flag;coherent;coset,exact,1,1,1,1,1,0,0,14
8,3/4,20,1/2,1/2,1/2,1/2,1/2,1/2,branch;full;flag;coherent;coset,exact,1,1,1/2,1,1,0,0,17
8,3/4,21,1,1,1,1,1,1,branch;full;flag;coherent;coset,exact,1,1,1,1,1,0,0,18
8,3/4,22,1,1,1,1,1,1,branch;full;flag;coherent;coset,exact,1,1,1,1,1,0,0,14
8,3/4,23,1,1,1,1,1,1,branch;full;flag;coherent;coset,exact,1,1,1,1,1,0,0,14
8,3/4,24,1/2,1/2,3/8,3/8,3/8,3/8,flag;coherent;coset,exact,1,1,3/8,1,1,1,0,21
8,3/4,25,1,1,3/4,3/4,3/4,3/4,flag;coherent;coset,exact,1,1,3/4,1,1,1,0,43
8,3/4,26,1,1,7/8,7/8,7/8,7/8,flag;coherent;coset,exact,1,1,7/8,1,1,1,0,17
8,3/4,27,1,1,1,1,1,1,branch;full;flag;coherent;coset,exact,1,1,1,1,1,0,0,18
8,3/4,28,1/2,1/2,3/8,3/8,3/8,3/8,flag;coherent;coset,exact,1,1,3/8,1,1,1,0,21
8,3/4,29,1,1,3/4,3/4,3/4,3/4,flag;coherent;coset,exact,1,1,3/4,1,1,1,0,43
8,3/4,30,1,1,7/8,7/8,7/8,7/8,flag;coherent;coset,exact,1,1,7/8,1,1,1,0,17
8,3/4,31,1,1,1,1,1,1,branch;full;flag;coherent;coset,exact,1,1,1,1,1,0,0,18
8,3/4,32,1,1,3/4,3/4,3/4,3/4,flag;coherent;coset,exact,1,1,3/4,1,1,1,0,15
8,3/4,33,1,1,1,1,1,1,branch;full;flag;coherent;coset,exact,1,1,1,1,1,0,0,16
8,3/4,34,1,1,1,1,1,1,branch;full;flag;coherent;coset,exact,1,1,1,1,1,0,0,12
8,3/4,35,1,1,1,1,1,1,branch;full;flag;coherent;coset,exact,1,1,1,1,1,0,0,12
8,3/4,36,1/2,1/2,3/8,3/8,3/8,3/8,flag;coherent;coset,exact,1,1,3/8,1,1,1,0,21
8,3/4,37,1,1,3/4,3/4,3/4,3/4,flag;coherent;coset,exact,1,1,3/4,1,1,1,0,43
8,3/4,38,1,1,7/8,7/8,7/8,7/8,flag;coherent;coset,exact,1,1,7/8,1,1,1,0,17
8,3/4,39,1,1,1,1,1,1,branch;full;flag;coherent;coset,exact,1,1,1,1,1,0,0,18
8,3/4,40,1,1,3/4,3/4,3/4,3/4,flag;coherent;coset,exact,1,1,3/4,1,1,1,0,15
8,3/4,41,1,1,1,1,1,1,branch;full;flag;coherent;coset,exact,1,1,1,1,1,0,0,16
8,3/4,42,1,1,1,1,1,1,branch;full;flag;coherent;coset,exact,1,1,1,1,1,0,0,12
8,3/4,43,1,1,1,1,1,1,branch;full;flag;coherent;coset,exact,1,1,1,1,1,0,0,12
8,3/4,44,1/2,1/2,3/8,3/8,3/8,3/8,flag;coherent;coset,exact,1,1,3/8,1,1,1,0,21
8,3/4,45,1,1,3/4,3/4,3/4,3/4,flag;coherent;coset,exact,1,1,3/4,1,1,1,0,43
8,3/4,46,1,1,7/8,7/8,7/8,7/8,flag;coherent;coset,exact,1,1,7/8,1,1,1,0,17
8,3/4,47,1,1,1,1,1,1,branch;full;flag;coherent;coset,exact,1,1,1,1,1,0,0,18
8,3/4,48,1/2,1/2,1/2,1/2,1/2,1/2,branch;full;flag;coherent;coset,exact,1,1,1/2,1,1,0,0,17
8,3/4,49,1,1,1,1,1,1,branch;full;flag;coherent;coset,exact,1,1,1,1,1,0,0,18
8,3/4,50,1,1,1,1,1,1,branch;full;flag;coherent;coset,exact,1,1,1,1,1,0,0,14
8,3/4,51,1,1,1,1,1,1,branch;full;flag;coherent;coset,exact,1,1,1,1,1,0,0,14
8,3/4,52,1/2,1/2,3/8,3/8,3/8,3/8,flag;coherent;coset,exact,1,1,3/8,1,1,1,0,21
8,3/4,53,1,1,3/4,3/4,3/4,3/4,flag;coherent;coset,exact,1,1,3/4,1,1,1,0,43
8,3/4,54,1,1,7/8,7/8,7/8,7/8,flag;coherent;coset,exact,1,1,7/8,1,1,1,0,17
8,3/4,55,1,1,1,1,1,1,branch;full;flag;coherent;coset,exact,1,1,1,1,1,0,0,18
8,3/4,56,1/2,1/2,3/8,3/8,3/8,3/8,flag;coherent;coset,exact,1,1,3/8,1,1,1,0,21
8,3/4,57,1,1,3/4,3/4,3/4,3/4,flag;coherent;coset,exact,1,1,3/4,1,1,1,0,43
8,3/4,58,1,1,7/8,7/8,7/8,7/8,flag;coherent;coset,exact,1,1,7/8,1,1,1,0,17
8,3/4,59,1,1,1,1,1,1,branch;full;flag;coherent;coset,exact,1,1,1,1,1,0,0,18
8,3/4,60,1/2,1/2,1/2,1/2,1/2,1/2,branch;full;flag;coherent;coset,exact,1,1,1/2,1,1,0,0,17
8,3/4,61,1,1,1,1,1,1,branch;full;flag;coherent;coset,exact,1,1,1,1,1,0,0,18
8,3/4,62,1,1,1,1,1,1,branch;full;flag;coherent;coset,exact,1,1,1,1,1,0,0,14
8,3/4,63,1,1,1,1,1,1,branch;full;flag;coherent;coset,exact,1,1,1,1,1,0,0,14
8,1,0,1,1,1,1,1,1,branch;full;flag;coherent;coset,exact,1,1,1,1,1,0,0,7
8,1,1,1,1,1,1,1,1,branch;full;flag;coherent;coset,exact,1,1,1,1,1,0,0,7
8,1,2,1,1,1,1,1,1,branch;full;flag;coherent;coset,exact,1,1,1,1,1,0,0,7
8,1,3,1,1,1,1,1,1,branch;full;flag;coherent;coset,exact,1,1,1,1,1,0,0,7
8,1,4,1/2,1/2,1/2,1/2,1/2,1/2,branch;full;flag;coherent;coset,exact,1,1,1/2,1,1,0,0,11
8,1,5,1,1,1,1,1,1,branch;full;flag;coherent;coset,exact,1,1,1,1,1,0,0,11
8,1,6,1,1,1,1,1,1,branch;full;flag;coherent;coset,exact,1,1,1,1,1,0,0,9
8,1,7,1,1,1,1,1,1,branch;full;flag;coherent;coset,exact,1,1,1,1,1,0,0,9
8,1,8,1,1,1,1,1,1,branch;full;flag;coherent;coset,exact,1,1,1,1,1,0,0,7
8,1,9,1,1,1,1,1,1,branch;full;flag;coherent;coset,exact,1,1,1,1,1,0,0,7
8,1,10,1,1,1,1,1,1,branch;full;flag;coherent;coset,exact,1,1,1,1,1,0,0,7
8,1,11,1,1,1,1,1,1,branch;full;flag;coherent;coset,exact,1,1,1,1,1,0,0,7
8,1,12,1/2,1/2,1/2,1/2,1/2,1/2,branch;full;flag;coherent;coset,exact,1,1,1/2,1,1,0,0,11
8,1,13,1,1,1,1,1,1,branch;full;flag;coherent;coset,exact,1,1,1,1,1,0,0,11
8,1,14,1,1,1,1,1,1,branch;full;flag;coherent;coset,exact,1,1,1,1,1,0,0,9
8,1,15,1,1,1,1,1,1,branch;full;flag;coherent;coset,exact,1,1,1,1,1,0,0,9
8,1,16,1/2,1/2,1/2,1/2,1/2,1/2,branch;full;flag;coherent;coset,exact,1,1,1/2,1,1,0,0,11
8,1,17,1,1,1,1,1,1,branch;full;flag;coherent;coset,exact,1,1,1,1,1,0,0,11
8,1,18,1,1,1,1,1,1,branch;full;flag;coherent;coset,exact,1,1,1,1,1,0,0,9
8,1,19,1,1,1,1,1,1,branch;full;flag;coherent;coset,exact,1,1,1,1,1,0,0,9
8,1,20,1/2,1/2,1/2,1/2,1/2,1/2,branch;full;flag;coherent;coset,exact,1,1,1/2,1,1,0,0,11
8,1,21,1,1,1,1,1,1,branch;full;flag;coherent;coset,exact,1,1,1,1,1,0,0,11
8,1,22,1,1,1,1,1,1,branch;full;flag;coherent;coset,exact,1,1,1,1,1,0,0,9
8,1,23,1,1,1,1,1,1,branch;full;flag;coherent;coset,exact,1,1,1,1,1,0,0,9
8,1,24,1/2,1/2,1/2,1/2,1/2,1/2,branch;full;flag;coherent;coset,exact,1,1,1/2,1,1,0,0,11
8,1,25,1,1,1,1,1,1,branch;full;flag;coherent;coset,exact,1,1,1,1,1,0,0,11
8,1,26,1,1,1,1,1,1,branch;full;flag;coherent;coset,exact,1,1,1,1,1,0,0,9
8,1,27,1,1,1,1,1,1,branch;full;flag;coherent;coset,exact,1,1,1,1,1,0,0,9
8,1,28,1/2,1/2,1/2,1/2,1/2,1/2,branch;full;flag;coherent;coset,exact,1,1,1/2,1,1,0,0,11
8,1,29,1,1,1,1,1,1,branch;full;flag;coherent;coset,exact,1,1,1,1,1,0,0,11
8,1,30,1,1,1,1,1,1,branch;full;flag;coherent;coset,exact,1,1,1,1,1,0,0,9
8,1,31,1,1,1,1,1,1,branch;full;flag;coherent;coset,exact,1,1,1,1,1,0,0,9
8,1,32,1,1,1,1,1,1,branch;full;flag;coherent;coset,exact,1,1,1,1,1,0,0,7
8,1,33,1,1,1,1,1,1,branch;full;flag;coherent;coset,exact,1,1,1,1,1,0,0,7
8,1,34,1,1,1,1,1,1,branch;full;flag;coherent;coset,exact,1,1,1,1,1,0,0,7
8,1,35,1,1,1,1,1,1,branch;full;flag;coherent;coset,exact,1,1,1,1,1,0,0,7
8,1,36,1/2,1/2,1/2,1/2,1/2,1/2,branch;full;flag;coherent;coset,exact,1,1,1/2,1,1,0,0,11
8,1,37,1,1,1,1,1,1,branch;full;flag;coherent;coset,exact,1,1,1,1,1,0,0,11
8,1,38,1,1,1,1,1,1,branch;full;flag;coherent;coset,exact,1,1,1,1,1,0,0,9
8,1,39,1,1,1,1,1,1,branch;full;flag;coherent;coset,exact,1,1,1,1,1,0,0,9
8,1,40,1,1,1,1,1,1,branch;full;flag;coherent;coset,exact,1,1,1,1,1,0,0,7
8,1,41,1,1,1,1,1,1,branch;full;flag;coherent;coset,exact,1,1,1,1,1,0,0,7
8,1,42,1,1,1,1,1,1,branch;full;flag;coherent;coset,exact,1,1,1,1,1,0,0,7
8,1,43,1,1,1,1,1,1,branch;full;flag;coherent;coset,exact,1,1,1,1,1,0,0,7
8,1,44,1/2,1/2,1/2,1/2,1/2,1/2,branch;full;flag;coherent;coset,exact,1,1,1/2,1,1,0,0,11
8,1,45,1,1,1,1,1,1,branch;full;flag;coherent;coset,exact,1,1,1,1,1,0,0,11
8,1,46,1,1,1,1,1,1,branch;full;flag;coherent;coset,exact,1,1,1,1,1,0,0,9
8,1,47,1,1,1,1,1,1,branch;full;flag;coherent;coset,exact,1,1,1,1,1,0,0,9
8,1,48,1/2,1/2,1/2,1/2,1/2,1/2,branch;full;flag;coherent;coset,exact,1,1,1/2,1,1,0,0,11
8,1,49,1,1,1,1,1,1,branch;full;flag;coherent;coset,exact,1,1,1,1,1,0,0,11
8,1,50,1,1,1,1,1,1,branch;full;flag;coherent;coset,exact,1,1,1,1,1,0,0,9
8,1,51,1,1,1,1,1,1,branch;full;flag;coherent;coset,exact,1,1,1,1,1,0,0,9
8,1,52,1/2,1/2,1/2,1/2,1/2,1/2,branch;full;flag;coherent;coset,exact,1,1,1/2,1,1,0,0,11
8,1,53,1,1,1,1,1,1,branch;full;flag;coherent;coset,exact,1,1,1,1,1,0,0,11
8,1,54,1,1,1,1,1,1,branch;full;flag;coherent;coset,exact,1,1,1,1,1,0,0,9
8,1,55,1,1,1,1,1,1,branch;full;flag;coherent;coset,exact,1,1,1,1,1,0,0,9
8,1,56,1/2,1/2,1/2,1/2,1/2,1/2,branch;full;flag;coherent;coset,exact,1,1,1/2,1,1,0,0,11
8,1,57,1,1,1,1,1,1,branch;full;flag;coherent;coset,exact,1,1,1,1,1,0,0,11
8,1,58,1,1,1,1,1,1,branch;full;flag;coherent;coset,exact,1,1,1,1,1,0,0,9
8,1,59,1,1,1,1,1,1,branch;full;flag;coherent;coset,exact,1,1,1,1,1,0,0,9
8,1,60,1/2,1/2,1/2,1/2,1/2,1/2,branch;full;flag;coherent;coset,exact,1,1,1/2,1,1,0,0,11
8,1,61,1,1,1,1,1,1,branch;full;flag;coherent;coset,exact,1,1,1,1,1,0,0,11
8,1,62,1,1,1,1,1,1,branch;full;flag;coherent;coset,exact,1,1,1,1,1,0,0,9
8,1,63,1,1,1,1,1,1,branch;full;flag;coherent;coset,exact,1,1,1,1,1,0,0,9
9,0,0,1,1,1,1,1,1,branch;full;flag;coherent;coset,exact,1,1,1,1,1,0,0,10
9,0,1,1,1,1,1,1,1,branch;full;flag;coherent;coset,exact,1,1,1,1,1,0,0,10
9,0,2,1,1,1,1,1,1,branch;full;flag;coherent;coset,exact,1,1,1,1,1,0,0,10
9,0,3,1,1,1,1,1,1,branch;full;flag;coherent;coset,exact,1,1,1,1,1,0,0,10
9,0,4,1,1,1,1,1,1,branch;full;flag;coherent;coset,exact,1,1,1,1,1,0,0,10
9,0,5,1,1,1,1,1,1,branch;full;flag;coherent;coset,exact,1,1,1,1,1,0,0,10
9,0,6,1,1,1,1,1,1,branch;full;flag;coherent;coset,exact,1,1,1,1,1,0,0,10
9,0,7,1,1,1,1,1,1,branch;full;flag;coherent;coset,exact,1,1,1,1,1,0,0,10
9,0,8,1,1,1,1,1,1,branch;full;flag;coherent;coset,exact,1,1,1,1,1,0,0,10
9,0,9,1,1,1,1,1,1,branch;full;flag;coherent;coset,exact,1,1,1,1,1,0,0,10
9,0,10,1,1,1,1,1,1,branch;full;flag;coherent;coset,exact,1,1,1,1,1,0,0,10
9,0,11,1,1,1,1,1,1,branch;full;flag;coherent;coset,exact,1,1,1,1,1,0,0,10
9,0,12,1,1,1,1,1,1,branch;full;flag;coherent;coset,exact,1,1,1,1,1,0,0,10
9,0,13,1,1,1,1,1,1,branch;full;flag;coherent;coset,exact,1,1,1,1,1,0,0,10
9,0,14,1,1,1,1,1,1,branch;full;flag;coherent;coset,exact,1,1,1,1,1,0,0,10
9,0,15,1,1,1,1,1,1,branch;full;flag;coherent;coset,exact,1,1,1,1,1,0,0,10
9,0,16,1,1,1,1,1,1,branch;full;flag;coherent;coset,exact,1,1,1,1,1,0,0,10
9,0,17,1,1,1,1,1,1,branch;full;flag;coherent;coset,exact,1,1,1,1,1,0,0,10
9,0,18,1,1,1,1,1,1,branch;full;flag;coherent;coset,exact,1,1,1,1,1,0,0,10
9,0,19,1,1,1,1,1,1,branch;full;flag;coherent;coset,exact,1,1,1,1,1,0,0,10
9,0,20,1,1,1,1,1,1,branch;full;flag;coherent;coset,exact,1,1,1,1,1,0,0,10
9,0,21,1,1,1,1,1,1,branch;full;flag;coherent;coset,exact,1,1,1,1,1,0,0,10
9,0,22,1,1,1,1,1,1,branch;full;flag;coherent;coset,exact,1,1,1,1,1,0,0,10
9,0,23,1,1,1,1,1,1,branch;full;flag;coherent;coset,exact,1,1,1,1,1,0,0,10
9,0,24,1,1,1,1,1,1,branch;full;flag;coherent;coset,exact,1,1,1,1,1,0,0,10
9,0,25,1,1,1,1,1,1,branch;full;flag;coherent;coset,exact,1,1,1,1,1,0,0,10
9,0,26,1,1,1,1,1,1,branch;full;flag;coherent;coset,exact,1,1,1,1,1,0,0,10
9,0,27,1,1,1,1,1,1,branch;full;flag;coherent;coset,exact,1,1,1,1,1,0,0,10
9,0,28,1,1,1,1,1,1,branch;full;flag;coherent;coset,exact,1,1,1,1,1,0,0,10
9,0,29,1,1,1,1,1,1,branch;full;flag;coherent;coset,exact,1,1,1,1,1,0,0,10
9,0,30,1,1,1,1,1,1,branch;full;flag;coherent;coset,exact,1,1,1,1,1,0,0,10
9,0,31,1,1,1,1,1,1,branch;full;flag;coherent;coset,exact,1,1,1,1,1,0,0,10
9,0,32,1,1,1,1,1,1,branch;full;flag;coherent;coset,exact,1,1,1,1,1,0,0,10
9,0,33,1,1,1,1,1,1,branch;full;flag;coherent;coset,exact,1,1,1,1,1,0,0,10
9,0,34,1,1,1,1,1,1,branch;full;flag;coherent;coset,exact,1,1,1,1,1,0,0,10
9,0,35,1,1,1,1,1,1,branch;full;flag;coherent;coset,exact,1,1,1,1,1,0,0,10
9,0,36,1,1,1,1,1,1,branch;full;flag;coherent;coset,exact,1,1,1,1,1,0,0,10
9,0,37,1,1,1,1,1,1,branch;full;flag;coherent;coset,exact,1,1,1,1,1,0,0,10
9,0,38,1,1,1,1,1,1,branch;full;flag;coherent;coset,exact,1,1,1,1,1,0,0,10
9,0,39,1,1,1,1,1,1,branch;full;flag;coherent;coset,exact,1,1,1,1,1,0,0,10
9,0,40,1,1,1,1,1,1,branch;full;flag;coherent;coset,exact,1,1,1,1,1,0,0,10
9,0,41,1,1,1,1,1,1,branch;full;flag;coherent;coset,exact,1,1,1,1,1,0,0,10
9,0,42,1,1,1,1,1,1,branch;full;flag;coherent;coset,exact,1,1,1,1,1,0,0,10
9,0,43,1,1,1,1,1,1,branch;full;flag;coherent;coset,exact,1,1,1,1,1,0,0,10
9,0,44,1,1,1,1,1,1,branch;full;flag;coherent;coset,exact,1,1,1,1,1,0,0,10
9,0,45,1,1,1,1,1,1,branch;full;flag;coherent;coset,exact,1,1,1,1,1,0,0,10
9,0,46,1,1,1,1,1,1,branch;full;flag;coherent;coset,exact,1,1,1,1,1,0,0,10
9,0,47,1,1,1,1,1,1,branch;full;flag;coherent;coset,exact,1,1,1,1,1,0,0,10
9,0,48,1,1,1,1,1,1,branch;full;flag;coherent;coset,exact,1,1,1,1,1,0,0,10
9,0,49,1,1,1,1,1,1,branch;full;flag;coherent;coset,exact,1,1,1,1,1,0,0,10
9,0,50,1,1,1,1,1,1,branch;full;flag;coherent;coset,exact,1,1,1,1,1,0,0,10
9,0,51,1,1,1,1,1,1,branch;full;flag;coherent;coset,exact,1,1,1,1,1,0,0,10
9,0,52,1,1,1,1,1,1,branch;full;flag;coherent;coset,exact,1,1,1,1,1,0,0,10
9,0,53,1,1,1,1,1,1,branch;full;flag;coherent;coset,exact,1,1,1,1,1,0,0,10
9,0,54,1,1,1,1,1,1,branch;full;flag;coherent;coset,exact,1,1,1,1,1,0,0,10
9,0,55,1,1,1,1,1,1,branch;full;flag;coherent;coset,exact,1,1,1,1,1,0,0,10
9,0,56,1,1,1,1,1,1,branch;full;flag;coherent;coset,exact,1,1,1,1,1,0,0,10
9,0,57,1,1,1,1,1,1,branch;full;flag;coherent;coset,exact,1,1,1,1,1,0,0,10
9,0,58,1,1,1,1,1,1,branch;full;flag;coherent;coset,exact,1,1,1,1,1,0,0,10
9,0,59,1,1,1,1,1,1,branch;full;flag;coherent;coset,exact,1,1,1,1,1,0,0,10
9,0,60,1,1,1,1,1,1,branch;full;flag;coherent;coset,exact,1,1,1,1,1,0,0,10
9,0,61,1,1,1,1,1,1,branch;full;flag;coherent;coset,exact,1,1,1,1,1,0,0,10
9,0,62,1,1,1,1,1,1,branch;full;flag;coherent;coset,exact,1,1,1,1,1,0,0,10
9,0,63,1,1,1,1,1,1,branch;full;flag;coherent;coset,exact,1,1,1,1,1,0,0,10
9,1/4,0,1,1,1,1,1,1,branch;full;flag;coherent;coset,exact,1,1,1,1,1,0,0,10
9,1/4,1,1,1,1,1,1,1,branch;full;flag;coherent;coset,exact,1,1,1,1,1,0,0,10
9,1/4,2,1,1,1,1,1,1,branch;full;flag;coherent;coset,exact,1,1,1,1,1,0,0,10
9,1/4,3,1,1,1,1,1,1,branch;full;flag;coherent;coset,exact,1,1,1,1,1,0,0,10
9,1/4,4,1,1,3/4,3/4,3/4,3/4,flag;coherent;coset,exact,1,1,3/4,1,1,1,0,17
9,1/4,5,1,1,1,1,1,1,branch;full;flag;coherent;coset,exact,1,1,1,1,1,0,0,18
9,1/4,6,1,1,1,1,1,1,branch;full;flag;coherent;coset,exact,1,1,1,1,1,0,0,14
9,1/4,7,1,1,1,1,1,1,branch;full;flag;coherent;coset,exact,1,1,1,1,1,0,0,14
9,1/4,8,1,1,3/4,3/4,3/4,3/4,flag;coherent;coset,exact,1,1,3/4,1,1,1,0,17
9,1/4,9,1,1,1,1,1,1,branch;full;flag;coherent;coset,exact,1,1,1,1,1,0,0,18
9,1/4,10,1,1,1,1,1,1,branch;full;flag;coherent;coset,exact,1,1,1,1,1,0,0,14
9,1/4,11,1,1,1,1,1,1,branch;full;flag;coherent;coset,exact,1,1,1,1,1,0,0,14
9,1/4,12,1,1,5/8,5/8,5/8,5/8,flag;coherent;coset,exact,1,1,5/8,1,1,1,0,15
9,1/4,13,1,1,1,1,1,1,branch;full;flag;coherent;coset,exact,1,1,1,1,1,0,0,16
9,1/4,14,1,1,1,1,1,1,branch;full;flag;coherent;coset,exact,1,1,1,1,1,0,0,12
9,1/4,15,1,1,1,1,1,1,branch;full;flag;coherent;coset,exact,1,1,1,1,1,0,0,12
9,1/4,16,1,1,3/4,3/4,3/4,3/4,flag;coherent;coset,exact,1,1,3/4,1,1,1,0,17
9,1/4,17,1,1,1,1,1,1,branch;full;flag;coherent;coset,exact,1,1,1,1,1,0,0,18
9,1/4,18,1,1,1,1,1,1,branch;full;flag;coherent;coset,exact,1,1,1,1,1,0,0,14
9,1/4,19,1,1,1,1,1,1,branch;full;flag;coherent;coset,exact,1,1,1,1,1,0,0,14
9,1/4,20,1,1,3/4,3/4,3/4,3/4,flag;coherent;coset,exact,1,1,3/4,1,1,1,0,17
9,1/4,21,1,1,1,1,1,1,branch;full;flag;coherent;coset,exact,1,1,1,1,1,0,0,18
9,1/4,22,1,1,1,1,1,1,branch;full;flag;coherent;coset,exact,1,1,1,1,1,0,0,14
9,1/4,23,1,1,1,1,1,1,branch;full;flag;coherent;coset,exact,1,1,1,1,1,0,0,14
9,1/4,24,1,1,9/16,9/16,9/16,9/16,flag;coherent;coset,exact,1,1,9/16,1,1,1,0,21
9,1/4,25,1,1,7/8,7/8,7/8,7/8,flag;coherent;coset,exact,1,1,3/4,1,0,1,0,43
9,1/4,26,1,1,15/16,15/16,15/16,15/16,flag;coherent;coset,exact,1,1,15/16,1,1,1,0,17
9,1/4,27,1,1,1,1,1,1,branch;full;flag;coherent;coset,exact,1,1,1,1,1,0,0,18
9,1/4,28,1,1,9/16,9/16,9/16,9/16,flag;coherent;coset,exact,1,1,9/16,1,1,1,0,21
9,1/4,29,1,1,7/8,7/8,7/8,7/8,flag;coherent;coset,exact,1,1,3/4,1,0,1,0,43
9,1/4,30,1,1,15/16,15/16,15/16,15/16,flag;coherent;coset,exact,1,1,15/16,1,1,1,0,17
9,1/4,31,1,1,1,1,1,1,branch;full;flag;coherent;coset,exact,1,1,1,1,1,0,0,18
9,1/4,32,1,1,3/4,3/4,3/4,3/4,flag;coherent;coset,exact,1,1,3/4,1,1,1,0,17
9,1/4,33,1,1,1,1,1,1,branch;full;flag;coherent;coset,exact,1,1,1,1,1,0,0,18
9,1/4,34,1,1,1,1,1,1,branch;full;flag;coherent;coset,exact,1,1,1,1,1,0,0,14
9,1/4,35,1,1,1,1,1,1,branch;full;flag;coherent;coset,exact,1,1,1,1,1,0,0,14
9,1/4,36,1,1,9/16,9/16,9/16,9/16,flag;coherent;coset,exact,1,1,9/16,1,1,1,0,21
9,1/4,37,1,1,7/8,7/8,7/8,7/8,flag;coherent;coset,exact,1,1,3/4,1,0,1,0,43
9,1/4,38,1,1,15/16,15/16,15/16,15/16,flag;coherent;coset,exact,1,1,15/16,1,1,1,0,17
9,1/4,39,1,1,1,1,1,1,branch;full;flag;coherent;coset,exact,1,1,1,1,1,0,0,18
9,1/4,40,1,1,3/4,3/4,3/4,3/4,flag;coherent;coset,exact,1,1,3/4,1,1,1,0,17
9,1/4,41,1,1,1,1,1,1,branch;full;flag;coherent;coset,exact,1,1,1,1,1,0,0,18
9,1/4,42,1,1,1,1,1,1,branch;full;flag;coherent;coset,exact,1,1,1,1,1,0,0,14
9,1/4,43,1,1,1,1,1,1,branch;full;flag;coherent;coset,exact,1,1,1,1,1,0,0,14
9,1/4,44,1,1,9/16,9/16,9/16,9/16,flag;coherent;coset,exact,1,1,9/16,1,1,1,0,21
9,1/4,45,1,1,7/8,7/8,7/8,7/8,flag;coherent;coset,exact,1,1,3/4,1,0,1,0,43
9,1/4,46,1,1,15/16,15/16,15/16,15/16,flag;coherent;coset,exact,1,1,15/16,1,1,1,0,17
9,1/4,47,1,1,1,1,1,1,branch;full;flag;coherent;coset,exact,1,1,1,1,1,0,0,18
9,1/4,48,1,1,5/8,5/8,5/8,5/8,flag;coherent;coset,exact,1,1,5/8,1,1,1,0,15
9,1/4,49,1,1,1,1,1,1,branch;full;flag;coherent;coset,exact,1,1,1,1,1,0,0,16
9,1/4,50,1,1,1,1,1,1,branch;full;flag;coherent;coset,exact,1,1,1,1,1,0,0,12
9,1/4,51,1,1,1,1,1,1,branch;full;flag;coherent;coset,exact,1,1,1,1,1,0,0,12
9,1/4,52,1,1,9/16,9/16,9/16,9/16,flag;coherent;coset,exact,1,1,9/16,1,1,1,0,21
9,1/4,53,1,1,7/8,7/8,7/8,7/8,flag;coherent;coset,exact,1,1,3/4,1,0,1,0,43
9,1/4,54,1,1,15/16,15/16,15/16,15/16,flag;coherent;coset,exact,1,1,15/16,1,1,1,0,17
9,1/4,55,1,1,1,1,1,1,branch;full;flag;coherent;coset,exact,1,1,1,1,1,0,0,18
9,1/4,56,1,1,9/16,9/16,9/16,9/16,flag;coherent;coset,exact,1,1,9/16,1,1,1,0,21
9,1/4,57,1,1,7/8,7/8,7/8,7/8,flag;coherent;coset,exact,1,1,3/4,1,0,1,0,43
9,1/4,58,1,1,15/16,15/16,15/16,15/16,flag;coherent;coset,exact,1,1,15/16,1,1,1,0,17
9,1/4,59,1,1,1,1,1,1,branch;full;flag;coherent;coset,exact,1,1,1,1,1,0,0,18
9,1/4,60,1,1,5/8,5/8,5/8,5/8,flag;coherent;coset,exact,1,1,5/8,1,1,1,0,15
9,1/4,61,1,1,1,1,1,1,branch;full;flag;coherent;coset,exact,1,1,1,1,1,0,0,16
9,1/4,62,1,1,1,1,1,1,branch;full;flag;coherent;coset,exact,1,1,1,1,1,0,0,12
9,1/4,63,1,1,1,1,1,1,branch;full;flag;coherent;coset,exact,1,1,1,1,1,0,0,12
9,1/2,0,1,1,1,1,1,1,branch;full;flag;coherent;coset,exact,1,1,1,1,1,0,0,4
9,1/2,1,1,1,1,1,1,1,branch;full;flag;coherent;coset,exact,1,1,1,1,1,0,0,4
9,1/2,2,1,1,1,1,1,1,branch;full;flag;coherent;coset,exact,1,1,1,1,1,0,0,4
9,1/2,3,1,1,1,1,1,1,branch;full;flag;coherent;coset,exact,1,1,1,1,1,0,0,4
9,1/2,4,1,1,1/2,1/2,1/2,1/2,flag;coherent;coset,exact,1,1,1/2,1,1,1,0,5
9,1/2,5,1,1,1,1,1,1,branch;full;flag;coherent;coset,exact,1,1,1,1,1,0,0,6
9,1/2,6,1,1,1,1,1,1,branch;full;flag;coherent;coset,exact,1,1,1,1,1,0,0,5
9,1/2,7,1,1,1,1,1,1,branch;full;flag;coherent;coset,exact,1,1,1,1,1,0,0,5
9,1/2,8,1,1,1/2,1/2,1/2,1/2,flag;coherent;coset,exact,1,1,1/2,1,1,1,0,5
9,1/2,9,1,1,1,1,1,1,branch;full;flag;coherent;coset,exact,1,1,1,1,1,0,0,6
9,1/2,10,1,1,1,1,1,1,branch;full;flag;coherent;coset,exact,1,1,1,1,1,0,0,5
9,1/2,11,1,1,1,1,1,1,branch;full;flag;coherent;coset,exact,1,1,1,1,1,0,0,5
9,1/2,12,1,1,1/2,1/2,1/2,1/2,flag;coherent;coset,exact,1,1,1/2,1,1,1,0,5
9,1/2,13,1,1,1,1,1,1,branch;full;flag;coherent;coset,exact,1,1,1,1,1,0,0,6
9,1/2,14,1,1,1,1,1,1,branch;full;flag;coherent;coset,exact,1,1,1,1,1,0,0,5
9,1/2,15,1,1,1,1,1,1,branch;full;flag;coherent;coset,exact,1,1,1,1,1,0,0,5
9,1/2,16,1,1,1/2,1/2,1/2,1/2,flag;coherent;coset,exact,1,1,1/2,1,1,1,0,5
9,1/2,17,1,1,1,1,1,1,branch;full;flag;coherent;coset,exact,1,1,1,1,1,0,0,6
9,1/2,18,1,1,1,1,1,1,branch;full;flag;coherent;coset,exact,1,1,1,1,1,0,0,5
9,1/2,19,1,1,1,1,1,1,branch;full;flag;coherent;coset,exact,1,1,1,1,1,0,0,5
9,1/2,20,1,1,1/2,1/2,1/2,1/2,flag;coherent;coset,exact,1,1,1/2,1,1,1,0,5
9,1/2,21,1,1,1,1,1,1,branch;full;flag;coherent;coset,exact,1,1,1,1,1,0,0,6
9,1/2,22,1,1,1,1,1,1,branch;full;flag;coherent;coset,exact,1,1,1,1,1,0,0,5
9,1/2,23,1,1,1,1,1,1,branch;full;flag;coherent;coset,exact,1,1,1,1,1,0,0,5
9,1/2,24,1,1,1/4,1/4,1/4,1/4,flag;coherent;coset,exact,1,1,1/4,1,1,1,0,6
9,1/2,25,1,1,1/2,1/2,1/2,1/2,flag;coherent;coset,exact,1,1,1/2,1,1,1,0,12
9,1/2,26,1,1,3/4,3/4,3/4,3/4,flag;coherent;coset,exact,1,1,3/4,1,1,1,0,6
9,1/2,27,1,1,1,1,1,1,branch;full;flag;coherent;coset,exact,1,1,1,1,1,0,0,7
9,1/2,28,1,1,1/4,1/4,1/4,1/4,flag;coherent;coset,exact,1,1,1/4,1,1,1,0,6
9,1/2,29,1,1,1/2,1/2,1/2,1/2,flag;coherent;coset,exact,1,1,1/2,1,1,1,0,12
9,1/2,30,1,1,3/4,3/4,3/4,3/4,flag;coherent;coset,exact,1,1,3/4,1,1,1,0,6
9,1/2,31,1,1,1,1,1,1,branch;full;flag;coherent;coset,exact,1,1,1,1,1,0,0,7
9,1/2,32,1,1,1/2,1/2,1/2,1/2,flag;coherent;coset,exact,1,1,1/2,1,1,1,0,5
9,1/2,33,1,1,1,1,1,1,branch;full;flag;coherent;coset,exact,1,1,1,1,1,0,0,6
9,1/2,34,1,1,1,1,1,1,branch;full;flag;coherent;coset,exact,1,1,1,1,1,0,0,5
9,1/2,35,1,1,1,1,1,1,branch;full;flag;coherent;coset,exact,1,1,1,1,1,0,0,5
9,1/2,36,1,1,1/4,1/4,1/4,1/4,flag;coherent;coset,exact,1,1,1/4,1,1,1,0,6
9,1/2,37,1,1,1/2,1/2,1/2,1/2,flag;coherent;coset,exact,1,1,1/2,1,1,1,0,12
9,1/2,38,1,1,3/4,3/4,3/4,3/4,flag;coherent;coset,exact,1,1,3/4,1,1,1,0,6
9,1/2,39,1,1,1,1,1,1,branch;full;flag;coherent;coset,exact,1,1,1,1,1,0,0,7
9,1/2,40,1,1,1/2,1/2,1/2,1/2,flag;coherent;coset,exact,1,1,1/2,1,1,1,0,5
9,1/2,41,1,1,1,1,1,1,branch;full;flag;coherent;coset,exact,1,1,1,1,1,0,0,6
9,1/2,42,1,1,1,1,1,1,branch;full;flag;coherent;coset,exact,1,1,1,1,1,0,0,5
9,1/2,43,1,1,1,1,1,1,branch;full;flag;coherent;coset,exact,1,1,1,1,1,0,0,5
9,1/2,44,1,1,1/4,1/4,1/4,1/4,flag;coherent;coset,exact,1,1,1/4,1,1,1,0,6
9,1/2,45,1,1,1/2,1/2,1/2,1/2,flag;coherent;coset,exact,1,1,1/2,1,1,1,0,12
9,1/2,46,1,1,3/4,3/4,3/4,3/4,flag;coherent;coset,exact,1,1,3/4,1,1,1,0,6
9,1/2,47,1,1,1,1,1,1,branch;full;flag;coherent;coset,exact,1,1,1,1,1,0,0,7
9,1/2,48,1,1,1/2,1/2,1/2,1/2,flag;coherent;coset,exact,1,1,1/2,1,1,1,0,5
9,1/2,49,1,1,1,1,1,1,branch;full;flag;coherent;coset,exact,1,1,1,1,1,0,0,6
9,1/2,50,1,1,1,1,1,1,branch;full;flag;coherent;coset,exact,1,1,1,1,1,0,0,5
9,1/2,51,1,1,1,1,1,1,branch;full;flag;coherent;coset,exact,1,1,1,1,1,0,0,5
9,1/2,52,1,1,1/4,1/4,1/4,1/4,flag;coherent;coset,exact,1,1,1/4,1,1,1,0,6
9,1/2,53,1,1,1/2,1/2,1/2,1/2,flag;coherent;coset,exact,1,1,1/2,1,1,1,0,12
9,1/2,54,1,1,3/4,3/4,3/4,3/4,flag;coherent;coset,exact,1,1,3/4,1,1,1,0,6
9,1/2,55,1,1,1,1,1,1,branch;full;flag;coherent;coset,exact,1,1,1,1,1,0,0,7
9,1/2,56,1,1,1/4,1/4,1/4,1/4,flag;coherent;coset,exact,1,1,1/4,1,1,1,0,6
9,1/2,57,1,1,1/2,1/2,1/2,1/2,flag;coherent;coset,exact,1,1,1/2,1,1,1,0,12
9,1/2,58,1,1,3/4,3/4,3/4,3/4,flag;coherent;coset,exact,1,1,3/4,1,1,1,0,6
9,1/2,59,1,1,1,1,1,1,branch;full;flag;coherent;coset,exact,1,1,1,1,1,0,0,7
9,1/2,60,1,1,1/2,1/2,1/2,1/2,flag;coherent;coset,exact,1,1,1/2,1,1,1,0,5
9,1/2,61,1,1,1,1,1,1,branch;full;flag;coherent;coset,exact,1,1,1,1,1,0,0,6
9,1/2,62,1,1,1,1,1,1,branch;full;flag;coherent;coset,exact,1,1,1,1,1,0,0,5
9,1/2,63,1,1,1,1,1,1,branch;full;flag;coherent;coset,exact,1,1,1,1,1,0,0,5
9,3/4,0,1,1,1,1,1,1,branch;full;flag;coherent;coset,exact,1,1,1,1,1,0,0,10
9,3/4,1,1,1,1,1,1,1,branch;full;flag;coherent;coset,exact,1,1,1,1,1,0,0,10
9,3/4,2,1,1,1,1,1,1,branch;full;flag;coherent;coset,exact,1,1,1,1,1,0,0,10
9,3/4,3,1,1,1,1,1,1,branch;full;flag;coherent;coset,exact,1,1,1,1,1,0,0,10
9,3/4,4,1,1,3/4,3/4,3/4,3/4,flag;coherent;coset,exact,1,1,3/4,1,1,1,0,17
9,3/4,5,1,1,1,1,1,1,branch;full;flag;coherent;coset,exact,1,1,1,1,1,0,0,18
9,3/4,6,1,1,1,1,1,1,branch;full;flag;coherent;coset,exact,1,1,1,1,1,0,0,14
9,3/4,7,1,1,1,1,1,1,branch;full;flag;coherent;coset,exact,1,1,1,1,1,0,0,14
9,3/4,8,1,1,3/4,3/4,3/4,3/4,flag;coherent;coset,exact,1,1,3/4,1,1,1,0,17
9,3/4,9,1,1,1,1,1,1,branch;full;flag;coherent;coset,exact,1,1,1,1,1,0,0,18
9,3/4,10,1,1,1,1,1,1,branch;full;flag;coherent;coset,exact,1,1,1,1,1,0,0,14
9,3/4,11,1,1,1,1,1,1,branch;full;flag;coherent;coset,exact,1,1,1,1,1,0,0,14
9,3/4,12,1,1,5/8,5/8,5/8,5/8,flag;coherent;coset,exact,1,1,5/8,1,1,1,0,15
9,3/4,13,1,1,1,1,1,1,branch;full;flag;coherent;coset,exact,1,1,1,1,1,0,0,16
9,3/4,14,1,1,1,1,1,1,branch;full;flag;coherent;coset,exact,1,1,1,1,1,0,0,12
9,3/4,15,1,1,1,1,1,1,branch;full;flag;coherent;coset,exact,1,1,1,1,1,0,0,12
9,3/4,16,1,1,3/4,3/4,3/4,3/4,flag;coherent;coset,exact,1,1,3/4,1,1,1,0,17
9,3/4,17,1,1,1,1,1,1,branch;full;flag;coherent;coset,exact,1,1,1,1,1,0,0,18
9,3/4,18,1,1,1,1,1,1,branch;full;flag;coherent;coset,exact,1,1,1,1,1,0,0,14
9,3/4,19,1,1,1,1,1,1,branch;full;flag;coherent;coset,exact,1,1,1,1,1,0,0,14
9,3/4,20,1,1,3/4,3/4,3/4,3/4,flag;coherent;coset,exact,1,1,3/4,1,1,1,0,17
9,3/4,21,1,1,1,1,1,1,branch;full;flag;coherent;coset,exact,1,1,1,1,1,0,0,18
9,3/4,22,1,1,1,1,1,1,branch;full;flag;coherent;coset,exact,1,1,1,1,1,0,0,14
9,3/4,23,1,1,1,1,1,1,branch;full;flag;coherent;coset,exact,1,1,1,1,1,0,0,14
9,3/4,24,1,1,9/16,9/16,9/16,9/16,flag;coherent;coset,exact,1,1,9/16,1,1,1,0,21
9,3/4,25,1,1,7/8,7/8,7/8,7/8,flag;coherent;coset,exact,1,1,3/4,1,0,1,0,43
9,3/4,26,1,1,15/16,15/16,15/16,15/16,flag;coherent;coset,exact,1,1,15/16,1,1,1,0,17
9,3/4,27,1,1,1,1,1,1,branch;full;flag;coherent;coset,exact,1,1,1,1,1,0,0,18
9,3/4,28,1,1,9/16,9/16,9/16,9/16,flag;coherent;coset,exact,1,1,9/16,1,1,1,0,21
9,3/4,29,1,1,7/8,7/8,7/8,7/8,flag;coherent;coset,exact,1,1,3/4,1,0,1,0,43
9,3/4,30,1,1,15/16,15/16,15/16,15/16,flag;coherent;coset,exact,1,1,15/16,1,1,1,0,17
9,3/4,31,1,1,1,1,1,1,branch;full;flag;coherent;coset,exact,1,1,1,1,1,0,0,18
9,3/4,32,1,1,3/4,3/4,3/4,3/4,flag;coherent;coset,exact,1,1,3/4,1,1,1,0,17
9,3/4,33,1,1,1,1,1,1,branch;full;flag;coherent;coset,exact,1,1,1,1,1,0,0,18
9,3/4,34,1,1,1,1,1,1,branch;full;flag;coherent;coset,exact,1,1,1,1,1,0,0,14
9,3/4,35,1,1,1,1,1,1,branch;full;flag;coherent;coset,exact,1,1,1,1,1,0,0,14
9,3/4,36,1,1,9/16,9/16,9/16,9/16,flag;coherent;coset,exact,1,1,9/16,1,1,1,0,21
9,3/4,37,1,1,7/8,7/8,7/8,7/8,flag;coherent;coset,exact,1,1,3/4,1,0,1,0,43
9,3/4,38,1,1,15/16,15/16,15/16,15/16,flag;coherent;coset,exact,1,1,15/16,1,1,1,0,17
9,3/4,39,1,1,1,1,1,1,branch;full;flag;coherent;coset,exact,1,1,1,1,1,0,0,18
9,3/4,40,1,1,3/4,3/4,3/4,3/4,flag;coherent;coset,exact,1,1,3/4,1,1,1,0,17
9,3/4,41,1,1,1,1,1,1,branch;full;flag;coherent;coset,exact,1,1,1,1,1,0,0,18
9,3/4,42,1,1,1,1,1,1,branch;full;flag;coherent;coset,exact,1,1,1,1,1,0,0,14
9,3/4,43,1,1,1,1,1,1,branch;full;flag;coherent;coset,exact,1,1,1,1,1,0,0,14
9,3/4,44,1,1,9/16,9/16,9/16,9/16,flag;coherent;coset,exact,1,1,9/16,1,1,1,0,21
9,3/4,45,1,1,7/8,7/8,7/8,7/8,flag;coherent;coset,exact,1,1,3/4,1,0,1,0,43
9,3/4,46,1,1,15/16,15/16,15/16,15/16,flag;coherent;coset,exact,1,1,15/16,1,1,1,0,17
9,3/4,47,1,1,1,1,1,1,branch;full;flag;coherent;coset,exact,1,1,1,1,1,0,0,18
9,3/4,48,1,1,5/8,5/8,5/8,5/8,flag;coherent;coset,exact,1,1,5/8,1,1,1,0,15
9,3/4,49,1,1,1,1,1,1,branch;full;flag;coherent;coset,exact,1,1,1,1,1,0,0,16
9,3/4,50,1,1,1,1,1,1,branch;full;flag;coherent;coset,exact,1,1,1,1,1,0,0,12
9,3/4,51,1,1,1,1,1,1,branch;full;flag;coherent;coset,exact,1,1,1,1,1,0,0,12
9,3/4,52,1,1,9/16,9/16,9/16,9/16,flag;coherent;coset,exact,1,1,9/16,1,1,1,0,21
9,3/4,53,1,1,7/8,7/8,7/8,7/8,flag;coherent;coset,exact,1,1,3/4,1,0,1,0,43
9,3/4,54,1,1,15/16,15/16,15/16,15/16,flag;coherent;coset,exact,1,1,15/16,1,1,1,0,17
9,3/4,55,1,1,1,1,1,1,branch;full;flag;coherent;coset,exact,1,1,1,1,1,0,0,18
9,3/4,56,1,1,9/16,9/16,9/16,9/16,flag;coherent;coset,exact,1,1,9/16,1,1,1,0,21
9,3/4,57,1,1,7/8,7/8,7/8,7/8,flag;coherent;coset,exact,1,1,3/4,1,0,1,0,43
9,3/4,58,1,1,15/16,15/16,15/16,15/16,flag;coherent;coset,exact,1,1,15/16,1,1,1,0,17
9,3/4,59,1,1,1,1,1,1,branch;full;flag;coherent;coset,exact,1,1,1,1,1,0,0,18
9,3/4,60,1,1,5/8,5/8,5/8,5/8,flag;coherent;coset,exact,1,1,5/8,1,1,1,0,15
9,3/4,61,1,1,1,1,1,1,branch;full;flag;coherent;coset,exact,1,1,1,1,1,0,0,16
9,3/4,62,1,1,1,1,1,1,branch;full;flag;coherent;coset,exact,1,1,1,1,1,0,0,12
9,3/4,63,1,1,1,1,1,1,branch;full;flag;coherent;coset,exact,1,1,1,1,1,0,0,12
9,1,0,1,1,1,1,1,1,branch;full;flag;coherent;coset,exact,1,1,1,1,1,0,0,10
9,1,1,1,1,1,1,1,1,branch;full;flag;coherent;coset,exact,1,1,1,1,1,0,0,10
9,1,2,1,1,1,1,1,1,branch;full;flag;coherent;coset,exact,1,1,1,1,1,0,0,10
9,1,3,1,1,1,1,1,1,branch;full;flag;coherent;coset,exact,1,1,1,1,1,0,0,10
9,1,4,1,1,1,1,1,1,branch;full;flag;coherent;coset,exact,1,1,1,1,1,0,0,10
9,1,5,1,1,1,1,1,1,branch;full;flag;coherent;coset,exact,1,1,1,1,1,0,0,10
9,1,6,1,1,1,1,1,1,branch;full;flag;coherent;coset,exact,1,1,1,1,1,0,0,10
9,1,7,1,1,1,1,1,1,branch;full;flag;coherent;coset,exact,1,1,1,1,1,0,0,10
9,1,8,1,1,1,1,1,1,branch;full;flag;coherent;coset,exact,1,1,1,1,1,0,0,10
9,1,9,1,1,1,1,1,1,branch;full;flag;coherent;coset,exact,1,1,1,1,1,0,0,10
9,1,10,1,1,1,1,1,1,branch;full;flag;coherent;coset,exact,1,1,1,1,1,0,0,10
9,1,11,1,1,1,1,1,1,branch;full;flag;coherent;coset,exact,1,1,1,1,1,0,0,10
9,1,12,1,1,1,1,1,1,branch;full;flag;coherent;coset,exact,1,1,1,1,1,0,0,10
9,1,13,1,1,1,1,1,1,branch;full;flag;coherent;coset,exact,1,1,1,1,1,0,0,10
9,1,14,1,1,1,1,1,1,branch;full;flag;coherent;coset,exact,1,1,1,1,1,0,0,10
9,1,15,1,1,1,1,1,1,branch;full;flag;coherent;coset,exact,1,1,1,1,1,0,0,10
9,1,16,1,1,1,1,1,1,branch;full;flag;coherent;coset,exact,1,1,1,1,1,0,0,10
9,1,17,1,1,1,1,1,1,branch;full;flag;coherent;coset,exact,1,1,1,1,1,0,0,10
9,1,18,1,1,1,1,1,1,branch;full;flag;coherent;coset,exact,1,1,1,1,1,0,0,10
9,1,19,1,1,1,1,1,1,branch;full;flag;coherent;coset,exact,1,1,1,1,1,0,0,10
9,1,20,1,1,1,1,1,1,branch;full;flag;coherent;coset,exact,1,1,1,1,1,0,0,10
9,1,21,1,1,1,1,1,1,branch;full;flag;coherent;coset,exact,1,1,1,1,1,0,0,10
9,1,22,1,1,1,1,1,1,branch;full;flag;coherent;coset,exact,1,1,1,1,1,0,0,10
9,1,23,1,1,1,1,1,1,branch;full;flag;coherent;coset,exact,1,1,1,1,1,0,0,10
9,1,24,1,1,1,1,1,1,branch;full;flag;coherent;coset,exact,1,1,1,1,1,0,0,10
9,1,25,1,1,1,1,1,1,branch;full;flag;coherent;coset,exact,1,1,1,1,1,0,0,10
9,1,26,1,1,1,1,1,1,branch;full;flag;coherent;coset,exact,1,1,1,1,1,0,0,10
9,1,27,1,1,1,1,1,1,branch;full;flag;coherent;coset,exact,1,1,1,1,1,0,0,10
9,1,28,1,1,1,1,1,1,branch;full;flag;coherent;coset,exact,1,1,1,1,1,0,0,10
9,1,29,1,1,1,1,1,1,branch;full;flag;coherent;coset,exact,1,1,1,1,1,0,0,10
9,1,30,1,1,1,1,1,1,branch;full;flag;coherent;coset,exact,1,1,1,1,1,0,0,10
9,1,31,1,1,1,1,1,1,branch;full;flag;coherent;coset,exact,1,1,1,1,1,0,0,10
9,1,32,1,1,1,1,1,1,branch;full;flag;coherent;coset,exact,1,1,1,1,1,0,0,10
9,1,33,1,1,1,1,1,1,branch;full;flag;coherent;coset,exact,1,1,1,1,1,0,0,10
9,1,34,1,1,1,1,1,1,branch;full;flag;coherent;coset,exact,1,1,1,1,1,0,0,10
9,1,35,1,1,1,1,1,1,branch;full;flag;coherent;coset,exact,1,1,1,1,1,0,0,10
9,1,36,1,1,1,1,1,1,branch;full;flag;coherent;coset,exact,1,1,1,1,1,0,0,10
9,1,37,1,1,1,1,1,1,branch;full;flag;coherent;coset,exact,1,1,1,1,1,0,0,10
9,1,38,1,1,1,1,1,1,branch;full;flag;coherent;coset,exact,1,1,1,1,1,0,0,10
9,1,39,1,1,1,1,1,1,branch;full;flag;coherent;coset,exact,1,1,1,1,1,0,0,10
9,1,40,1,1,1,1,1,1,branch;full;flag;coherent;coset,exact,1,1,1,1,1,0,0,10
9,1,41,1,1,1,1,1,1,branch;full;flag;coherent;coset,exact,1,1,1,1,1,0,0,10
9,1,42,1,1,1,1,1,1,branch;full;flag;coherent;coset,exact,1,1,1,1,1,0,0,10
9,1,43,1,1,1,1,1,1,branch;full;flag;coherent;coset,exact,1,1,1,1,1,0,0,10
9,1,44,1,1,1,1,1,1,branch;full;flag;coherent;coset,exact,1,1,1,1,1,0,0,10
9,1,45,1,1,1,1,1,1,branch;full;flag;coherent;coset,exact,1,1,1,1,1,0,0,10
9,1,46,1,1,1,1,1,1,branch;full;flag;coherent;coset,exact,1,1,1,1,1,0,0,10
9,1,47,1,1,1,1,1,1,branch;full;flag;coherent;coset,exact,1,1,1,1,1,0,0,10
9,1,48,1,1,1,1,1,1,branch;full;flag;coherent;coset,exact,1,1,1,1,1,0,0,10
9,1,49,1,1,1,1,1,1,branch;full;flag;coherent;coset,exact,1,1,1,1,1,0,0,10
9,1,50,1,1,1,1,1,1,branch;full;flag;coherent;coset,exact,1,1,1,1,1,0,0,10
9,1,51,1,1,1,1,1,1,branch;full;flag;coherent;coset,exact,1,1,1,1,1,0,0,10
9,1,52,1,1,1,1,1,1,branch;full;flag;coherent;coset,exact,1,1,1,1,1,0,0,10
9,1,53,1,1,1,1,1,1,branch;full;flag;coherent;coset,exact,1,1,1,1,1,0,0,10
9,1,54,1,1,1,1,1,1,branch;full;flag;coherent;coset,exact,1,1,1,1,1,0,0,10
9,1,55,1,1,1,1,1,1,branch;full;flag;coherent;coset,exact,1,1,1,1,1,0,0,10
9,1,56,1,1,1,1,1,1,branch;full;flag;coherent;coset,exact,1,1,1,1,1,0,0,10
9,1,57,1,1,1,1,1,1,branch;full;flag;coherent;coset,exact,1,1,1,1,1,0,0,10
9,1,58,1,1,1,1,1,1,branch;full;flag;coherent;coset,exact,1,1,1,1,1,0,0,10
9,1,59,1,1,1,1,1,1,branch;full;flag;coherent;coset,exact,1,1,1,1,1,0,0,10
9,1,60,1,1,1,1,1,1,branch;full;flag;coherent;coset,exact,1,1,1,1,1,0,0,10
9,1,61,1,1,1,1,1,1,branch;full;flag;coherent;coset,exact,1,1,1,1,1,0,0,10
9,1,62,1,1,1,1,1,1,branch;full;flag;coherent;coset,exact,1,1,1,1,1,0,0,10
9,1,63,1,1,1,1,1,1,branch;full;flag;coherent;coset,exact,1,1,1,1,1,0,0,10
10,0,0,1,1,1,1,1,1,branch;full;flag;coherent;coset,exact,1,1,1,1,1,0,0,7
10,0,1,1,1,1,1,1,1,branch;full;flag;coherent;coset,exact,1,1,1,1,1,0,0,7
10,0,2,1,1,1,1,1,1,branch;full;flag;coherent;coset,exact,1,1,1,1,1,0,0,7
10,0,3,1,1,1,1,1,1,branch;full;flag;coherent;coset,exact,1,1,1,1,1,0,0,7
10,0,4,1/2,1/2,1/2,1/2,1/2,1/2,branch;full;flag;coherent;coset,exact,1,1,1/2,1,1,0,0,11
10,0,5,1,1,1,1,1,1,branch;full;flag;coherent;coset,exact,1,1,1,1,1,0,0,11
10,0,6,1,1,1,1,1,1,branch;full;flag;coherent;coset,exact,1,1,1,1,1,0,0,9
10,0,7,1,1,1,1,1,1,branch;full;flag;coherent;coset,exact,1,1,1,1,1,0,0,9
10,0,8,1,1,1,1,1,1,branch;full;flag;coherent;coset,exact,1,1,1,1,1,0,0,7
10,0,9,1,1,1,1,1,1,branch;full;flag;coherent;coset,exact,1,1,1,1,1,0,0,7
10,0,10,1,1,1,1,1,1,branch;full;flag;coherent;coset,exact,1,1,1,1,1,0,0,7
10,0,11,1,1,1,1,1,1,branch;full;flag;coherent;coset,exact,1,1,1,1,1,0,0,7
10,0,12,1/2,1/2,1/2,1/2,1/2,1/2,branch;full;flag;coherent;coset,exact,1,1,1/2,1,1,0,0,11
10,0,13,1,1,1,1,1,1,branch;full;flag;coherent;coset,exact,1,1,1,1,1,0,0,11
10,0,14,1,1,1,1,1,1,branch;full;flag;coherent;coset,exact,1,1,1,1,1,0,0,9
10,0,15,1,1,1,1,1,1,branch;full;flag;coherent;coset,exact,1,1,1,1,1,0,0,9
10,0,16,1/2,1/2,1/2,1/2,1/2,1/2,branch;full;flag;coherent;coset,exact,1,1,1/2,1,1,0,0,11
10,0,17,1,1,1,1,1,1,branch;full;flag;coherent;coset,exact,1,1,1,1,1,0,0,11
10,0,18,1,1,1,1,1,1,branch;full;flag;coherent;coset,exact,1,1,1,1,1,0,0,9
10,0,19,1,1,1,1,1,1,branch;full;flag;coherent;coset,exact,1,1,1,1,1,0,0,9
10,0,20,1/2,1/2,1/2,1/2,1/2,1/2,branch;full;flag;coherent;coset,exact,1,1,1/2,1,1,0,0,11
10,0,21,1,1,1,1,1,1,branch;full;flag;coherent;coset,exact,1,1,1,1,1,0,0,11
10,0,22,1,1,1,1,1,1,branch;full;flag;coherent;coset,exact,1,1,1,1,1,0,0,9
10,0,23,1,1,1,1,1,1,branch;full;flag;coherent;coset,exact,1,1,1,1,1,0,0,9
10,0,24,1/2,1/2,1/2,1/2,1/2,1/2,branch;full;flag;coherent;coset,exact,1,1,1/2,1,1,0,0,11
10,0,25,1,1,1,1,1,1,branch;full;flag;coherent;coset,exact,1,1,1,1,1,0,0,11
10,0,26,1,1,1,1,1,1,branch;full;flag;coherent;coset,exact,1,1,1,1,1,0,0,9
10,0,27,1,1,1,1,1,1,branch;full;flag;coherent;coset,exact,1,1,1,1,1,0,0,9
10,0,28,1/2,1/2,1/2,1/2,1/2,1/2,branch;full;flag;coherent;coset,exact,1,1,1/2,1,1,0,0,11
10,0,29,1,1,1,1,1,1,branch;full;flag;coherent;coset,exact,1,1,1,1,1,0,0,11
10,0,30,1,1,1,1,1,1,branch;full;flag;coherent;coset,exact,1,1,1,1,1,0,0,9
10,0,31,1,1,1,1,1,1,branch;full;flag;coherent;coset,exact,1,1,1,1,1,0,0,9
10,0,32,1,1,1,1,1,1,branch;full;flag;coherent;coset,exact,1,1,1,1,1,0,0,7
10,0,33,1,1,1,1,1,1,branch;full;flag;coherent;coset,exact,1,1,1,1,1,0,0,7
10,0,34,1,1,1,1,1,1,branch;full;flag;coherent;coset,exact,1,1,1,1,1,0,0,7
10,0,35,1,1,1,1,1,1,branch;full;flag;coherent;coset,exact,1,1,1,1,1,0,0,7
10,0,36,1/2,1/2,1/2,1/2,1/2,1/2,branch;full;flag;coherent;coset,exact,1,1,1/2,1,1,0,0,11
10,0,37,1,1,1,1,1,1,branch;full;flag;coherent;coset,exact,1,1,1,1,1,0,0,11
10,0,38,1,1,1,1,1,1,branch;full;flag;coherent;coset,exact,1,1,1,1,1,0,0,9
10,0,39,1,1,1,1,1,1,branch;full;flag;coherent;coset,exact,1,1,1,1,1,0,0,9
10,0,40,1,1,1,1,1,1,branch;full;flag;coherent;coset,exact,1,1,1,1,1,0,0,7
10,0,41,1,1,1,1,1,1,branch;full;flag;coherent;coset,exact,1,1,1,1,1,0,0,7
10,0,42,1,1,1,1,1,1,branch;full;flag;coherent;coset,exact,1,1,1,1,1,0,0,7
10,0,43,1,1,1,1,1,1,branch;full;flag;coherent;coset,exact,1,1,1,1,1,0,0,7
10,0,44,1/2,1/2,1/2,1/2,1/2,1/2,branch;full;flag;coherent;coset,exact,1,1,1/2,1,1,0,0,11
10,0,45,1,1,1,1,1,1,branch;full;flag;coherent;coset,exact,1,1,1,1,1,0,0,11
10,0,46,1,1,1,1,1,1,branch;full;flag;coherent;coset,exact,1,1,1,1,1,0,0,9
10,0,47,1,1,1,1,1,1,branch;full;flag;coherent;coset,exact,1,1,1,1,1,0,0,9
10,0,48,1/2,1/2,1/2,1/2,1/2,1/2,branch;full;flag;coherent;coset,exact,1,1,1/2,1,1,0,0,11
10,0,49,1,1,1,1,1,1,branch;full;flag;coherent;coset,exact,1,1,1,1,1,0,0,11
10,0,50,1,1,1,1,1,1,branch;full;flag;coherent;coset,exact,1,1,1,1,1,0,0,9
10,0,51,1,1,1,1,1,1,branch;full;flag;coherent;coset,exact,1,1,1,1,1,0,0,9
10,0,52,1/2,1/2,1/2,1/2,1/2,1/2,branch;full;flag;coherent;coset,exact,1,1,1/2,1,1,0,0,11
10,0,53,1,1,1,1,1,1,branch;full;flag;coherent;coset,exact,1,1,1,1,1,0,0,11
10,0,54,1,1,1,1,1,1,branch;full;flag;coherent;coset,exact,1,1,1,1,1,0,0,9
10,0,55,1,1,1,1,1,1,branch;full;flag;coherent;coset,exact,1,1,1,1,1,0,0,9
10,0,56,1/2,1/2,1/2,1/2,1/2,1/2,branch;full;flag;coherent;coset,exact,1,1,1/2,1,1,0,0,11
10,0,57,1,1,1,1,1,1,branch;full;flag;coherent;coset,exact,1,1,1,1,1,0,0,11
10,0,58,1,1,1,1,1,1,branch;full;flag;coherent;coset,exact,1,1,1,1,1,0,0,9
10,0,59,1,1,1,1,1,1,branch;full;flag;coherent;coset,exact,1,1,1,1,1,0,0,9
10,0,60,1/2,1/2,1/2,1/2,1/2,1/2,branch;full;flag;coherent;coset,exact,1,1,1/2,1,1,0,0,11
10,0,61,1,1,1,1,1,1,branch;full;flag;coherent;coset,exact,1,1,1,1,1,0,0,11
10,0,62,1,1,1,1,1,1,branch;full;flag;coherent;coset,exact,1,1,1,1,1,0,0,9
10,0,63,1,1,1,1,1,1,branch;full;flag;coherent;coset,exact,1,1,1,1,1,0,0,9
10,1/4,0,1,1,1,1,1,1,branch;full;flag;coherent;coset,exact,1,1,1,1,1,0,0,8
10,1/4,1,1,1,1,1,1,1,branch;full;flag;coherent;coset,exact,1,1,1,1,1,0,0,8
10,1/4,2,1,1,1,1,1,1,branch;full;flag;coherent;coset,exact,1,1,1,1,1,0,0,8
10,1/4,3,1,1,1,1,1,1,branch;full;flag;coherent;coset,exact,1,1,1,1,1,0,0,8
10,1/4,4,1/2,1/2,1/2,1/2,1/2,1/2,branch;full;flag;coherent;coset,exact,1,1,1/2,1,1,0,0,13
10,1/4,5,1,1,1,1,1,1,branch;full;flag;coherent;coset,exact,1,1,1,1,1,0,0,14
10,1/4,6,1,1,1,1,1,1,branch;full;flag;coherent;coset,exact,1,1,1,1,1,0,0,11
10,1/4,7,1,1,1,1,1,1,branch;full;flag;coherent;coset,exact,1,1,1,1,1,0,0,11
10,1/4,8,1,1,7/8,7/8,7/8,7/8,flag;coherent;coset,exact,1,1,3/4,1,0,1,0,13
10,1/4,9,1,1,1,1,1,1,branch;full;flag;coherent;coset,exact,1,1,1,1,1,0,0,14
10,1/4,10,1,1,1,1,1,1,branch;full;flag;coherent;coset,exact,1,1,1,1,1,0,0,11
10,1/4,11,1,1,1,1,1,1,branch;full;flag;coherent;coset,exact,1,1,1,1,1,0,0,11
10,1/4,12,1/2,1/2,1/2,1/2,1/2,1/2,branch;full;flag;coherent;coset,exact,1,1,1/2,1,1,0,0,13
10,1/4,13,1,1,1,1,1,1,branch;full;flag;coherent;coset,exact,1,1,1,1,1,0,0,14
10,1/4,14,1,1,1,1,1,1,branch;full;flag;coherent;coset,exact,1,1,1,1,1,0,0,11
10,1/4,15,1,1,1,1,1,1,branch;full;flag;coherent;coset,exact,1,1,1,1,1,0,0,11
10,1/4,16,1/2,1/2,1/2,1/2,1/2,1/2,branch;full;flag;coherent;coset,exact,1,1,1/2,1,1,0,0,13
10,1/4,17,1,1,1,1,1,1,branch;full;flag;coherent;coset,exact,1,1,1,1,1,0,0,14
10,1/4,18,1,1,1,1,1,1,branch;full;flag;coherent;coset,exact,1,1,1,1,1,0,0,11
10,1/4,19,1,1,1,1,1,1,branch;full;flag;coherent;coset,exact,1,1,1,1,1,0,0,11
10,1/4,20,1/2,1/2,1/2,1/2,1/2,1/2,branch;full;flag;coherent;coset,exact,1,1,1/2,1,1,0,0,13
10,1/4,21,1,1,1,1,1,1,branch;full;flag;coherent;coset,exact,1,1,1,1,1,0,0,14
10,1/4,22,1,1,1,1,1,1,branch;full;flag;coherent;coset,exact,1,1,1,1,1,0,0,11
10,1/4,23,1,1,1,1,1,1,branch;full;flag;coherent;coset,exact,1,1,1,1,1,0,0,11
10,1/4,24,1/2,1/2,7/16,7/16,7/16,7/16,flag;coherent;coset,exact,1,1,3/8,1,0,1,0,16
10,1/4,25,1,1,7/8,7/8,7/8,7/8,flag;coherent;coset,exact,1,1,3/4,1,0,1,0,34
10,1/4,26,1,1,15/16,15/16,15/16,15/16,flag;coherent;coset,exact,1,1,7/8,1,0,1,0,16
10,1/4,27,1,1,1,1,1,1,branch;full;flag;coherent;coset,exact,1,1,1,1,1,0,0,17
10,1/4,28,1/2,1/2,7/16,7/16,7/16,7/16,flag;coherent;coset,exact,1,1,3/8,1,0,1,0,16
10,1/4,29,1,1,7/8,7/8,7/8,7/8,flag;coherent;coset,exact,1,1,3/4,1,0,1,0,34
10,1/4,30,1,1,15/16,15/16,15/16,15/16,flag;coherent;coset,exact,1,1,7/8,1,0,1,0,16
10,1/4,31,1,1,1,1,1,1,branch;full;flag;coherent;coset,exact,1,1,1,1,1,0,0,17
10,1/4,32,1,1,7/8,7/8,7/8,7/8,flag;coherent;coset,exact,1,1,3/4,1,0,1,0,13
10,1/4,33,1,1,1,1,1,1,branch;full;flag;coherent;coset,exact,1,1,1,1,1,0,0,14
10,1/4,34,1,1,1,1,1,1,branch;full;flag;coherent;coset,exact,1,1,1,1,1,0,0,11
10,1/4,35,1,1,1,1,1,1,branch;full;flag;coherent;coset,exact,1,1,1,1,1,0,0,11
10,1/4,36,1/2,1/2,7/16,7/16,7/16,7/16,flag;coherent;coset,exact,1,1,3/8,1,0,1,0,16
10,1/4,37,1,1,7/8,7/8,7/8,7/8,flag;coherent;coset,exact,1,1,3/4,1,0,1,0,34
10,1/4,38,1,1,15/16,15/16,15/16,15/16,flag;coherent;coset,exact,1,1,7/8,1,0,1,0,16
10,1/4,39,1,1,1,1,1,1,branch;full;flag;coherent;coset,exact,1,1,1,1,1,0,0,17
10,1/4,40,1,1,7/8,7/8,7/8,7/8,flag;coherent;coset,exact,1,1,3/4,1,0,1,0,13
10,1/4,41,1,1,1,1,1,1,branch;full;flag;coherent;coset,exact,1,1,1,1,1,0,0,14
10,1/4,42,1,1,1,1,1,1,branch;full;flag;coherent;coset,exact,1,1,1,1,1,0,0,11
10,1/4,43,1,1,1,1,1,1,branch;full;flag;coherent;coset,exact,1,1,1,1,1,0,0,11
10,1/4,44,1/2,1/2,7/16,7/16,7/16,7/16,flag;coherent;coset,exact,1,1,3/8,1,0,1,0,16
10,1/4,45,1,1,7/8,7/8,7/8,7/8,flag;coherent;coset,exact,1,1,3/4,1,0,1,0,34
10,1/4,46,1,1,15/16,15/16,15/16,15/16,flag;coherent;coset,exact,1,1,7/8,1,0,1,0,16
10,1/4,47,1,1,1,1,1,1,branch;full;flag;coherent;coset,exact,1,1,1,1,1,0,0,17
10,1/4,48,1/2,1/2,1/2,1/2,1/2,1/2,branch;full;flag;coherent;coset,exact,1,1,1/2,1,1,0,0,13
10,1/4,49,1,1,1,1,1,1,branch;full;flag;coherent;coset,exact,1,1,1,1,1,0,0,14
10,1/4,50,1,1,1,1,1,1,branch;full;flag;coherent;coset,exact,1,1,1,1,1,0,0,11
10,1/4,51,1,1,1,1,1,1,branch;full;flag;coherent;coset,exact,1,1,1,1,1,0,0,11
10,1/4,52,1/2,1/2,7/16,7/16,7/16,7/16,flag;coherent;coset,exact,1,1,3/8,1,0,1,0,16
10,1/4,53,1,1,7/8,7/8,7/8,7/8,flag;coherent;coset,exact,1,1,3/4,1,0,1,0,34
10,1/4,54,1,1,15/16,15/16,15/16,15/16,flag;coherent;coset,exact,1,1,7/8,1,0,1,0,16
10,1/4,55,1,1,1,1,1,1,branch;full;flag;coherent;coset,exact,1,1,1,1,1,0,0,17
10,1/4,56,1/2,1/2,7/16,7/16,7/16,7/16,flag;coherent;coset,exact,1,1,3/8,1,0,1,0,16
10,1/4,57,1,1,7/8,7/8,7/8,7/8,flag;coherent;coset,exact,1,1,3/4,1,0,1,0,34
10,1/4,58,1,1,15/16,15/16,15/16,15/16,flag;coherent;coset,exact,1,1,7/8,1,0,1,0,16
10,1/4,59,1,1,1,1,1,1,branch;full;flag;coherent;coset,exact,1,1,1,1,1,0,0,17
10,1/4,60,1/2,1/2,1/2,1/2,1/2,1/2,branch;full;flag;coherent;coset,exact,1,1,1/2,1,1,0,0,13
10,1/4,61,1,1,1,1,1,1,branch;full;flag;coherent;coset,exact,1,1,1,1,1,0,0,14
10,1/4,62,1,1,1,1,1,1,branch;full;flag;coherent;coset,exact,1,1,1,1,1,0,0,11
10,1/4,63,1,1,1,1,1,1,branch;full;flag;coherent;coset,exact,1,1,1,1,1,0,0,11
10,1/2,0,1,1,1,1,1,1,branch;full;flag;coherent;coset,exact,1,1,1,1,1,0,0,4
10,1/2,1,1,1,1,1,1,1,branch;full;flag;coherent;coset,exact,1,1,1,1,1,0,0,4
10,1/2,2,1,1,1,1,1,1,branch;full;flag;coherent;coset,exact,1,1,1,1,1,0,0,4
10,1/2,3,1,1,1,1,1,1,branch;full;flag;coherent;coset,exact,1,1,1,1,1,0,0,4
10,1/2,4,1/2,1/2,1/2,1/2,1/2,1/2,branch;full;flag;coherent;coset,exact,1,1,1/2,1,1,0,0,5
10,1/2,5,1,1,1,1,1,1,branch;full;flag;coherent;coset,exact,1,1,1,1,1,0,0,6
10,1/2,6,1,1,1,1,1,1,branch;full;flag;coherent;coset,exact,1,1,1,1,1,0,0,5
10,1/2,7,1,1,1,1,1,1,branch;full;flag;coherent;coset,exact,1,1,1,1,1,0,0,5
10,1/2,8,1,1,1/2,1/2,1/2,1/2,flag;coherent;coset,exact,1,1,1/2,1,1,1,0,5
10,1/2,9,1,1,1,1,1,1,branch;full;flag;coherent;coset,exact,1,1,1,1,1,0,0,6
10,1/2,10,1,1,1,1,1,1,branch;full;flag;coherent;coset,exact,1,1,1,1,1,0,0,5
10,1/2,11,1,1,1,1,1,1,branch;full;flag;coherent;coset,exact,1,1,1,1,1,0,0,5
10,1/2,12,1/2,1/2,1/2,1/2,1/2,1/2,branch;full;flag;coherent;coset,exact,1,1,1/2,1,1,0,0,5
10,1/2,13,1,1,1,1,1,1,branch;full;flag;coherent;coset,exact,1,1,1,1,1,0,0,6
10,1/2,14,1,1,1,1,1,1,branch;full;flag;coherent;coset,exact,1,1,1,1,1,0,0,5
10,1/2,15,1,1,1,1,1,1,branch;full;flag;coherent;coset,exact,1,1,1,1,1,0,0,5
10,1/2,16,1/2,1/2,1/2,1/2,1/2,1/2,branch;full;flag;coherent;coset,exact,1,1,1/2,1,1,0,0,5
10,1/2,17,1,1,1,1,1,1,branch;full;flag;coherent;coset,exact,1,1,1,1,1,0,0,6
10,1/2,18,1,1,1,1,1,1,branch;full;flag;coherent;coset,exact,1,1,1,1,1,0,0,5
10,1/2,19,1,1,1,1,1,1,branch;full;flag;coherent;coset,exact,1,1,1,1,1,0,0,5
10,1/2,20,1/2,1/2,1/2,1/2,1/2,1/2,branch;full;flag;coherent;coset,exact,1,1,1/2,1,1,0,0,5
10,1/2,21,1,1,1,1,1,1,branch;full;flag;coherent;coset,exact,1,1,1,1,1,0,0,6
10,1/2,22,1,1,1,1,1,1,branch;full;flag;coherent;coset,exact,1,1,1,1,1,0,0,5
10,1/2,23,1,1,1,1,1,1,branch;full;flag;coherent;coset,exact,1,1,1,1,1,0,0,5
10,1/2,24,1/2,1/2,1/4,1/4,1/4,1/4,flag;coherent;coset,exact,1,1,1/4,1,1,1,0,6
10,1/2,25,1,1,1/2,1/2,1/2,1/2,flag;coherent;coset,exact,1,1,1/2,1,1,1,0,12
10,1/2,26,1,1,3/4,3/4,3/4,3/4,flag;coherent;coset,exact,1,1,3/4,1,1,1,0,6
10,1/2,27,1,1,1,1,1,1,branch;full;flag;coherent;coset,exact,1,1,1,1,1,0,0,7
10,1/2,28,1/2,1/2,1/4,1/4,1/4,1/4,flag;coherent;coset,exact,1,1,1/4,1,1,1,0,6
10,1/2,29,1,1,1/2,1/2,1/2,1/2,flag;coherent;coset,exact,1,1,1/2,1,1,1,0,12
10,1/2,30,1,1,3/4,3/4,3/4,3/4,flag;coherent;coset,exact,1,1,3/4,1,1,1,0,6
10,1/2,31,1,1,1,1,1,1,branch;full;flag;coherent;coset,exact,1,1,1,1,1,0,0,7
10,1/2,32,1,1,1/2,1/2,1/2,1/2,flag;coherent;coset,exact,1,1,1/2,1,1,1,0,5
10,1/2,33,1,1,1,1,1,1,branch;full;flag;coherent;coset,exact,1,1,1,1,1,0,0,6
10,1/2,34,1,1,1,1,1,1,branch;full;flag;coherent;coset,exact,1,1,1,1,1,0,0,5
10,1/2,35,1,1,1,1,1,1,branch;full;flag;coherent;coset,exact,1,1,1,1,1,0,0,5
10,1/2,36,1/2,1/2,1/4,1/4,1/4,1/4,flag;coherent;coset,exact,1,1,1/4,1,1,1,0,6
10,1/2,37,1,1,1/2,1/2,1/2,1/2,flag;coherent;coset,exact,1,1,1/2,1,1,1,0,12
10,1/2,38,1,1,3/4,3/4,3/4,3/4,flag;coherent;coset,exact,1,1,3/4,1,1,1,0,6
10,1/2,39,1,1,1,1,1,1,branch;full;flag;coherent;coset,exact,1,1,1,1,1,0,0,7
10,1/2,40,1,1,1/2,1/2,1/2,1/2,flag;coherent;coset,exact,1,1,1/2,1,1,1,0,5
10,1/2,41,1,1,1,1,1,1,branch;full;flag;coherent;coset,exact,1,1,1,1,1,0,0,6
10,1/2,42,1,1,1,1,1,1,branch;full;flag;coherent;coset,exact,1,1,1,1,1,0,0,5
10,1/2,43,1,1,1,1,1,1,branch;full;flag;coherent;coset,exact,1,1,1,1,1,0,0,5
10,1/2,44,1/2,1/2,1/4,1/4,1/4,1/4,flag;coherent;coset,exact,1,1,1/4,1,1,1,0,6
10,1/2,45,1,1,1/2,1/2,1/2,1/2,flag;coherent;coset,exact,1,1,1/2,1,1,1,0,12
10,1/2,46,1,1,3/4,3/4,3/4,3/4,flag;coherent;coset,exact,1,1,3/4,1,1,1,0,6
10,1/2,47,1,1,1,1,1,1,branch;full;flag;coherent;coset,exact,1,1,1,1,1,0,0,7
10,1/2,48,1/2,1/2,1/2,1/2,1/2,1/2,branch;full;flag;coherent;coset,exact,1,1,1/2,1,1,0,0,5
10,1/2,49,1,1,1,1,1,1,branch;full;flag;coherent;coset,exact,1,1,1,1,1,0,0,6
10,1/2,50,1,1,1,1,1,1,branch;full;flag;coherent;coset,exact,1,1,1,1,1,0,0,5
10,1/2,51,1,1,1,1,1,1,branch;full;flag;coherent;coset,exact,1,1,1,1,1,0,0,5
10,1/2,52,1/2,1/2,1/4,1/4,1/4,1/4,flag;coherent;coset,exact,1,1,1/4,1,1,1,0,6
10,1/2,53,1,1,1/2,1/2,1/2,1/2,flag;coherent;coset,exact,1,1,1/2,1,1,1,0,12
10,1/2,54,1,1,3/4,3/4,3/4,3/4,flag;coherent;coset,exact,1,1,3/4,1,1,1,0,6
10,1/2,55,1,1,1,1,1,1,branch;full;flag;coherent;coset,exact,1,1,1,1,1,0,0,7
10,1/2,56,1/2,1/2,1/4,1/4,1/4,1/4,flag;coherent;coset,exact,1,1,1/4,1,1,1,0,6
10,1/2,57,1,1,1/2,1/2,1/2,1/2,flag;coherent;coset,exact,1,1,1/2,1,1,1,0,12
10,1/2,58,1,1,3/4,3/4,3/4,3/4,flag;coherent;coset,exact,1,1,3/4,1,1,1,0,6
10,1/2,59,1,1,1,1,1,1,branch;full;flag;coherent;coset,exact,1,1,1,1,1,0,0,7
10,1/2,60,1/2,1/2,1/2,1/2,1/2,1/2,branch;full;flag;coherent;coset,exact,1,1,1/2,1,1,0,0,5
10,1/2,61,1,1,1,1,1,1,branch;full;flag;coherent;coset,exact,1,1,1,1,1,0,0,6
10,1/2,62,1,1,1,1,1,1,branch;full;flag;coherent;coset,exact,1,1,1,1,1,0,0,5
10,1/2,63,1,1,1,1,1,1,branch;full;flag;coherent;coset,exact,1,1,1,1,1,0,0,5
10,3/4,0,1,1,1,1,1,1,branch;full;flag;coherent;coset,exact,1,1,1,1,1,0,0,8
10,3/4,1,1,1,1,1,1,1,branch;full;flag;coherent;coset,exact,1,1,1,1,1,0,0,8
10,3/4,2,1,1,1,1,1,1,branch;full;flag;coherent;coset,exact,1,1,1,1,1,0,0,8
10,3/4,3,1,1,1,1,1,1,branch;full;flag;coherent;coset,exact,1,1,1,1,1,0,0,8
10,3/4,4,1/2,1/2,1/2,1/2,1/2,1/2,branch;full;flag;coherent;coset,exact,1,1,1/2,1,1,0,0,13
10,3/4,5,1,1,1,1,1,1,branch;full;flag;coherent;coset,exact,1,1,1,1,1,0,0,14
10,3/4,6,1,1,1,1,1,1,branch;full;flag;coherent;coset,exact,1,1,1,1,1,0,0,11
10,3/4,7,1,1,1,1,1,1,branch;full;flag;coherent;coset,exact,1,1,1,1,1,0,0,11
10,3/4,8,1,1,7/8,7/8,7/8,7/8,flag;coherent;coset,exact,1,1,3/4,1,0,1,0,13
10,3/4,9,1,1,1,1,1,1,branch;full;flag;coherent;coset,exact,1,1,1,1,1,0,0,14
10,3/4,10,1,1,1,1,1,1,branch;full;flag;coherent;coset,exact,1,1,1,1,1,0,0,11
10,3/4,11,1,1,1,1,1,1,branch;full;flag;coherent;coset,exact,1,1,1,1,1,0,0,11
10,3/4,12,1/2,1/2,1/2,1/2,1/2,1/2,branch;full;flag;coherent;coset,exact,1,1,1/2,1,1,0,0,13
10,3/4,13,1,1,1,1,1,1,branch;full;flag;coherent;coset,exact,1,1,1,1,1,0,0,14
10,3/4,14,1,1,1,1,1,1,branch;full;flag;coherent;coset,exact,1,1,1,1,1,0,0,11
10,3/4,15,1,1,1,1,1,1,branch;full;flag;coherent;coset,exact,1,1,1,1,1,0,0,11
10,3/4,16,1/2,1/2,1/2,1/2,1/2,1/2,branch;full;flag;coherent;coset,exact,1,1,1/2,1,1,0,0,13
10,3/4,17,1,1,1,1,1,1,branch;full;flag;coherent;coset,exact,1,1,1,1,1,0,0,14
10,3/4,18,1,1,1,1,1,1,branch;full;flag;coherent;coset,exact,1,1,1,1,1,0,0,11
10,3/4,19,1,1,1,1,1,1,branch;full;flag;coherent;coset,exact,1,1,1,1,1,0,0,11
10,3/4,20,1/2,1/2,1/2,1/2,1/2,1/2,branch;full;flag;coherent;coset,exact,1,1,1/2,1,1,0,0,13
10,3/4,21,1,1,1,1,1,1,branch;full;flag;coherent;coset,exact,1,1,1,1,1,0,0,14
10,3/4,22,1,1,1,1,1,1,branch;full;flag;coherent;coset,exact,1,1,1,1,1,0,0,11
10,3/4,23,1,1,1,1,1,1,branch;full;flag;coherent;coset,exact,1,1,1,1,1,0,0,11
10,3/4,24,1/2,1/2,7/16,7/16,7/16,7/16,flag;coherent;coset,exact,1,1,3/8,1,0,1,0,16
10,3/4,25,1,1,7/8,7/8,7/8,7/8,flag;coherent;coset,exact,1,1,3/4,1,0,1,0,34
10,3/4,26,1,1,15/16,15/16,15/16,15/16,flag;coherent;coset,exact,1,1,7/8,1,0,1,0,16
10,3/4,27,1,1,1,1,1,1,branch;full;flag;coherent;coset,exact,1,1,1,1,1,0,0,17
10,3/4,28,1/2,1/2,7/16,7/16,7/16,7/16,flag;coherent;coset,exact,1,1,3/8,1,0,1,0,16
10,3/4,29,1,1,7/8,7/8,7/8,7/8,flag;coherent;coset,exact,1,1,3/4,1,0,1,0,34
10,3/4,30,1,1,15/16,15/16,15/16,15/16,flag;coherent;coset,exact,1,1,7/8,1,0,1,0,16
10,3/4,31,1,1,1,1,1,1,branch;full;flag;coherent;coset,exact,1,1,1,1,1,0,0,17
10,3/4,32,1,1,7/8,7/8,7/8,7/8,flag;coherent;coset,exact,1,1,3/4,1,0,1,0,13
10,3/4,33,1,1,1,1,1,1,branch;full;flag;coherent;coset,exact,1,1,1,1,1,0,0,14
10,3/4,34,1,1,1,1,1,1,branch;full;flag;coherent;coset,exact,1,1,1,1,1,0,0,11
10,3/4,35,1,1,1,1,1,1,branch;full;flag;coherent;coset,exact,1,1,1,1,1,0,0,11
10,3/4,36,1/2,1/2,7/16,7/16,7/16,7/16,flag;coherent;coset,exact,1,1,3/8,1,0,1,0,16
10,3/4,37,1,1,7/8,7/8,7/8,7/8,flag;coherent;coset,exact,1,1,3/4,1,0,1,0,34
10,3/4,38,1,1,15/16,15/16,15/16,15/16,flag;coherent;coset,exact,1,1,7/8,1,0,1,0,16
10,3/4,39,1,1,1,1,1,1,branch;full;flag;coherent;coset,exact,1,1,1,1,1,0,0,17
10,3/4,40,1,1,7/8,7/8,7/8,7/8,flag;coherent;coset,exact,1,1,3/4,1,0,1,0,13
10,3/4,41,1,1,1,1,1,1,branch;full;flag;coherent;coset,exact,1,1,1,1,1,0,0,14
10,3/4,42,1,1,1,1,1,1,branch;full;flag;coherent;coset,exact,1,1,1,1,1,0,0,11
10,3/4,43,1,1,1,1,1,1,branch;full;flag;coherent;coset,exact,1,1,1,1,1,0,0,11
10,3/4,44,1/2,1/2,7/16,7/16,7/16,7/16,flag;coherent;coset,exact,1,1,3/8,1,0,1,0,16
10,3/4,45,1,1,7/8,7/8,7/8,7/8,flag;coherent;coset,exact,1,1,3/4,1,0,1,0,34
10,3/4,46,1,1,15/16,15/16,15/16,15/16,flag;coherent;coset,exact,1,1,7/8,1,0,1,0,16
10,3/4,47,1,1,1,1,1,1,branch;full;flag;coherent;coset,exact,1,1,1,1,1,0,0,17
10,3/4,48,1/2,1/2,1/2,1/2,1/2,1/2,branch;full;flag;coherent;coset,exact,1,1,1/2,1,1,0,0,13
10,3/4,49,1,1,1,1,1,1,branch;full;flag;coherent;coset,exact,1,1,1,1,1,0,0,14
10,3/4,50,1,1,1,1,1,1,branch;full;flag;coherent;coset,exact,1,1,1,1,1,0,0,11
10,3/4,51,1,1,1,1,1,1,branch;full;flag;coherent;coset,exact,1,1,1,1,1,0,0,11
10,3/4,52,1/2,1/2,7/16,7/16,7/16,7/16,flag;coherent;coset,exact,1,1,3/8,1,0,1,0,16
10,3/4,53,1,1,7/8,7/8,7/8,7/8,flag;coherent;coset,exact,1,1,3/4,1,0,1,0,34
10,3/4,54,1,1,15/16,15/16,15/16,15/16,flag;coherent;coset,exact,1,1,7/8,1,0,1,0,16
10,3/4,55,1,1,1,1,1,1,branch;full;flag;coherent;coset,exact,1,1,1,1,1,0,0,17
10,3/4,56,1/2,1/2,7/16,7/16,7/16,7/16,flag;coherent;coset,exact,1,1,3/8,1,0,1,0,16
10,3/4,57,1,1,7/8,7/8,7/8,7/8,flag;coherent;coset,exact,1,1,3/4,1,0,1,0,34
10,3/4,58,1,1,15/16,15/16,15/16,15/16,flag;coherent;coset,exact,1,1,7/8,1,0,1,0,16
10,3/4,59,1,1,1,1,1,1,branch;full;flag;coherent;coset,exact,1,1,1,1,1,0,0,17
10,3/4,60,1/2,1/2,1/2,1/2,1/2,1/2,branch;full;flag;coherent;coset,exact,1,1,1/2,1,1,0,0,13
10,3/4,61,1,1,1,1,1,1,branch;full;flag;coherent;coset,exact,1,1,1,1,1,0,0,14
10,3/4,62,1,1,1,1,1,1,branch;full;flag;coherent;coset,exact,1,1,1,1,1,0,0,11
10,3/4,63,1,1,1,1,1,1,branch;full;flag;coherent;coset,exact,1,1,1,1,1,0,0,11
10,1,0,1,1,1,1,1,1,branch;full;flag;coherent;coset,exact,1,1,1,1,1,0,0,7
10,1,1,1,1,1,1,1,1,branch;full;flag;coherent;coset,exact,1,1,1,1,1,0,0,7
10,1,2,1,1,1,1,1,1,branch;full;flag;coherent;coset,exact,1,1,1,1,1,0,0,7
10,1,3,1,1,1,1,1,1,branch;full;flag;coherent;coset,exact,1,1,1,1,1,0,0,7
10,1,4,1/2,1/2,1/2,1/2,1/2,1/2,branch;full;flag;coherent;coset,exact,1,1,1/2,1,1,0,0,11
10,1,5,1,1,1,1,1,1,branch;full;flag;coherent;coset,exact,1,1,1,1,1,0,0,11
10,1,6,1,1,1,1,1,1,branch;full;flag;coherent;coset,exact,1,1,1,1,1,0,0,9
10,1,7,1,1,1,1,1,1,branch;full;flag;coherent;coset,exact,1,1,1,1,1,0,0,9
10,1,8,1,1,1,1,1,1,branch;full;flag;coherent;coset,exact,1,1,1,1,1,0,0,7
10,1,9,1,1,1,1,1,1,branch;full;flag;coherent;coset,exact,1,1,1,1,1,0,0,7
10,1,10,1,1,1,1,1,1,branch;full;flag;coherent;coset,exact,1,1,1,1,1,0,0,7
10,1,11,1,1,1,1,1,1,branch;full;flag;coherent;coset,exact,1,1,1,1,1,0,0,7
10,1,12,1/2,1/2,1/2,1/2,1/2,1/2,branch;full;flag;coherent;coset,exact,1,1,1/2,1,1,0,0,11
10,1,13,1,1,1,1,1,1,branch;full;flag;coherent;coset,exact,1,1,1,1,1,0,0,11
10,1,14,1,1,1,1,1,1,branch;full;flag;coherent;coset,exact,1,1,1,1,1,0,0,9
10,1,15,1,1,1,1,1,1,branch;full;flag;coherent;coset,exact,1,1,1,1,1,0,0,9
10,1,16,1/2,1/2,1/2,1/2,1/2,1/2,branch;full;flag;coherent;coset,exact,1,1,1/2,1,1,0,0,11
10,1,17,1,1,1,1,1,1,branch;full;flag;coherent;coset,exact,1,1,1,1,1,0,0,11
10,1,18,1,1,1,1,1,1,branch;full;flag;coherent;coset,exact,1,1,1,1,1,0,0,9
10,1,19,1,1,1,1,1,1,branch;full;flag;coherent;coset,exact,1,1,1,1,1,0,0,9
10,1,20,1/2,1/2,1/2,1/2,1/2,1/2,branch;full;flag;coherent;coset,exact,1,1,1/2,1,1,0,0,11
10,1,21,1,1,1,1,1,1,branch;full;flag;coherent;coset,exact,1,1,1,1,1,0,0,11
10,1,22,1,1,1,1,1,1,branch;full;flag;coherent;coset,exact,1,1,1,1,1,0,0,9
10,1,23,1,1,1,1,1,1,branch;full;flag;coherent;coset,exact,1,1,1,1,1,0,0,9
10,1,24,1/2,1/2,1/2,1/2,1/2,1/2,branch;full;flag;coherent;coset,exact,1,1,1/2,1,1,0,0,11
10,1,25,1,1,1,1,1,1,branch;full;flag;coherent;coset,exact,1,1,1,1,1,0,0,11
10,1,26,1,1,1,1,1,1,branch;full;flag;coherent;coset,exact,1,1,1,1,1,0,0,9
10,1,27,1,1,1,1,1,1,branch;full;flag;coherent;coset,exact,1,1,1,1,1,0,0,9
10,1,28,1/2,1/2,1/2,1/2,1/2,1/2,branch;full;flag;coherent;coset,exact,1,1,1/2,1,1,0,0,11
10,1,29,1,1,1,1,1,1,branch;full;flag;coherent;coset,exact,1,1,1,1,1,0,0,11
10,1,30,1,1,1,1,1,1,branch;full;flag;coherent;coset,exact,1,1,1,1,1,0,0,9
10,1,31,1,1,1,1,1,1,branch;full;flag;coherent;coset,exact,1,1,1,1,1,0,0,9
10,1,32,1,1,1,1,1,1,branch;full;flag;coherent;coset,exact,1,1,1,1,1,0,0,7
10,1,33,1,1,1,1,1,1,branch;full;flag;coherent;coset,exact,1,1,1,1,1,0,0,7
10,1,34,1,1,1,1,1,1,branch;full;flag;coherent;coset,exact,1,1,1,1,1,0,0,7
10,1,35,1,1,1,1,1,1,branch;full;flag;coherent;coset,exact,1,1,1,1,1,0,0,7
10,1,36,1/2,1/2,1/2,1/2,1/2,1/2,branch;full;flag;coherent;coset,exact,1,1,1/2,1,1,0,0,11
10,1,37,1,1,1,1,1,1,branch;full;flag;coherent;coset,exact,1,1,1,1,1,0,0,11
10,1,38,1,1,1,1,1,1,branch;full;flag;coherent;coset,exact,1,1,1,1,1,0,0,9
10,1,39,1,1,1,1,1,1,branch;full;flag;coherent;coset,exact,1,1,1,1,1,0,0,9
10,1,40,1,1,1,1,1,1,branch;full;flag;coherent;coset,exact,1,1,1,1,1,0,0,7
10,1,41,1,1,1,1,1,1,branch;full;flag;coherent;coset,exact,1,1,1,1,1,0,0,7
10,1,42,1,1,1,1,1,1,branch;full;flag;coherent;coset,exact,1,1,1,1,1,0,0,7
10,1,43,1,1,1,1,1,1,branch;full;flag;coherent;coset,exact,1,1,1,1,1,0,0,7
10,1,44,1/2,1/2,1/2,1/2,1/2,1/2,branch;full;flag;coherent;coset,exact,1,1,1/2,1,1,0,0,11
10,1,45,1,1,1,1,1,1,branch;full;flag;coherent;coset,exact,1,1,1,1,1,0,0,11
10,1,46,1,1,1,1,1,1,branch;full;flag;coherent;coset,exact,1,1,1,1,1,0,0,9
10,1,47,1,1,1,1,1,1,branch;full;flag;coherent;coset,exact,1,1,1,1,1,0,0,9
10,1,48,1/2,1/2,1/2,1/2,1/2,1/2,branch;full;flag;coherent;coset,exact,1,1,1/2,1,1,0,0,11
10,1,49,1,1,1,1,1,1,branch;full;flag;coherent;coset,exact,1,1,1,1,1,0,0,11
10,1,50,1,1,1,1,1,1,branch;full;flag;coherent;coset,exact,1,1,1,1,1,0,0,9
10,1,51,1,1,1,1,1,1,branch;full;flag;coherent;coset,exact,1,1,1,1,1,0,0,9
10,1,52,1/2,1/2,1/2,1/2,1/2,1/2,branch;full;flag;coherent;coset,exact,1,1,1/2,1,1,0,0,11
10,1,53,1,1,1,1,1,1,branch;full;flag;coherent;coset,exact,1,1,1,1,1,0,0,11
10,1,54,1,1,1,1,1,1,branch;full;flag;coherent;coset,exact,1,1,1,1,1,0,0,9
10,1,55,1,1,1,1,1,1,branch;full;flag;coherent;coset,exact,1,1,1,1,1,0,0,9
10,1,56,1/2,1/2,1/2,1/2,1/2,1/2,branch;full;flag;coherent;coset,exact,1,1,1/2,1,1,0,0,11
10,1,57,1,1,1,1,1,1,branch;full;flag;coherent;coset,exact,1,1,1,1,1,0,0,11
10,1,58,1,1,1,1,1,1,branch;full;flag;coherent;coset,exact,1,1,1,1,1,0,0,9
10,1,59,1,1,1,1,1,1,branch;full;flag;coherent;coset,exact,1,1,1,1,1,0,0,9
10,1,60,1/2,1/2,1/2,1/2,1/2,1/2,branch;full;flag;coherent;coset,exact,1,1,1/2,1,1,0,0,11
10,1,61,1,1,1,1,1,1,branch;full;flag;coherent;coset,exact,1,1,1,1,1,0,0,11
10,1,62,1,1,1,1,1,1,branch;full;flag;coherent;coset,exact,1,1,1,1,1,0,0,9
10,1,63,1,1,1,1,1,1,branch;full;flag;coherent;coset,exact,1,1,1,1,1,0,0,9
11,0,0,1,1,1,1,1,1,branch;full;flag;coherent;coset,exact,1,1,1,1,1,0,0,10
11,0,1,1,1,1,1,1,1,branch;full;flag;coherent;coset,exact,1,1,1,1,1,0,0,10
11,0,2,1,1,1,1,1,1,branch;full;flag;coherent;coset,exact,1,1,1,1,1,0,0,10
11,0,3,1,1,1,1,1,1,branch;full;flag;coherent;coset,exact,1,1,1,1,1,0,0,10
11,0,4,1,1,1,1,1,1,branch;full;flag;coherent;coset,exact,1,1,1,1,1,0,0,10
11,0,5,1,1,1,1,1,1,branch;full;flag;coherent;coset,exact,1,1,1,1,1,0,0,10
11,0,6,1,1,1,1,1,1,branch;full;flag;coherent;coset,exact,1,1,1,1,1,0,0,10
11,0,7,1,1,1,1,1,1,branch;full;flag;coherent;coset,exact,1,1,1,1,1,0,0,10
11,0,8,1,1,1,1,1,1,branch;full;flag;coherent;coset,exact,1,1,1,1,1,0,0,10
11,0,9,1,1,1,1,1,1,branch;full;flag;coherent;coset,exact,1,1,1,1,1,0,0,10
11,0,10,1,1,1,1,1,1,branch;full;flag;coherent;coset,exact,1,1,1,1,1,0,0,10
11,0,11,1,1,1,1,1,1,branch;full;flag;coherent;coset,exact,1,1,1,1,1,0,0,10
11,0,12,1,1,1,1,1,1,branch;full;flag;coherent;coset,exact,1,1,1,1,1,0,0,10
11,0,13,1,1,1,1,1,1,branch;full;flag;coherent;coset,exact,1,1,1,1,1,0,0,10
11,0,14,1,1,1,1,1,1,branch;full;flag;coherent;coset,exact,1,1,1,1,1,0,0,10
11,0,15,1,1,1,1,1,1,branch;full;flag;coherent;coset,exact,1,1,1,1,1,0,0,10
11,0,16,1,1,1,1,1,1,branch;full;flag;coherent;coset,exact,1,1,1,1,1,0,0,10
11,0,17,1,1,1,1,1,1,branch;full;flag;coherent;coset,exact,1,1,1,1,1,0,0,10
11,0,18,1,1,1,1,1,1,branch;full;flag;coherent;coset,exact,1,1,1,1,1,0,0,10
11,0,19,1,1,1,1,1,1,branch;full;flag;coherent;coset,exact,1,1,1,1,1,0,0,10
11,0,20,1,1,1,1,1,1,branch;full;flag;coherent;coset,exact,1,1,1,1,1,0,0,10
11,0,21,1,1,1,1,1,1,branch;full;flag;coherent;coset,exact,1,1,1,1,1,0,0,10
11,0,22,1,1,1,1,1,1,branch;full;flag;coherent;coset,exact,1,1,1,1,1,0,0,10
11,0,23,1,1,1,1,1,1,branch;full;flag;coherent;coset,exact,1,1,1,1,1,0,0,10
11,0,24,1,1,1,1,1,1,branch;full;flag;coherent;coset,exact,1,1,1,1,1,0,0,10
11,0,25,1,1,1,1,1,1,branch;full;flag;coherent;coset,exact,1,1,1,1,1,0,0,10
11,0,26,1,1,1,1,1,1,branch;full;flag;coherent;coset,exact,1,1,1,1,1,0,0,10
11,0,27,1,1,1,1,1,1,branch;full;flag;coherent;coset,exact,1,1,1,1,1,0,0,10
11,0,28,1,1,1,1,1,1,branch;full;flag;coherent;coset,exact,1,1,1,1,1,0,0,10
11,0,29,1,1,1,1,1,1,branch;full;flag;coherent;coset,exact,1,1,1,1,1,0,0,10
11,0,30,1,1,1,1,1,1,branch;full;flag;coherent;coset,exact,1,1,1,1,1,0,0,10
11,0,31,1,1,1,1,1,1,branch;full;flag;coherent;coset,exact,1,1,1,1,1,0,0,10
11,0,32,1,1,1,1,1,1,branch;full;flag;coherent;coset,exact,1,1,1,1,1,0,0,10
11,0,33,1,1,1,1,1,1,branch;full;flag;coherent;coset,exact,1,1,1,1,1,0,0,10
11,0,34,1,1,1,1,1,1,branch;full;flag;coherent;coset,exact,1,1,1,1,1,0,0,10
11,0,35,1,1,1,1,1,1,branch;full;flag;coherent;coset,exact,1,1,1,1,1,0,0,10
11,0,36,1,1,1,1,1,1,branch;full;flag;coherent;coset,exact,1,1,1,1,1,0,0,10
11,0,37,1,1,1,1,1,1,branch;full;flag;coherent;coset,exact,1,1,1,1,1,0,0,10
11,0,38,1,1,1,1,1,1,branch;full;flag;coherent;coset,exact,1,1,1,1,1,0,0,10
11,0,39,1,1,1,1,1,1,branch;full;flag;coherent;coset,exact,1,1,1,1,1,0,0,10
11,0,40,1,1,1,1,1,1,branch;full;flag;coherent;coset,exact,1,1,1,1,1,0,0,10
11,0,41,1,1,1,1,1,1,branch;full;flag;coherent;coset,exact,1,1,1,1,1,0,0,10
11,0,42,1,1,1,1,1,1,branch;full;flag;coherent;coset,exact,1,1,1,1,1,0,0,10
11,0,43,1,1,1,1,1,1,branch;full;flag;coherent;coset,exact,1,1,1,1,1,0,0,10
11,0,44,1,1,1,1,1,1,branch;full;flag;coherent;coset,exact,1,1,1,1,1,0,0,10
11,0,45,1,1,1,1,1,1,branch;full;flag;coherent;coset,exact,1,1,1,1,1,0,0,10
11,0,46,1,1,1,1,1,1,branch;full;flag;coherent;coset,exact,1,1,1,1,1,0,0,10
11,0,47,1,1,1,1,1,1,branch;full;flag;coherent;coset,exact,1,1,1,1,1,0,0,10
11,0,48,1,1,1,1,1,1,branch;full;flag;coherent;coset,exact,1,1,1,1,1,0,0,10
11,0,49,1,1,1,1,1,1,branch;full;flag;coherent;coset,exact,1,1,1,1,1,0,0,10
11,0,50,1,1,1,1,1,1,branch;full;flag;coherent;coset,exact,1,1,1,1,1,0,0,10
11,0,51,1,1,1,1,1,1,branch;full;flag;coherent;coset,exact,1,1,1,1,1,0,0,10
11,0,52,1,1,1,1,1,1,branch;full;flag;coherent;coset,exact,1,1,1,1,1,0,0,10
11,0,53,1,1,1,1,1,1,branch;full;flag;coherent;coset,exact,1,1,1,1,1,0,0,10
11,0,54,1,1,1,1,1,1,branch;full;flag;coherent;coset,exact,1,1,1,1,1,0,0,10
11,0,55,1,1,1,1,1,1,branch;full;flag;coherent;coset,exact,1,1,1,1,1,0,0,10
11,0,56,1,1,1,1,1,1,branch;full;flag;coherent;coset,exact,1,1,1,1,1,0,0,10
11,0,57,1,1,1,1,1,1,branch;full;flag;coherent;coset,exact,1,1,1,1,1,0,0,10
11,0,58,1,1,1,1,1,1,branch;full;flag;coherent;coset,exact,1,1,1,1,1,0,0,10
11,0,59,1,1,1,1,1,1,branch;full;flag;coherent;coset,exact,1,1,1,1,1,0,0,10
11,0,60,1,1,1,1,1,1,branch;full;flag;coherent;coset,exact,1,1,1,1,1,0,0,10
11,0,61,1,1,1,1,1,1,branch;full;flag;coherent;coset,exact,1,1,1,1,1,0,0,10
11,0,62,1,1,1,1,1,1,branch;full;flag;coherent;coset,exact,1,1,1,1,1,0,0,10
11,0,63,1,1,1,1,1,1,branch;full;flag;coherent;coset,exact,1,1,1,1,1,0,0,10
11,1/4,0,1,1,1,1,1,1,branch;full;flag;coherent;coset,exact,1,1,1,1,1,0,0,10
11,1/4,1,1,1,1,1,1,1,branch;full;flag;coherent;coset,exact,1,1,1,1,1,0,0,10
11,1/4,2,1,1,1,1,1,1,branch;full;flag;coherent;coset,exact,1,1,1,1,1,0,0,10
11,1/4,3,1,1,1,1,1,1,branch;full;flag;coherent;coset,exact,1,1,1,1,1,0,0,10
11,1/4,4,1,1,5/8,5/8,5/8,5/8,flag;coherent;coset,exact,1,1,5/8,1,1,1,0,15
11,1/4,5,1,1,1,1,1,1,branch;full;flag;coherent;coset,exact,1,1,1,1,1,0,0,16
11,1/4,6,1,1,1,1,1,1,branch;full;flag;coherent;coset,exact,1,1,1,1,1,0,0,12
11,1/4,7,1,1,1,1,1,1,branch;full;flag;coherent;coset,exact,1,1,1,1,1,0,0,12
11,1/4,8,1,1,3/4,3/4,3/4,3/4,flag;coherent;coset,exact,1,1,3/4,1,1,1,0,17
11,1/4,9,1,1,1,1,1,1,branch;full;flag;coherent;coset,exact,1,1,1,1,1,0,0,18
11,1/4,10,1,1,1,1,1,1,branch;full;flag;coherent;coset,exact,1,1,1,1,1,0,0,14
11,1/4,11,1,1,1,1,1,1,branch;full;flag;coherent;coset,exact,1,1,1,1,1,0,0,14
11,1/4,12,1,1,3/4,3/4,3/4,3/4,flag;coherent;coset,exact,1,1,3/4,1,1,1,0,17
11,1/4,13,1,1,1,1,1,1,branch;full;flag;coherent;coset,exact,1,1,1,1,1,0,0,18
11,1/4,14,1,1,1,1,1,1,branch;full;flag;coherent;coset,exact,1,1,1,1,1,0,0,14
11,1/4,15,1,1,1,1,1,1,branch;full;flag;coherent;coset,exact,1,1,1,1,1,0,0,14
11,1/4,16,1,1,5/8,5/8,5/8,5/8,flag;coherent;coset,exact,1,1,5/8,1,1,1,0,15
11,1/4,17,1,1,1,1,1,1,branch;full;flag;coherent;coset,exact,1,1,1,1,1,0,0,16
11,1/4,18,1,1,1,1,1,1,branch;full;flag;coherent;coset,exact,1,1,1,1,1,0,0,12
11,1/4,19,1,1,1,1,1,1,branch;full;flag;coherent;coset,exact,1,1,1,1,1,0,0,12
11,1/4,20,1,1,5/8,5/8,5/8,5/8,flag;coherent;coset,exact,1,1,5/8,1,1,1,0,15
11,1/4,21,1,1,1,1,1,1,branch;full;flag;coherent;coset,exact,1,1,1,1,1,0,0,16
11,1/4,22,1,1,1,1,1,1,branch;full;flag;coherent;coset,exact,1,1,1,1,1,0,0,12
11,1/4,23,1,1,1,1,1,1,branch;full;flag;coherent;coset,exact,1,1,1,1,1,0,0,12
11,1/4,24,1,1,9/16,9/16,9/16,9/16,flag;coherent;coset,exact,1,1,9/16,1,1,1,0,21
11,1/4,25,1,1,7/8,7/8,7/8,7/8,flag;coherent;coset,exact,1,1,3/4,1,0,1,0,43
11,1/4,26,1,1,15/16,15/16,15/16,15/16,flag;coherent;coset,exact,1,1,15/16,1,1,1,0,17
11,1/4,27,1,1,1,1,1,1,branch;full;flag;coherent;coset,exact,1,1,1,1,1,0,0,18
11,1/4,28,1,1,9/16,9/16,9/16,9/16,flag;coherent;coset,exact,1,1,9/16,1,1,1,0,21
11,1/4,29,1,1,7/8,7/8,7/8,7/8,flag;coherent;coset,exact,1,1,3/4,1,0,1,0,43
11,1/4,30,1,1,15/16,15/16,15/16,15/16,flag;coherent;coset,exact,1,1,15/16,1,1,1,0,17
11,1/4,31,1,1,1,1,1,1,branch;full;flag;coherent;coset,exact,1,1,1,1,1,0,0,18
11,1/4,32,1,1,3/4,3/4,3/4,3/4,flag;coherent;coset,exact,1,1,3/4,1,1,1,0,17
11,1/4,33,1,1,1,1,1,1,branch;full;flag;coherent;coset,exact,1,1,1,1,1,0,0,18
11,1/4,34,1,1,1,1,1,1,branch;full;flag;coherent;coset,exact,1,1,1,1,1,0,0,14
11,1/4,35,1,1,1,1,1,1,branch;full;flag;coherent;coset,exact,1,1,1,1,1,0,0,14
11,1/4,36,1,1,9/16,9/16,9/16,9/16,flag;coherent;coset,exact,1,1,9/16,1,1,1,0,21
11,1/4,37,1,1,7/8,7/8,7/8,7/8,flag;coherent;coset,exact,1,1,3/4,1,0,1,0,43
11,1/4,38,1,1,15/16,15/16,15/16,15/16,flag;coherent;coset,exact,1,1,15/16,1,1,1,0,17
11,1/4,39,1,1,1,1,1,1,branch;full;flag;coherent;coset,exact,1,1,1,1,1,0,0,18
11,1/4,40,1,1,3/4,3/4,3/4,3/4,flag;coherent;coset,exact,1,1,3/4,1,1,1,0,17
11,1/4,41,1,1,1,1,1,1,branch;full;flag;coherent;coset,exact,1,1,1,1,1,0,0,18
11,1/4,42,1,1,1,1,1,1,branch;full;flag;coherent;coset,exact,1,1,1,1,1,0,0,14
11,1/4,43,1,1,1,1,1,1,branch;full;flag;coherent;coset,exact,1,1,1,1,1,0,0,14
11,1/4,44,1,1,9/16,9/16,9/16,9/16,flag;coherent;coset,exact,1,1,9/16,1,1,1,0,21
11,1/4,45,1,1,7/8,7/8,7/8,7/8,flag;coherent;coset,exact,1,1,3/4,1,0,1,0,43
11,1/4,46,1,1,15/16,15/16,15/16,15/16,flag;coherent;coset,exact,1,1,15/16,1,1,1,0,17
11,1/4,47,1,1,1,1,1,1,branch;full;flag;coherent;coset,exact,1,1,1,1,1,0,0,18
11,1/4,48,1,1,3/4,3/4,3/4,3/4,flag;coherent;coset,exact,1,1,3/4,1,1,1,0,17
11,1/4,49,1,1,1,1,1,1,branch;full;flag;coherent;coset,exact,1,1,1,1,1,0,0,18
11,1/4,50,1,1,1,1,1,1,branch;full;flag;coherent;coset,exact,1,1,1,1,1,0,0,14
11,1/4,51,1,1,1,1,1,1,branch;full;flag;coherent;coset,exact,1,1,1,1,1,0,0,14
11,1/4,52,1,1,9/16,9/16,9/16,9/16,flag;coherent;coset,exact,1,1,9/16,1,1,1,0,21
11,1/4,53,1,1,7/8,7/8,7/8,7/8,flag;coherent;coset,exact,1,1,3/4,1,0,1,0,43
11,1/4,54,1,1,15/16,15/16,15/16,15/16,flag;coherent;coset,exact,1,1,15/16,1,1,1,0,17
11,1/4,55,1,1,1,1,1,1,branch;full;flag;coherent;coset,exact,1,1,1,1,1,0,0,18
11,1/4,56,1,1,9/16,9/16,9/16,9/16,flag;coherent;coset,exact,1,1,9/16,1,1,1,0,21
11,1/4,57,1,1,7/8,7/8,7/8,7/8,flag;coherent;coset,exact,1,1,3/4,1,0,1,0,43
11,1/4,58,1,1,15/16,15/16,15/16,15/16,flag;coherent;coset,exact,1,1,15/16,1,1,1,0,17
11,1/4,59,1,1,1,1,1,1,branch;full;flag;coherent;coset,exact,1,1,1,1,1,0,0,18
11,1/4,60,1,1,3/4,3/4,3/4,3/4,flag;coherent;coset,exact,1,1,3/4,1,1,1,0,17
11,1/4,61,1,1,1,1,1,1,branch;full;flag;coherent;coset,exact,1,1,1,1,1,0,0,18
11,1/4,62,1,1,1,1,1,1,branch;full;flag;coherent;coset,exact,1,1,1,1,1,0,0,14
11,1/4,63,1,1,1,1,1,1,branch;full;flag;coherent;coset,exact,1,1,1,1,1,0,0,14
11,1/2,0,1,1,1,1,1,1,branch;full;flag;coherent;coset,exact,1,1,1,1,1,0,0,4
11,1/2,1,1,1,1,1,1,1,branch;full;flag;coherent;coset,exact,1,1,1,1,1,0,0,4
11,1/2,2,1,1,1,1,1,1,branch;full;flag;coherent;coset,exact,1,1,1,1,1,0,0,4
11,1/2,3,1,1,1,1,1,1,branch;full;flag;coherent;coset,exact,1,1,1,1,1,0,0,4
11,1/2,4,1,1,1/2,1/2,1/2,1/2,flag;coherent;coset,exact,1,1,1/2,1,1,1,0,5
11,1/2,5,1,1,1,1,1,1,branch;full;flag;coherent;coset,exact,1,1,1,1,1,0,0,6
11,1/2,6,1,1,1,1,1,1,branch;full;flag;coherent;coset,exact,1,1,1,1,1,0,0,5
11,1/2,7,1,1,1,1,1,1,branch;full;flag;coherent;coset,exact,1,1,1,1,1,0,0,5
11,1/2,8,1,1,1/2,1/2,1/2,1/2,flag;coherent;coset,exact,1,1,1/2,1,1,1,0,5
11,1/2,9,1,1,1,1,1,1,branch;full;flag;coherent;coset,exact,1,1,1,1,1,0,0,6
11,1/2,10,1,1,1,1,1,1,branch;full;flag;coherent;coset,exact,1,1,1,1,1,0,0,5
11,1/2,11,1,1,1,1,1,1,branch;full;flag;coherent;coset,exact,1,1,1,1,1,0,0,5
11,1/2,12,1,1,1/2,1/2,1/2,1/2,flag;coherent;coset,exact,1,1,1/2,1,1,1,0,5
11,1/2,13,1,1,1,1,1,1,branch;full;flag;coherent;coset,exact,1,1,1,1,1,0,0,6
11,1/2,14,1,1,1,1,1,1,branch;full;flag;coherent;coset,exact,1,1,1,1,1,0,0,5
11,1/2,15,1,1,1,1,1,1,branch;full;flag;coherent;coset,exact,1,1,1,1,1,0,0,5
11,1/2,16,1,1,1/2,1/2,1/2,1/2,flag;coherent;coset,exact,1,1,1/2,1,1,1,0,5
11,1/2,17,1,1,1,1,1,1,branch;full;flag;coherent;coset,exact,1,1,1,1,1,0,0,6
11,1/2,18,1,1,1,1,1,1,branch;full;flag;coherent;coset,exact,1,1,1,1,1,0,0,5
11,1/2,19,1,1,1,1,1,1,branch;full;flag;coherent;coset,exact,1,1,1,1,1,0,0,5
11,1/2,20,1,1,1/2,1/2,1/2,1/2,flag;coherent;coset,exact,1,1,1/2,1,1,1,0,5
11,1/2,21,1,1,1,1,1,1,branch;full;flag;coherent;coset,exact,1,1,1,1,1,0,0,6
11,1/2,22,1,1,1,1,1,1,branch;full;flag;coherent;coset,exact,1,1,1,1,1,0,0,5
11,1/2,23,1,1,1,1,1,1,branch;full;flag;coherent;coset,exact,1,1,1,1,1,0,0,5
11,1/2,24,1,1,1/4,1/4,1/4,1/4,flag;coherent;coset,exact,1,1,1/4,1,1,1,0,6
11,1/2,25,1,1,1/2,1/2,1/2,1/2,flag;coherent;coset,exact,1,1,1/2,1,1,1,0,12
11,1/2,26,1,1,3/4,3/4,3/4,3/4,flag;coherent;coset,exact,1,1,3/4,1,1,1,0,6
11,1/2,27,1,1,1,1,1,1,branch;full;flag;coherent;coset,exact,1,1,1,1,1,0,0,7
11,1/2,28,1,1,1/4,1/4,1/4,1/4,flag;coherent;coset,exact,1,1,1/4,1,1,1,0,6
11,1/2,29,1,1,1/2,1/2,1/2,1/2,flag;coherent;coset,exact,1,1,1/2,1,1,1,0,12
11,1/2,30,1,1,3/4,3/4,3/4,3/4,flag;coherent;coset,exact,1,1,3/4,1,1,1,0,6
11,1/2,31,1,1,1,1,1,1,branch;full;flag;coherent;coset,exact,1,1,1,1,1,0,0,7
11,1/2,32,1,1,1/2,1/2,1/2,1/2,flag;coherent;coset,exact,1,1,1/2,1,1,1,0,5
11,1/2,33,1,1,1,1,1,1,branch;full;flag;coherent;coset,exact,1,1,1,1,1,0,0,6
11,1/2,34,1,1,1,1,1,1,branch;full;flag;coherent;coset,exact,1,1,1,1,1,0,0,5
11,1/2,35,1,1,1,1,1,1,branch;full;flag;coherent;coset,exact,1,1,1,1,1,0,0,5
11,1/2,36,1,1,1/4,1/4,1/4,1/4,flag;coherent;coset,exact,1,1,1/4,1,1,1,0,6
11,1/2,37,1,1,1/2,1/2,1/2,1/2,flag;coherent;coset,exact,1,1,1/2,1,1,1,0,12
11,1/2,38,1,1,3/4,3/4,3/4,3/4,flag;coherent;coset,exact,1,1,3/4,1,1,1,0,6
11,1/2,39,1,1,1,1,1,1,branch;full;flag;coherent;coset,exact,1,1,1,1,1,0,0,7
11,1/2,40,1,1,1/2,1/2,1/2,1/2,flag;coherent;coset,exact,1,1,1/2,1,1,1,0,5
11,1/2,41,1,1,1,1,1,1,branch;full;flag;coherent;coset,exact,1,1,1,1,1,0,0,6
11,1/2,42,1,1,1,1,1,1,branch;full;flag;coherent;coset,exact,1,1,1,1,1,0,0,5
11,1/2,43,1,1,1,1,1,1,branch;full;flag;coherent;coset,exact,1,1,1,1,1,0,0,5
11,1/2,44,1,1,1/4,1/4,1/4,1/4,flag;coherent;coset,exact,1,1,1/4,1,1,1,0,6
11,1/2,45,1,1,1/2,1/2,1/2,1/2,flag;coherent;coset,exact,1,1,1/2,1,1,1,0,12
11,1/2,46,1,1,3/4,3/4,3/4,3/4,flag;coherent;coset,exact,1,1,3/4,1,1,1,0,6
11,1/2,47,1,1,1,1,1,1,branch;full;flag;coherent;coset,exact,1,1,1,1,1,0,0,7
11,1/2,48,1,1,1/2,1/2,1/2,1/2,flag;coherent;coset,exact,1,1,1/2,1,1,1,0,5
11,1/2,49,1,1,1,1,1,1,branch;full;flag;coherent;coset,exact,1,1,1,1,1,0,0,6
11,1/2,50,1,1,1,1,1,1,branch;full;flag;coherent;coset,exact,1,1,1,1,1,0,0,5
11,1/2,51,1,1,1,1,1,1,branch;full;flag;coherent;coset,exact,1,1,1,1,1,0,0,5
11,1/2,52,1,1,1/4,1/4,1/4,1/4,flag;coherent;coset,exact,1,1,1/4,1,1,1,0,6
11,1/2,53,1,1,1/2,1/2,1/2,1/2,flag;coherent;coset,exact,1,1,1/2,1,1,1,0,12
11,1/2,54,1,1,3/4,3/4,3/4,3/4,flag;coherent;coset,exact,1,1,3/4,1,1,1,0,6
11,1/2,55,1,1,1,1,1,1,branch;full;flag;coherent;coset,exact,1,1,1,1,1,0,0,7
11,1/2,56,1,1,1/4,1/4,1/4,1/4,flag;coherent;coset,exact,1,1,1/4,1,1,1,0,6
11,1/2,57,1,1,1/2,1/2,1/2,1/2,flag;coherent;coset,exact,1,1,1/2,1,1,1,0,12
11,1/2,58,1,1,3/4,3/4,3/4,3/4,flag;coherent;coset,exact,1,1,3/4,1,1,1,0,6
11,1/2,59,1,1,1,1,1,1,branch;full;flag;coherent;coset,exact,1,1,1,1,1,0,0,7
11,1/2,60,1,1,1/2,1/2,1/2,1/2,flag;coherent;coset,exact,1,1,1/2,1,1,1,0,5
11,1/2,61,1,1,1,1,1,1,branch;full;flag;coherent;coset,exact,1,1,1,1,1,0,0,6
11,1/2,62,1,1,1,1,1,1,branch;full;flag;coherent;coset,exact,1,1,1,1,1,0,0,5
11,1/2,63,1,1,1,1,1,1,branch;full;flag;coherent;coset,exact,1,1,1,1,1,0,0,5
11,3/4,0,1,1,1,1,1,1,branch;full;flag;coherent;coset,exact,1,1,1,1,1,0,0,10
11,3/4,1,1,1,1,1,1,1,branch;full;flag;coherent;coset,exact,1,1,1,1,1,0,0,10
11,3/4,2,1,1,1,1,1,1,branch;full;flag;coherent;coset,exact,1,1,1,1,1,0,0,10
11,3/4,3,1,1,1,1,1,1,branch;full;flag;coherent;coset,exact,1,1,1,1,1,0,0,10
11,3/4,4,1,1,5/8,5/8,5/8,5/8,flag;coherent;coset,exact,1,1,5/8,1,1,1,0,15
11,3/4,5,1,1,1,1,1,1,branch;full;flag;coherent;coset,exact,1,1,1,1,1,0,0,16
11,3/4,6,1,1,1,1,1,1,branch;full;flag;coherent;coset,exact,1,1,1,1,1,0,0,12
11,3/4,7,1,1,1,1,1,1,branch;full;flag;coherent;coset,exact,1,1,1,1,1,0,0,12
11,3/4,8,1,1,3/4,3/4,3/4,3/4,flag;coherent;coset,exact,1,1,3/4,1,1,1,0,17
11,3/4,9,1,1,1,1,1,1,branch;full;flag;coherent;coset,exact,1,1,1,1,1,0,0,18
11,3/4,10,1,1,1,1,1,1,branch;full;flag;coherent;coset,exact,1,1,1,1,1,0,0,14
11,3/4,11,1,1,1,1,1,1,branch;full;flag;coherent;coset,exact,1,1,1,1,1,0,0,14
11,3/4,12,1,1,3/4,3/4,3/4,3/4,flag;coherent;coset,exact,1,1,3/4,1,1,1,0,17
11,3/4,13,1,1,1,1,1,1,branch;full;flag;coherent;coset,exact,1,1,1,1,1,0,0,18
11,3/4,14,1,1,1,1,1,1,branch;full;flag;coherent;coset,exact,1,1,1,1,1,0,0,14
11,3/4,15,1,1,1,1,1,1,branch;full;flag;coherent;coset,exact,1,1,1,1,1,0,0,14
11,3/4,16,1,1,5/8,5/8,5/8,5/8,flag;coherent;coset,exact,1,1,5/8,1,1,1,0,15
11,3/4,17,1,1,1,1,1,1,branch;full;flag;coherent;coset,exact,1,1,1,1,1,0,0,16
11,3/4,18,1,1,1,1,1,1,branch;full;flag;coherent;coset,exact,1,1,1,1,1,0,0,12
11,3/4,19,1,1,1,1,1,1,branch;full;flag;coherent;coset,exact,1,1,1,1,1,0,0,12
11,3/4,20,1,1,5/8,5/8,5/8,5/8,flag;coherent;coset,exact,1,1,5/8,1,1,1,0,15
11,3/4,21,1,1,1,1,1,1,branch;full;flag;coherent;coset,exact,1,1,1,1,1,0,0,16
11,3/4,22,1,1,1,1,1,1,branch;full;flag;coherent;coset,exact,1,1,1,1,1,0,0,12
11,3/4,23,1,1,1,1,1,1,branch;full;flag;coherent;coset,exact,1,1,1,1,1,0,0,12
11,3/4,24,1,1,9/16,9/16,9/16,9/16,flag;coherent;coset,exact,1,1,9/16,1,1,1,0,21
11,3/4,25,1,1,7/8,7/8,7/8,7/8,flag;coherent;coset,exact,1,1,3/4,1,0,1,0,43
11,3/4,26,1,1,15/16,15/16,15/16,15/16,flag;coherent;coset,exact,1,1,15/16,1,1,1,0,17
11,3/4,27,1,1,1,1,1,1,branch;full;flag;coherent;coset,exact,1,1,1,1,1,0,0,18
11,3/4,28,1,1,9/16,9/16,9/16,9/16,flag;coherent;coset,exact,1,1,9/16,1,1,1,0,21
11,3/4,29,1,1,7/8,7/8,7/8,7/8,flag;coherent;coset,exact,1,1,3/4,1,0,1,0,43
11,3/4,30,1,1,15/16,15/16,15/16,15/16,flag;coherent;coset,exact,1,1,15/16,1,1,1,0,17
11,3/4,31,1,1,1,1,1,1,branch;full;flag;coherent;coset,exact,1,1,1,1,1,0,0,18
11,3/4,32,1,1,3/4,3/4,3/4,3/4,flag;coherent;coset,exact,1,1,3/4,1,1,1,0,17
11,3/4,33,1,1,1,1,1,1,branch;full;flag;coherent;coset,exact,1,1,1,1,1,0,0,18
11,3/4,34,1,1,1,1,1,1,branch;full;flag;coherent;coset,exact,1,1,1,1,1,0,0,14
11,3/4,35,1,1,1,1,1,1,branch;full;flag;coherent;coset,exact,1,1,1,1,1,0,0,14
11,3/4,36,1,1,9/16,9/16,9/16,9/16,flag;coherent;coset,exact,1,1,9/16,1,1,1,0,21
11,3/4,37,1,1,7/8,7/8,7/8,7/8,flag;coherent;coset,exact,1,1,3/4,1,0,1,0,43
11,3/4,38,1,1,15/16,15/16,15/16,15/16,flag;coherent;coset,exact,1,1,15/16,1,1,1,0,17
11,3/4,39,1,1,1,1,1,1,branch;full;flag;coherent;coset,exact,1,1,1,1,1,0,0,18
11,3/4,40,1,1,3/4,3/4,3/4,3/4,flag;coherent;coset,exact,1,1,3/4,1,1,1,0,17
11,3/4,41,1,1,1,1,1,1,branch;full;flag;coherent;coset,exact,1,1,1,1,1,0,0,18
11,3/4,42,1,1,1,1,1,1,branch;full;flag;coherent;coset,exact,1,1,1,1,1,0,0,14
11,3/4,43,1,1,1,1,1,1,branch;full;flag;coherent;coset,exact,1,1,1,1,1,0,0,14
11,3/4,44,1,1,9/16,9/16,9/16,9/16,flag;coherent;coset,exact,1,1,9/16,1,1,1,0,21
11,3/4,45,1,1,7/8,7/8,7/8,7/8,flag;coherent;coset,exact,1,1,3/4,1,0,1,0,43
11,3/4,46,1,1,15/16,15/16,15/16,15/16,flag;coherent;coset,exact,1,1,15/16,1,1,1,0,17
11,3/4,47,1,1,1,1,1,1,branch;full;flag;coherent;coset,exact,1,1,1,1,1,0,0,18
11,3/4,48,1,1,3/4,3/4,3/4,3/4,flag;coherent;coset,exact,1,1,3/4,1,1,1,0,17
11,3/4,49,1,1,1,1,1,1,branch;full;flag;coherent;coset,exact,1,1,1,1,1,0,0,18
11,3/4,50,1,1,1,1,1,1,branch;full;flag;coherent;coset,exact,1,1,1,1,1,0,0,14
11,3/4,51,1,1,1,1,1,1,branch;full;flag;coherent;coset,exact,1,1,1,1,1,0,0,14
11,3/4,52,1,1,9/16,9/16,9/16,9/16,flag;coherent;coset,exact,1,1,9/16,1,1,1,0,21
11,3/4,53,1,1,7/8,7/8,7/8,7/8,flag;coherent;coset,exact,1,1,3/4,1,0,1,0,43
11,3/4,54,1,1,15/16,15/16,15/16,15/16,flag;coherent;coset,exact,1,1,15/16,1,1,1,0,17
11,3/4,55,1,1,1,1,1,1,branch;full;flag;coherent;coset,exact,1,1,1,1,1,0,0,18
11,3/4,56,1,1,9/16,9/16,9/16,9/16,flag;coherent;coset,exact,1,1,9/16,1,1,1,0,21
11,3/4,57,1,1,7/8,7/8,7/8,7/8,flag;coherent;coset,exact,1,1,3/4,1,0,1,0,43
11,3/4,58,1,1,15/16,15/16,15/16,15/16,flag;coherent;coset,exact,1,1,15/16,1,1,1,0,17
11,3/4,59,1,1,1,1,1,1,branch;full;flag;coherent;coset,exact,1,1,1,1,1,0,0,18
11,3/4,60,1,1,3/4,3/4,3/4,3/4,flag;coherent;coset,exact,1,1,3/4,1,1,1,0,17
11,3/4,61,1,1,1,1,1,1,branch;full;flag;coherent;coset,exact,1,1,1,1,1,0,0,18
11,3/4,62,1,1,1,1,1,1,branch;full;flag;coherent;coset,exact,1,1,1,1,1,0,0,14
11,3/4,63,1,1,1,1,1,1,branch;full;flag;coherent;coset,exact,1,1,1,1,1,0,0,14
11,1,0,1,1,1,1,1,1,branch;full;flag;coherent;coset,exact,1,1,1,1,1,0,0,10
11,1,1,1,1,1,1,1,1,branch;full;flag;coherent;coset,exact,1,1,1,1,1,0,0,10
11,1,2,1,1,1,1,1,1,branch;full;flag;coherent;coset,exact,1,1,1,1,1,0,0,10
11,1,3,1,1,1,1,1,1,branch;full;flag;coherent;coset,exact,1,1,1,1,1,0,0,10
11,1,4,1,1,1,1,1,1,branch;full;flag;coherent;coset,exact,1,1,1,1,1,0,0,10
11,1,5,1,1,1,1,1,1,branch;full;flag;coherent;coset,exact,1,1,1,1,1,0,0,10
11,1,6,1,1,1,1,1,1,branch;full;flag;coherent;coset,exact,1,1,1,1,1,0,0,10
11,1,7,1,1,1,1,1,1,branch;full;flag;coherent;coset,exact,1,1,1,1,1,0,0,10
11,1,8,1,1,1,1,1,1,branch;full;flag;coherent;coset,exact,1,1,1,1,1,0,0,10
11,1,9,1,1,1,1,1,1,branch;full;flag;coherent;coset,exact,1,1,1,1,1,0,0,10
11,1,10,1,1,1,1,1,1,branch;full;flag;coherent;coset,exact,1,1,1,1,1,0,0,10
11,1,11,1,1,1,1,1,1,branch;full;flag;coherent;coset,exact,1,1,1,1,1,0,0,10
11,1,12,1,1,1,1,1,1,branch;full;flag;coherent;coset,exact,1,1,1,1,1,0,0,10
11,1,13,1,1,1,1,1,1,branch;full;flag;coherent;coset,exact,1,1,1,1,1,0,0,10
11,1,14,1,1,1,1,1,1,branch;full;flag;coherent;coset,exact,1,1,1,1,1,0,0,10
11,1,15,1,1,1,1,1,1,branch;full;flag;coherent;coset,exact,1,1,1,1,1,0,0,10
11,1,16,1,1,1,1,1,1,branch;full;flag;coherent;coset,exact,1,1,1,1,1,0,0,10
11,1,17,1,1,1,1,1,1,branch;full;flag;coherent;coset,exact,1,1,1,1,1,0,0,10
11,1,18,1,1,1,1,1,1,branch;full;flag;coherent;coset,exact,1,1,1,1,1,0,0,10
11,1,19,1,1,1,1,1,1,branch;full;flag;coherent;coset,exact,1,1,1,1,1,0,0,10
11,1,20,1,1,1,1,1,1,branch;full;flag;coherent;coset,exact,1,1,1,1,1,0,0,10
11,1,21,1,1,1,1,1,1,branch;full;flag;coherent;coset,exact,1,1,1,1,1,0,0,10
11,1,22,1,1,1,1,1,1,branch;full;flag;coherent;coset,exact,1,1,1,1,1,0,0,10
11,1,23,1,1,1,1,1,1,branch;full;flag;coherent;coset,exact,1,1,1,1,1,0,0,10
11,1,24,1,1,1,1,1,1,branch;full;flag;coherent;coset,exact,1,1,1,1,1,0,0,10
11,1,25,1,1,1,1,1,1,branch;full;flag;coherent;coset,exact,1,1,1,1,1,0,0,10
11,1,26,1,1,1,1,1,1,branch;full;flag;coherent;coset,exact,1,1,1,1,1,0,0,10
11,1,27,1,1,1,1,1,1,branch;full;flag;coherent;coset,exact,1,1,1,1,1,0,0,10
11,1,28,1,1,1,1,1,1,branch;full;flag;coherent;coset,exact,1,1,1,1,1,0,0,10
11,1,29,1,1,1,1,1,1,branch;full;flag;coherent;coset,exact,1,1,1,1,1,0,0,10
11,1,30,1,1,1,1,1,1,branch;full;flag;coherent;coset,exact,1,1,1,1,1,0,0,10
11,1,31,1,1,1,1,1,1,branch;full;flag;coherent;coset,exact,1,1,1,1,1,0,0,10
11,1,32,1,1,1,1,1,1,branch;full;flag;coherent;coset,exact,1,1,1,1,1,0,0,10
11,1,33,1,1,1,1,1,1,branch;full;flag;coherent;coset,exact,1,1,1,1,1,0,0,10
11,1,34,1,1,1,1,1,1,branch;full;flag;coherent;coset,exact,1,1,1,1,1,0,0,10
11,1,35,1,1,1,1,1,1,branch;full;flag;coherent;coset,exact,1,1,1,1,1,0,0,10
11,1,36,1,1,1,1,1,1,branch;full;flag;coherent;coset,exact,1,1,1,1,1,0,0,10
11,1,37,1,1,1,1,1,1,branch;full;flag;coherent;coset,exact,1,1,1,1,1,0,0,10
11,1,38,1,1,1,1,1,1,branch;full;flag;coherent;coset,exact,1,1,1,1,1,0,0,10
11,1,39,1,1,1,1,1,1,branch;full;flag;coherent;coset,exact,1,1,1,1,1,0,0,10
11,1,40,1,1,1,1,1,1,branch;full;flag;coherent;coset,exact,1,1,1,1,1,0,0,10
11,1,41,1,1,1,1,1,1,branch;full;flag;coherent;coset,exact,1,1,1,1,1,0,0,10
11,1,42,1,1,1,1,1,1,branch;full;flag;coherent;coset,exact,1,1,1,1,1,0,0,10
11,1,43,1,1,1,1,1,1,branch;full;flag;coherent;coset,exact,1,1,1,1,1,0,0,10
11,1,44,1,1,1,1,1,1,branch;full;flag;coherent;coset,exact,1,1,1,1,1,0,0,10
11,1,45,1,1,1,1,1,1,branch;full;flag;coherent;coset,exact,1,1,1,1,1,0,0,10
11,1,46,1,1,1,1,1,1,branch;full;flag;coherent;coset,exact,1,1,1,1,1,0,0,10
11,1,47,1,1,1,1,1,1,branch;full;flag;coherent;coset,exact,1,1,1,1,1,0,0,10
11,1,48,1,1,1,1,1,1,branch;full;flag;coherent;coset,exact,1,1,1,1,1,0,0,10
11,1,49,1,1,1,1,1,1,branch;full;flag;coherent;coset,exact,1,1,1,1,1,0,0,10
11,1,50,1,1,1,1,1,1,branch;full;flag;coherent;coset,exact,1,1,1,1,1,0,0,10
11,1,51,1,1,1,1,1,1,branch;full;flag;coherent;coset,exact,1,1,1,1,1,0,0,10
11,1,52,1,1,1,1,1,1,branch;full;flag;coherent;coset,exact,1,1,1,1,1,0,0,10
11,1,53,1,1,1,1,1,1,branch;full;flag;coherent;coset,exact,1,1,1,1,1,0,0,10
11,1,54,1,1,1,1,1,1,branch;full;flag;coherent;coset,exact,1,1,1,1,1,0,0,10
11,1,55,1,1,1,1,1,1,branch;full;flag;coherent;coset,exact,1,1,1,1,1,0,0,10
11,1,56,1,1,1,1,1,1,branch;full;flag;coherent;coset,exact,1,1,1,1,1,0,0,10
11,1,57,1,1,1,1,1,1,branch;full;flag;coherent;coset,exact,1,1,1,1,1,0,0,10
11,1,58,1,1,1,1,1,1,branch;full;flag;coherent;coset,exact,1,1,1,1,1,0,0,10
11,1,59,1,1,1,1,1,1,branch;full;flag;coherent;coset,exact,1,1,1,1,1,0,0,10
11,1,60,1,1,1,1,1,1,branch;full;flag;coherent;coset,exact,1,1,1,1,1,0,0,10
11,1,61,1,1,1,1,1,1,branch;full;flag;coherent;coset,exact,1,1,1,1,1,0,0,10
11,1,62,1,1,1,1,1,1,branch;full;flag;coherent;coset,exact,1,1,1,1,1,0,0,10
11,1,63,1,1,1,1,1,1,branch;full;flag;coherent;coset,exact,1,1,1,1,1,0,0,10
12,0,0,1,1,1,1,1,1,branch;full;flag;coherent;coset,exact,1,1,1,1,1,0,0,7
12,0,1,1,1,1,1,1,1,branch;full;flag;coherent;coset,exact,1,1,1,1,1,0,0,7
12,0,2,1,1,1,1,1,1,branch;full;flag;coherent;coset,exact,1,1,1,1,1,0,0,7
12,0,3,1,1,1,1,1,1,branch;full;flag;coherent;coset,exact,1,1,1,1,1,0,0,7
12,0,4,1/2,1/2,1/2,1/2,1/2,1/2,branch;full;flag;coherent;coset,exact,1,1,1/2,1,1,0,0,11
12,0,5,1,1,1,1,1,1,branch;full;flag;coherent;coset,exact,1,1,1,1,1,0,0,11
12,0,6,1,1,1,1,1,1,branch;full;flag;coherent;coset,exact,1,1,1,1,1,0,0,9
12,0,7,1,1,1,1,1,1,branch;full;flag;coherent;coset,exact,1,1,1,1,1,0,0,9
12,0,8,1/2,1/2,1/2,1/2,1/2,1/2,branch;full;flag;coherent;coset,exact,1,1,1/2,1,1,0,0,11
12,0,9,1,1,1,1,1,1,branch;full;flag;coherent;coset,exact,1,1,1,1,1,0,0,11
12,0,10,1,1,1,1,1,1,branch;full;flag;coherent;coset,exact,1,1,1,1,1,0,0,9
12,0,11,1,1,1,1,1,1,branch;full;flag;coherent;coset,exact,1,1,1,1,1,0,0,9
12,0,12,1,1,1,1,1,1,branch;full;flag;coherent;coset,exact,1,1,1,1,1,0,0,7
12,0,13,1,1,1,1,1,1,branch;full;flag;coherent;coset,exact,1,1,1,1,1,0,0,7
12,0,14,1,1,1,1,1,1,branch;full;flag;coherent;coset,exact,1,1,1,1,1,0,0,7
12,0,15,1,1,1,1,1,1,branch;full;flag;coherent;coset,exact,1,1,1,1,1,0,0,7
12,0,16,1/2,1/2,1/2,1/2,1/2,1/2,branch;full;flag;coherent;coset,exact,1,1,1/2,1,1,0,0,11
12,0,17,1,1,1,1,1,1,branch;full;flag;coherent;coset,exact,1,1,1,1,1,0,0,11
12,0,18,1,1,1,1,1,1,branch;full;flag;coherent;coset,exact,1,1,1,1,1,0,0,9
12,0,19,1,1,1,1,1,1,branch;full;flag;coherent;coset,exact,1,1,1,1,1,0,0,9
12,0,20,1/2,1/2,1/2,1/2,1/2,1/2,branch;full;flag;coherent;coset,exact,1,1,1/2,1,1,0,0,11
12,0,21,1,1,1,1,1,1,branch;full;flag;coherent;coset,exact,1,1,1,1,1,0,0,11
12,0,22,1,1,1,1,1,1,branch;full;flag;coherent;coset,exact,1,1,1,1,1,0,0,9
12,0,23,1,1,1,1,1,1,branch;full;flag;coherent;coset,exact,1,1,1,1,1,0,0,9
12,0,24,1/2,1/2,1/2,1/2,1/2,1/2,branch;full;flag;coherent;coset,exact,1,1,1/2,1,1,0,0,11
12,0,25,1,1,1,1,1,1,branch;full;flag;coherent;coset,exact,1,1,1,1,1,0,0,11
12,0,26,1,1,1,1,1,1,branch;full;flag;coherent;coset,exact,1,1,1,1,1,0,0,9
12,0,27,1,1,1,1,1,1,branch;full;flag;coherent;coset,exact,1,1,1,1,1,0,0,9
12,0,28,1/2,1/2,1/2,1/2,1/2,1/2,branch;full;flag;coherent;coset,exact,1,1,1/2,1,1,0,0,11
12,0,29,1,1,1,1,1,1,branch;full;flag;coherent;coset,exact,1,1,1,1,1,0,0,11
12,0,30,1,1,1,1,1,1,branch;full;flag;coherent;coset,exact,1,1,1,1,1,0,0,9
12,0,31,1,1,1,1,1,1,branch;full;flag;coherent;coset,exact,1,1,1,1,1,0,0,9
12,0,32,1/2,1/2,1/2,1/2,1/2,1/2,branch;full;flag;coherent;coset,exact,1,1,1/2,1,1,0,0,11
12,0,33,1,1,1,1,1,1,branch;full;flag;coherent;coset,exact,1,1,1,1,1,0,0,11
12,0,34,1,1,1,1,1,1,branch;full;flag;coherent;coset,exact,1,1,1,1,1,0,0,9
12,0,35,1,1,1,1,1,1,branch;full;flag;coherent;coset,exact,1,1,1,1,1,0,0,9
12,0,36,1/2,1/2,1/2,1/2,1/2,1/2,branch;full;flag;coherent;coset,exact,1,1,1/2,1,1,0,0,11
12,0,37,1,1,1,1,1,1,branch;full;flag;coherent;coset,exact,1,1,1,1,1,0,0,11
12,0,38,1,1,1,1,1,1,branch;full;flag;coherent;coset,exact,1,1,1,1,1,0,0,9
12,0,39,1,1,1,1,1,1,branch;full;flag;coherent;coset,exact,1,1,1,1,1,0,0,9
12,0,40,1/2,1/2,1/2,1/2,1/2,1/2,branch;full;flag;coherent;coset,exact,1,1,1/2,1,1,0,0,11
12,0,41,1,1,1,1,1,1,branch;full;flag;coherent;coset,exact,1,1,1,1,1,0,0,11
12,0,42,1,1,1,1,1,1,branch;full;flag;coherent;coset,exact,1,1,1,1,1,0,0,9
12,0,43,1,1,1,1,1,1,branch;full;flag;coherent;coset,exact,1,1,1,1,1,0,0,9
12,0,44,1/2,1/2,1/2,1/2,1/2,1/2,branch;full;flag;coherent;coset,exact,1,1,1/2,1,1,0,0,11
12,0,45,1,1,1,1,1,1,branch;full;flag;coherent;coset,exact,1,1,1,1,1,0,0,11
12,0,46,1,1,1,1,1,1,branch;full;flag;coherent;coset,exact,1,1,1,1,1,0,0,9
12,0,47,1,1,1,1,1,1,branch;full;flag;coherent;coset,exact,1,1,1,1,1,0,0,9
12,0,48,1,1,1,1,1,1,branch;full;flag;coherent;coset,exact,1,1,1,1,1,0,0,7
12,0,49,1,1,1,1,1,1,branch;full;flag;coherent;coset,exact,1,1,1,1,1,0,0,7
12,0,50,1,1,1,1,1,1,branch;full;flag;coherent;coset,exact,1,1,1,1,1,0,0,7
12,0,51,1,1,1,1,1,1,branch;full;flag;coherent;coset,exact,1,1,1,1,1,0,0,7
12,0,52,1/2,1/2,1/2,1/2,1/2,1/2,branch;full;flag;coherent;coset,exact,1,1,1/2,1,1,0,0,11
12,0,53,1,1,1,1,1,1,branch;full;flag;coherent;coset,exact,1,1,1,1,1,0,0,11
12,0,54,1,1,1,1,1,1,branch;full;flag;coherent;coset,exact,1,1,1,1,1,0,0,9
12,0,55,1,1,1,1,1,1,branch;full;flag;coherent;coset,exact,1,1,1,1,1,0,0,9
12,0,56,1/2,1/2,1/2,1/2,1/2,1/2,branch;full;flag;coherent;coset,exact,1,1,1/2,1,1,0,0,11
12,0,57,1,1,1,1,1,1,branch;full;flag;coherent;coset,exact,1,1,1,1,1,0,0,11
12,0,58,1,1,1,1,1,1,branch;full;flag;coherent;coset,exact,1,1,1,1,1,0,0,9
12,0,59,1,1,1,1,1,1,branch;full;flag;coherent;coset,exact,1,1,1,1,1,0,0,9
12,0,60,1,1,1,1,1,1,branch;full;flag;coherent;coset,exact,1,1,1,1,1,0,0,7
12,0,61,1,1,1,1,1,1,branch;full;flag;coherent;coset,exact,1,1,1,1,1,0,0,7
12,0,62,1,1,1,1,1,1,branch;full;flag;coherent;coset,exact,1,1,1,1,1,0,0,7
12,0,63,1,1,1,1,1,1,branch;full;flag;coherent;coset,exact,1,1,1,1,1,0,0,7
12,1/4,0,1,1,1,1,1,1,branch;full;flag;coherent;coset,exact,1,1,1,1,1,0,0,10
12,1/4,1,1,1,1,1,1,1,branch;full;flag;coherent;coset,exact,1,1,1,1,1,0,0,10
12,1/4,2,1,1,1,1,1,1,branch;full;flag;coherent;coset,exact,1,1,1,1,1,0,0,10
12,1/4,3,1,1,1,1,1,1,branch;full;flag;coherent;coset,exact,1,1,1,1,1,0,0,10
12,1/4,4,1/2,1/2,1/2,1/2,1/2,1/2,branch;full;flag;coherent;coset,exact,1,1,1/2,1,1,0,0,17
12,1/4,5,1,1,1,1,1,1,branch;full;flag;coherent;coset,exact,1,1,1,1,1,0,0,18
12,1/4,6,1,1,1,1,1,1,branch;full;flag;coherent;coset,exact,1,1,1,1,1,0,0,14
12,1/4,7,1,1,1,1,1,1,branch;full;flag;coherent;coset,exact,1,1,1,1,1,0,0,14
12,1/4,8,1/2,1/2,1/2,1/2,1/2,1/2,branch;full;flag;coherent;coset,exact,1,1,1/2,1,1,0,0,17
12,1/4,9,1,1,1,1,1,1,branch;full;flag;coherent;coset,exact,1,1,1,1,1,0,0,18
12,1/4,10,1,1,1,1,1,1,branch;full;flag;coherent;coset,exact,1,1,1,1,1,0,0,14
12,1/4,11,1,1,1,1,1,1,branch;full;flag;coherent;coset,exact,1,1,1,1,1,0,0,14
12,1/4,12,1,1,3/4,3/4,3/4,3/4,flag;coherent;coset,exact,1,1,3/4,1,1,1,0,15
12,1/4,13,1,1,1,1,1,1,branch;full;flag;coherent;coset,exact,1,1,1,1,1,0,0,16
12,1/4,14,1,1,1,1,1,1,branch;full;flag;coherent;coset,exact,1,1,1,1,1,0,0,12
12,1/4,15,1,1,1,1,1,1,branch;full;flag;coherent;coset,exact,1,1,1,1,1,0,0,12
12,1/4,16,1/2,1/2,1/2,1/2,1/2,1/2,branch;full;flag;coherent;coset,exact,1,1,1/2,1,1,0,0,17
12,1/4,17,1,1,1,1,1,1,branch;full;flag;coherent;coset,exact,1,1,1,1,1,0,0,18
12,1/4,18,1,1,1,1,1,1,branch;full;flag;coherent;coset,exact,1,1,1,1,1,0,0,14
12,1/4,19,1,1,1,1,1,1,branch;full;flag;coherent;coset,exact,1,1,1,1,1,0,0,14
12,1/4,20,1/2,1/2,1/2,1/2,1/2,1/2,branch;full;flag;coherent;coset,exact,1,1,1/2,1,1,0,0,17
12,1/4,21,1,1,1,1,1,1,branch;full;flag;coherent;coset,exact,1,1,1,1,1,0,0,18
12,1/4,22,1,1,1,1,1,1,branch;full;flag;coherent;coset,exact,1,1,1,1,1,0,0,14
12,1/4,23,1,1,1,1,1,1,branch;full;flag;coherent;coset,exact,1,1,1,1,1,0,0,14
12,1/4,24,1/2,1/2,3/8,3/8,3/8,3/8,flag;coherent;coset,exact,1,1,3/8,1,1,1,0,21
12,1/4,25,1,1,3/4,3/4,3/4,3/4,flag;coherent;coset,exact,1,1,3/4,1,1,1,0,43
12,1/4,26,1,1,7/8,7/8,7/8,7/8,flag;coherent;coset,exact,1,1,7/8,1,1,1,0,17
12,1/4,27,1,1,1,1,1,1,branch;full;flag;coherent;coset,exact,1,1,1,1,1,0,0,18
12,1/4,28,1/2,1/2,3/8,3/8,3/8,3/8,flag;coherent;coset,exact,1,1,3/8,1,1,1,0,21
12,1/4,29,1,1,3/4,3/4,3/4,3/4,flag;coherent;coset,exact,1,1,3/4,1,1,1,0,43
12,1/4,30,1,1,7/8,7/8,7/8,7/8,flag;coherent;coset,exact,1,1,7/8,1,1,1,0,17
12,1/4,31,1,1,1,1,1,1,branch;full;flag;coherent;coset,exact,1,1,1,1,1,0,0,18
12,1/4,32,1/2,1/2,1/2,1/2,1/2,1/2,branch;full;flag;coherent;coset,exact,1,1,1/2,1,1,0,0,17
12,1/4,33,1,1,1,1,1,1,branch;full;flag;coherent;coset,exact,1,1,1,1,1,0,0,18
12,1/4,34,1,1,1,1,1,1,branch;full;flag;coherent;coset,exact,1,1,1,1,1,0,0,14
12,1/4,35,1,1,1,1,1,1,branch;full;flag;coherent;coset,exact,1,1,1,1,1,0,0,14
12,1/4,36,1/2,1/2,3/8,3/8,3/8,3/8,flag;coherent;coset,exact,1,1,3/8,1,1,1,0,21
12,1/4,37,1,1,3/4,3/4,3/4,3/4,flag;coherent;coset,exact,1,1,3/4,1,1,1,0,43
12,1/4,38,1,1,7/8,7/8,7/8,7/8,flag;coherent;coset,exact,1,1,7/8,1,1,1,0,17
12,1/4,39,1,1,1,1,1,1,branch;full;flag;coherent;coset,exact,1,1,1,1,1,0,0,18
12,1/4,40,1/2,1/2,1/2,1/2,1/2,1/2,branch;full;flag;coherent;coset,exact,1,1,1/2,1,1,0,0,17
12,1/4,41,1,1,1,1,1,1,branch;full;flag;coherent;coset,exact,1,1,1,1,1,0,0,18
12,1/4,42,1,1,1,1,1,1,branch;full;flag;coherent;coset,exact,1,1,1,1,1,0,0,14
12,1/4,43,1,1,1,1,1,1,branch;full;flag;coherent;coset,exact,1,1,1,1,1,0,0,14
12,1/4,44,1/2,1/2,3/8,3/8,3/8,3/8,flag;coherent;coset,exact,1,1,3/8,1,1,1,0,21
12,1/4,45,1,1,3/4,3/4,3/4,3/4,flag;coherent;coset,exact,1,1,3/4,1,1,1,0,43
12,1/4,46,1,1,7/8,7/8,7/8,7/8,flag;coherent;coset,exact,1,1,7/8,1,1,1,0,17
12,1/4,47,1,1,1,1,1,1,branch;full;flag;coherent;coset,exact,1,1,1,1,1,0,0,18
12,1/4,48,1,1,3/4,3/4,3/4,3/4,flag;coherent;coset,exact,1,1,3/4,1,1,1,0,15
12,1/4,49,1,1,1,1,1,1,branch;full;flag;coherent;coset,exact,1,1,1,1,1,0,0,16
12,1/4,50,1,1,1,1,1,1,branch;full;flag;coherent;coset,exact,1,1,1,1,1,0,0,12
12,1/4,51,1,1,1,1,1,1,branch;full;flag;coherent;coset,exact,1,1,1,1,1,0,0,12
12,1/4,52,1/2,1/2,3/8,3/8,3/8,3/8,flag;coherent;coset,exact,1,1,3/8,1,1,1,0,21
12,1/4,53,1,1,3/4,3/4,3/4,3/4,flag;coherent;coset,exact,1,1,3/4,1,1,1,0,43
12,1/4,54,1,1,7/8,7/8,7/8,7/8,flag;coherent;coset,exact,1,1,7/8,1,1,1,0,17
12,1/4,55,1,1,1,1,1,1,branch;full;flag;coherent;coset,exact,1,1,1,1,1,0,0,18
12,1/4,56,1/2,1/2,3/8,3/8,3/8,3/8,flag;coherent;coset,exact,1,1,3/8,1,1,1,0,21
12,1/4,57,1,1,3/4,3/4,3/4,3/4,flag;coherent;coset,exact,1,1,3/4,1,1,1,0,43
12,1/4,58,1,1,7/8,7/8,7/8,7/8,flag;coherent;coset,exact,1,1,7/8,1,1,1,0,17
12,1/4,59,1,1,1,1,1,1,branch;full;flag;coherent;coset,exact,1,1,1,1,1,0,0,18
12,1/4,60,1,1,3/4,3/4,3/4,3/4,flag;coherent;coset,exact,1,1,3/4,1,1,1,0,15
12,1/4,61,1,1,1,1,1,1,branch;full;flag;coherent;coset,exact,1,1,1,1,1,0,0,16
12,1/4,62,1,1,1,1,1,1,branch;full;flag;coherent;coset,exact,1,1,1,1,1,0,0,12
12,1/4,63,1,1,1,1,1,1,branch;full;flag;coherent;coset,exact,1,1,1,1,1,0,0,12
12,1/2,0,1,1,1,1,1,1,branch;full;flag;coherent;coset,exact,1,1,1,1,1,0,0,4
12,1/2,1,1,1,1,1,1,1,branch;full;flag;coherent;coset,exact,1,1,1,1,1,0,0,4
12,1/2,2,1,1,1,1,1,1,branch;full;flag;coherent;coset,exact,1,1,1,1,1,0,0,4
12,1/2,3,1,1,1,1,1,1,branch;full;flag;coherent;coset,exact,1,1,1,1,1,0,0,4
12,1/2,4,1/2,1/2,1/2,1/2,1/2,1/2,branch;full;flag;coherent;coset,exact,1,1,1/2,1,1,0,0,5
12,1/2,5,1,1,1,1,1,1,branch;full;flag;coherent;coset,exact,1,1,1,1,1,0,0,6
12,1/2,6,1,1,1,1,1,1,branch;full;flag;coherent;coset,exact,1,1,1,1,1,0,0,5
12,1/2,7,1,1,1,1,1,1,branch;full;flag;coherent;coset,exact,1,1,1,1,1,0,0,5
12,1/2,8,1/2,1/2,1/2,1/2,1/2,1/2,branch;full;flag;coherent;coset,exact,1,1,1/2,1,1,0,0,5
12,1/2,9,1,1,1,1,1,1,branch;full;flag;coherent;coset,exact,1,1,1,1,1,0,0,6
12,1/2,10,1,1,1,1,1,1,branch;full;flag;coherent;coset,exact,1,1,1,1,1,0,0,5
12,1/2,11,1,1,1,1,1,1,branch;full;flag;coherent;coset,exact,1,1,1,1,1,0,0,5
12,1/2,12,1,1,1/2,1/2,1/2,1/2,flag;coherent;coset,exact,1,1,1/2,1,1,1,0,5
12,1/2,13,1,1,1,1,1,1,branch;full;flag;coherent;coset,exact,1,1,1,1,1,0,0,6
12,1/2,14,1,1,1,1,1,1,branch;full;flag;coherent;coset,exact,1,1,1,1,1,0,0,5
12,1/2,15,1,1,1,1,1,1,branch;full;flag;coherent;coset,exact,1,1,1,1,1,0,0,5
12,1/2,16,1/2,1/2,1/2,1/2,1/2,1/2,branch;full;flag;coherent;coset,exact,1,1,1/2,1,1,0,0,5
12,1/2,17,1,1,1,1,1,1,branch;full;flag;coherent;coset,exact,1,1,1,1,1,0,0,6
12,1/2,18,1,1,1,1,1,1,branch;full;flag;coherent;coset,exact,1,1,1,1,1,0,0,5
12,1/2,19,1,1,1,1,1,1,branch;full;flag;coherent;coset,exact,1,1,1,1,1,0,0,5
12,1/2,20,1/2,1/2,1/2,1/2,1/2,1/2,branch;full;flag;coherent;coset,exact,1,1,1/2,1,1,0,0,5
12,1/2,21,1,1,1,1,1,1,branch;full;flag;coherent;coset,exact,1,1,1,1,1,0,0,6
12,1/2,22,1,1,1,1,1,1,branch;full;flag;coherent;coset,exact,1,1,1,1,1,0,0,5
12,1/2,23,1,1,1,1,1,1,branch;full;flag;coherent;coset,exact,1,1,1,1,1,0,0,5
12,1/2,24,1/2,1/2,1/4,1/4,1/4,1/4,flag;coherent;coset,exact,1,1,1/4,1,1,1,0,6
12,1/2,25,1,1,1/2,1/2,1/2,1/2,flag;coherent;coset,exact,1,1,1/2,1,1,1,0,12
12,1/2,26,1,1,3/4,3/4,3/4,3/4,flag;coherent;coset,exact,1,1,3/4,1,1,1,0,6
12,1/2,27,1,1,1,1,1,1,branch;full;flag;coherent;coset,exact,1,1,1,1,1,0,0,7
12,1/2,28,1/2,1/2,1/4,1/4,1/4,1/4,flag;coherent;coset,exact,1,1,1/4,1,1,1,0,6
12,1/2,29,1,1,1/2,1/2,1/2,1/2,flag;coherent;coset,exact,1,1,1/2,1,1,1,0,12
12,1/2,30,1,1,3/4,3/4,3/4,3/4,flag;coherent;coset,exact,1,1,3/4,1,1,1,0,6
12,1/2,31,1,1,1,1,1,1,branch;full;flag;coherent;coset,exact,1,1,1,1,1,0,0,7
12,1/2,32,1/2,1/2,1/2,1/2,1/2,1/2,branch;full;flag;coherent;coset,exact,1,1,1/2,1,1,0,0,5
12,1/2,33,1,1,1,1,1,1,branch;full;flag;coherent;coset,exact,1,1,1,1,1,0,0,6
12,1/2,34,1,1,1,1,1,1,branch;full;flag;coherent;coset,exact,1,1,1,1,1,0,0,5
12,1/2,35,1,1,1,1,1,1,branch;full;flag;coherent;coset,exact,1,1,1,1,1,0,0,5
12,1/2,36,1/2,1/2,1/4,1/4,1/4,1/4,flag;coherent;coset,exact,1,1,1/4,1,1,1,0,6
12,1/2,37,1,1,1/2,1/2,1/2,1/2,flag;coherent;coset,exact,1,1,1/2,1,1,1,0,12
12,1/2,38,1,1,3/4,3/4,3/4,3/4,flag;coherent;coset,exact,1,1,3/4,1,1,1,0,6
12,1/2,39,1,1,1,1,1,1,branch;full;flag;coherent;coset,exact,1,1,1,1,1,0,0,7
12,1/2,40,1/2,1/2,1/2,1/2,1/2,1/2,branch;full;flag;coherent;coset,exact,1,1,1/2,1,1,0,0,5
12,1/2,41,1,1,1,1,1,1,branch;full;flag;coherent;coset,exact,1,1,1,1,1,0,0,6
12,1/2,42,1,1,1,1,1,1,branch;full;flag;coherent;coset,exact,1,1,1,1,1,0,0,5
12,1/2,43,1,1,1,1,1,1,branch;full;flag;coherent;coset,exact,1,1,1,1,1,0,0,5
12,1/2,44,1/2,1/2,1/4,1/4,1/4,1/4,flag;coherent;coset,exact,1,1,1/4,1,1,1,0,6
12,1/2,45,1,1,1/2,1/2,1/2,1/2,flag;coherent;coset,exact,1,1,1/2,1,1,1,0,12
12,1/2,46,1,1,3/4,3/4,3/4,3/4,flag;coherent;coset,exact,1,1,3/4,1,1,1,0,6
12,1/2,47,1,1,1,1,1,1,branch;full;flag;coherent;coset,exact,1,1,1,1,1,0,0,7
12,1/2,48,1,1,1/2,1/2,1/2,1/2,flag;coherent;coset,exact,1,1,1/2,1,1,1,0,5
12,1/2,49,1,1,1,1,1,1,branch;full;flag;coherent;coset,exact,1,1,1,1,1,0,0,6
12,1/2,50,1,1,1,1,1,1,branch;full;flag;coherent;coset,exact,1,1,1,1,1,0,0,5
12,1/2,51,1,1,1,1,1,1,branch;full;flag;coherent;coset,exact,1,1,1,1,1,0,0,5
12,1/2,52,1/2,1/2,1/4,1/4,1/4,1/4,flag;coherent;coset,exact,1,1,1/4,1,1,1,0,6
12,1/2,53,1,1,1/2,1/2,1/2,1/2,flag;coherent;coset,exact,1,1,1/2,1,1,1,0,12
12,1/2,54,1,1,3/4,3/4,3/4,3/4,flag;coherent;coset,exact,1,1,3/4,1,1,1,0,6
12,1/2,55,1,1,1,1,1,1,branch;full;flag;coherent;coset,exact,1,1,1,1,1,0,0,7
12,1/2,56,1/2,1/2,1/4,1/4,1/4,1/4,flag;coherent;coset,exact,1,1,1/4,1,1,1,0,6
12,1/2,57,1,1,1/2,1/2,1/2,1/2,flag;coherent;coset,exact,1,1,1/2,1,1,1,0,12
12,1/2,58,1,1,3/4,3/4,3/4,3/4,flag;coherent;coset,exact,1,1,3/4,1,1,1,0,6
12,1/2,59,1,1,1,1,1,1,branch;full;flag;coherent;coset,exact,1,1,1,1,1,0,0,7
12,1/2,60,1,1,1/2,1/2,1/2,1/2,flag;coherent;coset,exact,1,1,1/2,1,1,1,0,5
12,1/2,61,1,1,1,1,1,1,branch;full;flag;coherent;coset,exact,1,1,1,1,1,0,0,6
12,1/2,62,1,1,1,1,1,1,branch;full;flag;coherent;coset,exact,1,1,1,1,1,0,0,5
12,1/2,63,1,1,1,1,1,1,branch;full;flag;coherent;coset,exact,1,1,1,1,1,0,0,5
12,3/4,0,1,1,1,1,1,1,branch;full;flag;coherent;coset,exact,1,1,1,1,1,0,0,10
12,3/4,1,1,1,1,1,1,1,branch;full;flag;coherent;coset,exact,1,1,1,1,1,0,0,10
12,3/4,2,1,1,1,1,1,1,branch;full;flag;coherent;coset,exact,1,1,1,1,1,0,0,10
12,3/4,3,1,1,1,1,1,1,branch;full;flag;coherent;coset,exact,1,1,1,1,1,0,0,10
12,3/4,4,1/2,1/2,1/2,1/2,1/2,1/2,branch;full;flag;coherent;coset,exact,1,1,1/2,1,1,0,0,17
12,3/4,5,1,1,1,1,1,1,branch;full;flag;coherent;coset,exact,1,1,1,1,1,0,0,18
12,3/4,6,1,1,1,1,1,1,branch;full;flag;coherent;coset,exact,1,1,1,1,1,0,0,14
12,3/4,7,1,1,1,1,1,1,branch;full;flag;coherent;coset,exact,1,1,1,1,1,0,0,14
12,3/4,8,1/2,1/2,1/2,1/2,1/2,1/2,branch;full;flag;coherent;coset,exact,1,1,1/2,1,1,0,0,17
12,3/4,9,1,1,1,1,1,1,branch;full;flag;coherent;coset,exact,1,1,1,1,1,0,0,18
12,3/4,10,1,1,1,1,1,1,branch;full;flag;coherent;coset,exact,1,1,1,1,1,0,0,14
12,3/4,11,1,1,1,1,1,1,branch;full;flag;coherent;coset,exact,1,1,1,1,1,0,0,14
12,3/4,12,1,1,3/4,3/4,3/4,3/4,flag;coherent;coset,exact,1,1,3/4,1,1,1,0,15
12,3/4,13,1,1,1,1,1,1,branch;full;flag;coherent;coset,exact,1,1,1,1,1,0,0,16
12,3/4,14,1,1,1,1,1,1,branch;full;flag;coherent;coset,exact,1,1,1,1,1,0,0,12
12,3/4,15,1,1,1,1,1,1,branch;full;flag;coherent;coset,exact,1,1,1,1,1,0,0,12
12,3/4,16,1/2,1/2,1/2,1/2,1/2,1/2,branch;full;flag;coherent;coset,exact,1,1,1/2,1,1,0,0,17
12,3/4,17,1,1,1,1,1,1,branch;full;flag;coherent;coset,exact,1,1,1,1,1,0,0,18
12,3/4,18,1,1,1,1,1,1,branch;full;flag;coherent;coset,exact,1,1,1,1,1,0,0,14
12,3/4,19,1,1,1,1,1,1,branch;full;flag;coherent;coset,exact,1,1,1,1,1,0,0,14
12,3/4,20,1/2,1/2,1/2,1/2,1/2,1/2,branch;full;flag;coherent;coset,exact,1,1,1/2,1,1,0,0,17
12,3/4,21,1,1,1,1,1,1,branch;full;flag;coherent;coset,exact,1,1,1,1,1,0,0,18
12,3/4,22,1,1,1,1,1,1,branch;full;flag;coherent;coset,exact,1,1,1,1,1,0,0,14
12,3/4,23,1,1,1,1,1,1,branch;full;flag;coherent;coset,exact,1,1,1,1,1,0,0,14
12,3/4,24,1/2,1/2,3/8,3/8,3/8,3/8,flag;coherent;coset,exact,1,1,3/8,1,1,1,0,21
12,3/4,25,1,1,3/4,3/4,3/4,3/4,flag;coherent;coset,exact,1,1,3/4,1,1,1,0,43
12,3/4,26,1,1,7/8,7/8,7/8,7/8,flag;coherent;coset,exact,1,1,7/8,1,1,1,0,17
12,3/4,27,1,1,1,1,1,1,branch;full;flag;coherent;coset,exact,1,1,1,1,1,0,0,18
12,3/4,28,1/2,1/2,3/8,3/8,3/8,3/8,flag;coherent;coset,exact,1,1,3/8,1,1,1,0,21
12,3/4,29,1,1,3/4,3/4,3/4,3/4,flag;coherent;coset,exact,1,1,3/4,1,1,1,0,43
12,3/4,30,1,1,7/8,7/8,7/8,7/8,flag;coherent;coset,exact,1,1,7/8,1,1,1,0,17
12,3/4,31,1,1,1,1,1,1,branch;full;flag;coherent;coset,exact,1,1,1,1,1,0,0,18
12,3/4,32,1/2,1/2,1/2,1/2,1/2,1/2,branch;full;flag;coherent;coset,exact,1,1,1/2,1,1,0,0,17
12,3/4,33,1,1,1,1,1,1,branch;full;flag;coherent;coset,exact,1,1,1,1,1,0,0,18
12,3/4,34,1,1,1,1,1,1,branch;full;flag;coherent;coset,exact,1,1,1,1,1,0,0,14
12,3/4,35,1,1,1,1,1,1,branch;full;flag;coherent;coset,exact,1,1,1,1,1,0,0,14
12,3/4,36,1/2,1/2,3/8,3/8,3/8,3/8,flag;coherent;coset,exact,1,1,3/8,1,1,1,0,21
12,3/4,37,1,1,3/4,3/4,3/4,3/4,flag;coherent;coset,exact,1,1,3/4,1,1,1,0,43
12,3/4,38,1,1,7/8,7/8,7/8,7/8,flag;coherent;coset,exact,1,1,7/8,1,1,1,0,17
12,3/4,39,1,1,1,1,1,1,branch;full;flag;coherent;coset,exact,1,1,1,1,1,0,0,18
12,3/4,40,1/2,1/2,1/2,1/2,1/2,1/2,branch;full;flag;coherent;coset,exact,1,1,1/2,1,1,0,0,17
12,3/4,41,1,1,1,1,1,1,branch;full;flag;coherent;coset,exact,1,1,1,1,1,0,0,18
12,3/4,42,1,1,1,1,1,1,branch;full;flag;coherent;coset,exact,1,1,1,1,1,0,0,14
12,3/4,43,1,1,1,1,1,1,branch;full;flag;coherent;coset,exact,1,1,1,1,1,0,0,14
12,3/4,44,1/2,1/2,3/8,3/8,3/8,3/8,flag;coherent;coset,exact,1,1,3/8,1,1,1,0,21
12,3/4,45,1,1,3/4,3/4,3/4,3/4,flag;coherent;coset,exact,1,1,3/4,1,1,1,0,43
12,3/4,46,1,1,7/8,7/8,7/8,7/8,flag;coherent;coset,exact,1,1,7/8,1,1,1,0,17
12,3/4,47,1,1,1,1,1,1,branch;full;flag;coherent;coset,exact,1,1,1,1,1,0,0,18
12,3/4,48,1,1,3/4,3/4,3/4,3/4,flag;coherent;coset,exact,1,1,3/4,1,1,1,0,15
12,3/4,49,1,1,1,1,1,1,branch;full;flag;coherent;coset,exact,1,1,1,1,1,0,0,16
12,3/4,50,1,1,1,1,1,1,branch;full;flag;coherent;coset,exact,1,1,1,1,1,0,0,12
12,3/4,51,1,1,1,1,1,1,branch;full;flag;coherent;coset,exact,1,1,1,1,1,0,0,12
12,3/4,52,1/2,1/2,3/8,3/8,3/8,3/8,flag;coherent;coset,exact,1,1,3/8,1,1,1,0,21
12,3/4,53,1,1,3/4,3/4,3/4,3/4,flag;coherent;coset,exact,1,1,3/4,1,1,1,0,43
12,3/4,54,1,1,7/8,7/8,7/8,7/8,flag;coherent;coset,exact,1,1,7/8,1,1,1,0,17
12,3/4,55,1,1,1,1,1,1,branch;full;flag;coherent;coset,exact,1,1,1,1,1,0,0,18
12,3/4,56,1/2,1/2,3/8,3/8,3/8,3/8,flag;coherent;coset,exact,1,1,3/8,1,1,1,0,21
12,3/4,57,1,1,3/4,3/4,3/4,3/4,flag;coherent;coset,exact,1,1,3/4,1,1,1,0,43
12,3/4,58,1,1,7/8,7/8,7/8,7/8,flag;coherent;coset,exact,1,1,7/8,1,1,1,0,17
12,3/4,59,1,1,1,1,1,1,branch;full;flag;coherent;coset,exact,1,1,1,1,1,0,0,18
12,3/4,60,1,1,3/4,3/4,3/4,3/4,flag;coherent;coset,exact,1,1,3/4,1,1,1,0,15
12,3/4,61,1,1,1,1,1,1,branch;full;flag;coherent;coset,exact,1,1,1,1,1,0,0,16
12,3/4,62,1,1,1,1,1,1,branch;full;flag;coherent;coset,exact,1,1,1,1,1,0,0,12
12,3/4,63,1,1,1,1,1,1,branch;full;flag;coherent;coset,exact,1,1,1,1,1,0,0,12
12,1,0,1,1,1,1,1,1,branch;full;flag;coherent;coset,exact,1,1,1,1,1,0,0,7
12,1,1,1,1,1,1,1,1,branch;full;flag;coherent;coset,exact,1,1,1,1,1,0,0,7
12,1,2,1,1,1,1,1,1,branch;full;flag;coherent;coset,exact,1,1,1,1,1,0,0,7
12,1,3,1,1,1,1,1,1,branch;full;flag;coherent;coset,exact,1,1,1,1,1,0,0,7
12,1,4,1/2,1/2,1/2,1/2,1/2,1/2,branch;full;flag;coherent;coset,exact,1,1,1/2,1,1,0,0,11
12,1,5,1,1,1,1,1,1,branch;full;flag;coherent;coset,exact,1,1,1,1,1,0,0,11
12,1,6,1,1,1,1,1,1,branch;full;flag;coherent;coset,exact,1,1,1,1,1,0,0,9
12,1,7,1,1,1,1,1,1,branch;full;flag;coherent;coset,exact,1,1,1,1,1,0,0,9
12,1,8,1/2,1/2,1/2,1/2,1/2,1/2,branch;full;flag;coherent;coset,exact,1,1,1/2,1,1,0,0,11
12,1,9,1,1,1,1,1,1,branch;full;flag;coherent;coset,exact,1,1,1,1,1,0,0,11
12,1,10,1,1,1,1,1,1,branch;full;flag;coherent;coset,exact,1,1,1,1,1,0,0,9
12,1,11,1,1,1,1,1,1,branch;full;flag;coherent;coset,exact,1,1,1,1,1,0,0,9
12,1,12,1,1,1,1,1,1,branch;full;flag;coherent;coset,exact,1,1,1,1,1,0,0,7
12,1,13,1,1,1,1,1,1,branch;full;flag;coherent;coset,exact,1,1,1,1,1,0,0,7
12,1,14,1,1,1,1,1,1,branch;full;flag;coherent;coset,exact,1,1,1,1,1,0,0,7
12,1,15,1,1,1,1,1,1,branch;full;flag;coherent;coset,exact,1,1,1,1,1,0,0,7
12,1,16,1/2,1/2,1/2,1/2,1/2,1/2,branch;full;flag;coherent;coset,exact,1,1,1/2,1,1,0,0,11
12,1,17,1,1,1,1,1,1,branch;full;flag;coherent;coset,exact,1,1,1,1,1,0,0,11
12,1,18,1,1,1,1,1,1,branch;full;flag;coherent;coset,exact,1,1,1,1,1,0,0,9
12,1,19,1,1,1,1,1,1,branch;full;flag;coherent;coset,exact,1,1,1,1,1,0,0,9
12,1,20,1/2,1/2,1/2,1/2,1/2,1/2,branch;full;flag;coherent;coset,exact,1,1,1/2,1,1,0,0,11
12,1,21,1,1,1,1,1,1,branch;full;flag;coherent;coset,exact,1,1,1,1,1,0,0,11
12,1,22,1,1,1,1,1,1,branch;full;flag;coherent;coset,exact,1,1,1,1,1,0,0,9
12,1,23,1,1,1,1,1,1,branch;full;flag;coherent;coset,exact,1,1,1,1,1,0,0,9
12,1,24,1/2,1/2,1/2,1/2,1/2,1/2,branch;full;flag;coherent;coset,exact,1,1,1/2,1,1,0,0,11
12,1,25,1,1,1,1,1,1,branch;full;flag;coherent;coset,exact,1,1,1,1,1,0,0,11
12,1,26,1,1,1,1,1,1,branch;full;flag;coherent;coset,exact,1,1,1,1,1,0,0,9
12,1,27,1,1,1,1,1,1,branch;full;flag;coherent;coset,exact,1,1,1,1,1,0,0,9
12,1,28,1/2,1/2,1/2,1/2,1/2,1/2,branch;full;flag;coherent;coset,exact,1,1,1/2,1,1,0,0,11
12,1,29,1,1,1,1,1,1,branch;full;flag;coherent;coset,exact,1,1,1,1,1,0,0,11
12,1,30,1,1,1,1,1,1,branch;full;flag;coherent;coset,exact,1,1,1,1,1,0,0,9
12,1,31,1,1,1,1,1,1,branch;full;flag;coherent;coset,exact,1,1,1,1,1,0,0,9
12,1,32,1/2,1/2,1/2,1/2,1/2,1/2,branch;full;flag;coherent;coset,exact,1,1,1/2,1,1,0,0,11
12,1,33,1,1,1,1,1,1,branch;full;flag;coherent;coset,exact,1,1,1,1,1,0,0,11
12,1,34,1,1,1,1,1,1,branch;full;flag;coherent;coset,exact,1,1,1,1,1,0,0,9
12,1,35,1,1,1,1,1,1,branch;full;flag;coherent;coset,exact,1,1,1,1,1,0,0,9
12,1,36,1/2,1/2,1/2,1/2,1/2,1/2,branch;full;flag;coherent;coset,exact,1,1,1/2,1,1,0,0,11
12,1,37,1,1,1,1,1,1,branch;full;flag;coherent;coset,exact,1,1,1,1,1,0,0,11
12,1,38,1,1,1,1,1,1,branch;full;flag;coherent;coset,exact,1,1,1,1,1,0,0,9
12,1,39,1,1,1,1,1,1,branch;full;flag;coherent;coset,exact,1,1,1,1,1,0,0,9
12,1,40,1/2,1/2,1/2,1/2,1/2,1/2,branch;full;flag;coherent;coset,exact,1,1,1/2,1,1,0,0,11
12,1,41,1,1,1,1,1,1,branch;full;flag;coherent;coset,exact,1,1,1,1,1,0,0,11
12,1,42,1,1,1,1,1,1,branch;full;flag;coherent;coset,exact,1,1,1,1,1,0,0,9
12,1,43,1,1,1,1,1,1,branch;full;flag;coherent;coset,exact,1,1,1,1,1,0,0,9
12,1,44,1/2,1/2,1/2,1/2,1/2,1/2,branch;full;flag;coherent;coset,exact,1,1,1/2,1,1,0,0,11
12,1,45,1,1,1,1,1,1,branch;full;flag;coherent;coset,exact,1,1,1,1,1,0,0,11
12,1,46,1,1,1,1,1,1,branch;full;flag;coherent;coset,exact,1,1,1,1,1,0,0,9
12,1,47,1,1,1,1,1,1,branch;full;flag;coherent;coset,exact,1,1,1,1,1,0,0,9
12,1,48,1,1,1,1,1,1,branch;full;flag;coherent;coset,exact,1,1,1,1,1,0,0,7
12,1,49,1,1,1,1,1,1,branch;full;flag;coherent;coset,exact,1,1,1,1,1,0,0,7
12,1,50,1,1,1,1,1,1,branch;full;flag;coherent;coset,exact,1,1,1,1,1,0,0,7
12,1,51,1,1,1,1,1,1,branch;full;flag;coherent;coset,exact,1,1,1,1,1,0,0,7
12,1,52,1/2,1/2,1/2,1/2,1/2,1/2,branch;full;flag;coherent;coset,exact,1,1,1/2,1,1,0,0,11
12,1,53,1,1,1,1,1,1,branch;full;flag;coherent;coset,exact,1,1,1,1,1,0,0,11
12,1,54,1,1,1,1,1,1,branch;full;flag;coherent;coset,exact,1,1,1,1,1,0,0,9
12,1,55,1,1,1,1,1,1,branch;full;flag;coherent;coset,exact,1,1,1,1,1,0,0,9
12,1,56,1/2,1/2,1/2,1/2,1/2,1/2,branch;full;flag;coherent;coset,exact,1,1,1/2,1,1,0,0,11
12,1,57,1,1,1,1,1,1,branch;full;flag;coherent;coset,exact,1,1,1,1,1,0,0,11
12,1,58,1,1,1,1,1,1,branch;full;flag;coherent;coset,exact,1,1,1,1,1,0,0,9
12,1,59,1,1,1,1,1,1,branch;full;flag;coherent;coset,exact,1,1,1,1,1,0,0,9
12,1,60,1,1,1,1,1,1,branch;full;flag;coherent;coset,exact,1,1,1,1,1,0,0,7
12,1,61,1,1,1,1,1,1,branch;full;flag;coherent;coset,exact,1,1,1,1,1,0,0,7
12,1,62,1,1,1,1,1,1,branch;full;flag;coherent;coset,exact,1,1,1,1,1,0,0,7
12,1,63,1,1,1,1,1,1,branch;full;flag;coherent;coset,exact,1,1,1,1,1,0,0,7
13,0,0,1,1,1,1,1,1,branch;full;flag;coherent;coset,exact,1,1,1,1,1,0,0,10
13,0,1,1,1,1,1,1,1,branch;full;flag;coherent;coset,exact,1,1,1,1,1,0,0,10
13,0,2,1,1,1,1,1,1,branch;full;flag;coherent;coset,exact,1,1,1,1,1,0,0,10
13,0,3,1,1,1,1,1,1,branch;full;flag;coherent;coset,exact,1,1,1,1,1,0,0,10
13,0,4,1,1,1,1,1,1,branch;full;flag;coherent;coset,exact,1,1,1,1,1,0,0,10
13,0,5,1,1,1,1,1,1,branch;full;flag;coherent;coset,exact,1,1,1,1,1,0,0,10
13,0,6,1,1,1,1,1,1,branch;full;flag;coherent;coset,exact,1,1,1,1,1,0,0,10
13,0,7,1,1,1,1,1,1,branch;full;flag;coherent;coset,exact,1,1,1,1,1,0,0,10
13,0,8,1,1,1,1,1,1,branch;full;flag;coherent;coset,exact,1,1,1,1,1,0,0,10
13,0,9,1,1,1,1,1,1,branch;full;flag;coherent;coset,exact,1,1,1,1,1,0,0,10
13,0,10,1,1,1,1,1,1,branch;full;flag;coherent;coset,exact,1,1,1,1,1,0,0,10
13,0,11,1,1,1,1,1,1,branch;full;flag;coherent;coset,exact,1,1,1,1,1,0,0,10
13,0,12,1,1,1,1,1,1,branch;full;flag;coherent;coset,exact,1,1,1,1,1,0,0,10
13,0,13,1,1,1,1,1,1,branch;full;flag;coherent;coset,exact,1,1,1,1,1,0,0,10
13,0,14,1,1,1,1,1,1,branch;full;flag;coherent;coset,exact,1,1,1,1,1,0,0,10
13,0,15,1,1,1,1,1,1,branch;full;flag;coherent;coset,exact,1,1,1,1,1,0,0,10
13,0,16,1,1,1,1,1,1,branch;full;flag;coherent;coset,exact,1,1,1,1,1,0,0,10
13,0,17,1,1,1,1,1,1,branch;full;flag;coherent;coset,exact,1,1,1,1,1,0,0,10
13,0,18,1,1,1,1,1,1,branch;full;flag;coherent;coset,exact,1,1,1,1,1,0,0,10
13,0,19,1,1,1,1,1,1,branch;full;flag;coherent;coset,exact,1,1,1,1,1,0,0,10
13,0,20,1,1,1,1,1,1,branch;full;flag;coherent;coset,exact,1,1,1,1,1,0,0,10
13,0,21,1,1,1,1,1,1,branch;full;flag;coherent;coset,exact,1,1,1,1,1,0,0,10
13,0,22,1,1,1,1,1,1,branch;full;flag;coherent;coset,exact,1,1,1,1,1,0,0,10
13,0,23,1,1,1,1,1,1,branch;full;flag;coherent;coset,exact,1,1,1,1,1,0,0,10
13,0,24,1,1,1,1,1,1,branch;full;flag;coherent;coset,exact,1,1,1,1,1,0,0,10
13,0,25,1,1,1,1,1,1,branch;full;flag;coherent;coset,exact,1,1,1,1,1,0,0,10
13,0,26,1,1,1,1,1,1,branch;full;flag;coherent;coset,exact,1,1,1,1,1,0,0,10
13,0,27,1,1,1,1,1,1,branch;full;flag;coherent;coset,exact,1,1,1,1,1,0,0,10
13,0,28,1,1,1,1,1,1,branch;full;flag;coherent;coset,exact,1,1,1,1,1,0,0,10
13,0,29,1,1,1,1,1,1,branch;full;flag;coherent;coset,exact,1,1,1,1,1,0,0,10
13,0,30,1,1,1,1,1,1,branch;full;flag;coherent;coset,exact,1,1,1,1,1,0,0,10
13,0,31,1,1,1,1,1,1,branch;full;flag;coherent;coset,exact,1,1,1,1,1,0,0,10
13,0,32,1,1,1,1,1,1,branch;full;flag;coherent;coset,exact,1,1,1,1,1,0,0,10
13,0,33,1,1,1,1,1,1,branch;full;flag;coherent;coset,exact,1,1,1,1,1,0,0,10
13,0,34,1,1,1,1,1,1,branch;full;flag;coherent;coset,exact,1,1,1,1,1,0,0,10
13,0,35,1,1,1,1,1,1,branch;full;flag;coherent;coset,exact,1,1,1,1,1,0,0,10
13,0,36,1,1,1,1,1,1,branch;full;flag;coherent;coset,exact,1,1,1,1,1,0,0,10
13,0,37,1,1,1,1,1,1,branch;full;flag;coherent;coset,exact,1,1,1,1,1,0,0,10
13,0,38,1,1,1,1,1,1,branch;full;flag;coherent;coset,exact,1,1,1,1,1,0,0,10
13,0,39,1,1,1,1,1,1,branch;full;flag;coherent;coset,exact,1,1,1,1,1,0,0,10
13,0,40,1,1,1,1,1,1,branch;full;flag;coherent;coset,exact,1,1,1,1,1,0,0,10
13,0,41,1,1,1,1,1,1,branch;full;flag;coherent;coset,exact,1,1,1,1,1,0,0,10
13,0,42,1,1,1,1,1,1,branch;full;flag;coherent;coset,exact,1,1,1,1,1,0,0,10
13,0,43,1,1,1,1,1,1,branch;full;flag;coherent;coset,exact,1,1,1,1,1,0,0,10
13,0,44,1,1,1,1,1,1,branch;full;flag;coherent;coset,exact,1,1,1,1,1,0,0,10
13,0,45,1,1,1,1,1,1,branch;full;flag;coherent;coset,exact,1,1,1,1,1,0,0,10
13,0,46,1,1,1,1,1,1,branch;full;flag;coherent;coset,exact,1,1,1,1,1,0,0,10
13,0,47,1,1,1,1,1,1,branch;full;flag;coherent;coset,exact,1,1,1,1,1,0,0,10
13,0,48,1,1,1,1,1,1,branch;full;flag;coherent;coset,exact,1,1,1,1,1,0,0,10
13,0,49,1,1,1,1,1,1,branch;full;flag;coherent;coset,exact,1,1,1,1,1,0,0,10
13,0,50,1,1,1,1,1,1,branch;full;flag;coherent;coset,exact,1,1,1,1,1,0,0,10
13,0,51,1,1,1,1,1,1,branch;full;flag;coherent;coset,exact,1,1,1,1,1,0,0,10
13,0,52,1,1,1,1,1,1,branch;full;flag;coherent;coset,exact,1,1,1,1,1,0,0,10
13,0,53,1,1,1,1,1,1,branch;full;flag;coherent;coset,exact,1,1,1,1,1,0,0,10
13,0,54,1,1,1,1,1,1,branch;full;flag;coherent;coset,exact,1,1,1,1,1,0,0,10
13,0,55,1,1,1,1,1,1,branch;full;flag;coherent;coset,exact,1,1,1,1,1,0,0,10
13,0,56,1,1,1,1,1,1,branch;full;flag;coherent;coset,exact,1,1,1,1,1,0,0,10
13,0,57,1,1,1,1,1,1,branch;full;flag;coherent;coset,exact,1,1,1,1,1,0,0,10
13,0,58,1,1,1,1,1,1,branch;full;flag;coherent;coset,exact,1,1,1,1,1,0,0,10
13,0,59,1,1,1,1,1,1,branch;full;flag;coherent;coset,exact,1,1,1,1,1,0,0,10
13,0,60,1,1,1,1,1,1,branch;full;flag;coherent;coset,exact,1,1,1,1,1,0,0,10
13,0,61,1,1,1,1,1,1,branch;full;flag;coherent;coset,exact,1,1,1,1,1,0,0,10
13,0,62,1,1,1,1,1,1,branch;full;flag;coherent;coset,exact,1,1,1,1,1,0,0,10
13,0,63,1,1,1,1,1,1,branch;full;flag;coherent;coset,exact,1,1,1,1,1,0,0,10
13,1/4,0,1,1,1,1,1,1,branch;full;flag;coherent;coset,exact,1,1,1,1,1,0,0,10
13,1/4,1,1,1,1,1,1,1,branch;full;flag;coherent;coset,exact,1,1,1,1,1,0,0,10
13,1/4,2,1,1,1,1,1,1,branch;full;flag;coherent;coset,exact,1,1,1,1,1,0,0,10
13,1/4,3,1,1,1,1,1,1,branch;full;flag;coherent;coset,exact,1,1,1,1,1,0,0,10
13,1/4,4,1,1,3/4,3/4,3/4,3/4,flag;coherent;coset,exact,1,1,3/4,1,1,1,0,17
13,1/4,5,1,1,1,1,1,1,branch;full;flag;coherent;coset,exact,1,1,1,1,1,0,0,18
13,1/4,6,1,1,1,1,1,1,branch;full;flag;coherent;coset,exact,1,1,1,1,1,0,0,14
13,1/4,7,1,1,1,1,1,1,branch;full;flag;coherent;coset,exact,1,1,1,1,1,0,0,14
13,1/4,8,1,1,5/8,5/8,5/8,5/8,flag;coherent;coset,exact,1,1,5/8,1,1,1,0,15
13,1/4,9,1,1,1,1,1,1,branch;full;flag;coherent;coset,exact,1,1,1,1,1,0,0,16
13,1/4,10,1,1,1,1,1,1,branch;full;flag;coherent;coset,exact,1,1,1,1,1,0,0,12
13,1/4,11,1,1,1,1,1,1,branch;full;flag;coherent;coset,exact,1,1,1,1,1,0,0,12
13,1/4,12,1,1,3/4,3/4,3/4,3/4,flag;coherent;coset,exact,1,1,3/4,1,1,1,0,17
13,1/4,13,1,1,1,1,1,1,branch;full;flag;coherent;coset,exact,1,1,1,1,1,0,0,18
13,1/4,14,1,1,1,1,1,1,branch;full;flag;coherent;coset,exact,1,1,1,1,1,0,0,14
13,1/4,15,1,1,1,1,1,1,branch;full;flag;coherent;coset,exact,1,1,1,1,1,0,0,14
13,1/4,16,1,1,3/4,3/4,3/4,3/4,flag;coherent;coset,exact,1,1,3/4,1,1,1,0,17
13,1/4,17,1,1,1,1,1,1,branch;full;flag;coherent;coset,exact,1,1,1,1,1,0,0,18
13,1/4,18,1,1,1,1,1,1,branch;full;flag;coherent;coset,exact,1,1,1,1,1,0,0,14
13,1/4,19,1,1,1,1,1,1,branch;full;flag;coherent;coset,exact,1,1,1,1,1,0,0,14
13,1/4,20,1,1,3/4,3/4,3/4,3/4,flag;coherent;coset,exact,1,1,3/4,1,1,1,0,17
13,1/4,21,1,1,1,1,1,1,branch;full;flag;coherent;coset,exact,1,1,1,1,1,0,0,18
13,1/4,22,1,1,1,1,1,1,branch;full;flag;coherent;coset,exact,1,1,1,1,1,0,0,14
13,1/4,23,1,1,1,1,1,1,branch;full;flag;coherent;coset,exact,1,1,1,1,1,0,0,14
13,1/4,24,1,1,9/16,9/16,9/16,9/16,flag;coherent;coset,exact,1,1,9/16,1,1,1,0,21
13,1/4,25,1,1,7/8,7/8,7/8,7/8,flag;coherent;coset,exact,1,1,3/4,1,0,1,0,43
13,1/4,26,1,1,15/16,15/16,15/16,15/16,flag;coherent;coset,exact,1,1,15/16,1,1,1,0,17
13,1/4,27,1,1,1,1,1,1,branch;full;flag;coherent;coset,exact,1,1,1,1,1,0,0,18
13,1/4,28,1,1,9/16,9/16,9/16,9/16,flag;coherent;coset,exact,1,1,9/16,1,1,1,0,21
13,1/4,29,1,1,7/8,7/8,7/8,7/8,flag;coherent;coset,exact,1,1,3/4,1,0,1,0,43
13,1/4,30,1,1,15/16,15/16,15/16,15/16,flag;coherent;coset,exact,1,1,15/16,1,1,1,0,17
13,1/4,31,1,1,1,1,1,1,branch;full;flag;coherent;coset,exact,1,1,1,1,1,0,0,18
13,1/4,32,1,1,5/8,5/8,5/8,5/8,flag;coherent;coset,exact,1,1,5/8,1,1,1,0,15
13,1/4,33,1,1,1,1,1,1,branch;full;flag;coherent;coset,exact,1,1,1,1,1,0,0,16
13,1/4,34,1,1,1,1,1,1,branch;full;flag;coherent;coset,exact,1,1,1,1,1,0,0,12
13,1/4,35,1,1,1,1,1,1,branch;full;flag;coherent;coset,exact,1,1,1,1,1,0,0,12
13,1/4,36,1,1,9/16,9/16,9/16,9/16,flag;coherent;coset,exact,1,1,9/16,1,1,1,0,21
13,1/4,37,1,1,7/8,7/8,7/8,7/8,flag;coherent;coset,exact,1,1,3/4,1,0,1,0,43
13,1/4,38,1,1,15/16,15/16,15/16,15/16,flag;coherent;coset,exact,1,1,15/16,1,1,1,0,17
13,1/4,39,1,1,1,1,1,1,branch;full;flag;coherent;coset,exact,1,1,1,1,1,0,0,18
13,1/4,40,1,1,5/8,5/8,5/8,5/8,flag;coherent;coset,exact,1,1,5/8,1,1,1,0,15
13,1/4,41,1,1,1,1,1,1,branch;full;flag;coherent;coset,exact,1,1,1,1,1,0,0,16
13,1/4,42,1,1,1,1,1,1,branch;full;flag;coherent;coset,exact,1,1,1,1,1,0,0,12
13,1/4,43,1,1,1,1,1,1,branch;full;flag;coherent;coset,exact,1,1,1,1,1,0,0,12
13,1/4,44,1,1,9/16,9/16,9/16,9/16,flag;coherent;coset,exact,1,1,9/16,1,1,1,0,21
13,1/4,45,1,1,7/8,7/8,7/8,7/8,flag;coherent;coset,exact,1,1,3/4,1,0,1,0,43
13,1/4,46,1,1,15/16,15/16,15/16,15/16,flag;coherent;coset,exact,1,1,15/16,1,1,1,0,17
13,1/4,47,1,1,1,1,1,1,branch;full;flag;coherent;coset,exact,1,1,1,1,1,0,0,18
13,1/4,48,1,1,3/4,3/4,3/4,3/4,flag;coherent;coset,exact,1,1,3/4,1,1,1,0,17
13,1/4,49,1,1,1,1,1,1,branch;full;flag;coherent;coset,exact,1,1,1,1,1,0,0,18
13,1/4,50,1,1,1,1,1,1,branch;full;flag;coherent;coset,exact,1,1,1,1,1,0,0,14
13,1/4,51,1,1,1,1,1,1,branch;full;flag;coherent;coset,exact,1,1,1,1,1,0,0,14
13,1/4,52,1,1,9/16,9/16,9/16,9/16,flag;coherent;coset,exact,1,1,9/16,1,1,1,0,21
13,1/4,53,1,1,7/8,7/8,7/8,7/8,flag;coherent;coset,exact,1,1,3/4,1,0,1,0,43
13,1/4,54,1,1,15/16,15/16,15/16,15/16,flag;coherent;coset,exact,1,1,15/16,1,1,1,0,17
13,1/4,55,1,1,1,1,1,1,branch;full;flag;coherent;coset,exact,1,1,1,1,1,0,0,18
13,1/4,56,1,1,9/16,9/16,9/16,9/16,flag;coherent;coset,exact,1,1,9/16,1,1,1,0,21
13,1/4,57,1,1,7/8,7/8,7/8,7/8,flag;coherent;coset,exact,1,1,3/4,1,0,1,0,43
13,1/4,58,1,1,15/16,15/16,15/16,15/16,flag;coherent;coset,exact,1,1,15/16,1,1,1,0,17
13,1/4,59,1,1,1,1,1,1,branch;full;flag;coherent;coset,exact,1,1,1,1,1,0,0,18
13,1/4,60,1,1,3/4,3/4,3/4,3/4,flag;coherent;coset,exact,1,1,3/4,1,1,1,0,17
13,1/4,61,1,1,1,1,1,1,branch;full;flag;coherent;coset,exact,1,1,1,1,1,0,0,18
13,1/4,62,1,1,1,1,1,1,branch;full;flag;coherent;coset,exact,1,1,1,1,1,0,0,14
13,1/4,63,1,1,1,1,1,1,branch;full;flag;coherent;coset,exact,1,1,1,1,1,0,0,14
13,1/2,0,1,1,1,1,1,1,branch;full;flag;coherent;coset,exact,1,1,1,1,1,0,0,4
13,1/2,1,1,1,1,1,1,1,branch;full;flag;coherent;coset,exact,1,1,1,1,1,0,0,4
13,1/2,2,1,1,1,1,1,1,branch;full;flag;coherent;coset,exact,1,1,1,1,1,0,0,4
13,1/2,3,1,1,1,1,1,1,branch;full;flag;coherent;coset,exact,1,1,1,1,1,0,0,4
13,1/2,4,1,1,1/2,1/2,1/2,1/2,flag;coherent;coset,exact,1,1,1/2,1,1,1,0,5
13,1/2,5,1,1,1,1,1,1,branch;full;flag;coherent;coset,exact,1,1,1,1,1,0,0,6
13,1/2,6,1,1,1,1,1,1,branch;full;flag;coherent;coset,exact,1,1,1,1,1,0,0,5
13,1/2,7,1,1,1,1,1,1,branch;full;flag;coherent;coset,exact,1,1,1,1,1,0,0,5
13,1/2,8,1,1,1/2,1/2,1/2,1/2,flag;coherent;coset,exact,1,1,1/2,1,1,1,0,5
13,1/2,9,1,1,1,1,1,1,branch;full;flag;coherent;coset,exact,1,1,1,1,1,0,0,6
13,1/2,10,1,1,1,1,1,1,branch;full;flag;coherent;coset,exact,1,1,1,1,1,0,0,5
13,1/2,11,1,1,1,1,1,1,branch;full;flag;coherent;coset,exact,1,1,1,1,1,0,0,5
13,1/2,12,1,1,1/2,1/2,1/2,1/2,flag;coherent;coset,exact,1,1,1/2,1,1,1,0,5
13,1/2,13,1,1,1,1,1,1,branch;full;flag;coherent;coset,exact,1,1,1,1,1,0,0,6
13,1/2,14,1,1,1,1,1,1,branch;full;flag;coherent;coset,exact,1,1,1,1,1,0,0,5
13,1/2,15,1,1,1,1,1,1,branch;full;flag;coherent;coset,exact,1,1,1,1,1,0,0,5
13,1/2,16,1,1,1/2,1/2,1/2,1/2,flag;coherent;coset,exact,1,1,1/2,1,1,1,0,5
13,1/2,17,1,1,1,1,1,1,branch;full;flag;coherent;coset,exact,1,1,1,1,1,0,0,6
13,1/2,18,1,1,1,1,1,1,branch;full;flag;coherent;coset,exact,1,1,1,1,1,0,0,5
13,1/2,19,1,1,1,1,1,1,branch;full;flag;coherent;coset,exact,1,1,1,1,1,0,0,5
13,1/2,20,1,1,1/2,1/2,1/2,1/2,flag;coherent;coset,exact,1,1,1/2,1,1,1,0,5
13,1/2,21,1,1,1,1,1,1,branch;full;flag;coherent;coset,exact,1,1,1,1,1,0,0,6
13,1/2,22,1,1,1,1,1,1,branch;full;flag;coherent;coset,exact,1,1,1,1,1,0,0,5
13,1/2,23,1,1,1,1,1,1,branch;full;flag;coherent;coset,exact,1,1,1,1,1,0,0,5
13,1/2,24,1,1,1/4,1/4,1/4,1/4,flag;coherent;coset,exact,1,1,1/4,1,1,1,0,6
13,1/2,25,1,1,1/2,1/2,1/2,1/2,flag;coherent;coset,exact,1,1,1/2,1,1,1,0,12
13,1/2,26,1,1,3/4,3/4,3/4,3/4,flag;coherent;coset,exact,1,1,3/4,1,1,1,0,6
13,1/2,27,1,1,1,1,1,1,branch;full;flag;coherent;coset,exact,1,1,1,1,1,0,0,7
13,1/2,28,1,1,1/4,1/4,1/4,1/4,flag;coherent;coset,exact,1,1,1/4,1,1,1,0,6
13,1/2,29,1,1,1/2,1/2,1/2,1/2,flag;coherent;coset,exact,1,1,1/2,1,1,1,0,12
13,1/2,30,1,1,3/4,3/4,3/4,3/4,flag;coherent;coset,exact,1,1,3/4,1,1,1,0,6
13,1/2,31,1,1,1,1,1,1,branch;full;flag;coherent;coset,exact,1,1,1,1,1,0,0,7
13,1/2,32,1,1,1/2,1/2,1/2,1/2,flag;coherent;coset,exact,1,1,1/2,1,1,1,0,5
13,1/2,33,1,1,1,1,1,1,branch;full;flag;coherent;coset,exact,1,1,1,1,1,0,0,6
13,1/2,34,1,1,1,1,1,1,branch;full;flag;coherent;coset,exact,1,1,1,1,1,0,0,5
13,1/2,35,1,1,1,1,1,1,branch;full;flag;coherent;coset,exact,1,1,1,1,1,0,0,5
13,1/2,36,1,1,1/4,1/4,1/4,1/4,flag;coherent;coset,exact,1,1,1/4,1,1,1,0,6
13,1/2,37,1,1,1/2,1/2,1/2,1/2,flag;coherent;coset,exact,1,1,1/2,1,1,1,0,12
13,1/2,38,1,1,3/4,3/4,3/4,3/4,flag;coherent;coset,exact,1,1,3/4,1,1,1,0,6
13,1/2,39,1,1,1,1,1,1,branch;full;flag;coherent;coset,exact,1,1,1,1,1,0,0,7
13,1/2,40,1,1,1/2,1/2,1/2,1/2,flag;coherent;coset,exact,1,1,1/2,1,1,1,0,5
13,1/2,41,1,1,1,1,1,1,branch;full;flag;coherent;coset,exact,1,1,1,1,1,0,0,6
13,1/2,42,1,1,1,1,1,1,branch;full;flag;coherent;coset,exact,1,1,1,1,1,0,0,5
13,1/2,43,1,1,1,1,1,1,branch;full;flag;coherent;coset,exact,1,1,1,1,1,0,0,5
13,1/2,44,1,1,1/4,1/4,1/4,1/4,flag;coherent;coset,exact,1,1,1/4,1,1,1,0,6
13,1/2,45,1,1,1/2,1/2,1/2,1/2,flag;coherent;coset,exact,1,1,1/2,1,1,1,0,12
13,1/2,46,1,1,3/4,3/4,3/4,3/4,flag;coherent;coset,exact,1,1,3/4,1,1,1,0,6
13,1/2,47,1,1,1,1,1,1,branch;full;flag;coherent;coset,exact,1,1,1,1,1,0,0,7
13,1/2,48,1,1,1/2,1/2,1/2,1/2,flag;coherent;coset,exact,1,1,1/2,1,1,1,0,5
13,1/2,49,1,1,1,1,1,1,branch;full;flag;coherent;coset,exact,1,1,1,1,1,0,0,6
13,1/2,50,1,1,1,1,1,1,branch;full;flag;coherent;coset,exact,1,1,1,1,1,0,0,5
13,1/2,51,1,1,1,1,1,1,branch;full;flag;coherent;coset,exact,1,1,1,1,1,0,0,5
13,1/2,52,1,1,1/4,1/4,1/4,1/4,flag;coherent;coset,exact,1,1,1/4,1,1,1,0,6
13,1/2,53,1,1,1/2,1/2,1/2,1/2,flag;coherent;coset,exact,1,1,1/2,1,1,1,0,12
13,1/2,54,1,1,3/4,3/4,3/4,3/4,flag;coherent;coset,exact,1,1,3/4,1,1,1,0,6
13,1/2,55,1,1,1,1,1,1,branch;full;flag;coherent;coset,exact,1,1,1,1,1,0,0,7
13,1/2,56,1,1,1/4,1/4,1/4,1/4,flag;coherent;coset,exact,1,1,1/4,1,1,1,0,6
13,1/2,57,1,1,1/2,1/2,1/2,1/2,flag;coherent;coset,exact,1,1,1/2,1,1,1,0,12
13,1/2,58,1,1,3/4,3/4,3/4,3/4,flag;coherent;coset,exact,1,1,3/4,1,1,1,0,6
13,1/2,59,1,1,1,1,1,1,branch;full;flag;coherent;coset,exact,1,1,1,1,1,0,0,7
13,1/2,60,1,1,1/2,1/2,1/2,1/2,flag;coherent;coset,exact,1,1,1/2,1,1,1,0,5
13,1/2,61,1,1,1,1,1,1,branch;full;flag;coherent;coset,exact,1,1,1,1,1,0,0,6
13,1/2,62,1,1,1,1,1,1,branch;full;flag;coherent;coset,exact,1,1,1,1,1,0,0,5
13,1/2,63,1,1,1,1,1,1,branch;full;flag;coherent;coset,exact,1,1,1,1,1,0,0,5
13,3/4,0,1,1,1,1,1,1,branch;full;flag;coherent;coset,exact,1,1,1,1,1,0,0,10
13,3/4,1,1,1,1,1,1,1,branch;full;flag;coherent;coset,exact,1,1,1,1,1,0,0,10
13,3/4,2,1,1,1,1,1,1,branch;full;flag;coherent;coset,exact,1,1,1,1,1,0,0,10
13,3/4,3,1,1,1,1,1,1,branch;full;flag;coherent;coset,exact,1,1,1,1,1,0,0,10
13,3/4,4,1,1,3/4,3/4,3/4,3/4,flag;coherent;coset,exact,1,1,3/4,1,1,1,0,17
13,3/4,5,1,1,1,1,1,1,branch;full;flag;coherent;coset,exact,1,1,1,1,1,0,0,18
13,3/4,6,1,1,1,1,1,1,branch;full;flag;coherent;coset,exact,1,1,1,1,1,0,0,14
13,3/4,7,1,1,1,1,1,1,branch;full;flag;coherent;coset,exact,1,1,1,1,1,0,0,14
13,3/4,8,1,1,5/8,5/8,5/8,5/8,flag;coherent;coset,exact,1,1,5/8,1,1,1,0,15
13,3/4,9,1,1,1,1,1,1,branch;full;flag;coherent;coset,exact,1,1,1,1,1,0,0,16
13,3/4,10,1,1,1,1,1,1,branch;full;flag;coherent;coset,exact,1,1,1,1,1,0,0,12
13,3/4,11,1,1,1,1,1,1,branch;full;flag;coherent;coset,exact,1,1,1,1,1,0,0,12
13,3/4,12,1,1,3/4,3/4,3/4,3/4,flag;coherent;coset,exact,1,1,3/4,1,1,1,0,17
13,3/4,13,1,1,1,1,1,1,branch;full;flag;coherent;coset,exact,1,1,1,1,1,0,0,18
13,3/4,14,1,1,1,1,1,1,branch;full;flag;coherent;coset,exact,1,1,1,1,1,0,0,14
13,3/4,15,1,1,1,1,1,1,branch;full;flag;coherent;coset,exact,1,1,1,1,1,0,0,14
13,3/4,16,1,1,3/4,3/4,3/4,3/4,flag;coherent;coset,exact,1,1,3/4,1,1,1,0,17
13,3/4,17,1,1,1,1,1,1,branch;full;flag;coherent;coset,exact,1,1,1,1,1,0,0,18
13,3/4,18,1,1,1,1,1,1,branch;full;flag;coherent;coset,exact,1,1,1,1,1,0,0,14
13,3/4,19,1,1,1,1,1,1,branch;full;flag;coherent;coset,exact,1,1,1,1,1,0,0,14
13,3/4,20,1,1,3/4,3/4,3/4,3/4,flag;coherent;coset,exact,1,1,3/4,1,1,1,0,17
13,3/4,21,1,1,1,1,1,1,branch;full;flag;coherent;coset,exact,1,1,1,1,1,0,0,18
13,3/4,22,1,1,1,1,1,1,branch;full;flag;coherent;coset,exact,1,1,1,1,1,0,0,14
13,3/4,23,1,1,1,1,1,1,branch;full;flag;coherent;coset,exact,1,1,1,1,1,0,0,14
13,3/4,24,1,1,9/16,9/16,9/16,9/16,flag;coherent;coset,exact,1,1,9/16,1,1,1,0,21
13,3/4,25,1,1,7/8,7/8,7/8,7/8,flag;coherent;coset,exact,1,1,3/4,1,0,1,0,43
13,3/4,26,1,1,15/16,15/16,15/16,15/16,flag;coherent;coset,exact,1,1,15/16,1,1,1,0,17
13,3/4,27,1,1,1,1,1,1,branch;full;flag;coherent;coset,exact,1,1,1,1,1,0,0,18
13,3/4,28,1,1,9/16,9/16,9/16,9/16,flag;coherent;coset,exact,1,1,9/16,1,1,1,0,21
13,3/4,29,1,1,7/8,7/8,7/8,7/8,flag;coherent;coset,exact,1,1,3/4,1,0,1,0,43
13,3/4,30,1,1,15/16,15/16,15/16,15/16,flag;coherent;coset,exact,1,1,15/16,1,1,1,0,17
13,3/4,31,1,1,1,1,1,1,branch;full;flag;coherent;coset,exact,1,1,1,1,1,0,0,18
13,3/4,32,1,1,5/8,5/8,5/8,5/8,flag;coherent;coset,exact,1,1,5/8,1,1,1,0,15
13,3/4,33,1,1,1,1,1,1,branch;full;flag;coherent;coset,exact,1,1,1,1,1,0,0,16
13,3/4,34,1,1,1,1,1,1,branch;full;flag;coherent;coset,exact,1,1,1,1,1,0,0,12
13,3/4,35,1,1,1,1,1,1,branch;full;flag;coherent;coset,exact,1,1,1,1,1,0,0,12
13,3/4,36,1,1,9/16,9/16,9/16,9/16,flag;coherent;coset,exact,1,1,9/16,1,1,1,0,21
13,3/4,37,1,1,7/8,7/8,7/8,7/8,flag;coherent;coset,exact,1,1,3/4,1,0,1,0,43
13,3/4,38,1,1,15/16,15/16,15/16,15/16,flag;coherent;coset,exact,1,1,15/16,1,1,1,0,17
13,3/4,39,1,1,1,1,1,1,branch;full;flag;coherent;coset,exact,1,1,1,1,1,0,0,18
13,3/4,40,1,1,5/8,5/8,5/8,5/8,flag;coherent;coset,exact,1,1,5/8,1,1,1,0,15
13,3/4,41,1,1,1,1,1,1,branch;full;flag;coherent;coset,exact,1,1,1,1,1,0,0,16
13,3/4,42,1,1,1,1,1,1,branch;full;flag;coherent;coset,exact,1,1,1,1,1,0,0,12
13,3/4,43,1,1,1,1,1,1,branch;full;flag;coherent;coset,exact,1,1,1,1,1,0,0,12
13,3/4,44,1,1,9/16,9/16,9/16,9/16,flag;coherent;coset,exact,1,1,9/16,1,1,1,0,21
13,3/4,45,1,1,7/8,7/8,7/8,7/8,flag;coherent;coset,exact,1,1,3/4,1,0,1,0,43
13,3/4,46,1,1,15/16,15/16,15/16,15/16,flag;coherent;coset,exact,1,1,15/16,1,1,1,0,17
13,3/4,47,1,1,1,1,1,1,branch;full;flag;coherent;coset,exact,1,1,1,1,1,0,0,18
13,3/4,48,1,1,3/4,3/4,3/4,3/4,flag;coherent;coset,exact,1,1,3/4,1,1,1,0,17
13,3/4,49,1,1,1,1,1,1,branch;full;flag;coherent;coset,exact,1,1,1,1,1,0,0,18
13,3/4,50,1,1,1,1,1,1,branch;full;flag;coherent;coset,exact,1,1,1,1,1,0,0,14
13,3/4,51,1,1,1,1,1,1,branch;full;flag;coherent;coset,exact,1,1,1,1,1,0,0,14
13,3/4,52,1,1,9/16,9/16,9/16,9/16,flag;coherent;coset,exact,1,1,9/16,1,1,1,0,21
13,3/4,53,1,1,7/8,7/8,7/8,7/8,flag;coherent;coset,exact,1,1,3/4,1,0,1,0,43
13,3/4,54,1,1,15/16,15/16,15/16,15/16,flag;coherent;coset,exact,1,1,15/16,1,1,1,0,17
13,3/4,55,1,1,1,1,1,1,branch;full;flag;coherent;coset,exact,1,1,1,1,1,0,0,18
13,3/4,56,1,1,9/16,9/16,9/16,9/16,flag;coherent;coset,exact,1,1,9/16,1,1,1,0,21
13,3/4,57,1,1,7/8,7/8,7/8,7/8,flag;coherent;coset,exact,1,1,3/4,1,0,1,0,43
13,3/4,58,1,1,15/16,15/16,15/16,15/16,flag;coherent;coset,exact,1,1,15/16,1,1,1,0,17
13,3/4,59,1,1,1,1,1,1,branch;full;flag;coherent;coset,exact,1,1,1,1,1,0,0,18
13,3/4,60,1,1,3/4,3/4,3/4,3/4,flag;coherent;coset,exact,1,1,3/4,1,1,1,0,17
13,3/4,61,1,1,1,1,1,1,branch;full;flag;coherent;coset,exact,1,1,1,1,1,0,0,18
13,3/4,62,1,1,1,1,1,1,branch;full;flag;coherent;coset,exact,1,1,1,1,1,0,0,14
13,3/4,63,1,1,1,1,1,1,branch;full;flag;coherent;coset,exact,1,1,1,1,1,0,0,14
13,1,0,1,1,1,1,1,1,branch;full;flag;coherent;coset,exact,1,1,1,1,1,0,0,10
13,1,1,1,1,1,1,1,1,branch;full;flag;coherent;coset,exact,1,1,1,1,1,0,0,10
13,1,2,1,1,1,1,1,1,branch;full;flag;coherent;coset,exact,1,1,1,1,1,0,0,10
13,1,3,1,1,1,1,1,1,branch;full;flag;coherent;coset,exact,1,1,1,1,1,0,0,10
13,1,4,1,1,1,1,1,1,branch;full;flag;coherent;coset,exact,1,1,1,1,1,0,0,10
13,1,5,1,1,1,1,1,1,branch;full;flag;coherent;coset,exact,1,1,1,1,1,0,0,10
13,1,6,1,1,1,1,1,1,branch;full;flag;coherent;coset,exact,1,1,1,1,1,0,0,10
13,1,7,1,1,1,1,1,1,branch;full;flag;coherent;coset,exact,1,1,1,1,1,0,0,10
13,1,8,1,1,1,1,1,1,branch;full;flag;coherent;coset,exact,1,1,1,1,1,0,0,10
13,1,9,1,1,1,1,1,1,branch;full;flag;coherent;coset,exact,1,1,1,1,1,0,0,10
13,1,10,1,1,1,1,1,1,branch;full;flag;coherent;coset,exact,1,1,1,1,1,0,0,10
13,1,11,1,1,1,1,1,1,branch;full;flag;coherent;coset,exact,1,1,1,1,1,0,0,10
13,1,12,1,1,1,1,1,1,branch;full;flag;coherent;coset,exact,1,1,1,1,1,0,0,10
13,1,13,1,1,1,1,1,1,branch;full;flag;coherent;coset,exact,1,1,1,1,1,0,0,10
13,1,14,1,1,1,1,1,1,branch;full;flag;coherent;coset,exact,1,1,1,1,1,0,0,10
13,1,15,1,1,1,1,1,1,branch;full;flag;coherent;coset,exact,1,1,1,1,1,0,0,10
13,1,16,1,1,1,1,1,1,branch;full;flag;coherent;coset,exact,1,1,1,1,1,0,0,10
13,1,17,1,1,1,1,1,1,branch;full;flag;coherent;coset,exact,1,1,1,1,1,0,0,10
13,1,18,1,1,1,1,1,1,branch;full;flag;coherent;coset,exact,1,1,1,1,1,0,0,10
13,1,19,1,1,1,1,1,1,branch;full;flag;coherent;coset,exact,1,1,1,1,1,0,0,10
13,1,20,1,1,1,1,1,1,branch;full;flag;coherent;coset,exact,1,1,1,1,1,0,0,10
13,1,21,1,1,1,1,1,1,branch;full;flag;coherent;coset,exact,1,1,1,1,1,0,0,10
13,1,22,1,1,1,1,1,1,branch;full;flag;coherent;coset,exact,1,1,1,1,1,0,0,10
13,1,23,1,1,1,1,1,1,branch;full;flag;coherent;coset,exact,1,1,1,1,1,0,0,10
13,1,24,1,1,1,1,1,1,branch;full;flag;coherent;coset,exact,1,1,1,1,1,0,0,10
13,1,25,1,1,1,1,1,1,branch;full;flag;coherent;coset,exact,1,1,1,1,1,0,0,10
13,1,26,1,1,1,1,1,1,branch;full;flag;coherent;coset,exact,1,1,1,1,1,0,0,10
13,1,27,1,1,1,1,1,1,branch;full;flag;coherent;coset,exact,1,1,1,1,1,0,0,10
13,1,28,1,1,1,1,1,1,branch;full;flag;coherent;coset,exact,1,1,1,1,1,0,0,10
13,1,29,1,1,1,1,1,1,branch;full;flag;coherent;coset,exact,1,1,1,1,1,0,0,10
13,1,30,1,1,1,1,1,1,branch;full;flag;coherent;coset,exact,1,1,1,1,1,0,0,10
13,1,31,1,1,1,1,1,1,branch;full;flag;coherent;coset,exact,1,1,1,1,1,0,0,10
13,1,32,1,1,1,1,1,1,branch;full;flag;coherent;coset,exact,1,1,1,1,1,0,0,10
13,1,33,1,1,1,1,1,1,branch;full;flag;coherent;coset,exact,1,1,1,1,1,0,0,10
13,1,34,1,1,1,1,1,1,branch;full;flag;coherent;coset,exact,1,1,1,1,1,0,0,10
13,1,35,1,1,1,1,1,1,branch;full;flag;coherent;coset,exact,1,1,1,1,1,0,0,10
13,1,36,1,1,1,1,1,1,branch;full;flag;coherent;coset,exact,1,1,1,1,1,0,0,10
13,1,37,1,1,1,1,1,1,branch;full;flag;coherent;coset,exact,1,1,1,1,1,0,0,10
13,1,38,1,1,1,1,1,1,branch;full;flag;coherent;coset,exact,1,1,1,1,1,0,0,10
13,1,39,1,1,1,1,1,1,branch;full;flag;coherent;coset,exact,1,1,1,1,1,0,0,10
13,1,40,1,1,1,1,1,1,branch;full;flag;coherent;coset,exact,1,1,1,1,1,0,0,10
13,1,41,1,1,1,1,1,1,branch;full;flag;coherent;coset,exact,1,1,1,1,1,0,0,10
13,1,42,1,1,1,1,1,1,branch;full;flag;coherent;coset,exact,1,1,1,1,1,0,0,10
13,1,43,1,1,1,1,1,1,branch;full;flag;coherent;coset,exact,1,1,1,1,1,0,0,10
13,1,44,1,1,1,1,1,1,branch;full;flag;coherent;coset,exact,1,1,1,1,1,0,0,10
13,1,45,1,1,1,1,1,1,branch;full;flag;coherent;coset,exact,1,1,1,1,1,0,0,10
13,1,46,1,1,1,1,1,1,branch;full;flag;coherent;coset,exact,1,1,1,1,1,0,0,10
13,1,47,1,1,1,1,1,1,branch;full;flag;coherent;coset,exact,1,1,1,1,1,0,0,10
13,1,48,1,1,1,1,1,1,branch;full;flag;coherent;coset,exact,1,1,1,1,1,0,0,10
13,1,49,1,1,1,1,1,1,branch;full;flag;coherent;coset,exact,1,1,1,1,1,0,0,10
13,1,50,1,1,1,1,1,1,branch;full;flag;coherent;coset,exact,1,1,1,1,1,0,0,10
13,1,51,1,1,1,1,1,1,branch;full;flag;coherent;coset,exact,1,1,1,1,1,0,0,10
13,1,52,1,1,1,1,1,1,branch;full;flag;coherent;coset,exact,1,1,1,1,1,0,0,10
13,1,53,1,1,1,1,1,1,branch;full;flag;coherent;coset,exact,1,1,1,1,1,0,0,10
13,1,54,1,1,1,1,1,1,branch;full;flag;coherent;coset,exact,1,1,1,1,1,0,0,10
13,1,55,1,1,1,1,1,1,branch;full;flag;coherent;coset,exact,1,1,1,1,1,0,0,10
13,1,56,1,1,1,1,1,1,branch;full;flag;coherent;coset,exact,1,1,1,1,1,0,0,10
13,1,57,1,1,1,1,1,1,branch;full;flag;coherent;coset,exact,1,1,1,1,1,0,0,10
13,1,58,1,1,1,1,1,1,branch;full;flag;coherent;coset,exact,1,1,1,1,1,0,0,10
13,1,59,1,1,1,1,1,1,branch;full;flag;coherent;coset,exact,1,1,1,1,1,0,0,10
13,1,60,1,1,1,1,1,1,branch;full;flag;coherent;coset,exact,1,1,1,1,1,0,0,10
13,1,61,1,1,1,1,1,1,branch;full;flag;coherent;coset,exact,1,1,1,1,1,0,0,10
13,1,62,1,1,1,1,1,1,branch;full;flag;coherent;coset,exact,1,1,1,1,1,0,0,10
13,1,63,1,1,1,1,1,1,branch;full;flag;coherent;coset,exact,1,1,1,1,1,0,0,10
14,0,0,1,1,1,1,1,1,branch;full;flag;coherent;coset,exact,1,1,1,1,1,0,0,10
14,0,1,1,1,1,1,1,1,branch;full;flag;coherent;coset,exact,1,1,1,1,1,0,0,10
14,0,2,1,1,1,1,1,1,branch;full;flag;coherent;coset,exact,1,1,1,1,1,0,0,10
14,0,3,1,1,1,1,1,1,branch;full;flag;coherent;coset,exact,1,1,1,1,1,0,0,10
14,0,4,1,1,1,1,1,1,branch;full;flag;coherent;coset,exact,1,1,1,1,1,0,0,10
14,0,5,1,1,1,1,1,1,branch;full;flag;coherent;coset,exact,1,1,1,1,1,0,0,10
14,0,6,1,1,1,1,1,1,branch;full;flag;coherent;coset,exact,1,1,1,1,1,0,0,10
14,0,7,1,1,1,1,1,1,branch;full;flag;coherent;coset,exact,1,1,1,1,1,0,0,10
14,0,8,1,1,1,1,1,1,branch;full;flag;coherent;coset,exact,1,1,1,1,1,0,0,10
14,0,9,1,1,1,1,1,1,branch;full;flag;coherent;coset,exact,1,1,1,1,1,0,0,10
14,0,10,1,1,1,1,1,1,branch;full;flag;coherent;coset,exact,1,1,1,1,1,0,0,10
14,0,11,1,1,1,1,1,1,branch;full;flag;coherent;coset,exact,1,1,1,1,1,0,0,10
14,0,12,1,1,1,1,1,1,branch;full;flag;coherent;coset,exact,1,1,1,1,1,0,0,10
14,0,13,1,1,1,1,1,1,branch;full;flag;coherent;coset,exact,1,1,1,1,1,0,0,10
14,0,14,1,1,1,1,1,1,branch;full;flag;coherent;coset,exact,1,1,1,1,1,0,0,10
14,0,15,1,1,1,1,1,1,branch;full;flag;coherent;coset,exact,1,1,1,1,1,0,0,10
14,0,16,1,1,1,1,1,1,branch;full;flag;coherent;coset,exact,1,1,1,1,1,0,0,10
14,0,17,1,1,1,1,1,1,branch;full;flag;coherent;coset,exact,1,1,1,1,1,0,0,10
14,0,18,1,1,1,1,1,1,branch;full;flag;coherent;coset,exact,1,1,1,1,1,0,0,10
14,0,19,1,1,1,1,1,1,branch;full;flag;coherent;coset,exact,1,1,1,1,1,0,0,10
14,0,20,1,1,1,1,1,1,branch;full;flag;coherent;coset,exact,1,1,1,1,1,0,0,10
14,0,21,1,1,1,1,1,1,branch;full;flag;coherent;coset,exact,1,1,1,1,1,0,0,10
14,0,22,1,1,1,1,1,1,branch;full;flag;coherent;coset,exact,1,1,1,1,1,0,0,10
14,0,23,1,1,1,1,1,1,branch;full;flag;coherent;coset,exact,1,1,1,1,1,0,0,10
14,0,24,1,1,1,1,1,1,branch;full;flag;coherent;coset,exact,1,1,1,1,1,0,0,10
14,0,25,1,1,1,1,1,1,branch;full;flag;coherent;coset,exact,1,1,1,1,1,0,0,10
14,0,26,1,1,1,1,1,1,branch;full;flag;coherent;coset,exact,1,1,1,1,1,0,0,10
14,0,27,1,1,1,1,1,1,branch;full;flag;coherent;coset,exact,1,1,1,1,1,0,0,10
14,0,28,1,1,1,1,1,1,branch;full;flag;coherent;coset,exact,1,1,1,1,1,0,0,10
14,0,29,1,1,1,1,1,1,branch;full;flag;coherent;coset,exact,1,1,1,1,1,0,0,10
14,0,30,1,1,1,1,1,1,branch;full;flag;coherent;coset,exact,1,1,1,1,1,0,0,10
14,0,31,1,1,1,1,1,1,branch;full;flag;coherent;coset,exact,1,1,1,1,1,0,0,10
14,0,32,1,1,1,1,1,1,branch;full;flag;coherent;coset,exact,1,1,1,1,1,0,0,10
14,0,33,1,1,1,1,1,1,branch;full;flag;coherent;coset,exact,1,1,1,1,1,0,0,10
14,0,34,1,1,1,1,1,1,branch;full;flag;coherent;coset,exact,1,1,1,1,1,0,0,10
14,0,35,1,1,1,1,1,1,branch;full;flag;coherent;coset,exact,1,1,1,1,1,0,0,10
14,0,36,1,1,1,1,1,1,branch;full;flag;coherent;coset,exact,1,1,1,1,1,0,0,10
14,0,37,1,1,1,1,1,1,branch;full;flag;coherent;coset,exact,1,1,1,1,1,0,0,10
14,0,38,1,1,1,1,1,1,branch;full;flag;coherent;coset,exact,1,1,1,1,1,0,0,10
14,0,39,1,1,1,1,1,1,branch;full;flag;coherent;coset,exact,1,1,1,1,1,0,0,10
14,0,40,1,1,1,1,1,1,branch;full;flag;coherent;coset,exact,1,1,1,1,1,0,0,10
14,0,41,1,1,1,1,1,1,branch;full;flag;coherent;coset,exact,1,1,1,1,1,0,0,10
14,0,42,1,1,1,1,1,1,branch;full;flag;coherent;coset,exact,1,1,1,1,1,0,0,10
14,0,43,1,1,1,1,1,1,branch;full;flag;coherent;coset,exact,1,1,1,1,1,0,0,10
14,0,44,1,1,1,1,1,1,branch;full;flag;coherent;coset,exact,1,1,1,1,1,0,0,10
14,0,45,1,1,1,1,1,1,branch;full;flag;coherent;coset,exact,1,1,1,1,1,0,0,10
14,0,46,1,1,1,1,1,1,branch;full;flag;coherent;coset,exact,1,1,1,1,1,0,0,10
14,0,47,1,1,1,1,1,1,branch;full;flag;coherent;coset,exact,1,1,1,1,1,0,0,10
14,0,48,1,1,1,1,1,1,branch;full;flag;coherent;coset,exact,1,1,1,1,1,0,0,10
14,0,49,1,1,1,1,1,1,branch;full;flag;coherent;coset,exact,1,1,1,1,1,0,0,10
14,0,50,1,1,1,1,1,1,branch;full;flag;coherent;coset,exact,1,1,1,1,1,0,0,10
14,0,51,1,1,1,1,1,1,branch;full;flag;coherent;coset,exact,1,1,1,1,1,0,0,10
14,0,52,1,1,1,1,1,1,branch;full;flag;coherent;coset,exact,1,1,1,1,1,0,0,10
14,0,53,1,1,1,1,1,1,branch;full;flag;coherent;coset,exact,1,1,1,1,1,0,0,10
14,0,54,1,1,1,1,1,1,branch;full;flag;coherent;coset,exact,1,1,1,1,1,0,0,10
14,0,55,1,1,1,1,1,1,branch;full;flag;coherent;coset,exact,1,1,1,1,1,0,0,10
14,0,56,1,1,1,1,1,1,branch;full;flag;coherent;coset,exact,1,1,1,1,1,0,0,10
14,0,57,1,1,1,1,1,1,branch;full;flag;coherent;coset,exact,1,1,1,1,1,0,0,10
14,0,58,1,1,1,1,1,1,branch;full;flag;coherent;coset,exact,1,1,1,1,1,0,0,10
14,0,59,1,1,1,1,1,1,branch;full;flag;coherent;coset,exact,1,1,1,1,1,0,0,10
14,0,60,1,1,1,1,1,1,branch;full;flag;coherent;coset,exact,1,1,1,1,1,0,0,10
14,0,61,1,1,1,1,1,1,branch;full;flag;coherent;coset,exact,1,1,1,1,1,0,0,10
14,0,62,1,1,1,1,1,1,branch;full;flag;coherent;coset,exact,1,1,1,1,1,0,0,10
14,0,63,1,1,1,1,1,1,branch;full;flag;coherent;coset,exact,1,1,1,1,1,0,0,10
14,1/4,0,1,1,1,1,1,1,branch;full;flag;coherent;coset,exact,1,1,1,1,1,0,0,10
14,1/4,1,1,1,1,1,1,1,branch;full;flag;coherent;coset,exact,1,1,1,1,1,0,0,10
14,1/4,2,1,1,1,1,1,1,branch;full;flag;coherent;coset,exact,1,1,1,1,1,0,0,10
14,1/4,3,1,1,1,1,1,1,branch;full;flag;coherent;coset,exact,1,1,1,1,1,0,0,10
14,1/4,4,1,1,5/8,5/8,5/8,5/8,flag;coherent;coset,exact,1,1,5/8,1,1,1,0,15
14,1/4,5,1,1,1,1,1,1,branch;full;flag;coherent;coset,exact,1,1,1,1,1,0,0,16
14,1/4,6,1,1,1,1,1,1,branch;full;flag;coherent;coset,exact,1,1,1,1,1,0,0,12
14,1/4,7,1,1,1,1,1,1,branch;full;flag;coherent;coset,exact,1,1,1,1,1,0,0,12
14,1/4,8,1,1,3/4,3/4,3/4,3/4,flag;coherent;coset,exact,1,1,3/4,1,1,1,0,17
14,1/4,9,1,1,1,1,1,1,branch;full;flag;coherent;coset,exact,1,1,1,1,1,0,0,18
14,1/4,10,1,1,1,1,1,1,branch;full;flag;coherent;coset,exact,1,1,1,1,1,0,0,14
14,1/4,11,1,1,1,1,1,1,branch;full;flag;coherent;coset,exact,1,1,1,1,1,0,0,14
14,1/4,12,1,1,3/4,3/4,3/4,3/4,flag;coherent;coset,exact,1,1,3/4,1,1,1,0,17
14,1/4,13,1,1,1,1,1,1,branch;full;flag;coherent;coset,exact,1,1,1,1,1,0,0,18
14,1/4,14,1,1,1,1,1,1,branch;full;flag;coherent;coset,exact,1,1,1,1,1,0,0,14
14,1/4,15,1,1,1,1,1,1,branch;full;flag;coherent;coset,exact,1,1,1,1,1,0,0,14
14,1/4,16,1,1,5/8,5/8,5/8,5/8,flag;coherent;coset,exact,1,1,5/8,1,1,1,0,15
14,1/4,17,1,1,1,1,1,1,branch;full;flag;coherent;coset,exact,1,1,1,1,1,0,0,16
14,1/4,18,1,1,1,1,1,1,branch;full;flag;coherent;coset,exact,1,1,1,1,1,0,0,12
14,1/4,19,1,1,1,1,1,1,branch;full;flag;coherent;coset,exact,1,1,1,1,1,0,0,12
14,1/4,20,1,1,5/8,5/8,5/8,5/8,flag;coherent;coset,exact,1,1,5/8,1,1,1,0,15
14,1/4,21,1,1,1,1,1,1,branch;full;flag;coherent;coset,exact,1,1,1,1,1,0,0,16
14,1/4,22,1,1,1,1,1,1,branch;full;flag;coherent;coset,exact,1,1,1,1,1,0,0,12
14,1/4,23,1,1,1,1,1,1,branch;full;flag;coherent;coset,exact,1,1,1,1,1,0,0,12
14,1/4,24,1,1,9/16,9/16,9/16,9/16,flag;coherent;coset,exact,1,1,9/16,1,1,1,0,21
14,1/4,25,1,1,7/8,7/8,7/8,7/8,flag;coherent;coset,exact,1,1,3/4,1,0,1,0,43
14,1/4,26,1,1,15/16,15/16,15/16,15/16,flag;coherent;coset,exact,1,1,15/16,1,1,1,0,17
14,1/4,27,1,1,1,1,1,1,branch;full;flag;coherent;coset,exact,1,1,1,1,1,0,0,18
14,1/4,28,1,1,9/16,9/16,9/16,9/16,flag;coherent;coset,exact,1,1,9/16,1,1,1,0,21
14,1/4,29,1,1,7/8,7/8,7/8,7/8,flag;coherent;coset,exact,1,1,3/4,1,0,1,0,43
14,1/4,30,1,1,15/16,15/16,15/16,15/16,flag;coherent;coset,exact,1,1,15/16,1,1,1,0,17
14,1/4,31,1,1,1,1,1,1,branch;full;flag;coherent;coset,exact,1,1,1,1,1,0,0,18
14,1/4,32,1,1,3/4,3/4,3/4,3/4,flag;coherent;coset,exact,1,1,3/4,1,1,1,0,17
14,1/4,33,1,1,1,1,1,1,branch;full;flag;coherent;coset,exact,1,1,1,1,1,0,0,18
14,1/4,34,1,1,1,1,1,1,branch;full;flag;coherent;coset,exact,1,1,1,1,1,0,0,14
14,1/4,35,1,1,1,1,1,1,branch;full;flag;coherent;coset,exact,1,1,1,1,1,0,0,14
14,1/4,36,1,1,9/16,9/16,9/16,9/16,flag;coherent;coset,exact,1,1,9/16,1,1,1,0,21
14,1/4,37,1,1,7/8,7/8,7/8,7/8,flag;coherent;coset,exact,1,1,3/4,1,0,1,0,43
14,1/4,38,1,1,15/16,15/16,15/16,15/16,flag;coherent;coset,exact,1,1,15/16,1,1,1,0,17
14,1/4,39,1,1,1,1,1,1,branch;full;flag;coherent;coset,exact,1,1,1,1,1,0,0,18
14,1/4,40,1,1,3/4,3/4,3/4,3/4,flag;coherent;coset,exact,1,1,3/4,1,1,1,0,17
14,1/4,41,1,1,1,1,1,1,branch;full;flag;coherent;coset,exact,1,1,1,1,1,0,0,18
14,1/4,42,1,1,1,1,1,1,branch;full;flag;coherent;coset,exact,1,1,1,1,1,0,0,14
14,1/4,43,1,1,1,1,1,1,branch;full;flag;coherent;coset,exact,1,1,1,1,1,0,0,14
14,1/4,44,1,1,9/16,9/16,9/16,9/16,flag;coherent;coset,exact,1,1,9/16,1,1,1,0,21
14,1/4,45,1,1,7/8,7/8,7/8,7/8,flag;coherent;coset,exact,1,1,3/4,1,0,1,0,43
14,1/4,46,1,1,15/16,15/16,15/16,15/16,flag;coherent;coset,exact,1,1,15/16,1,1,1,0,17
14,1/4,47,1,1,1,1,1,1,branch;full;flag;coherent;coset,exact,1,1,1,1,1,0,0,18
14,1/4,48,1,1,3/4,3/4,3/4,3/4,flag;coherent;coset,exact,1,1,3/4,1,1,1,0,17
14,1/4,49,1,1,1,1,1,1,branch;full;flag;coherent;coset,exact,1,1,1,1,1,0,0,18
14,1/4,50,1,1,1,1,1,1,branch;full;flag;coherent;coset,exact,1,1,1,1,1,0,0,14
14,1/4,51,1,1,1,1,1,1,branch;full;flag;coherent;coset,exact,1,1,1,1,1,0,0,14
14,1/4,52,1,1,9/16,9/16,9/16,9/16,flag;coherent;coset,exact,1,1,9/16,1,1,1,0,21
14,1/4,53,1,1,7/8,7/8,7/8,7/8,flag;coherent;coset,exact,1,1,3/4,1,0,1,0,43
14,1/4,54,1,1,15/16,15/16,15/16,15/16,flag;coherent;coset,exact,1,1,15/16,1,1,1,0,17
14,1/4,55,1,1,1,1,1,1,branch;full;flag;coherent;coset,exact,1,1,1,1,1,0,0,18
14,1/4,56,1,1,9/16,9/16,9/16,9/16,flag;coherent;coset,exact,1,1,9/16,1,1,1,0,21
14,1/4,57,1,1,7/8,7/8,7/8,7/8,flag;coherent;coset,exact,1,1,3/4,1,0,1,0,43
14,1/4,58,1,1,15/16,15/16,15/16,15/16,flag;coherent;coset,exact,1,1,15/16,1,1,1,0,17
14,1/4,59,1,1,1,1,1,1,branch;full;flag;coherent;coset,exact,1,1,1,1,1,0,0,18
14,1/4,60,1,1,3/4,3/4,3/4,3/4,flag;coherent;coset,exact,1,1,3/4,1,1,1,0,17
14,1/4,61,1,1,1,1,1,1,branch;full;flag;coherent;coset,exact,1,1,1,1,1,0,0,18
14,1/4,62,1,1,1,1,1,1,branch;full;flag;coherent;coset,exact,1,1,1,1,1,0,0,14
14,1/4,63,1,1,1,1,1,1,branch;full;flag;coherent;coset,exact,1,1,1,1,1,0,0,14
14,1/2,0,1,1,1,1,1,1,branch;full;flag;coherent;coset,exact,1,1,1,1,1,0,0,4
14,1/2,1,1,1,1,1,1,1,branch;full;flag;coherent;coset,exact,1,1,1,1,1,0,0,4
14,1/2,2,1,1,1,1,1,1,branch;full;flag;coherent;coset,exact,1,1,1,1,1,0,0,4
14,1/2,3,1,1,1,1,1,1,branch;full;flag;coherent;coset,exact,1,1,1,1,1,0,0,4
14,1/2,4,1,1,1/2,1/2,1/2,1/2,flag;coherent;coset,exact,1,1,1/2,1,1,1,0,5
14,1/2,5,1,1,1,1,1,1,branch;full;flag;coherent;coset,exact,1,1,1,1,1,0,0,6
14,1/2,6,1,1,1,1,1,1,branch;full;flag;coherent;coset,exact,1,1,1,1,1,0,0,5
14,1/2,7,1,1,1,1,1,1,branch;full;flag;coherent;coset,exact,1,1,1,1,1,0,0,5
14,1/2,8,1,1,1/2,1/2,1/2,1/2,flag;coherent;coset,exact,1,1,1/2,1,1,1,0,5
14,1/2,9,1,1,1,1,1,1,branch;full;flag;coherent;coset,exact,1,1,1,1,1,0,0,6
14,1/2,10,1,1,1,1,1,1,branch;full;flag;coherent;coset,exact,1,1,1,1,1,0,0,5
14,1/2,11,1,1,1,1,1,1,branch;full;flag;coherent;coset,exact,1,1,1,1,1,0,0,5
14,1/2,12,1,1,1/2,1/2,1/2,1/2,flag;coherent;coset,exact,1,1,1/2,1,1,1,0,5
14,1/2,13,1,1,1,1,1,1,branch;full;flag;coherent;coset,exact,1,1,1,1,1,0,0,6
14,1/2,14,1,1,1,1,1,1,branch;full;flag;coherent;coset,exact,1,1,1,1,1,0,0,5
14,1/2,15,1,1,1,1,1,1,branch;full;flag;coherent;coset,exact,1,1,1,1,1,0,0,5
14,1/2,16,1,1,1/2,1/2,1/2,1/2,flag;coherent;coset,exact,1,1,1/2,1,1,1,0,5
14,1/2,17,1,1,1,1,1,1,branch;full;flag;coherent;coset,exact,1,1,1,1,1,0,0,6
14,1/2,18,1,1,1,1,1,1,branch;full;flag;coherent;coset,exact,1,1,1,1,1,0,0,5
14,1/2,19,1,1,1,1,1,1,branch;full;flag;coherent;coset,exact,1,1,1,1,1,0,0,5
14,1/2,20,1,1,1/2,1/2,1/2,1/2,flag;coherent;coset,exact,1,1,1/2,1,1,1,0,5
14,1/2,21,1,1,1,1,1,1,branch;full;flag;coherent;coset,exact,1,1,1,1,1,0,0,6
14,1/2,22,1,1,1,1,1,1,branch;full;flag;coherent;coset,exact,1,1,1,1,1,0,0,5
14,1/2,23,1,1,1,1,1,1,branch;full;flag;coherent;coset,exact,1,1,1,1,1,0,0,5
14,1/2,24,1,1,1/4,1/4,1/4,1/4,flag;coherent;coset,exact,1,1,1/4,1,1,1,0,6
14,1/2,25,1,1,1/2,1/2,1/2,1/2,flag;coherent;coset,exact,1,1,1/2,1,1,1,0,12
14,1/2,26,1,1,3/4,3/4,3/4,3/4,flag;coherent;coset,exact,1,1,3/4,1,1,1,0,6
14,1/2,27,1,1,1,1,1,1,branch;full;flag;coherent;coset,exact,1,1,1,1,1,0,0,7
14,1/2,28,1,1,1/4,1/4,1/4,1/4,flag;coherent;coset,exact,1,1,1/4,1,1,1,0,6
14,1/2,29,1,1,1/2,1/2,1/2,1/2,flag;coherent;coset,exact,1,1,1/2,1,1,1,0,12
14,1/2,30,1,1,3/4,3/4,3/4,3/4,flag;coherent;coset,exact,1,1,3/4,1,1,1,0,6
14,1/2,31,1,1,1,1,1,1,branch;full;flag;coherent;coset,exact,1,1,1,1,1,0,0,7
14,1/2,32,1,1,1/2,1/2,1/2,1/2,flag;coherent;coset,exact,1,1,1/2,1,1,1,0,5
14,1/2,33,1,1,1,1,1,1,branch;full;flag;coherent;coset,exact,1,1,1,1,1,0,0,6
14,1/2,34,1,1,1,1,1,1,branch;full;flag;coherent;coset,exact,1,1,1,1,1,0,0,5
14,1/2,35,1,1,1,1,1,1,branch;full;flag;coherent;coset,exact,1,1,1,1,1,0,0,5
14,1/2,36,1,1,1/4,1/4,1/4,1/4,flag;coherent;coset,exact,1,1,1/4,1,1,1,0,6
14,1/2,37,1,1,1/2,1/2,1/2,1/2,flag;coherent;coset,exact,1,1,1/2,1,1,1,0,12
14,1/2,38,1,1,3/4,3/4,3/4,3/4,flag;coherent;coset,exact,1,1,3/4,1,1,1,0,6
14,1/2,39,1,1,1,1,1,1,branch;full;flag;coherent;coset,exact,1,1,1,1,1,0,0,7
14,1/2,40,1,1,1/2,1/2,1/2,1/2,flag;coherent;coset,exact,1,1,1/2,1,1,1,0,5
14,1/2,41,1,1,1,1,1,1,branch;full;flag;coherent;coset,exact,1,1,1,1,1,0,0,6
14,1/2,42,1,1,1,1,1,1,branch;full;flag;coherent;coset,exact,1,1,1,1,1,0,0,5
14,1/2,43,1,1,1,1,1,1,branch;full;flag;coherent;coset,exact,1,1,1,1,1,0,0,5
14,1/2,44,1,1,1/4,1/4,1/4,1/4,flag;coherent;coset,exact,1,1,1/4,1,1,1,0,6
14,1/2,45,1,1,1/2,1/2,1/2,1/2,flag;coherent;coset,exact,1,1,1/2,1,1,1,0,12
14,1/2,46,1,1,3/4,3/4,3/4,3/4,flag;coherent;coset,exact,1,1,3/4,1,1,1,0,6
14,1/2,47,1,1,1,1,1,1,branch;full;flag;coherent;coset,exact,1,1,1,1,1,0,0,7
14,1/2,48,1,1,1/2,1/2,1/2,1/2,flag;coherent;coset,exact,1,1,1/2,1,1,1,0,5
14,1/2,49,1,1,1,1,1,1,branch;full;flag;coherent;coset,exact,1,1,1,1,1,0,0,6
14,1/2,50,1,1,1,1,1,1,branch;full;flag;coherent;coset,exact,1,1,1,1,1,0,0,5
14,1/2,51,1,1,1,1,1,1,branch;full;flag;coherent;coset,exact,1,1,1,1,1,0,0,5
14,1/2,52,1,1,1/4,1/4,1/4,1/4,flag;coherent;coset,exact,1,1,1/4,1,1,1,0,6
14,1/2,53,1,1,1/2,1/2,1/2,1/2,flag;coherent;coset,exact,1,1,1/2,1,1,1,0,12
14,1/2,54,1,1,3/4,3/4,3/4,3/4,flag;coherent;coset,exact,1,1,3/4,1,1,1,0,6
14,1/2,55,1,1,1,1,1,1,branch;full;flag;coherent;coset,exact,1,1,1,1,1,0,0,7
14,1/2,56,1,1,1/4,1/4,1/4,1/4,flag;coherent;coset,exact,1,1,1/4,1,1,1,0,6
14,1/2,57,1,1,1/2,1/2,1/2,1/2,flag;coherent;coset,exact,1,1,1/2,1,1,1,0,12
14,1/2,58,1,1,3/4,3/4,3/4,3/4,flag;coherent;coset,exact,1,1,3/4,1,1,1,0,6
14,1/2,59,1,1,1,1,1,1,branch;full;flag;coherent;coset,exact,1,1,1,1,1,0,0,7
14,1/2,60,1,1,1/2,1/2,1/2,1/2,flag;coherent;coset,exact,1,1,1/2,1,1,1,0,5
14,1/2,61,1,1,1,1,1,1,branch;full;flag;coherent;coset,exact,1,1,1,1,1,0,0,6
14,1/2,62,1,1,1,1,1,1,branch;full;flag;coherent;coset,exact,1,1,1,1,1,0,0,5
14,1/2,63,1,1,1,1,1,1,branch;full;flag;coherent;coset,exact,1,1,1,1,1,0,0,5
14,3/4,0,1,1,1,1,1,1,branch;full;flag;coherent;coset,exact,1,1,1,1,1,0,0,10
14,3/4,1,1,1,1,1,1,1,branch;full;flag;coherent;coset,exact,1,1,1,1,1,0,0,10
14,3/4,2,1,1,1,1,1,1,branch;full;flag;coherent;coset,exact,1,1,1,1,1,0,0,10
14,3/4,3,1,1,1,1,1,1,branch;full;flag;coherent;coset,exact,1,1,1,1,1,0,0,10
14,3/4,4,1,1,5/8,5/8,5/8,5/8,flag;coherent;coset,exact,1,1,5/8,1,1,1,0,15
14,3/4,5,1,1,1,1,1,1,branch;full;flag;coherent;coset,exact,1,1,1,1,1,0,0,16
14,3/4,6,1,1,1,1,1,1,branch;full;flag;coherent;coset,exact,1,1,1,1,1,0,0,12
14,3/4,7,1,1,1,1,1,1,branch;full;flag;coherent;coset,exact,1,1,1,1,1,0,0,12
14,3/4,8,1,1,3/4,3/4,3/4,3/4,flag;coherent;coset,exact,1,1,3/4,1,1,1,0,17
14,3/4,9,1,1,1,1,1,1,branch;full;flag;coherent;coset,exact,1,1,1,1,1,0,0,18
14,3/4,10,1,1,1,1,1,1,branch;full;flag;coherent;coset,exact,1,1,1,1,1,0,0,14
14,3/4,11,1,1,1,1,1,1,branch;full;flag;coherent;coset,exact,1,1,1,1,1,0,0,14
14,3/4,12,1,1,3/4,3/4,3/4,3/4,flag;coherent;coset,exact,1,1,3/4,1,1,1,0,17
14,3/4,13,1,1,1,1,1,1,branch;full;flag;coherent;coset,exact,1,1,1,1,1,0,0,18
14,3/4,14,1,1,1,1,1,1,branch;full;flag;coherent;coset,exact,1,1,1,1,1,0,0,14
14,3/4,15,1,1,1,1,1,1,branch;full;flag;coherent;coset,exact,1,1,1,1,1,0,0,14
14,3/4,16,1,1,5/8,5/8,5/8,5/8,flag;coherent;coset,exact,1,1,5/8,1,1,1,0,15
14,3/4,17,1,1,1,1,1,1,branch;full;flag;coherent;coset,exact,1,1,1,1,1,0,0,16
14,3/4,18,1,1,1,1,1,1,branch;full;flag;coherent;coset,exact,1,1,1,1,1,0,0,12
14,3/4,19,1,1,1,1,1,1,branch;full;flag;coherent;coset,exact,1,1,1,1,1,0,0,12
14,3/4,20,1,1,5/8,5/8,5/8,5/8,flag;coherent;coset,exact,1,1,5/8,1,1,1,0,15
14,3/4,21,1,1,1,1,1,1,branch;full;flag;coherent;coset,exact,1,1,1,1,1,0,0,16
14,3/4,22,1,1,1,1,1,1,branch;full;flag;coherent;coset,exact,1,1,1,1,1,0,0,12
14,3/4,23,1,1,1,1,1,1,branch;full;flag;coherent;coset,exact,1,1,1,1,1,0,0,12
14,3/4,24,1,1,9/16,9/16,9/16,9/16,flag;coherent;coset,exact,1,1,9/16,1,1,1,0,21
14,3/4,25,1,1,7/8,7/8,7/8,7/8,flag;coherent;coset,exact,1,1,3/4,1,0,1,0,43
14,3/4,26,1,1,15/16,15/16,15/16,15/16,flag;coherent;coset,exact,1,1,15/16,1,1,1,0,17
14,3/4,27,1,1,1,1,1,1,branch;full;flag;coherent;coset,exact,1,1,1,1,1,0,0,18
14,3/4,28,1,1,9/16,9/16,9/16,9/16,flag;coherent;coset,exact,1,1,9/16,1,1,1,0,21
14,3/4,29,1,1,7/8,7/8,7/8,7/8,flag;coherent;coset,exact,1,1,3/4,1,0,1,0,43
14,3/4,30,1,1,15/16,15/16,15/16,15/16,flag;coherent;coset,exact,1,1,15/16,1,1,1,0,17
14,3/4,31,1,1,1,1,1,1,branch;full;flag;coherent;coset,exact,1,1,1,1,1,0,0,18
14,3/4,32,1,1,3/4,3/4,3/4,3/4,flag;coherent;coset,exact,1,1,3/4,1,1,1,0,17
14,3/4,33,1,1,1,1,1,1,branch;full;flag;coherent;coset,exact,1,1,1,1,1,0,0,18
14,3/4,34,1,1,1,1,1,1,branch;full;flag;coherent;coset,exact,1,1,1,1,1,0,0,14
14,3/4,35,1,1,1,1,1,1,branch;full;flag;coherent;coset,exact,1,1,1,1,1,0,0,14
14,3/4,36,1,1,9/16,9/16,9/16,9/16,flag;coherent;coset,exact,1,1,9/16,1,1,1,0,21
14,3/4,37,1,1,7/8,7/8,7/8,7/8,flag;coherent;coset,exact,1,1,3/4,1,0,1,0,43
14,3/4,38,1,1,15/16,15/16,15/16,15/16,flag;coherent;coset,exact,1,1,15/16,1,1,1,0,17
14,3/4,39,1,1,1,1,1,1,branch;full;flag;coherent;coset,exact,1,1,1,1,1,0,0,18
14,3/4,40,1,1,3/4,3/4,3/4,3/4,flag;coherent;coset,exact,1,1,3/4,1,1,1,0,17
14,3/4,41,1,1,1,1,1,1,branch;full;flag;coherent;coset,exact,1,1,1,1,1,0,0,18
14,3/4,42,1,1,1,1,1,1,branch;full;flag;coherent;coset,exact,1,1,1,1,1,0,0,14
14,3/4,43,1,1,1,1,1,1,branch;full;flag;coherent;coset,exact,1,1,1,1,1,0,0,14
14,3/4,44,1,1,9/16,9/16,9/16,9/16,flag;coherent;coset,exact,1,1,9/16,1,1,1,0,21
14,3/4,45,1,1,7/8,7/8,7/8,7/8,flag;coherent;coset,exact,1,1,3/4,1,0,1,0,43
14,3/4,46,1,1,15/16,15/16,15/16,15/16,flag;coherent;coset,exact,1,1,15/16,1,1,1,0,17
14,3/4,47,1,1,1,1,1,1,branch;full;flag;coherent;coset,exact,1,1,1,1,1,0,0,18
14,3/4,48,1,1,3/4,3/4,3/4,3/4,flag;coherent;coset,exact,1,1,3/4,1,1,1,0,17
14,3/4,49,1,1,1,1,1,1,branch;full;flag;coherent;coset,exact,1,1,1,1,1,0,0,18
14,3/4,50,1,1,1,1,1,1,branch;full;flag;coherent;coset,exact,1,1,1,1,1,0,0,14
14,3/4,51,1,1,1,1,1,1,branch;full;flag;coherent;coset,exact,1,1,1,1,1,0,0,14
14,3/4,52,1,1,9/16,9/16,9/16,9/16,flag;coherent;coset,exact,1,1,9/16,1,1,1,0,21
14,3/4,53,1,1,7/8,7/8,7/8,7/8,flag;coherent;coset,exact,1,1,3/4,1,0,1,0,43
14,3/4,54,1,1,15/16,15/16,15/16,15/16,flag;coherent;coset,exact,1,1,15/16,1,1,1,0,17
14,3/4,55,1,1,1,1,1,1,branch;full;flag;coherent;coset,exact,1,1,1,1,1,0,0,18
14,3/4,56,1,1,9/16,9/16,9/16,9/16,flag;coherent;coset,exact,1,1,9/16,1,1,1,0,21
14,3/4,57,1,1,7/8,7/8,7/8,7/8,flag;coherent;coset,exact,1,1,3/4,1,0,1,0,43
14,3/4,58,1,1,15/16,15/16,15/16,15/16,flag;coherent;coset,exact,1,1,15/16,1,1,1,0,17
14,3/4,59,1,1,1,1,1,1,branch;full;flag;coherent;coset,exact,1,1,1,1,1,0,0,18
14,3/4,60,1,1,3/4,3/4,3/4,3/4,flag;coherent;coset,exact,1,1,3/4,1,1,1,0,17
14,3/4,61,1,1,1,1,1,1,branch;full;flag;coherent;coset,exact,1,1,1,1,1,0,0,18
14,3/4,62,1,1,1,1,1,1,branch;full;flag;coherent;coset,exact,1,1,1,1,1,0,0,14
14,3/4,63,1,1,1,1,1,1,branch;full;flag;coherent;coset,exact,1,1,1,1,1,0,0,14
14,1,0,1,1,1,1,1,1,branch;full;flag;coherent;coset,exact,1,1,1,1,1,0,0,10
14,1,1,1,1,1,1,1,1,branch;full;flag;coherent;coset,exact,1,1,1,1,1,0,0,10
14,1,2,1,1,1,1,1,1,branch;full;flag;coherent;coset,exact,1,1,1,1,1,0,0,10
14,1,3,1,1,1,1,1,1,branch;full;flag;coherent;coset,exact,1,1,1,1,1,0,0,10
14,1,4,1,1,1,1,1,1,branch;full;flag;coherent;coset,exact,1,1,1,1,1,0,0,10
14,1,5,1,1,1,1,1,1,branch;full;flag;coherent;coset,exact,1,1,1,1,1,0,0,10
14,1,6,1,1,1,1,1,1,branch;full;flag;coherent;coset,exact,1,1,1,1,1,0,0,10
14,1,7,1,1,1,1,1,1,branch;full;flag;coherent;coset,exact,1,1,1,1,1,0,0,10
14,1,8,1,1,1,1,1,1,branch;full;flag;coherent;coset,exact,1,1,1,1,1,0,0,10
14,1,9,1,1,1,1,1,1,branch;full;flag;coherent;coset,exact,1,1,1,1,1,0,0,10
14,1,10,1,1,1,1,1,1,branch;full;flag;coherent;coset,exact,1,1,1,1,1,0,0,10
14,1,11,1,1,1,1,1,1,branch;full;flag;coherent;coset,exact,1,1,1,1,1,0,0,10
14,1,12,1,1,1,1,1,1,branch;full;flag;coherent;coset,exact,1,1,1,1,1,0,0,10
14,1,13,1,1,1,1,1,1,branch;full;flag;coherent;coset,exact,1,1,1,1,1,0,0,10
14,1,14,1,1,1,1,1,1,branch;full;flag;coherent;coset,exact,1,1,1,1,1,0,0,10
14,1,15,1,1,1,1,1,1,branch;full;flag;coherent;coset,exact,1,1,1,1,1,0,0,10
14,1,16,1,1,1,1,1,1,branch;full;flag;coherent;coset,exact,1,1,1,1,1,0,0,10
14,1,17,1,1,1,1,1,1,branch;full;flag;coherent;coset,exact,1,1,1,1,1,0,0,10
14,1,18,1,1,1,1,1,1,branch;full;flag;coherent;coset,exact,1,1,1,1,1,0,0,10
14,1,19,1,1,1,1,1,1,branch;full;flag;coherent;coset,exact,1,1,1,1,1,0,0,10
14,1,20,1,1,1,1,1,1,branch;full;flag;coherent;coset,exact,1,1,1,1,1,0,0,10
14,1,21,1,1,1,1,1,1,branch;full;flag;coherent;coset,exact,1,1,1,1,1,0,0,10
14,1,22,1,1,1,1,1,1,branch;full;flag;coherent;coset,exact,1,1,1,1,1,0,0,10
14,1,23,1,1,1,1,1,1,branch;full;flag;coherent;coset,exact,1,1,1,1,1,0,0,10
14,1,24,1,1,1,1,1,1,branch;full;flag;coherent;coset,exact,1,1,1,1,1,0,0,10
14,1,25,1,1,1,1,1,1,branch;full;flag;coherent;coset,exact,1,1,1,1,1,0,0,10
14,1,26,1,1,1,1,1,1,branch;full;flag;coherent;coset,exact,1,1,1,1,1,0,0,10
14,1,27,1,1,1,1,1,1,branch;full;flag;coherent;coset,exact,1,1,1,1,1,0,0,10
14,1,28,1,1,1,1,1,1,branch;full;flag;coherent;coset,exact,1,1,1,1,1,0,0,10
14,1,29,1,1,1,1,1,1,branch;full;flag;coherent;coset,exact,1,1,1,1,1,0,0,10
14,1,30,1,1,1,1,1,1,branch;full;flag;coherent;coset,exact,1,1,1,1,1,0,0,10
14,1,31,1,1,1,1,1,1,branch;full;flag;coherent;coset,exact,1,1,1,1,1,0,0,10
14,1,32,1,1,1,1,1,1,branch;full;flag;coherent;coset,exact,1,1,1,1,1,0,0,10
14,1,33,1,1,1,1,1,1,branch;full;flag;coherent;coset,exact,1,1,1,1,1,0,0,10
14,1,34,1,1,1,1,1,1,branch;full;flag;coherent;coset,exact,1,1,1,1,1,0,0,10
14,1,35,1,1,1,1,1,1,branch;full;flag;coherent;coset,exact,1,1,1,1,1,0,0,10
14,1,36,1,1,1,1,1,1,branch;full;flag;coherent;coset,exact,1,1,1,1,1,0,0,10
14,1,37,1,1,1,1,1,1,branch;full;flag;coherent;coset,exact,1,1,1,1,1,0,0,10
14,1,38,1,1,1,1,1,1,branch;full;flag;coherent;coset,exact,1,1,1,1,1,0,0,10
14,1,39,1,1,1,1,1,1,branch;full;flag;coherent;coset,exact,1,1,1,1,1,0,0,10
14,1,40,1,1,1,1,1,1,branch;full;flag;coherent;coset,exact,1,1,1,1,1,0,0,10
14,1,41,1,1,1,1,1,1,branch;full;flag;coherent;coset,exact,1,1,1,1,1,0,0,10
14,1,42,1,1,1,1,1,1,branch;full;flag;coherent;coset,exact,1,1,1,1,1,0,0,10
14,1,43,1,1,1,1,1,1,branch;full;flag;coherent;coset,exact,1,1,1,1,1,0,0,10
14,1,44,1,1,1,1,1,1,branch;full;flag;coherent;coset,exact,1,1,1,1,1,0,0,10
14,1,45,1,1,1,1,1,1,branch;full;flag;coherent;coset,exact,1,1,1,1,1,0,0,10
14,1,46,1,1,1,1,1,1,branch;full;flag;coherent;coset,exact,1,1,1,1,1,0,0,10
14,1,47,1,1,1,1,1,1,branch;full;flag;coherent;coset,exact,1,1,1,1,1,0,0,10
14,1,48,1,1,1,1,1,1,branch;full;flag;coherent;coset,exact,1,1,1,1,1,0,0,10
14,1,49,1,1,1,1,1,1,branch;full;flag;coherent;coset,exact,1,1,1,1,1,0,0,10
14,1,50,1,1,1,1,1,1,branch;full;flag;coherent;coset,exact,1,1,1,1,1,0,0,10
14,1,51,1,1,1,1,1,1,branch;full;flag;coherent;coset,exact,1,1,1,1,1,0,0,10
14,1,52,1,1,1,1,1,1,branch;full;flag;coherent;coset,exact,1,1,1,1,1,0,0,10
14,1,53,1,1,1,1,1,1,branch;full;flag;coherent;coset,exact,1,1,1,1,1,0,0,10
14,1,54,1,1,1,1,1,1,branch;full;flag;coherent;coset,exact,1,1,1,1,1,0,0,10
14,1,55,1,1,1,1,1,1,branch;full;flag;coherent;coset,exact,1,1,1,1,1,0,0,10
14,1,56,1,1,1,1,1,1,branch;full;flag;coherent;coset,exact,1,1,1,1,1,0,0,10
14,1,57,1,1,1,1,1,1,branch;full;flag;coherent;coset,exact,1,1,1,1,1,0,0,10
14,1,58,1,1,1,1,1,1,branch;full;flag;coherent;coset,exact,1,1,1,1,1,0,0,10
14,1,59,1,1,1,1,1,1,branch;full;flag;coherent;coset,exact,1,1,1,1,1,0,0,10
14,1,60,1,1,1,1,1,1,branch;full;flag;coherent;coset,exact,1,1,1,1,1,0,0,10
14,1,61,1,1,1,1,1,1,branch;full;flag;coherent;coset,exact,1,1,1,1,1,0,0,10
14,1,62,1,1,1,1,1,1,branch;full;flag;coherent;coset,exact,1,1,1,1,1,0,0,10
14,1,63,1,1,1,1,1,1,branch;full;flag;coherent;coset,exact,1,1,1,1,1,0,0,10
15,0,0,1,1,1,1,1,1,branch;full;flag;coherent;coset,exact,1,1,1,1,1,0,0,7
15,0,1,1,1,1,1,1,1,branch;full;flag;coherent;coset,exact,1,1,1,1,1,0,0,7
15,0,2,1,1,1,1,1,1,branch;full;flag;coherent;coset,exact,1,1,1,1,1,0,0,7
15,0,3,1,1,1,1,1,1,branch;full;flag;coherent;coset,exact,1,1,1,1,1,0,0,7
15,0,4,1/2,1/2,1/2,1/2,1/2,1/2,branch;full;flag;coherent;coset,exact,1,1,1/2,1,1,0,0,11
15,0,5,1,1,1,1,1,1,branch;full;flag;coherent;coset,exact,1,1,1,1,1,0,0,11
15,0,6,1,1,1,1,1,1,branch;full;flag;coherent;coset,exact,1,1,1,1,1,0,0,9
15,0,7,1,1,1,1,1,1,branch;full;flag;coherent;coset,exact,1,1,1,1,1,0,0,9
15,0,8,1/2,1/2,1/2,1/2,1/2,1/2,branch;full;flag;coherent;coset,exact,1,1,1/2,1,1,0,0,11
15,0,9,1,1,1,1,1,1,branch;full;flag;coherent;coset,exact,1,1,1,1,1,0,0,11
15,0,10,1,1,1,1,1,1,branch;full;flag;coherent;coset,exact,1,1,1,1,1,0,0,9
15,0,11,1,1,1,1,1,1,branch;full;flag;coherent;coset,exact,1,1,1,1,1,0,0,9
15,0,12,1,1,1,1,1,1,branch;full;flag;coherent;coset,exact,1,1,1,1,1,0,0,7
15,0,13,1,1,1,1,1,1,branch;full;flag;coherent;coset,exact,1,1,1,1,1,0,0,7
15,0,14,1,1,1,1,1,1,branch;full;flag;coherent;coset,exact,1,1,1,1,1,0,0,7
15,0,15,1,1,1,1,1,1,branch;full;flag;coherent;coset,exact,1,1,1,1,1,0,0,7
15,0,16,1/2,1/2,1/2,1/2,1/2,1/2,branch;full;flag;coherent;coset,exact,1,1,1/2,1,1,0,0,11
15,0,17,1,1,1,1,1,1,branch;full;flag;coherent;coset,exact,1,1,1,1,1,0,0,11
15,0,18,1,1,1,1,1,1,branch;full;flag;coherent;coset,exact,1,1,1,1,1,0,0,9
15,0,19,1,1,1,1,1,1,branch;full;flag;coherent;coset,exact,1,1,1,1,1,0,0,9
15,0,20,1/2,1/2,1/2,1/2,1/2,1/2,branch;full;flag;coherent;coset,exact,1,1,1/2,1,1,0,0,11
15,0,21,1,1,1,1,1,1,branch;full;flag;coherent;coset,exact,1,1,1,1,1,0,0,11
15,0,22,1,1,1,1,1,1,branch;full;flag;coherent;coset,exact,1,1,1,1,1,0,0,9
15,0,23,1,1,1,1,1,1,branch;full;flag;coherent;coset,exact,1,1,1,1,1,0,0,9
15,0,24,1/2,1/2,1/2,1/2,1/2,1/2,branch;full;flag;coherent;coset,exact,1,1,1/2,1,1,0,0,11
15,0,25,1,1,1,1,1,1,branch;full;flag;coherent;coset,exact,1,1,1,1,1,0,0,11
15,0,26,1,1,1,1,1,1,branch;full;flag;coherent;coset,exact,1,1,1,1,1,0,0,9
15,0,27,1,1,1,1,1,1,branch;full;flag;coherent;coset,exact,1,1,1,1,1,0,0,9
15,0,28,1/2,1/2,1/2,1/2,1/2,1/2,branch;full;flag;coherent;coset,exact,1,1,1/2,1,1,0,0,11
15,0,29,1,1,1,1,1,1,branch;full;flag;coherent;coset,exact,1,1,1,1,1,0,0,11
15,0,30,1,1,1,1,1,1,branch;full;flag;coherent;coset,exact,1,1,1,1,1,0,0,9
15,0,31,1,1,1,1,1,1,branch;full;flag;coherent;coset,exact,1,1,1,1,1,0,0,9
15,0,32,1/2,1/2,1/2,1/2,1/2,1/2,branch;full;flag;coherent;coset,exact,1,1,1/2,1,1,0,0,11
15,0,33,1,1,1,1,1,1,branch;full;flag;coherent;coset,exact,1,1,1,1,1,0,0,11
15,0,34,1,1,1,1,1,1,branch;full;flag;coherent;coset,exact,1,1,1,1,1,0,0,9
15,0,35,1,1,1,1,1,1,branch;full;flag;coherent;coset,exact,1,1,1,1,1,0,0,9
15,0,36,1/2,1/2,1/2,1/2,1/2,1/2,branch;full;flag;coherent;coset,exact,1,1,1/2,1,1,0,0,11
15,0,37,1,1,1,1,1,1,branch;full;flag;coherent;coset,exact,1,1,1,1,1,0,0,11
15,0,38,1,1,1,1,1,1,branch;full;flag;coherent;coset,exact,1,1,1,1,1,0,0,9
15,0,39,1,1,1,1,1,1,branch;full;flag;coherent;coset,exact,1,1,1,1,1,0,0,9
15,0,40,1/2,1/2,1/2,1/2,1/2,1/2,branch;full;flag;coherent;coset,exact,1,1,1/2,1,1,0,0,11
15,0,41,1,1,1,1,1,1,branch;full;flag;coherent;coset,exact,1,1,1,1,1,0,0,11
15,0,42,1,1,1,1,1,1,branch;full;flag;coherent;coset,exact,1,1,1,1,1,0,0,9
15,0,43,1,1,1,1,1,1,branch;full;flag;coherent;coset,exact,1,1,1,1,1,0,0,9
15,0,44,1/2,1/2,1/2,1/2,1/2,1/2,branch;full;flag;coherent;coset,exact,1,1,1/2,1,1,0,0,11
15,0,45,1,1,1,1,1,1,branch;full;flag;coherent;coset,exact,1,1,1,1,1,0,0,11
15,0,46,1,1,1,1,1,1,branch;full;flag;coherent;coset,exact,1,1,1,1,1,0,0,9
15,0,47,1,1,1,1,1,1,branch;full;flag;coherent;coset,exact,1,1,1,1,1,0,0,9
15,0,48,1,1,1,1,1,1,branch;full;flag;coherent;coset,exact,1,1,1,1,1,0,0,7
15,0,49,1,1,1,1,1,1,branch;full;flag;coherent;coset,exact,1,1,1,1,1,0,0,7
15,0,50,1,1,1,1,1,1,branch;full;flag;coherent;coset,exact,1,1,1,1,1,0,0,7
15,0,51,1,1,1,1,1,1,branch;full;flag;coherent;coset,exact,1,1,1,1,1,0,0,7
15,0,52,1/2,1/2,1/2,1/2,1/2,1/2,branch;full;flag;coherent;coset,exact,1,1,1/2,1,1,0,0,11
15,0,53,1,1,1,1,1,1,branch;full;flag;coherent;coset,exact,1,1,1,1,1,0,0,11
15,0,54,1,1,1,1,1,1,branch;full;flag;coherent;coset,exact,1,1,1,1,1,0,0,9
15,0,55,1,1,1,1,1,1,branch;full;flag;coherent;coset,exact,1,1,1,1,1,0,0,9
15,0,56,1/2,1/2,1/2,1/2,1/2,1/2,branch;full;flag;coherent;coset,exact,1,1,1/2,1,1,0,0,11
15,0,57,1,1,1,1,1,1,branch;full;flag;coherent;coset,exact,1,1,1,1,1,0,0,11
15,0,58,1,1,1,1,1,1,branch;full;flag;coherent;coset,exact,1,1,1,1,1,0,0,9
15,0,59,1,1,1,1,1,1,branch;full;flag;coherent;coset,exact,1,1,1,1,1,0,0,9
15,0,60,1,1,1,1,1,1,branch;full;flag;coherent;coset,exact,1,1,1,1,1,0,0,7
15,0,61,1,1,1,1,1,1,branch;full;flag;coherent;coset,exact,1,1,1,1,1,0,0,7
15,0,62,1,1,1,1,1,1,branch;full;flag;coherent;coset,exact,1,1,1,1,1,0,0,7
15,0,63,1,1,1,1,1,1,branch;full;flag;coherent;coset,exact,1,1,1,1,1,0,0,7
15,1/4,0,1,1,1,1,1,1,branch;full;flag;coherent;coset,exact,1,1,1,1,1,0,0,8
15,1/4,1,1,1,1,1,1,1,branch;full;flag;coherent;coset,exact,1,1,1,1,1,0,0,8
15,1/4,2,1,1,1,1,1,1,branch;full;flag;coherent;coset,exact,1,1,1,1,1,0,0,8
15,1/4,3,1,1,1,1,1,1,branch;full;flag;coherent;coset,exact,1,1,1,1,1,0,0,8
15,1/4,4,1/2,1/2,1/2,1/2,1/2,1/2,branch;full;flag;coherent;coset,exact,1,1,1/2,1,1,0,0,13
15,1/4,5,1,1,1,1,1,1,branch;full;flag;coherent;coset,exact,1,1,1,1,1,0,0,14
15,1/4,6,1,1,1,1,1,1,branch;full;flag;coherent;coset,exact,1,1,1,1,1,0,0,11
15,1/4,7,1,1,1,1,1,1,branch;full;flag;coherent;coset,exact,1,1,1,1,1,0,0,11
15,1/4,8,1/2,1/2,1/2,1/2,1/2,1/2,branch;full;flag;coherent;coset,exact,1,1,1/2,1,1,0,0,13
15,1/4,9,1,1,1,1,1,1,branch;full;flag;coherent;coset,exact,1,1,1,1,1,0,0,14
15,1/4,10,1,1,1,1,1,1,branch;full;flag;coherent;coset,exact,1,1,1,1,1,0,0,11
15,1/4,11,1,1,1,1,1,1,branch;full;flag;coherent;coset,exact,1,1,1,1,1,0,0,11
15,1/4,12,1,1,7/8,7/8,7/8,7/8,flag;coherent;coset,exact,1,1,3/4,1,0,1,0,13
15,1/4,13,1,1,1,1,1,1,branch;full;flag;coherent;coset,exact,1,1,1,1,1,0,0,14
15,1/4,14,1,1,1,1,1,1,branch;full;flag;coherent;coset,exact,1,1,1,1,1,0,0,11
15,1/4,15,1,1,1,1,1,1,branch;full;flag;coherent;coset,exact,1,1,1,1,1,0,0,11
15,1/4,16,1/2,1/2,1/2,1/2,1/2,1/2,branch;full;flag;coherent;coset,exact,1,1,1/2,1,1,0,0,13
15,1/4,17,1,1,1,1,1,1,branch;full;flag;coherent;coset,exact,1,1,1,1,1,0,0,14
15,1/4,18,1,1,1,1,1,1,branch;full;flag;coherent;coset,exact,1,1,1,1,1,0,0,11
15,1/4,19,1,1,1,1,1,1,branch;full;flag;coherent;coset,exact,1,1,1,1,1,0,0,11
15,1/4,20,1/2,1/2,1/2,1/2,1/2,1/2,branch;full;flag;coherent;coset,exact,1,1,1/2,1,1,0,0,13
15,1/4,21,1,1,1,1,1,1,branch;full;flag;coherent;coset,exact,1,1,1,1,1,0,0,14
15,1/4,22,1,1,1,1,1,1,branch;full;flag;coherent;coset,exact,1,1,1,1,1,0,0,11
15,1/4,23,1,1,1,1,1,1,branch;full;flag;coherent;coset,exact,1,1,1,1,1,0,0,11
15,1/4,24,1/2,1/2,7/16,7/16,7/16,7/16,flag;coherent;coset,exact,1,1,3/8,1,0,1,0,16
15,1/4,25,1,1,7/8,7/8,7/8,7/8,flag;coherent;coset,exact,1,1,3/4,1,0,1,0,34
15,1/4,26,1,1,15/16,15/16,15/16,15/16,flag;coherent;coset,exact,1,1,7/8,1,0,1,0,16
15,1/4,27,1,1,1,1,1,1,branch;full;flag;coherent;coset,exact,1,1,1,1,1,0,0,17
15,1/4,28,1/2,1/2,7/16,7/16,7/16,7/16,flag;coherent;coset,exact,1,1,3/8,1,0,1,0,16
15,1/4,29,1,1,7/8,7/8,7/8,7/8,flag;coherent;coset,exact,1,1,3/4,1,0,1,0,34
15,1/4,30,1,1,15/16,15/16,15/16,15/16,flag;coherent;coset,exact,1,1,7/8,1,0,1,0,16
15,1/4,31,1,1,1,1,1,1,branch;full;flag;coherent;coset,exact,1,1,1,1,1,0,0,17
15,1/4,32,1/2,1/2,1/2,1/2,1/2,1/2,branch;full;flag;coherent;coset,exact,1,1,1/2,1,1,0,0,13
15,1/4,33,1,1,1,1,1,1,branch;full;flag;coherent;coset,exact,1,1,1,1,1,0,0,14
15,1/4,34,1,1,1,1,1,1,branch;full;flag;coherent;coset,exact,1,1,1,1,1,0,0,11
15,1/4,35,1,1,1,1,1,1,branch;full;flag;coherent;coset,exact,1,1,1,1,1,0,0,11
15,1/4,36,1/2,1/2,7/16,7/16,7/16,7/16,flag;coherent;coset,exact,1,1,3/8,1,0,1,0,16
15,1/4,37,1,1,7/8,7/8,7/8,7/8,flag;coherent;coset,exact,1,1,3/4,1,0,1,0,34
15,1/4,38,1,1,15/16,15/16,15/16,15/16,flag;coherent;coset,exact,1,1,7/8,1,0,1,0,16
15,1/4,39,1,1,1,1,1,1,branch;full;flag;coherent;coset,exact,1,1,1,1,1,0,0,17
15,1/4,40,1/2,1/2,1/2,1/2,1/2,1/2,branch;full;flag;coherent;coset,exact,1,1,1/2,1,1,0,0,13
15,1/4,41,1,1,1,1,1,1,branch;full;flag;coherent;coset,exact,1,1,1,1,1,0,0,14
15,1/4,42,1,1,1,1,1,1,branch;full;flag;coherent;coset,exact,1,1,1,1,1,0,0,11
15,1/4,43,1,1,1,1,1,1,branch;full;flag;coherent;coset,exact,1,1,1,1,1,0,0,11
15,1/4,44,1/2,1/2,7/16,7/16,7/16,7/16,flag;coherent;coset,exact,1,1,3/8,1,0,1,0,16
15,1/4,45,1,1,7/8,7/8,7/8,7/8,flag;coherent;coset,exact,1,1,3/4,1,0,1,0,34
15,1/4,46,1,1,15/16,15/16,15/16,15/16,flag;coherent;coset,exact,1,1,7/8,1,0,1,0,16
15,1/4,47,1,1,1,1,1,1,branch;full;flag;coherent;coset,exact,1,1,1,1,1,0,0,17
15,1/4,48,1,1,7/8,7/8,7/8,7/8,flag;coherent;coset,exact,1,1,3/4,1,0,1,0,13
15,1/4,49,1,1,1,1,1,1,branch;full;flag;coherent;coset,exact,1,1,1,1,1,0,0,14
15,1/4,50,1,1,1,1,1,1,branch;full;flag;coherent;coset,exact,1,1,1,1,1,0,0,11
15,1/4,51,1,1,1,1,1,1,branch;full;flag;coherent;coset,exact,1,1,1,1,1,0,0,11
15,1/4,52,1/2,1/2,7/16,7/16,7/16,7/16,flag;coherent;coset,exact,1,1,3/8,1,0,1,0,16
15,1/4,53,1,1,7/8,7/8,7/8,7/8,flag;coherent;coset,exact,1,1,3/4,1,0,1,0,34
15,1/4,54,1,1,15/16,15/16,15/16,15/16,flag;coherent;coset,exact,1,1,7/8,1,0,1,0,16
15,1/4,55,1,1,1,1,1,1,branch;full;flag;coherent;coset,exact,1,1,1,1,1,0,0,17
15,1/4,56,1/2,1/2,7/16,7/16,7/16,7/16,flag;coherent;coset,exact,1,1,3/8,1,0,1,0,16
15,1/4,57,1,1,7/8,7/8,7/8,7/8,flag;coherent;coset,exact,1,1,3/4,1,0,1,0,34
15,1/4,58,1,1,15/16,15/16,15/16,15/16,flag;coherent;coset,exact,1,1,7/8,1,0,1,0,16
15,1/4,59,1,1,1,1,1,1,branch;full;flag;coherent;coset,exact,1,1,1,1,1,0,0,17
15,1/4,60,1,1,7/8,7/8,7/8,7/8,flag;coherent;coset,exact,1,1,3/4,1,0,1,0,13
15,1/4,61,1,1,1,1,1,1,branch;full;flag;coherent;coset,exact,1,1,1,1,1,0,0,14
15,1/4,62,1,1,1,1,1,1,branch;full;flag;coherent;coset,exact,1,1,1,1,1,0,0,11
15,1/4,63,1,1,1,1,1,1,branch;full;flag;coherent;coset,exact,1,1,1,1,1,0,0,11
15,1/2,0,1,1,1,1,1,1,branch;full;flag;coherent;coset,exact,1,1,1,1,1,0,0,4
15,1/2,1,1,1,1,1,1,1,branch;full;flag;coherent;coset,exact,1,1,1,1,1,0,0,4
15,1/2,2,1,1,1,1,1,1,branch;full;flag;coherent;coset,exact,1,1,1,1,1,0,0,4
15,1/2,3,1,1,1,1,1,1,branch;full;flag;coherent;coset,exact,1,1,1,1,1,0,0,4
15,1/2,4,1/2,1/2,1/2,1/2,1/2,1/2,branch;full;flag;coherent;coset,exact,1,1,1/2,1,1,0,0,5
15,1/2,5,1,1,1,1,1,1,branch;full;flag;coherent;coset,exact,1,1,1,1,1,0,0,6
15,1/2,6,1,1,1,1,1,1,branch;full;flag;coherent;coset,exact,1,1,1,1,1,0,0,5
15,1/2,7,1,1,1,1,1,1,branch;full;flag;coherent;coset,exact,1,1,1,1,1,0,0,5
15,1/2,8,1/2,1/2,1/2,1/2,1/2,1/2,branch;full;flag;coherent;coset,exact,1,1,1/2,1,1,0,0,5
15,1/2,9,1,1,1,1,1,1,branch;full;flag;coherent;coset,exact,1,1,1,1,1,0,0,6
15,1/2,10,1,1,1,1,1,1,branch;full;flag;coherent;coset,exact,1,1,1,1,1,0,0,5
15,1/2,11,1,1,1,1,1,1,branch;full;flag;coherent;coset,exact,1,1,1,1,1,0,0,5
15,1/2,12,1,1,1/2,1/2,1/2,1/2,flag;coherent;coset,exact,1,1,1/2,1,1,1,0,5
15,1/2,13,1,1,1,1,1,1,branch;full;flag;coherent;coset,exact,1,1,1,1,1,0,0,6
15,1/2,14,1,1,1,1,1,1,branch;full;flag;coherent;coset,exact,1,1,1,1,1,0,0,5
15,1/2,15,1,1,1,1,1,1,branch;full;flag;coherent;coset,exact,1,1,1,1,1,0,0,5
15,1/2,16,1/2,1/2,1/2,1/2,1/2,1/2,branch;full;flag;coherent;coset,exact,1,1,1/2,1,1,0,0,5
15,1/2,17,1,1,1,1,1,1,branch;full;flag;coherent;coset,exact,1,1,1,1,1,0,0,6
15,1/2,18,1,1,1,1,1,1,branch;full;flag;coherent;coset,exact,1,1,1,1,1,0,0,5
15,1/2,19,1,1,1,1,1,1,branch;full;flag;coherent;coset,exact,1,1,1,1,1,0,0,5
15,1/2,20,1/2,1/2,1/2,1/2,1/2,1/2,branch;full;flag;coherent;coset,exact,1,1,1/2,1,1,0,0,5
15,1/2,21,1,1,1,1,1,1,branch;full;flag;coherent;coset,exact,1,1,1,1,1,0,0,6
15,1/2,22,1,1,1,1,1,1,branch;full;flag;coherent;coset,exact,1,1,1,1,1,0,0,5
15,1/2,23,1,1,1,1,1,1,branch;full;flag;coherent;coset,exact,1,1,1,1,1,0,0,5
15,1/2,24,1/2,1/2,1/4,1/4,1/4,1/4,flag;coherent;coset,exact,1,1,1/4,1,1,1,0,6
15,1/2,25,1,1,1/2,1/2,1/2,1/2,flag;coherent;coset,exact,1,1,1/2,1,1,1,0,12
15,1/2,26,1,1,3/4,3/4,3/4,3/4,flag;coherent;coset,exact,1,1,3/4,1,1,1,0,6
15,1/2,27,1,1,1,1,1,1,branch;full;flag;coherent;coset,exact,1,1,1,1,1,0,0,7
15,1/2,28,1/2,1/2,1/4,1/4,1/4,1/4,flag;coherent;coset,exact,1,1,1/4,1,1,1,0,6
15,1/2,29,1,1,1/2,1/2,1/2,1/2,flag;coherent;coset,exact,1,1,1/2,1,1,1,0,12
15,1/2,30,1,1,3/4,3/4,3/4,3/4,flag;coherent;coset,exact,1,1,3/4,1,1,1,0,6
15,1/2,31,1,1,1,1,1,1,branch;full;flag;coherent;coset,exact,1,1,1,1,1,0,0,7
15,1/2,32,1/2,1/2,1/2,1/2,1/2,1/2,branch;full;flag;coherent;coset,exact,1,1,1/2,1,1,0,0,5
15,1/2,33,1,1,1,1,1,1,branch;full;flag;coherent;coset,exact,1,1,1,1,1,0,0,6
15,1/2,34,1,1,1,1,1,1,branch;full;flag;coherent;coset,exact,1,1,1,1,1,0,0,5
15,1/2,35,1,1,1,1,1,1,branch;full;flag;coherent;coset,exact,1,1,1,1,1,0,0,5
15,1/2,36,1/2,1/2,1/4,1/4,1/4,1/4,flag;coherent;coset,exact,1,1,1/4,1,1,1,0,6
15,1/2,37,1,1,1/2,1/2,1/2,1/2,flag;coherent;coset,exact,1,1,1/2,1,1,1,0,12
15,1/2,38,1,1,3/4,3/4,3/4,3/4,flag;coherent;coset,exact,1,1,3/4,1,1,1,0,6
15,1/2,39,1,1,1,1,1,1,branch;full;flag;coherent;coset,exact,1,1,1,1,1,0,0,7
15,1/2,40,1/2,1/2,1/2,1/2,1/2,1/2,branch;full;flag;coherent;coset,exact,1,1,1/2,1,1,0,0,5
15,1/2,41,1,1,1,1,1,1,branch;full;flag;coherent;coset,exact,1,1,1,1,1,0,0,6
15,1/2,42,1,1,1,1,1,1,branch;full;flag;coherent;coset,exact,1,1,1,1,1,0,0,5
15,1/2,43,1,1,1,1,1,1,branch;full;flag;coherent;coset,exact,1,1,1,1,1,0,0,5
15,1/2,44,1/2,1/2,1/4,1/4,1/4,1/4,flag;coherent;coset,exact,1,1,1/4,1,1,1,0,6
15,1/2,45,1,1,1/2,1/2,1/2,1/2,flag;coherent;coset,exact,1,1,1/2,1,1,1,0,12
15,1/2,46,1,1,3/4,3/4,3/4,3/4,flag;coherent;coset,exact,1,1,3/4,1,1,1,0,6
15,1/2,47,1,1,1,1,1,1,branch;full;flag;coherent;coset,exact,1,1,1,1,1,0,0,7
15,1/2,48,1,1,1/2,1/2,1/2,1/2,flag;coherent;coset,exact,1,1,1/2,1,1,1,0,5
15,1/2,49,1,1,1,1,1,1,branch;full;flag;coherent;coset,exact,1,1,1,1,1,0,0,6
15,1/2,50,1,1,1,1,1,1,branch;full;flag;coherent;coset,exact,1,1,1,1,1,0,0,5
15,1/2,51,1,1,1,1,1,1,branch;full;flag;coherent;coset,exact,1,1,1,1,1,0,0,5
15,1/2,52,1/2,1/2,1/4,1/4,1/4,1/4,flag;coherent;coset,exact,1,1,1/4,1,1,1,0,6
15,1/2,53,1,1,1/2,1/2,1/2,1/2,flag;coherent;coset,exact,1,1,1/2,1,1,1,0,12
15,1/2,54,1,1,3/4,3/4,3/4,3/4,flag;coherent;coset,exact,1,1,3/4,1,1,1,0,6
15,1/2,55,1,1,1,1,1,1,branch;full;flag;coherent;coset,exact,1,1,1,1,1,0,0,7
15,1/2,56,1/2,1/2,1/4,1/4,1/4,1/4,flag;coherent;coset,exact,1,1,1/4,1,1,1,0,6
15,1/2,57,1,1,1/2,1/2,1/2,1/2,flag;coherent;coset,exact,1,1,1/2,1,1,1,0,12
15,1/2,58,1,1,3/4,3/4,3/4,3/4,flag;coherent;coset,exact,1,1,3/4,1,1,1,0,6
15,1/2,59,1,1,1,1,1,1,branch;full;flag;coherent;coset,exact,1,1,1,1,1,0,0,7
15,1/2,60,1,1,1/2,1/2,1/2,1/2,flag;coherent;coset,exact,1,1,1/2,1,1,1,0,5
15,1/2,61,1,1,1,1,1,1,branch;full;flag;coherent;coset,exact,1,1,1,1,1,0,0,6
15,1/2,62,1,1,1,1,1,1,branch;full;flag;coherent;coset,exact,1,1,1,1,1,0,0,5
15,1/2,63,1,1,1,1,1,1,branch;full;flag;coherent;coset,exact,1,1,1,1,1,0,0,5
15,3/4,0,1,1,1,1,1,1,branch;full;flag;coherent;coset,exact,1,1,1,1,1,0,0,8
15,3/4,1,1,1,1,1,1,1,branch;full;flag;coherent;coset,exact,1,1,1,1,1,0,0,8
15,3/4,2,1,1,1,1,1,1,branch;full;flag;coherent;coset,exact,1,1,1,1,1,0,0,8
15,3/4,3,1,1,1,1,1,1,branch;full;flag;coherent;coset,exact,1,1,1,1,1,0,0,8
15,3/4,4,1/2,1/2,1/2,1/2,1/2,1/2,branch;full;flag;coherent;coset,exact,1,1,1/2,1,1,0,0,13
15,3/4,5,1,1,1,1,1,1,branch;full;flag;coherent;coset,exact,1,1,1,1,1,0,0,14
15,3/4,6,1,1,1,1,1,1,branch;full;flag;coherent;coset,exact,1,1,1,1,1,0,0,11
15,3/4,7,1,1,1,1,1,1,branch;full;flag;coherent;coset,exact,1,1,1,1,1,0,0,11
15,3/4,8,1/2,1/2,1/2,1/2,1/2,1/2,branch;full;flag;coherent;coset,exact,1,1,1/2,1,1,0,0,13
15,3/4,9,1,1,1,1,1,1,branch;full;flag;coherent;coset,exact,1,1,1,1,1,0,0,14
15,3/4,10,1,1,1,1,1,1,branch;full;flag;coherent;coset,exact,1,1,1,1,1,0,0,11
15,3/4,11,1,1,1,1,1,1,branch;full;flag;coherent;coset,exact,1,1,1,1,1,0,0,11
15,3/4,12,1,1,7/8,7/8,7/8,7/8,flag;coherent;coset,exact,1,1,3/4,1,0,1,0,13
15,3/4,13,1,1,1,1,1,1,branch;full;flag;coherent;coset,exact,1,1,1,1,1,0,0,14
15,3/4,14,1,1,1,1,1,1,branch;full;flag;coherent;coset,exact,1,1,1,1,1,0,0,11
15,3/4,15,1,1,1,1,1,1,branch;full;flag;coherent;coset,exact,1,1,1,1,1,0,0,11
15,3/4,16,1/2,1/2,1/2,1/2,1/2,1/2,branch;full;flag;coherent;coset,exact,1,1,1/2,1,1,0,0,13
15,3/4,17,1,1,1,1,1,1,branch;full;flag;coherent;coset,exact,1,1,1,1,1,0,0,14
15,3/4,18,1,1,1,1,1,1,branch;full;flag;coherent;coset,exact,1,1,1,1,1,0,0,11
15,3/4,19,1,1,1,1,1,1,branch;full;flag;coherent;coset,exact,1,1,1,1,1,0,0,11
15,3/4,20,1/2,1/2,1/2,1/2,1/2,1/2,branch;full;flag;coherent;coset,exact,1,1,1/2,1,1,0,0,13
15,3/4,21,1,1,1,1,1,1,branch;full;flag;coherent;coset,exact,1,1,1,1,1,0,0,14
15,3/4,22,1,1,1,1,1,1,branch;full;flag;coherent;coset,exact,1,1,1,1,1,0,0,11
15,3/4,23,1,1,1,1,1,1,branch;full;flag;coherent;coset,exact,1,1,1,1,1,0,0,11
15,3/4,24,1/2,1/2,7/16,7/16,7/16,7/16,flag;coherent;coset,exact,1,1,3/8,1,0,1,0,16
15,3/4,25,1,1,7/8,7/8,7/8,7/8,flag;coherent;coset,exact,1,1,3/4,1,0,1,0,34
15,3/4,26,1,1,15/16,15/16,15/16,15/16,flag;coherent;coset,exact,1,1,7/8,1,0,1,0,16
15,3/4,27,1,1,1,1,1,1,branch;full;flag;coherent;coset,exact,1,1,1,1,1,0,0,17
15,3/4,28,1/2,1/2,7/16,7/16,7/16,7/16,flag;coherent;coset,exact,1,1,3/8,1,0,1,0,16
15,3/4,29,1,1,7/8,7/8,7/8,7/8,flag;coherent;coset,exact,1,1,3/4,1,0,1,0,34
15,3/4,30,1,1,15/16,15/16,15/16,15/16,flag;coherent;coset,exact,1,1,7/8,1,0,1,0,16
15,3/4,31,1,1,1,1,1,1,branch;full;flag;coherent;coset,exact,1,1,1,1,1,0,0,17
15,3/4,32,1/2,1/2,1/2,1/2,1/2,1/2,branch;full;flag;coherent;coset,exact,1,1,1/2,1,1,0,0,13
15,3/4,33,1,1,1,1,1,1,branch;full;flag;coherent;coset,exact,1,1,1,1,1,0,0,14
15,3/4,34,1,1,1,1,1,1,branch;full;flag;coherent;coset,exact,1,1,1,1,1,0,0,11
15,3/4,35,1,1,1,1,1,1,branch;full;flag;coherent;coset,exact,1,1,1,1,1,0,0,11
15,3/4,36,1/2,1/2,7/16,7/16,7/16,7/16,flag;coherent;coset,exact,1,1,3/8,1,0,1,0,16
15,3/4,37,1,1,7/8,7/8,7/8,7/8,flag;coherent;coset,exact,1,1,3/4,1,0,1,0,34
15,3/4,38,1,1,15/16,15/16,15/16,15/16,flag;coherent;coset,exact,1,1,7/8,1,0,1,0,16
15,3/4,39,1,1,1,1,1,1,branch;full;flag;coherent;coset,exact,1,1,1,1,1,0,0,17
15,3/4,40,1/2,1/2,1/2,1/2,1/2,1/2,branch;full;flag;coherent;coset,exact,1,1,1/2,1,1,0,0,13
15,3/4,41,1,1,1,1,1,1,branch;full;flag;coherent;coset,exact,1,1,1,1,1,0,0,14
15,3/4,42,1,1,1,1,1,1,branch;full;flag;coherent;coset,exact,1,1,1,1,1,0,0,11
15,3/4,43,1,1,1,1,1,1,branch;full;flag;coherent;coset,exact,1,1,1,1,1,0,0,11
15,3/4,44,1/2,1/2,7/16,7/16,7/16,7/16,flag;coherent;coset,exact,1,1,3/8,1,0,1,0,16
15,3/4,45,1,1,7/8,7/8,7/8,7/8,flag;coherent;coset,exact,1,1,3/4,1,0,1,0,34
15,3/4,46,1,1,15/16,15/16,15/16,15/16,flag;coherent;coset,exact,1,1,7/8,1,0,1,0,16
15,3/4,47,1,1,1,1,1,1,branch;full;flag;coherent;coset,exact,1,1,1,1,1,0,0,17
15,3/4,48,1,1,7/8,7/8,7/8,7/8,flag;coherent;coset,exact,1,1,3/4,1,0,1,0,13
15,3/4,49,1,1,1,1,1,1,branch;full;flag;coherent;coset,exact,1,1,1,1,1,0,0,14
15,3/4,50,1,1,1,1,1,1,branch;full;flag;coherent;coset,exact,1,1,1,1,1,0,0,11
15,3/4,51,1,1,1,1,1,1,branch;full;flag;coherent;coset,exact,1,1,1,1,1,0,0,11
15,3/4,52,1/2,1/2,7/16,7/16,7/16,7/16,flag;coherent;coset,exact,1,1,3/8,1,0,1,0,16
15,3/4,53,1,1,7/8,7/8,7/8,7/8,flag;coherent;coset,exact,1,1,3/4,1,0,1,0,34
15,3/4,54,1,1,15/16,15/16,15/16,15/16,flag;coherent;coset,exact,1,1,7/8,1,0,1,0,16
15,3/4,55,1,1,1,1,1,1,branch;full;flag;coherent;coset,exact,1,1,1,1,1,0,0,17
15,3/4,56,1/2,1/2,7/16,7/16,7/16,7/16,flag;coherent;coset,exact,1,1,3/8,1,0,1,0,16
15,3/4,57,1,1,7/8,7/8,7/8,7/8,flag;coherent;coset,exact,1,1,3/4,1,0,1,0,34
15,3/4,58,1,1,15/16,15/16,15/16,15/16,flag;coherent;coset,exact,1,1,7/8,1,0,1,0,16
15,3/4,59,1,1,1,1,1,1,branch;full;flag;coherent;coset,exact,1,1,1,1,1,0,0,17
15,3/4,60,1,1,7/8,7/8,7/8,7/8,flag;coherent;coset,exact,1,1,3/4,1,0,1,0,13
15,3/4,61,1,1,1,1,1,1,branch;full;flag;coherent;coset,exact,1,1,1,1,1,0,0,14
15,3/4,62,1,1,1,1,1,1,branch;full;flag;coherent;coset,exact,1,1,1,1,1,0,0,11
15,3/4,63,1,1,1,1,1,1,branch;full;flag;coherent;coset,exact,1,1,1,1,1,0,0,11
15,1,0,1,1,1,1,1,1,branch;full;flag;coherent;coset,exact,1,1,1,1,1,0,0,7
15,1,1,1,1,1,1,1,1,branch;full;flag;coherent;coset,exact,1,1,1,1,1,0,0,7
15,1,2,1,1,1,1,1,1,branch;full;flag;coherent;coset,exact,1,1,1,1,1,0,0,7
15,1,3,1,1,1,1,1,1,branch;full;flag;coherent;coset,exact,1,1,1,1,1,0,0,7
15,1,4,1/2,1/2,1/2,1/2,1/2,1/2,branch;full;flag;coherent;coset,exact,1,1,1/2,1,1,0,0,11
15,1,5,1,1,1,1,1,1,branch;full;flag;coherent;coset,exact,1,1,1,1,1,0,0,11
15,1,6,1,1,1,1,1,1,branch;full;flag;coherent;coset,exact,1,1,1,1,1,0,0,9
15,1,7,1,1,1,1,1,1,branch;full;flag;coherent;coset,exact,1,1,1,1,1,0,0,9
15,1,8,1/2,1/2,1/2,1/2,1/2,1/2,branch;full;flag;coherent;coset,exact,1,1,1/2,1,1,0,0,11
15,1,9,1,1,1,1,1,1,branch;full;flag;coherent;coset,exact,1,1,1,1,1,0,0,11
15,1,10,1,1,1,1,1,1,branch;full;flag;coherent;coset,exact,1,1,1,1,1,0,0,9
15,1,11,1,1,1,1,1,1,branch;full;flag;coherent;coset,exact,1,1,1,1,1,0,0,9
15,1,12,1,1,1,1,1,1,branch;full;flag;coherent;coset,exact,1,1,1,1,1,0,0,7
15,1,13,1,1,1,1,1,1,branch;full;flag;coherent;coset,exact,1,1,1,1,1,0,0,7
15,1,14,1,1,1,1,1,1,branch;full;flag;coherent;coset,exact,1,1,1,1,1,0,0,7
15,1,15,1,1,1,1,1,1,branch;full;flag;coherent;coset,exact,1,1,1,1,1,0,0,7
15,1,16,1/2,1/2,1/2,1/2,1/2,1/2,branch;full;flag;coherent;coset,exact,1,1,1/2,1,1,0,0,11
15,1,17,1,1,1,1,1,1,branch;full;flag;coherent;coset,exact,1,1,1,1,1,0,0,11
15,1,18,1,1,1,1,1,1,branch;full;flag;coherent;coset,exact,1,1,1,1,1,0,0,9
15,1,19,1,1,1,1,1,1,branch;full;flag;coherent;coset,exact,1,1,1,1,1,0,0,9
15,1,20,1/2,1/2,1/2,1/2,1/2,1/2,branch;full;flag;coherent;coset,exact,1,1,1/2,1,1,0,0,11
15,1,21,1,1,1,1,1,1,branch;full;flag;coherent;coset,exact,1,1,1,1,1,0,0,11
15,1,22,1,1,1,1,1,1,branch;full;flag;coherent;coset,exact,1,1,1,1,1,0,0,9
15,1,23,1,1,1,1,1,1,branch;full;flag;coherent;coset,exact,1,1,1,1,1,0,0,9
15,1,24,1/2,1/2,1/2,1/2,1/2,1/2,branch;full;flag;coherent;coset,exact,1,1,1/2,1,1,0,0,11
15,1,25,1,1,1,1,1,1,branch;full;flag;coherent;coset,exact,1,1,1,1,1,0,0,11
15,1,26,1,1,1,1,1,1,branch;full;flag;coherent;coset,exact,1,1,1,1,1,0,0,9
15,1,27,1,1,1,1,1,1,branch;full;flag;coherent;coset,exact,1,1,1,1,1,0,0,9
15,1,28,1/2,1/2,1/2,1/2,1/2,1/2,branch;full;flag;coherent;coset,exact,1,1,1/2,1,1,0,0,11
15,1,29,1,1,1,1,1,1,branch;full;flag;coherent;coset,exact,1,1,1,1,1,0,0,11
15,1,30,1,1,1,1,1,1,branch;full;flag;coherent;coset,exact,1,1,1,1,1,0,0,9
15,1,31,1,1,1,1,1,1,branch;full;flag;coherent;coset,exact,1,1,1,1,1,0,0,9
15,1,32,1/2,1/2,1/2,1/2,1/2,1/2,branch;full;flag;coherent;coset,exact,1,1,1/2,1,1,0,0,11
15,1,33,1,1,1,1,1,1,branch;full;flag;coherent;coset,exact,1,1,1,1,1,0,0,11
15,1,34,1,1,1,1,1,1,branch;full;flag;coherent;coset,exact,1,1,1,1,1,0,0,9
15,1,35,1,1,1,1,1,1,branch;full;flag;coherent;coset,exact,1,1,1,1,1,0,0,9
15,1,36,1/2,1/2,1/2,1/2,1/2,1/2,branch;full;flag;coherent;coset,exact,1,1,1/2,1,1,0,0,11
15,1,37,1,1,1,1,1,1,branch;full;flag;coherent;coset,exact,1,1,1,1,1,0,0,11
15,1,38,1,1,1,1,1,1,branch;full;flag;coherent;coset,exact,1,1,1,1,1,0,0,9
15,1,39,1,1,1,1,1,1,branch;full;flag;coherent;coset,exact,1,1,1,1,1,0,0,9
15,1,40,1/2,1/2,1/2,1/2,1/2,1/2,branch;full;flag;coherent;coset,exact,1,1,1/2,1,1,0,0,11
15,1,41,1,1,1,1,1,1,branch;full;flag;coherent;coset,exact,1,1,1,1,1,0,0,11
15,1,42,1,1,1,1,1,1,branch;full;flag;coherent;coset,exact,1,1,1,1,1,0,0,9
15,1,43,1,1,1,1,1,1,branch;full;flag;coherent;coset,exact,1,1,1,1,1,0,0,9
15,1,44,1/2,1/2,1/2,1/2,1/2,1/2,branch;full;flag;coherent;coset,exact,1,1,1/2,1,1,0,0,11
15,1,45,1,1,1,1,1,1,branch;full;flag;coherent;coset,exact,1,1,1,1,1,0,0,11
15,1,46,1,1,1,1,1,1,branch;full;flag;coherent;coset,exact,1,1,1,1,1,0,0,9
15,1,47,1,1,1,1,1,1,branch;full;flag;coherent;coset,exact,1,1,1,1,1,0,0,9
15,1,48,1,1,1,1,1,1,branch;full;flag;coherent;coset,exact,1,1,1,1,1,0,0,7
15,1,49,1,1,1,1,1,1,branch;full;flag;coherent;coset,exact,1,1,1,1,1,0,0,7
15,1,50,1,1,1,1,1,1,branch;full;flag;coherent;coset,exact,1,1,1,1,1,0,0,7
15,1,51,1,1,1,1,1,1,branch;full;flag;coherent;coset,exact,1,1,1,1,1,0,0,7
15,1,52,1/2,1/2,1/2,1/2,1/2,1/2,branch;full;flag;coherent;coset,exact,1,1,1/2,1,1,0,0,11
15,1,53,1,1,1,1,1,1,branch;full;flag;coherent;coset,exact,1,1,1,1,1,0,0,11
15,1,54,1,1,1,1,1,1,branch;full;flag;coherent;coset,exact,1,1,1,1,1,0,0,9
15,1,55,1,1,1,1,1,1,branch;full;flag;coherent;coset,exact,1,1,1,1,1,0,0,9
15,1,56,1/2,1/2,1/2,1/2,1/2,1/2,branch;full;flag;coherent;coset,exact,1,1,1/2,1,1,0,0,11
15,1,57,1,1,1,1,1,1,branch;full;flag;coherent;coset,exact,1,1,1,1,1,0,0,11
15,1,58,1,1,1,1,1,1,branch;full;flag;coherent;coset,exact,1,1,1,1,1,0,0,9
15,1,59,1,1,1,1,1,1,branch;full;flag;coherent;coset,exact,1,1,1,1,1,0,0,9
15,1,60,1,1,1,1,1,1,branch;full;flag;coherent;coset,exact,1,1,1,1,1,0,0,7
15,1,61,1,1,1,1,1,1,branch;full;flag;coherent;coset,exact,1,1,1,1,1,0,0,7
15,1,62,1,1,1,1,1,1,branch;full;flag;coherent;coset,exact,1,1,1,1,1,0,0,7
15,1,63,1,1,1,1,1,1,branch;full;flag;coherent;coset,exact,1,1,1,1,1,0,0,7
