first_row,obs_row,eta,left_config,right_config,branch,full,flag,coherent,coset,issued,issued_methods,coverage_mode,hierarchy_applicable,hierarchy_holds,oracle,sound,exact,improves_full,improves_simple_min,oracle_states
0,0,0,0,0,1,1,1,1,1,1,branch;full;flag;coherent;coset,exact,1,1,1,1,1,0,0,11
0,0,0,0,1,1,1,1,1,1,1,branch;full;flag;coherent;coset,exact,1,1,1,1,1,0,0,11
0,0,0,0,2,1,1,1,1,1,1,branch;full;flag;coherent;coset,exact,1,1,1,1,1,0,0,11
0,0,0,0,3,1,1,1,1,1,1,branch;full;flag;coherent;coset,exact,1,1,1,1,1,0,0,11
0,0,0,0,4,1,1,1,1,1,1,branch;full;flag;coherent;coset,exact,1,1,1,1,1,0,0,11
0,0,0,0,5,1,1,1,1,1,1,branch;full;flag;coherent;coset,exact,1,1,1,1,1,0,0,11
0,0,0,0,6,1,1,1,1,1,1,branch;full;flag;coherent;coset,exact,1,1,1,1,1,0,0,11
0,0,0,0,7,1,1,1,1,1,1,branch;full;flag;coherent;coset,exact,1,1,1,1,1,0,0,11
0,0,0,1,0,1,1,1,1,1,1,branch;full;flag;coherent;coset,exact,1,1,1,1,1,0,0,17
0,0,0,1,1,1,1,1,1,1,1,branch;full;flag;coherent;coset,exact,1,1,1,1,1,0,0,17
0,0,0,1,2,1,1,1,1,1,1,branch;full;flag;coherent;coset,exact,1,1,1,1,1,0,0,17
0,0,0,1,3,1,1,1,1,1,1,branch;full;flag;coherent;coset,exact,1,1,1,1,1,0,0,17
0,0,0,1,4,1,1,1,1,1,1,branch;full;flag;coherent;coset,exact,1,1,1,1,1,0,0,17
0,0,0,1,5,1,1,1,1,1,1,branch;full;flag;coherent;coset,exact,1,1,1,1,1,0,0,17
0,0,0,1,6,1,1,1,1,1,1,branch;full;flag;coherent;coset,exact,1,1,1,1,1,0,0,17
0,0,0,1,7,1,1,1,1,1,1,branch;full;flag;coherent;coset,exact,1,1,1,1,1,0,0,17
0,0,0,2,0,1,1,1,1,1,1,branch;full;flag;coherent;coset,exact,1,1,1,1,1,0,0,11
0,0,0,2,1,1,1,1,1,1,1,branch;full;flag;coherent;coset,exact,1,1,1,1,1,0,0,11
0,0,0,2,2,1,1,1,1,1,1,branch;full;flag;coherent;coset,exact,1,1,1,1,1,0,0,11
0,0,0,2,3,1,1,1,1,1,1,branch;full;flag;coherent;coset,exact,1,1,1,1,1,0,0,11
0,0,0,2,4,1,1,1,1,1,1,branch;full;flag;coherent;coset,exact,1,1,1,1,1,0,0,11
0,0,0,2,5,1,1,1,1,1,1,branch;full;flag;coherent;coset,exact,1,1,1,1,1,0,0,11
0,0,0,2,6,1,1,1,1,1,1,branch;full;flag;coherent;coset,exact,1,1,1,1,1,0,0,11
0,0,0,2,7,1,1,1,1,1,1,branch;full;flag;coherent;coset,exact,1,1,1,1,1,0,0,11
0,0,0,3,0,1,1,1,1,1,1,branch;full;flag;coherent;coset,exact,1,1,1,1,1,0,0,11
0,0,0,3,1,1,1,1,1,1,1,branch;full;flag;coherent;coset,exact,1,1,1,1,1,0,0,11
0,0,0,3,2,1,1,1,1,1,1,branch;full;flag;coherent;coset,exact,1,1,1,1,1,0,0,11
0,0,0,3,3,1,1,1,1,1,1,branch;full;flag;coherent;coset,exact,1,1,1,1,1,0,0,11
0,0,0,3,4,1,1,1,1,1,1,branch;full;flag;coherent;coset,exact,1,1,1,1,1,0,0,11
0,0,0,3,5,1,1,1,1,1,1,branch;full;flag;coherent;coset,exact,1,1,1,1,1,0,0,11
0,0,0,3,6,1,1,1,1,1,1,branch;full;flag;coherent;coset,exact,1,1,1,1,1,0,0,11
0,0,0,3,7,1,1,1,1,1,1,branch;full;flag;coherent;coset,exact,1,1,1,1,1,0,0,11
0,0,0,4,0,1,1,1,1,1,1,branch;full;flag;coherent;coset,exact,1,1,1,1,1,0,0,10
0,0,0,4,1,1,1,1,1,1,1,branch;full;flag;coherent;coset,exact,1,1,1,1,1,0,0,10
0,0,0,4,2,1,1,1,1,1,1,branch;full;flag;coherent;coset,exact,1,1,1,1,1,0,0,10
0,0,0,4,3,1,1,1,1,1,1,branch;full;flag;coherent;coset,exact,1,1,1,1,1,0,0,10
0,0,0,4,4,1,1,1,1,1,1,branch;full;flag;coherent;coset,exact,1,1,1,1,1,0,0,10
0,0,0,4,5,1,1,1,1,1,1,branch;full;flag;coherent;coset,exact,1,1,1,1,1,0,0,10
0,0,0,4,6,1,1,1,1,1,1,branch;full;flag;coherent;coset,exact,1,1,1,1,1,0,0,10
0,0,0,4,7,1,1,1,1,1,1,branch;full;flag;coherent;coset,exact,1,1,1,1,1,0,0,10
0,0,0,5,0,1,1,1,1,1,1,branch;full;flag;coherent;coset,exact,1,1,1,1,1,0,0,10
0,0,0,5,1,1,1,1,1,1,1,branch;full;flag;coherent;coset,exact,1,1,1,1,1,0,0,10
0,0,0,5,2,1,1,1,1,1,1,branch;full;flag;coherent;coset,exact,1,1,1,1,1,0,0,10
0,0,0,5,3,1,1,1,1,1,1,branch;full;flag;coherent;coset,exact,1,1,1,1,1,0,0,10
0,0,0,5,4,1,1,1,1,1,1,branch;full;flag;coherent;coset,exact,1,1,1,1,1,0,0,10
0,0,0,5,5,1,1,1,1,1,1,branch;full;flag;coherent;coset,exact,1,1,1,1,1,0,0,10
0,0,0,5,6,1,1,1,1,1,1,branch;full;flag;coherent;coset,exact,1,1,1,1,1,0,0,10
0,0,0,5,7,1,1,1,1,1,1,branch;full;flag;coherent;coset,exact,1,1,1,1,1,0,0,10
0,0,0,6,0,1,1,1,1,1,1,branch;full;flag;coherent;coset,exact,1,1,1,1,1,0,0,9
0,0,0,6,1,1,1,1,1,1,1,branch;full;flag;coherent;coset,exact,1,1,1,1,1,0,0,9
0,0,0,6,2,1,1,1,1,1,1,branch;full;flag;coherent;coset,exact,1,1,1,1,1,0,0,9
0,0,0,6,3,1,1,1,1,1,1,branch;full;flag;coherent;coset,exact,1,1,1,1,1,0,0,9
0,0,0,6,4,1,1,1,1,1,1,branch;full;flag;coherent;coset,exact,1,1,1,1,1,0,0,9
0,0,0,6,5,1,1,1,1,1,1,branch;full;flag;coherent;coset,exact,1,1,1,1,1,0,0,9
0,0,0,6,6,1,1,1,1,1,1,branch;full;flag;coherent;coset,exact,1,1,1,1,1,0,0,9
0,0,0,6,7,1,1,1,1,1,1,branch;full;flag;coherent;coset,exact,1,1,1,1,1,0,0,9
0,0,0,7,0,1,1,1,1,1,1,branch;full;flag;coherent;coset,exact,1,1,1,1,1,0,0,9
0,0,0,7,1,1,1,1,1,1,1,branch;full;flag;coherent;coset,exact,1,1,1,1,1,0,0,9
0,0,0,7,2,1,1,1,1,1,1,branch;full;flag;coherent;coset,exact,1,1,1,1,1,0,0,9
0,0,0,7,3,1,1,1,1,1,1,branch;full;flag;coherent;coset,exact,1,1,1,1,1,0,0,9
0,0,0,7,4,1,1,1,1,1,1,branch;full;flag;coherent;coset,exact,1,1,1,1,1,0,0,9
0,0,0,7,5,1,1,1,1,1,1,branch;full;flag;coherent;coset,exact,1,1,1,1,1,0,0,9
0,0,0,7,6,1,1,1,1,1,1,branch;full;flag;coherent;coset,exact,1,1,1,1,1,0,0,9
0,0,0,7,7,1,1,1,1,1,1,branch;full;flag;coherent;coset,exact,1,1,1,1,1,0,0,9
0,0,1/4,0,0,1,1,1,1,1,1,branch;full;flag;coherent;coset,exact,1,1,1,1,1,0,0,16
0,0,1/4,0,1,1,1,1,1,1,1,branch;full;flag;coherent;coset,exact,1,1,1,1,1,0,0,22
0,0,1/4,0,2,1,1,1,1,1,1,branch;full;flag;coherent;coset,exact,1,1,1,1,1,0,0,16
0,0,1/4,0,3,1,1,1,1,1,1,branch;full;flag;coherent;coset,exact,1,1,1,1,1,0,0,16
0,0,1/4,0,4,1,1,1,1,1,1,branch;full;flag;coherent;coset,exact,1,1,1,1,1,0,0,15
0,0,1/4,0,5,1,1,1,1,1,1,branch;full;flag;coherent;coset,exact,1,1,1,1,1,0,0,15
0,0,1/4,0,6,1,1,1,1,1,1,branch;full;flag;coherent;coset,exact,1,1,1,1,1,0,0,14
0,0,1/4,0,7,1,1,1,1,1,1,branch;full;flag;coherent;coset,exact,1,1,1,1,1,0,0,14
0,0,1/4,1,0,1,1,1,1,1,1,branch;full;flag;coherent;coset,exact,1,1,1,1,1,0,0,22
0,0,1/4,1,1,1,1,1,1,1,1,branch;full;flag;coherent;coset,exact,1,1,1,1,1,0,0,28
0,0,1/4,1,2,1,1,1,1,1,1,branch;full;flag;coherent;coset,exact,1,1,1,1,1,0,0,22
0,0,1/4,1,3,1,1,1,1,1,1,branch;full;flag;coherent;coset,exact,1,1,1,1,1,0,0,22
0,0,1/4,1,4,1,1,1,1,1,1,branch;full;flag;coherent;coset,exact,1,1,1,1,1,0,0,21
0,0,1/4,1,5,1,1,1,1,1,1,branch;full;flag;coherent;coset,exact,1,1,1,1,1,0,0,21
0,0,1/4,1,6,1,1,1,1,1,1,branch;full;flag;coherent;coset,exact,1,1,1,1,1,0,0,20
0,0,1/4,1,7,1,1,1,1,1,1,branch;full;flag;coherent;coset,exact,1,1,1,1,1,0,0,20
0,0,1/4,2,0,1,1,1,1,1,1,branch;full;flag;coherent;coset,exact,1,1,1,1,1,0,0,16
0,0,1/4,2,1,1,1,1,1,1,1,branch;full;flag;coherent;coset,exact,1,1,1,1,1,0,0,22
0,0,1/4,2,2,1,1,1,1,1,1,branch;full;flag;coherent;coset,exact,1,1,1,1,1,0,0,16
0,0,1/4,2,3,1,1,1,1,1,1,branch;full;flag;coherent;coset,exact,1,1,1,1,1,0,0,16
0,0,1/4,2,4,1,1,1,1,1,1,branch;full;flag;coherent;coset,exact,1,1,1,1,1,0,0,15
0,0,1/4,2,5,1,1,1,1,1,1,branch;full;flag;coherent;coset,exact,1,1,1,1,1,0,0,15
0,0,1/4,2,6,1,1,1,1,1,1,branch;full;flag;coherent;coset,exact,1,1,1,1,1,0,0,14
0,0,1/4,2,7,1,1,1,1,1,1,branch;full;flag;coherent;coset,exact,1,1,1,1,1,0,0,14
0,0,1/4,3,0,1,1,1,1,1,1,branch;full;flag;coherent;coset,exact,1,1,1,1,1,0,0,16
0,0,1/4,3,1,1,1,1,1,1,1,branch;full;flag;coherent;coset,exact,1,1,1,1,1,0,0,22
0,0,1/4,3,2,1,1,1,1,1,1,branch;full;flag;coherent;coset,exact,1,1,1,1,1,0,0,16
0,0,1/4,3,3,1,1,1,1,1,1,branch;full;flag;coherent;coset,exact,1,1,1,1,1,0,0,16
0,0,1/4,3,4,1,1,1,1,1,1,branch;full;flag;coherent;coset,exact,1,1,1,1,1,0,0,15
0,0,1/4,3,5,1,1,1,1,1,1,branch;full;flag;coherent;coset,exact,1,1,1,1,1,0,0,15
0,0,1/4,3,6,1,1,1,1,1,1,branch;full;flag;coherent;coset,exact,1,1,1,1,1,0,0,14
0,0,1/4,3,7,1,1,1,1,1,1,branch;full;flag;coherent;coset,exact,1,1,1,1,1,0,0,14
0,0,1/4,4,0,1,1,1,1,1,1,branch;full;flag;coherent;coset,exact,1,1,1,1,1,0,0,15
0,0,1/4,4,1,1,1,1,1,1,1,branch;full;flag;coherent;coset,exact,1,1,1,1,1,0,0,21
0,0,1/4,4,2,1,1,1,1,1,1,branch;full;flag;coherent;coset,exact,1,1,1,1,1,0,0,15
0,0,1/4,4,3,1,1,1,1,1,1,branch;full;flag;coherent;coset,exact,1,1,1,1,1,0,0,15
0,0,1/4,4,4,1,1,1,1,1,1,branch;full;flag;coherent;coset,exact,1,1,1,1,1,0,0,14
0,0,1/4,4,5,1,1,1,1,1,1,branch;full;flag;coherent;coset,exact,1,1,1,1,1,0,0,14
0,0,1/4,4,6,1,1,1,1,1,1,branch;full;flag;coherent;coset,exact,1,1,1,1,1,0,0,13
0,0,1/4,4,7,1,1,1,1,1,1,branch;full;flag;coherent;coset,exact,1,1,1,1,1,0,0,13
0,0,1/4,5,0,1,1,1,1,1,1,branch;full;flag;coherent;coset,exact,1,1,1,1,1,0,0,15
0,0,1/4,5,1,1,1,1,1,1,1,branch;full;flag;coherent;coset,exact,1,1,1,1,1,0,0,21
0,0,1/4,5,2,1,1,1,1,1,1,branch;full;flag;coherent;coset,exact,1,1,1,1,1,0,0,15
0,0,1/4,5,3,1,1,1,1,1,1,branch;full;flag;coherent;coset,exact,1,1,1,1,1,0,0,15
0,0,1/4,5,4,1,1,1,1,1,1,branch;full;flag;coherent;coset,exact,1,1,1,1,1,0,0,14
0,0,1/4,5,5,1,1,1,1,1,1,branch;full;flag;coherent;coset,exact,1,1,1,1,1,0,0,14
0,0,1/4,5,6,1,1,1,1,1,1,branch;full;flag;coherent;coset,exact,1,1,1,1,1,0,0,13
0,0,1/4,5,7,1,1,1,1,1,1,branch;full;flag;coherent;coset,exact,1,1,1,1,1,0,0,13
0,0,1/4,6,0,1,1,1,1,1,1,branch;full;flag;coherent;coset,exact,1,1,1,1,1,0,0,14
0,0,1/4,6,1,1,1,1,1,1,1,branch;full;flag;coherent;coset,exact,1,1,1,1,1,0,0,20
0,0,1/4,6,2,1,1,1,1,1,1,branch;full;flag;coherent;coset,exact,1,1,1,1,1,0,0,14
0,0,1/4,6,3,1,1,1,1,1,1,branch;full;flag;coherent;coset,exact,1,1,1,1,1,0,0,14
0,0,1/4,6,4,1,1,1,1,1,1,branch;full;flag;coherent;coset,exact,1,1,1,1,1,0,0,13
0,0,1/4,6,5,1,1,1,1,1,1,branch;full;flag;coherent;coset,exact,1,1,1,1,1,0,0,13
0,0,1/4,6,6,1,1,1,1,1,1,branch;full;flag;coherent;coset,exact,1,1,1,1,1,0,0,12
0,0,1/4,6,7,1,1,1,1,1,1,branch;full;flag;coherent;coset,exact,1,1,1,1,1,0,0,12
0,0,1/4,7,0,1,1,1,1,1,1,branch;full;flag;coherent;coset,exact,1,1,1,1,1,0,0,14
0,0,1/4,7,1,1,1,1,1,1,1,branch;full;flag;coherent;coset,exact,1,1,1,1,1,0,0,20
0,0,1/4,7,2,1,1,1,1,1,1,branch;full;flag;coherent;coset,exact,1,1,1,1,1,0,0,14
0,0,1/4,7,3,1,1,1,1,1,1,branch;full;flag;coherent;coset,exact,1,1,1,1,1,0,0,14
0,0,1/4,7,4,1,1,1,1,1,1,branch;full;flag;coherent;coset,exact,1,1,1,1,1,0,0,13
0,0,1/4,7,5,1,1,1,1,1,1,branch;full;flag;coherent;coset,exact,1,1,1,1,1,0,0,13
0,0,1/4,7,6,1,1,1,1,1,1,branch;full;flag;coherent;coset,exact,1,1,1,1,1,0,0,12
0,0,1/4,7,7,1,1,1,1,1,1,branch;full;flag;coherent;coset,exact,1,1,1,1,1,0,0,12
0,0,1/2,0,0,1,1,1,1,1,1,branch;full;flag;coherent;coset,exact,1,1,1,1,1,0,0,12
0,0,1/2,0,1,1,1,1,1,1,1,branch;full;flag;coherent;coset,exact,1,1,1,1,1,0,0,18
0,0,1/2,0,2,1,1,1,1,1,1,branch;full;flag;coherent;coset,exact,1,1,1,1,1,0,0,16
0,0,1/2,0,3,1,1,1,1,1,1,branch;full;flag;coherent;coset,exact,1,1,1,1,1,0,0,16
0,0,1/2,0,4,1,1,1,1,1,1,branch;full;flag;coherent;coset,exact,1,1,1,1,1,0,0,15
0,0,1/2,0,5,1,1,1,1,1,1,branch;full;flag;coherent;coset,exact,1,1,1,1,1,0,0,15
0,0,1/2,0,6,1,1,1,1,1,1,branch;full;flag;coherent;coset,exact,1,1,1,1,1,0,0,14
0,0,1/2,0,7,1,1,1,1,1,1,branch;full;flag;coherent;coset,exact,1,1,1,1,1,0,0,14
0,0,1/2,1,0,1,1,1,1,1,1,branch;full;flag;coherent;coset,exact,1,1,1,1,1,0,0,18
0,0,1/2,1,1,1,1,1,1,1,1,branch;full;flag;coherent;coset,exact,1,1,1,1,1,0,0,18
0,0,1/2,1,2,1,1,1,1,1,1,branch;full;flag;coherent;coset,exact,1,1,1,1,1,0,0,22
0,0,1/2,1,3,1,1,1,1,1,1,branch;full;flag;coherent;coset,exact,1,1,1,1,1,0,0,22
0,0,1/2,1,4,1,1,1,1,1,1,branch;full;flag;coherent;coset,exact,1,1,1,1,1,0,0,19
0,0,1/2,1,5,1,1,1,1,1,1,branch;full;flag;coherent;coset,exact,1,1,1,1,1,0,0,19
0,0,1/2,1,6,1,1,1,1,1,1,branch;full;flag;coherent;coset,exact,1,1,1,1,1,0,0,18
0,0,1/2,1,7,1,1,1,1,1,1,branch;full;flag;coherent;coset,exact,1,1,1,1,1,0,0,18
0,0,1/2,2,0,1,1,1,1,1,1,branch;full;flag;coherent;coset,exact,1,1,1,1,1,0,0,16
0,0,1/2,2,1,1,1,1,1,1,1,branch;full;flag;coherent;coset,exact,1,1,1,1,1,0,0,22
0,0,1/2,2,2,1,1,1,1,1,1,branch;full;flag;coherent;coset,exact,1,1,1,1,1,0,0,12
0,0,1/2,2,3,1,1,1,1,1,1,branch;full;flag;coherent;coset,exact,1,1,1,1,1,0,0,12
0,0,1/2,2,4,1,1,1,1,1,1,branch;full;flag;coherent;coset,exact,1,1,1,1,1,0,0,15
0,0,1/2,2,5,1,1,1,1,1,1,branch;full;flag;coherent;coset,exact,1,1,1,1,1,0,0,15
0,0,1/2,2,6,1,1,1,1,1,1,branch;full;flag;coherent;coset,exact,1,1,1,1,1,0,0,14
0,0,1/2,2,7,1,1,1,1,1,1,branch;full;flag;coherent;coset,exact,1,1,1,1,1,0,0,14
0,0,1/2,3,0,1,1,1,1,1,1,branch;full;flag;coherent;coset,exact,1,1,1,1,1,0,0,16
0,0,1/2,3,1,1,1,1,1,1,1,branch;full;flag;coherent;coset,exact,1,1,1,1,1,0,0,22
0,0,1/2,3,2,1,1,1,1,1,1,branch;full;flag;coherent;coset,exact,1,1,1,1,1,0,0,12
0,0,1/2,3,3,1,1,1,1,1,1,branch;full;flag;coherent;coset,exact,1,1,1,1,1,0,0,12
0,0,1/2,3,4,1,1,1,1,1,1,branch;full;flag;coherent;coset,exact,1,1,1,1,1,0,0,15
0,0,1/2,3,5,1,1,1,1,1,1,branch;full;flag;coherent;coset,exact,1,1,1,1,1,0,0,15
0,0,1/2,3,6,1,1,1,1,1,1,branch;full;flag;coherent;coset,exact,1,1,1,1,1,0,0,14
0,0,1/2,3,7,1,1,1,1,1,1,branch;full;flag;coherent;coset,exact,1,1,1,1,1,0,0,14
0,0,1/2,4,0,1,1,1,1,1,1,branch;full;flag;coherent;coset,exact,1,1,1,1,1,0,0,15
0,0,1/2,4,1,1,1,1,1,1,1,branch;full;flag;coherent;coset,exact,1,1,1,1,1,0,0,19
0,0,1/2,4,2,1,1,1,1,1,1,branch;full;flag;coherent;coset,exact,1,1,1,1,1,0,0,15
0,0,1/2,4,3,1,1,1,1,1,1,branch;full;flag;coherent;coset,exact,1,1,1,1,1,0,0,15
0,0,1/2,4,4,1,1,1,1,1,1,branch;full;flag;coherent;coset,exact,1,1,1,1,1,0,0,11
0,0,1/2,4,5,1,1,1,1,1,1,branch;full;flag;coherent;coset,exact,1,1,1,1,1,0,0,11
0,0,1/2,4,6,1,1,1,1,1,1,branch;full;flag;coherent;coset,exact,1,1,1,1,1,0,0,11
0,0,1/2,4,7,1,1,1,1,1,1,branch;full;flag;coherent;coset,exact,1,1,1,1,1,0,0,11
0,0,1/2,5,0,1,1,1,1,1,1,branch;full;flag;coherent;coset,exact,1,1,1,1,1,0,0,15
0,0,1/2,5,1,1,1,1,1,1,1,branch;full;flag;coherent;coset,exact,1,1,1,1,1,0,0,19
0,0,1/2,5,2,1,1,1,1,1,1,branch;full;flag;coherent;coset,exact,1,1,1,1,1,0,0,15
0,0,1/2,5,3,1,1,1,1,1,1,branch;full;flag;coherent;coset,exact,1,1,1,1,1,0,0,15
0,0,1/2,5,4,1,1,1,1,1,1,branch;full;flag;coherent;coset,exact,1,1,1,1,1,0,0,11
0,0,1/2,5,5,1,1,1,1,1,1,branch;full;flag;coherent;coset,exact,1,1,1,1,1,0,0,11
0,0,1/2,5,6,1,1,1,1,1,1,branch;full;flag;coherent;coset,exact,1,1,1,1,1,0,0,11
0,0,1/2,5,7,1,1,1,1,1,1,branch;full;flag;coherent;coset,exact,1,1,1,1,1,0,0,11
0,0,1/2,6,0,1,1,1,1,1,1,branch;full;flag;coherent;coset,exact,1,1,1,1,1,0,0,14
0,0,1/2,6,1,1,1,1,1,1,1,branch;full;flag;coherent;coset,exact,1,1,1,1,1,0,0,18
0,0,1/2,6,2,1,1,1,1,1,1,branch;full;flag;coherent;coset,exact,1,1,1,1,1,0,0,14
0,0,1/2,6,3,1,1,1,1,1,1,branch;full;flag;coherent;coset,exact,1,1,1,1,1,0,0,14
0,0,1/2,6,4,1,1,1,1,1,1,branch;full;flag;coherent;coset,exact,1,1,1,1,1,0,0,11
0,0,1/2,6,5,1,1,1,1,1,1,branch;full;flag;coherent;coset,exact,1,1,1,1,1,0,0,11
0,0,1/2,6,6,1,1,1,1,1,1,branch;full;flag;coherent;coset,exact,1,1,1,1,1,0,0,10
0,0,1/2,6,7,1,1,1,1,1,1,branch;full;flag;coherent;coset,exact,1,1,1,1,1,0,0,10
0,0,1/2,7,0,1,1,1,1,1,1,branch;full;flag;coherent;coset,exact,1,1,1,1,1,0,0,14
0,0,1/2,7,1,1,1,1,1,1,1,branch;full;flag;coherent;coset,exact,1,1,1,1,1,0,0,18
0,0,1/2,7,2,1,1,1,1,1,1,branch;full;flag;coherent;coset,exact,1,1,1,1,1,0,0,14
0,0,1/2,7,3,1,1,1,1,1,1,branch;full;flag;coherent;coset,exact,1,1,1,1,1,0,0,14
0,0,1/2,7,4,1,1,1,1,1,1,branch;full;flag;coherent;coset,exact,1,1,1,1,1,0,0,11
0,0,1/2,7,5,1,1,1,1,1,1,branch;full;flag;coherent;coset,exact,1,1,1,1,1,0,0,11
0,0,1/2,7,6,1,1,1,1,1,1,branch;full;flag;coherent;coset,exact,1,1,1,1,1,0,0,10
0,0,1/2,7,7,1,1,1,1,1,1,branch;full;flag;coherent;coset,exact,1,1,1,1,1,0,0,10
0,0,3/4,0,0,1,1,1,1,1,1,branch;full;flag;coherent;coset,exact,1,1,1,1,1,0,0,16
0,0,3/4,0,1,1,1,1,1,1,1,branch;full;flag;coherent;coset,exact,1,1,1,1,1,0,0,22
0,0,3/4,0,2,1,1,1,1,1,1,branch;full;flag;coherent;coset,exact,1,1,1,1,1,0,0,16
0,0,3/4,0,3,1,1,1,1,1,1,branch;full;flag;coherent;coset,exact,1,1,1,1,1,0,0,16
0,0,3/4,0,4,1,1,1,1,1,1,branch;full;flag;coherent;coset,exact,1,1,1,1,1,0,0,15
0,0,3/4,0,5,1,1,1,1,1,1,branch;full;flag;coherent;coset,exact,1,1,1,1,1,0,0,15
0,0,3/4,0,6,1,1,1,1,1,1,branch;full;flag;coherent;coset,exact,1,1,1,1,1,0,0,14
0,0,3/4,0,7,1,1,1,1,1,1,branch;full;flag;coherent;coset,exact,1,1,1,1,1,0,0,14
0,0,3/4,1,0,1,1,1,1,1,1,branch;full;flag;coherent;coset,exact,1,1,1,1,1,0,0,22
0,0,3/4,1,1,1,1,1,1,1,1,branch;full;flag;coherent;coset,exact,1,1,1,1,1,0,0,28
0,0,3/4,1,2,1,1,1,1,1,1,branch;full;flag;coherent;coset,exact,1,1,1,1,1,0,0,22
0,0,3/4,1,3,1,1,1,1,1,1,branch;full;flag;coherent;coset,exact,1,1,1,1,1,0,0,22
0,0,3/4,1,4,1,1,1,1,1,1,branch;full;flag;coherent;coset,exact,1,1,1,1,1,0,0,21
0,0,3/4,1,5,1,1,1,1,1,1,branch;full;flag;coherent;coset,exact,1,1,1,1,1,0,0,21
0,0,3/4,1,6,1,1,1,1,1,1,branch;full;flag;coherent;coset,exact,1,1,1,1,1,0,0,20
0,0,3/4,1,7,1,1,1,1,1,1,branch;full;flag;coherent;coset,exact,1,1,1,1,1,0,0,20
0,0,3/4,2,0,1,1,1,1,1,1,branch;full;flag;coherent;coset,exact,1,1,1,1,1,0,0,16
0,0,3/4,2,1,1,1,1,1,1,1,branch;full;flag;coherent;coset,exact,1,1,1,1,1,0,0,22
0,0,3/4,2,2,1,1,1,1,1,1,branch;full;flag;coherent;coset,exact,1,1,1,1,1,0,0,16
0,0,3/4,2,3,1,1,1,1,1,1,branch;full;flag;coherent;coset,exact,1,1,1,1,1,0,0,16
0,0,3/4,2,4,1,1,1,1,1,1,branch;full;flag;coherent;coset,exact,1,1,1,1,1,0,0,15
0,0,3/4,2,5,1,1,1,1,1,1,branch;full;flag;coherent;coset,exact,1,1,1,1,1,0,0,15
0,0,3/4,2,6,1,1,1,1,1,1,branch;full;flag;coherent;coset,exact,1,1,1,1,1,0,0,14
0,0,3/4,2,7,1,1,1,1,1,1,branch;full;flag;coherent;coset,exact,1,1,1,1,1,0,0,14
0,0,3/4,3,0,1,1,1,1,1,1,branch;full;flag;coherent;coset,exact,1,1,1,1,1,0,0,16
0,0,3/4,3,1,1,1,1,1,1,1,branch;full;flag;coherent;coset,exact,1,1,1,1,1,0,0,22
0,0,3/4,3,2,1,1,1,1,1,1,branch;full;flag;coherent;coset,exact,1,1,1,1,1,0,0,16
0,0,3/4,3,3,1,1,1,1,1,1,branch;full;flag;coherent;coset,exact,1,1,1,1,1,0,0,16
0,0,3/4,3,4,1,1,1,1,1,1,branch;full;flag;coherent;coset,exact,1,1,1,1,1,0,0,15
0,0,3/4,3,5,1,1,1,1,1,1,branch;full;flag;coherent;coset,exact,1,1,1,1,1,0,0,15
0,0,3/4,3,6,1,1,1,1,1,1,branch;full;flag;coherent;coset,exact,1,1,1,1,1,0,0,14
0,0,3/4,3,7,1,1,1,1,1,1,branch;full;flag;coherent;coset,exact,1,1,1,1,1,0,0,14
0,0,3/4,4,0,1,1,1,1,1,1,branch;full;flag;coherent;coset,exact,1,1,1,1,1,0,0,15
0,0,3/4,4,1,1,1,1,1,1,1,branch;full;flag;coherent;coset,exact,1,1,1,1,1,0,0,21
0,0,3/4,4,2,1,1,1,1,1,1,branch;full;flag;coherent;coset,exact,1,1,1,1,1,0,0,15
0,0,3/4,4,3,1,1,1,1,1,1,branch;full;flag;coherent;coset,exact,1,1,1,1,1,0,0,15
0,0,3/4,4,4,1,1,1,1,1,1,branch;full;flag;coherent;coset,exact,1,1,1,1,1,0,0,14
0,0,3/4,4,5,1,1,1,1,1,1,branch;full;flag;coherent;coset,exact,1,1,1,1,1,0,0,14
0,0,3/4,4,6,1,1,1,1,1,1,branch;full;flag;coherent;coset,exact,1,1,1,1,1,0,0,13
0,0,3/4,4,7,1,1,1,1,1,1,branch;full;flag;coherent;coset,exact,1,1,1,1,1,0,0,13
0,0,3/4,5,0,1,1,1,1,1,1,branch;full;flag;coherent;coset,exact,1,1,1,1,1,0,0,15
0,0,3/4,5,1,1,1,1,1,1,1,branch;full;flag;coherent;coset,exact,1,1,1,1,1,0,0,21
0,0,3/4,5,2,1,1,1,1,1,1,branch;full;flag;coherent;coset,exact,1,1,1,1,1,0,0,15
0,0,3/4,5,3,1,1,1,1,1,1,branch;full;flag;coherent;coset,exact,1,1,1,1,1,0,0,15
0,0,3/4,5,4,1,1,1,1,1,1,branch;full;flag;coherent;coset,exact,1,1,1,1,1,0,0,14
0,0,3/4,5,5,1,1,1,1,1,1,branch;full;flag;coherent;coset,exact,1,1,1,1,1,0,0,14
0,0,3/4,5,6,1,1,1,1,1,1,branch;full;flag;coherent;coset,exact,1,1,1,1,1,0,0,13
0,0,3/4,5,7,1,1,1,1,1,1,branch;full;flag;coherent;coset,exact,1,1,1,1,1,0,0,13
0,0,3/4,6,0,1,1,1,1,1,1,branch;full;flag;coherent;coset,exact,1,1,1,1,1,0,0,14
0,0,3/4,6,1,1,1,1,1,1,1,branch;full;flag;coherent;coset,exact,1,1,1,1,1,0,0,20
0,0,3/4,6,2,1,1,1,1,1,1,branch;full;flag;coherent;coset,exact,1,1,1,1,1,0,0,14
0,0,3/4,6,3,1,1,1,1,1,1,branch;full;flag;coherent;coset,exact,1,1,1,1,1,0,0,14
0,0,3/4,6,4,1,1,1,1,1,1,branch;full;flag;coherent;coset,exact,1,1,1,1,1,0,0,13
0,0,3/4,6,5,1,1,1,1,1,1,branch;full;flag;coherent;coset,exact,1,1,1,1,1,0,0,13
0,0,3/4,6,6,1,1,1,1,1,1,branch;full;flag;coherent;coset,exact,1,1,1,1,1,0,0,12
0,0,3/4,6,7,1,1,1,1,1,1,branch;full;flag;coherent;coset,exact,1,1,1,1,1,0,0,12
0,0,3/4,7,0,1,1,1,1,1,1,branch;full;flag;coherent;coset,exact,1,1,1,1,1,0,0,14
0,0,3/4,7,1,1,1,1,1,1,1,branch;full;flag;coherent;coset,exact,1,1,1,1,1,0,0,20
0,0,3/4,7,2,1,1,1,1,1,1,branch;full;flag;coherent;coset,exact,1,1,1,1,1,0,0,14
0,0,3/4,7,3,1,1,1,1,1,1,branch;full;flag;coherent;coset,exact,1,1,1,1,1,0,0,14
0,0,3/4,7,4,1,1,1,1,1,1,branch;full;flag;coherent;coset,exact,1,1,1,1,1,0,0,13
0,0,3/4,7,5,1,1,1,1,1,1,branch;full;flag;coherent;coset,exact,1,1,1,1,1,0,0,13
0,0,3/4,7,6,1,1,1,1,1,1,branch;full;flag;coherent;coset,exact,1,1,1,1,1,0,0,12
0,0,3/4,7,7,1,1,1,1,1,1,branch;full;flag;coherent;coset,exact,1,1,1,1,1,0,0,12
0,0,1,0,0,1,1,1,1,1,1,branch;full;flag;coherent;coset,exact,1,1,1,1,1,0,0,11
0,0,1,0,1,1,1,1,1,1,1,branch;full;flag;coherent;coset,exact,1,1,1,1,1,0,0,17
0,0,1,0,2,1,1,1,1,1,1,branch;full;flag;coherent;coset,exact,1,1,1,1,1,0,0,11
0,0,1,0,3,1,1,1,1,1,1,branch;full;flag;coherent;coset,exact,1,1,1,1,1,0,0,11
0,0,1,0,4,1,1,1,1,1,1,branch;full;flag;coherent;coset,exact,1,1,1,1,1,0,0,10
0,0,1,0,5,1,1,1,1,1,1,branch;full;flag;coherent;coset,exact,1,1,1,1,1,0,0,10
0,0,1,0,6,1,1,1,1,1,1,branch;full;flag;coherent;coset,exact,1,1,1,1,1,0,0,9
0,0,1,0,7,1,1,1,1,1,1,branch;full;flag;coherent;coset,exact,1,1,1,1,1,0,0,9
0,0,1,1,0,1,1,1,1,1,1,branch;full;flag;coherent;coset,exact,1,1,1,1,1,0,0,11
0,0,1,1,1,1,1,1,1,1,1,branch;full;flag;coherent;coset,exact,1,1,1,1,1,0,0,17
0,0,1,1,2,1,1,1,1,1,1,branch;full;flag;coherent;coset,exact,1,1,1,1,1,0,0,11
0,0,1,1,3,1,1,1,1,1,1,branch;full;flag;coherent;coset,exact,1,1,1,1,1,0,0,11
0,0,1,1,4,1,1,1,1,1,1,branch;full;flag;coherent;coset,exact,1,1,1,1,1,0,0,10
0,0,1,1,5,1,1,1,1,1,1,branch;full;flag;coherent;coset,exact,1,1,1,1,1,0,0,10
0,0,1,1,6,1,1,1,1,1,1,branch;full;flag;coherent;coset,exact,1,1,1,1,1,0,0,9
0,0,1,1,7,1,1,1,1,1,1,branch;full;flag;coherent;coset,exact,1,1,1,1,1,0,0,9
0,0,1,2,0,1,1,1,1,1,1,branch;full;flag;coherent;coset,exact,1,1,1,1,1,0,0,11
0,0,1,2,1,1,1,1,1,1,1,branch;full;flag;coherent;coset,exact,1,1,1,1,1,0,0,17
0,0,1,2,2,1,1,1,1,1,1,branch;full;flag;coherent;coset,exact,1,1,1,1,1,0,0,11
0,0,1,2,3,1,1,1,1,1,1,branch;full;flag;coherent;coset,exact,1,1,1,1,1,0,0,11
0,0,1,2,4,1,1,1,1,1,1,branch;full;flag;coherent;coset,exact,1,1,1,1,1,0,0,10
0,0,1,2,5,1,1,1,1,1,1,branch;full;flag;coherent;coset,exact,1,1,1,1,1,0,0,10
0,0,1,2,6,1,1,1,1,1,1,branch;full;flag;coherent;coset,exact,1,1,1,1,1,0,0,9
0,0,1,2,7,1,1,1,1,1,1,branch;full;flag;coherent;coset,exact,1,1,1,1,1,0,0,9
0,0,1,3,0,1,1,1,1,1,1,branch;full;flag;coherent;coset,exact,1,1,1,1,1,0,0,11
0,0,1,3,1,1,1,1,1,1,1,branch;full;flag;coherent;coset,exact,1,1,1,1,1,0,0,17
0,0,1,3,2,1,1,1,1,1,1,branch;full;flag;coherent;coset,exact,1,1,1,1,1,0,0,11
0,0,1,3,3,1,1,1,1,1,1,branch;full;flag;coherent;coset,exact,1,1,1,1,1,0,0,11
0,0,1,3,4,1,1,1,1,1,1,branch;full;flag;coherent;coset,exact,1,1,1,1,1,0,0,10
0,0,1,3,5,1,1,1,1,1,1,branch;full;flag;coherent;coset,exact,1,1,1,1,1,0,0,10
0,0,1,3,6,1,1,1,1,1,1,branch;full;flag;coherent;coset,exact,1,1,1,1,1,0,0,9
0,0,1,3,7,1,1,1,1,1,1,branch;full;flag;coherent;coset,exact,1,1,1,1,1,0,0,9
0,0,1,4,0,1,1,1,1,1,1,branch;full;flag;coherent;coset,exact,1,1,1,1,1,0,0,11
0,0,1,4,1,1,1,1,1,1,1,branch;full;flag;coherent;coset,exact,1,1,1,1,1,0,0,17
0,0,1,4,2,1,1,1,1,1,1,branch;full;flag;coherent;coset,exact,1,1,1,1,1,0,0,11
0,0,1,4,3,1,1,1,1,1,1,branch;full;flag;coherent;coset,exact,1,1,1,1,1,0,0,11
0,0,1,4,4,1,1,1,1,1,1,branch;full;flag;coherent;coset,exact,1,1,1,1,1,0,0,10
0,0,1,4,5,1,1,1,1,1,1,branch;full;flag;coherent;coset,exact,1,1,1,1,1,0,0,10
0,0,1,4,6,1,1,1,1,1,1,branch;full;flag;coherent;coset,exact,1,1,1,1,1,0,0,9
0,0,1,4,7,1,1,1,1,1,1,branch;full;flag;coherent;coset,exact,1,1,1,1,1,0,0,9
0,0,1,5,0,1,1,1,1,1,1,branch;full;flag;coherent;coset,exact,1,1,1,1,1,0,0,11
0,0,1,5,1,1,1,1,1,1,1,branch;full;flag;coherent;coset,exact,1,1,1,1,1,0,0,17
0,0,1,5,2,1,1,1,1,1,1,branch;full;flag;coherent;coset,exact,1,1,1,1,1,0,0,11
0,0,1,5,3,1,1,1,1,1,1,branch;full;flag;coherent;coset,exact,1,1,1,1,1,0,0,11
0,0,1,5,4,1,1,1,1,1,1,branch;full;flag;coherent;coset,exact,1,1,1,1,1,0,0,10
0,0,1,5,5,1,1,1,1,1,1,branch;full;flag;coherent;coset,exact,1,1,1,1,1,0,0,10
0,0,1,5,6,1,1,1,1,1,1,branch;full;flag;coherent;coset,exact,1,1,1,1,1,0,0,9
0,0,1,5,7,1,1,1,1,1,1,branch;full;flag;coherent;coset,exact,1,1,1,1,1,0,0,9
0,0,1,6,0,1,1,1,1,1,1,branch;full;flag;coherent;coset,exact,1,1,1,1,1,0,0,11
0,0,1,6,1,1,1,1,1,1,1,branch;full;flag;coherent;coset,exact,1,1,1,1,1,0,0,17
0,0,1,6,2,1,1,1,1,1,1,branch;full;flag;coherent;coset,exact,1,1,1,1,1,0,0,11
0,0,1,6,3,1,1,1,1,1,1,branch;full;flag;coherent;coset,exact,1,1,1,1,1,0,0,11
0,0,1,6,4,1,1,1,1,1,1,branch;full;flag;coherent;coset,exact,1,1,1,1,1,0,0,10
0,0,1,6,5,1,1,1,1,1,1,branch;full;flag;coherent;coset,exact,1,1,1,1,1,0,0,10
0,0,1,6,6,1,1,1,1,1,1,branch;full;flag;coherent;coset,exact,1,1,1,1,1,0,0,9
0,0,1,6,7,1,1,1,1,1,1,branch;full;flag;coherent;coset,exact,1,1,1,1,1,0,0,9
0,0,1,7,0,1,1,1,1,1,1,branch;full;flag;coherent;coset,exact,1,1,1,1,1,0,0,11
0,0,1,7,1,1,1,1,1,1,1,branch;full;flag;coherent;coset,exact,1,1,1,1,1,0,0,17
0,0,1,7,2,1,1,1,1,1,1,branch;full;flag;coherent;coset,exact,1,1,1,1,1,0,0,11
0,0,1,7,3,1,1,1,1,1,1,branch;full;flag;coherent;coset,exact,1,1,1,1,1,0,0,11
0,0,1,7,4,1,1,1,1,1,1,branch;full;flag;coherent;coset,exact,1,1,1,1,1,0,0,10
0,0,1,7,5,1,1,1,1,1,1,branch;full;flag;coherent;coset,exact,1,1,1,1,1,0,0,10
0,0,1,7,6,1,1,1,1,1,1,branch;full;flag;coherent;coset,exact,1,1,1,1,1,0,0,9
0,0,1,7,7,1,1,1,1,1,1,branch;full;flag;coherent;coset,exact,1,1,1,1,1,0,0,9
0,1,0,0,0,1,1,1,1,1,1,branch;full;flag;coherent;coset,exact,1,1,1,1,1,0,0,14
0,1,0,0,1,1,1,1,1,1,1,branch;full;flag;coherent;coset,exact,1,1,1,1,1,0,0,14
0,1,0,0,2,1,1,1,1,1,1,branch;full;flag;coherent;coset,exact,1,1,1,1,1,0,0,13
0,1,0,0,3,1,1,1,1,1,1,branch;full;flag;coherent;coset,exact,1,1,1,1,1,0,0,13
0,1,0,0,4,1,1,1,1,1,1,branch;full;flag;coherent;coset,exact,1,1,1,1,1,0,0,12
0,1,0,0,5,1,1,1,1,1,1,branch;full;flag;coherent;coset,exact,1,1,1,1,1,0,0,12
0,1,0,0,6,1,1,1,1,1,1,branch;full;flag;coherent;coset,exact,1,1,1,1,1,0,0,12
0,1,0,0,7,1,1,1,1,1,1,branch;full;flag;coherent;coset,exact,1,1,1,1,1,0,0,12
0,1,0,1,0,1,1,1,1,1,1,branch;full;flag;coherent;coset,exact,1,1,1,1,1,0,0,14
0,1,0,1,1,1,1,1,1,1,1,branch;full;flag;coherent;coset,exact,1,1,1,1,1,0,0,14
0,1,0,1,2,1,1,1,1,1,1,branch;full;flag;coherent;coset,exact,1,1,1,1,1,0,0,13
0,1,0,1,3,1,1,1,1,1,1,branch;full;flag;coherent;coset,exact,1,1,1,1,1,0,0,13
0,1,0,1,4,1,1,1,1,1,1,branch;full;flag;coherent;coset,exact,1,1,1,1,1,0,0,12
0,1,0,1,5,1,1,1,1,1,1,branch;full;flag;coherent;coset,exact,1,1,1,1,1,0,0,12
0,1,0,1,6,1,1,1,1,1,1,branch;full;flag;coherent;coset,exact,1,1,1,1,1,0,0,12
0,1,0,1,7,1,1,1,1,1,1,branch;full;flag;coherent;coset,exact,1,1,1,1,1,0,0,12
0,1,0,2,0,1,1,1,1,1,1,branch;full;flag;coherent;coset,exact,1,1,1,1,1,0,0,13
0,1,0,2,1,1,1,1,1,1,1,branch;full;flag;coherent;coset,exact,1,1,1,1,1,0,0,13
0,1,0,2,2,1,1,1,1,1,1,branch;full;flag;coherent;coset,exact,1,1,1,1,1,0,0,12
0,1,0,2,3,1,1,1,1,1,1,branch;full;flag;coherent;coset,exact,1,1,1,1,1,0,0,12
0,1,0,2,4,1,1,1,1,1,1,branch;full;flag;coherent;coset,exact,1,1,1,1,1,0,0,11
0,1,0,2,5,1,1,1,1,1,1,branch;full;flag;coherent;coset,exact,1,1,1,1,1,0,0,11
0,1,0,2,6,1,1,1,1,1,1,branch;full;flag;coherent;coset,exact,1,1,1,1,1,0,0,11
0,1,0,2,7,1,1,1,1,1,1,branch;full;flag;coherent;coset,exact,1,1,1,1,1,0,0,11
0,1,0,3,0,1,1,1,1,1,1,branch;full;flag;coherent;coset,exact,1,1,1,1,1,0,0,13
0,1,0,3,1,1,1,1,1,1,1,branch;full;flag;coherent;coset,exact,1,1,1,1,1,0,0,13
0,1,0,3,2,1,1,1,1,1,1,branch;full;flag;coherent;coset,exact,1,1,1,1,1,0,0,12
0,1,0,3,3,1,1,1,1,1,1,branch;full;flag;coherent;coset,exact,1,1,1,1,1,0,0,12
0,1,0,3,4,1,1,1,1,1,1,branch;full;flag;coherent;coset,exact,1,1,1,1,1,0,0,11
0,1,0,3,5,1,1,1,1,1,1,branch;full;flag;coherent;coset,exact,1,1,1,1,1,0,0,11
0,1,0,3,6,1,1,1,1,1,1,branch;full;flag;coherent;coset,exact,1,1,1,1,1,0,0,11
0,1,0,3,7,1,1,1,1,1,1,branch;full;flag;coherent;coset,exact,1,1,1,1,1,0,0,11
0,1,0,4,0,1,1,1,1,1,1,branch;full;flag;coherent;coset,exact,1,1,1,1,1,0,0,12
0,1,0,4,1,1,1,1,1,1,1,branch;full;flag;coherent;coset,exact,1,1,1,1,1,0,0,12
0,1,0,4,2,1,1,1,1,1,1,branch;full;flag;coherent;coset,exact,1,1,1,1,1,0,0,11
0,1,0,4,3,1,1,1,1,1,1,branch;full;flag;coherent;coset,exact,1,1,1,1,1,0,0,11
0,1,0,4,4,1,1,1,1,1,1,branch;full;flag;coherent;coset,exact,1,1,1,1,1,0,0,10
0,1,0,4,5,1,1,1,1,1,1,branch;full;flag;coherent;coset,exact,1,1,1,1,1,0,0,10
0,1,0,4,6,1,1,1,1,1,1,branch;full;flag;coherent;coset,exact,1,1,1,1,1,0,0,10
0,1,0,4,7,1,1,1,1,1,1,branch;full;flag;coherent;coset,exact,1,1,1,1,1,0,0,10
0,1,0,5,0,1,1,1,1,1,1,branch;full;flag;coherent;coset,exact,1,1,1,1,1,0,0,12
0,1,0,5,1,1,1,1,1,1,1,branch;full;flag;coherent;coset,exact,1,1,1,1,1,0,0,12
0,1,0,5,2,1,1,1,1,1,1,branch;full;flag;coherent;coset,exact,1,1,1,1,1,0,0,11
0,1,0,5,3,1,1,1,1,1,1,branch;full;flag;coherent;coset,exact,1,1,1,1,1,0,0,11
0,1,0,5,4,1,1,1,1,1,1,branch;full;flag;coherent;coset,exact,1,1,1,1,1,0,0,10
0,1,0,5,5,1,1,1,1,1,1,branch;full;flag;coherent;coset,exact,1,1,1,1,1,0,0,10
0,1,0,5,6,1,1,1,1,1,1,branch;full;flag;coherent;coset,exact,1,1,1,1,1,0,0,10
0,1,0,5,7,1,1,1,1,1,1,branch;full;flag;coherent;coset,exact,1,1,1,1,1,0,0,10
0,1,0,6,0,1,1,1,1,1,1,branch;full;flag;coherent;coset,exact,1,1,1,1,1,0,0,12
0,1,0,6,1,1,1,1,1,1,1,branch;full;flag;coherent;coset,exact,1,1,1,1,1,0,0,12
0,1,0,6,2,1,1,1,1,1,1,branch;full;flag;coherent;coset,exact,1,1,1,1,1,0,0,11
0,1,0,6,3,1,1,1,1,1,1,branch;full;flag;coherent;coset,exact,1,1,1,1,1,0,0,11
0,1,0,6,4,1,1,1,1,1,1,branch;full;flag;coherent;coset,exact,1,1,1,1,1,0,0,10
0,1,0,6,5,1,1,1,1,1,1,branch;full;flag;coherent;coset,exact,1,1,1,1,1,0,0,10
0,1,0,6,6,1,1,1,1,1,1,branch;full;flag;coherent;coset,exact,1,1,1,1,1,0,0,10
0,1,0,6,7,1,1,1,1,1,1,branch;full;flag;coherent;coset,exact,1,1,1,1,1,0,0,10
0,1,0,7,0,1,1,1,1,1,1,branch;full;flag;coherent;coset,exact,1,1,1,1,1,0,0,12
0,1,0,7,1,1,1,1,1,1,1,branch;full;flag;coherent;coset,exact,1,1,1,1,1,0,0,12
0,1,0,7,2,1,1,1,1,1,1,branch;full;flag;coherent;coset,exact,1,1,1,1,1,0,0,11
0,1,0,7,3,1,1,1,1,1,1,branch;full;flag;coherent;coset,exact,1,1,1,1,1,0,0,11
0,1,0,7,4,1,1,1,1,1,1,branch;full;flag;coherent;coset,exact,1,1,1,1,1,0,0,10
0,1,0,7,5,1,1,1,1,1,1,branch;full;flag;coherent;coset,exact,1,1,1,1,1,0,0,10
0,1,0,7,6,1,1,1,1,1,1,branch;full;flag;coherent;coset,exact,1,1,1,1,1,0,0,10
0,1,0,7,7,1,1,1,1,1,1,branch;full;flag;coherent;coset,exact,1,1,1,1,1,0,0,10
0,1,1/4,0,0,1,1,1,1,1,1,branch;full;flag;coherent;coset,exact,1,1,1,1,1,0,0,16
0,1,1/4,0,1,1,1,1,1,1,1,branch;full;flag;coherent;coset,exact,1,1,1,1,1,0,0,22
0,1,1/4,0,2,1,1,1,1,1,1,branch;full;flag;coherent;coset,exact,1,1,1,1,1,0,0,16
0,1,1/4,0,3,1,1,1,1,1,1,branch;full;flag;coherent;coset,exact,1,1,1,1,1,0,0,16
0,1,1/4,0,4,1,1,1,1,1,1,branch;full;flag;coherent;coset,exact,1,1,1,1,1,0,0,15
0,1,1/4,0,5,1,1,1,1,1,1,branch;full;flag;coherent;coset,exact,1,1,1,1,1,0,0,15
0,1,1/4,0,6,1,1,1,1,1,1,branch;full;flag;coherent;coset,exact,1,1,1,1,1,0,0,14
0,1,1/4,0,7,1,1,1,1,1,1,branch;full;flag;coherent;coset,exact,1,1,1,1,1,0,0,14
0,1,1/4,1,0,1,1,1,1,1,1,branch;full;flag;coherent;coset,exact,1,1,1,1,1,0,0,22
0,1,1/4,1,1,1,1,1,1,1,1,branch;full;flag;coherent;coset,exact,1,1,1,1,1,0,0,28
0,1,1/4,1,2,1,1,1,1,1,1,branch;full;flag;coherent;coset,exact,1,1,1,1,1,0,0,22
0,1,1/4,1,3,1,1,1,1,1,1,branch;full;flag;coherent;coset,exact,1,1,1,1,1,0,0,22
0,1,1/4,1,4,1,1,1,1,1,1,branch;full;flag;coherent;coset,exact,1,1,1,1,1,0,0,21
0,1,1/4,1,5,1,1,1,1,1,1,branch;full;flag;coherent;coset,exact,1,1,1,1,1,0,0,21
0,1,1/4,1,6,1,1,1,1,1,1,branch;full;flag;coherent;coset,exact,1,1,1,1,1,0,0,20
0,1,1/4,1,7,1,1,1,1,1,1,branch;full;flag;coherent;coset,exact,1,1,1,1,1,0,0,20
0,1,1/4,2,0,1,1,1,1,1,1,branch;full;flag;coherent;coset,exact,1,1,1,1,1,0,0,16
0,1,1/4,2,1,1,1,1,1,1,1,branch;full;flag;coherent;coset,exact,1,1,1,1,1,0,0,22
0,1,1/4,2,2,1,1,1,1,1,1,branch;full;flag;coherent;coset,exact,1,1,1,1,1,0,0,16
0,1,1/4,2,3,1,1,1,1,1,1,branch;full;flag;coherent;coset,exact,1,1,1,1,1,0,0,16
0,1,1/4,2,4,1,1,1,1,1,1,branch;full;flag;coherent;coset,exact,1,1,1,1,1,0,0,15
0,1,1/4,2,5,1,1,1,1,1,1,branch;full;flag;coherent;coset,exact,1,1,1,1,1,0,0,15
0,1,1/4,2,6,1,1,1,1,1,1,branch;full;flag;coherent;coset,exact,1,1,1,1,1,0,0,14
0,1,1/4,2,7,1,1,1,1,1,1,branch;full;flag;coherent;coset,exact,1,1,1,1,1,0,0,14
0,1,1/4,3,0,1,1,1,1,1,1,branch;full;flag;coherent;coset,exact,1,1,1,1,1,0,0,16
0,1,1/4,3,1,1,1,1,1,1,1,branch;full;flag;coherent;coset,exact,1,1,1,1,1,0,0,22
0,1,1/4,3,2,1,1,1,1,1,1,branch;full;flag;coherent;coset,exact,1,1,1,1,1,0,0,16
0,1,1/4,3,3,1,1,1,1,1,1,branch;full;flag;coherent;coset,exact,1,1,1,1,1,0,0,16
0,1,1/4,3,4,1,1,1,1,1,1,branch;full;flag;coherent;coset,exact,1,1,1,1,1,0,0,15
0,1,1/4,3,5,1,1,1,1,1,1,branch;full;flag;coherent;coset,exact,1,1,1,1,1,0,0,15
0,1,1/4,3,6,1,1,1,1,1,1,branch;full;flag;coherent;coset,exact,1,1,1,1,1,0,0,14
0,1,1/4,3,7,1,1,1,1,1,1,branch;full;flag;coherent;coset,exact,1,1,1,1,1,0,0,14
0,1,1/4,4,0,1,1,1,1,1,1,branch;full;flag;coherent;coset,exact,1,1,1,1,1,0,0,15
0,1,1/4,4,1,1,1,1,1,1,1,branch;full;flag;coherent;coset,exact,1,1,1,1,1,0,0,21
0,1,1/4,4,2,1,1,1,1,1,1,branch;full;flag;coherent;coset,exact,1,1,1,1,1,0,0,15
0,1,1/4,4,3,1,1,1,1,1,1,branch;full;flag;coherent;coset,exact,1,1,1,1,1,0,0,15
0,1,1/4,4,4,1,1,1,1,1,1,branch;full;flag;coherent;coset,exact,1,1,1,1,1,0,0,14
0,1,1/4,4,5,1,1,1,1,1,1,branch;full;flag;coherent;coset,exact,1,1,1,1,1,0,0,14
0,1,1/4,4,6,1,1,1,1,1,1,branch;full;flag;coherent;coset,exact,1,1,1,1,1,0,0,13
0,1,1/4,4,7,1,1,1,1,1,1,branch;full;flag;coherent;coset,exact,1,1,1,1,1,0,0,13
0,1,1/4,5,0,1,1,1,1,1,1,branch;full;flag;coherent;coset,exact,1,1,1,1,1,0,0,15
0,1,1/4,5,1,1,1,1,1,1,1,branch;full;flag;coherent;coset,exact,1,1,1,1,1,0,0,21
0,1,1/4,5,2,1,1,1,1,1,1,branch;full;flag;coherent;coset,exact,1,1,1,1,1,0,0,15
0,1,1/4,5,3,1,1,1,1,1,1,branch;full;flag;coherent;coset,exact,1,1,1,1,1,0,0,15
0,1,1/4,5,4,1,1,1,1,1,1,branch;full;flag;coherent;coset,exact,1,1,1,1,1,0,0,14
0,1,1/4,5,5,1,1,1,1,1,1,branch;full;flag;coherent;coset,exact,1,1,1,1,1,0,0,14
0,1,1/4,5,6,1,1,1,1,1,1,branch;full;flag;coherent;coset,exact,1,1,1,1,1,0,0,13
0,1,1/4,5,7,1,1,1,1,1,1,branch;full;flag;coherent;coset,exact,1,1,1,1,1,0,0,13
0,1,1/4,6,0,1,1,1,1,1,1,branch;full;flag;coherent;coset,exact,1,1,1,1,1,0,0,14
0,1,1/4,6,1,1,1,1,1,1,1,branch;full;flag;coherent;coset,exact,1,1,1,1,1,0,0,20
0,1,1/4,6,2,1,1,1,1,1,1,branch;full;flag;coherent;coset,exact,1,1,1,1,1,0,0,14
0,1,1/4,6,3,1,1,1,1,1,1,branch;full;flag;coherent;coset,exact,1,1,1,1,1,0,0,14
0,1,1/4,6,4,1,1,1,1,1,1,branch;full;flag;coherent;coset,exact,1,1,1,1,1,0,0,13
0,1,1/4,6,5,1,1,1,1,1,1,branch;full;flag;coherent;coset,exact,1,1,1,1,1,0,0,13
0,1,1/4,6,6,1,1,1,1,1,1,branch;full;flag;coherent;coset,exact,1,1,1,1,1,0,0,12
0,1,1/4,6,7,1,1,1,1,1,1,branch;full;flag;coherent;coset,exact,1,1,1,1,1,0,0,12
0,1,1/4,7,0,1,1,1,1,1,1,branch;full;flag;coherent;coset,exact,1,1,1,1,1,0,0,14
0,1,1/4,7,1,1,1,1,1,1,1,branch;full;flag;coherent;coset,exact,1,1,1,1,1,0,0,20
0,1,1/4,7,2,1,1,1,1,1,1,branch;full;flag;coherent;coset,exact,1,1,1,1,1,0,0,14
0,1,1/4,7,3,1,1,1,1,1,1,branch;full;flag;coherent;coset,exact,1,1,1,1,1,0,0,14
0,1,1/4,7,4,1,1,1,1,1,1,branch;full;flag;coherent;coset,exact,1,1,1,1,1,0,0,13
0,1,1/4,7,5,1,1,1,1,1,1,branch;full;flag;coherent;coset,exact,1,1,1,1,1,0,0,13
0,1,1/4,7,6,1,1,1,1,1,1,branch;full;flag;coherent;coset,exact,1,1,1,1,1,0,0,12
0,1,1/4,7,7,1,1,1,1,1,1,branch;full;flag;coherent;coset,exact,1,1,1,1,1,0,0,12
0,1,1/2,0,0,1,1,1,1,1,1,branch;full;flag;coherent;coset,exact,1,1,1,1,1,0,0,12
0,1,1/2,0,1,1,1,1,1,1,1,branch;full;flag;coherent;coset,exact,1,1,1,1,1,0,0,18
0,1,1/2,0,2,1,1,1,1,1,1,branch;full;flag;coherent;coset,exact,1,1,1,1,1,0,0,16
0,1,1/2,0,3,1,1,1,1,1,1,branch;full;flag;coherent;coset,exact,1,1,1,1,1,0,0,16
0,1,1/2,0,4,1,1,1,1,1,1,branch;full;flag;coherent;coset,exact,1,1,1,1,1,0,0,15
0,1,1/2,0,5,1,1,1,1,1,1,branch;full;flag;coherent;coset,exact,1,1,1,1,1,0,0,15
0,1,1/2,0,6,1,1,1,1,1,1,branch;full;flag;coherent;coset,exact,1,1,1,1,1,0,0,14
0,1,1/2,0,7,1,1,1,1,1,1,branch;full;flag;coherent;coset,exact,1,1,1,1,1,0,0,14
0,1,1/2,1,0,1,1,1,1,1,1,branch;full;flag;coherent;coset,exact,1,1,1,1,1,0,0,18
0,1,1/2,1,1,1,1,1,1,1,1,branch;full;flag;coherent;coset,exact,1,1,1,1,1,0,0,18
0,1,1/2,1,2,1,1,1,1,1,1,branch;full;flag;coherent;coset,exact,1,1,1,1,1,0,0,22
0,1,1/2,1,3,1,1,1,1,1,1,branch;full;flag;coherent;coset,exact,1,1,1,1,1,0,0,22
0,1,1/2,1,4,1,1,1,1,1,1,branch;full;flag;coherent;coset,exact,1,1,1,1,1,0,0,19
0,1,1/2,1,5,1,1,1,1,1,1,branch;full;flag;coherent;coset,exact,1,1,1,1,1,0,0,19
0,1,1/2,1,6,1,1,1,1,1,1,branch;full;flag;coherent;coset,exact,1,1,1,1,1,0,0,18
0,1,1/2,1,7,1,1,1,1,1,1,branch;full;flag;coherent;coset,exact,1,1,1,1,1,0,0,18
0,1,1/2,2,0,1,1,1,1,1,1,branch;full;flag;coherent;coset,exact,1,1,1,1,1,0,0,16
0,1,1/2,2,1,1,1,1,1,1,1,branch;full;flag;coherent;coset,exact,1,1,1,1,1,0,0,22
0,1,1/2,2,2,1,1,1,1,1,1,branch;full;flag;coherent;coset,exact,1,1,1,1,1,0,0,12
0,1,1/2,2,3,1,1,1,1,1,1,branch;full;flag;coherent;coset,exact,1,1,1,1,1,0,0,12
0,1,1/2,2,4,1,1,1,1,1,1,branch;full;flag;coherent;coset,exact,1,1,1,1,1,0,0,15
0,1,1/2,2,5,1,1,1,1,1,1,branch;full;flag;coherent;coset,exact,1,1,1,1,1,0,0,15
0,1,1/2,2,6,1,1,1,1,1,1,branch;full;flag;coherent;coset,exact,1,1,1,1,1,0,0,14
0,1,1/2,2,7,1,1,1,1,1,1,branch;full;flag;coherent;coset,exact,1,1,1,1,1,0,0,14
0,1,1/2,3,0,1,1,1,1,1,1,branch;full;flag;coherent;coset,exact,1,1,1,1,1,0,0,16
0,1,1/2,3,1,1,1,1,1,1,1,branch;full;flag;coherent;coset,exact,1,1,1,1,1,0,0,22
0,1,1/2,3,2,1,1,1,1,1,1,branch;full;flag;coherent;coset,exact,1,1,1,1,1,0,0,12
0,1,1/2,3,3,1,1,1,1,1,1,branch;full;flag;coherent;coset,exact,1,1,1,1,1,0,0,12
0,1,1/2,3,4,1,1,1,1,1,1,branch;full;flag;coherent;coset,exact,1,1,1,1,1,0,0,15
0,1,1/2,3,5,1,1,1,1,1,1,branch;full;flag;coherent;coset,exact,1,1,1,1,1,0,0,15
0,1,1/2,3,6,1,1,1,1,1,1,branch;full;flag;coherent;coset,exact,1,1,1,1,1,0,0,14
0,1,1/2,3,7,1,1,1,1,1,1,branch;full;flag;coherent;coset,exact,1,1,1,1,1,0,0,14
0,1,1/2,4,0,1,1,1,1,1,1,branch;full;flag;coherent;coset,exact,1,1,1,1,1,0,0,15
0,1,1/2,4,1,1,1,1,1,1,1,branch;full;flag;coherent;coset,exact,1,1,1,1,1,0,0,19
0,1,1/2,4,2,1,1,1,1,1,1,branch;full;flag;coherent;coset,exact,1,1,1,1,1,0,0,15
0,1,1/2,4,3,1,1,1,1,1,1,branch;full;flag;coherent;coset,exact,1,1,1,1,1,0,0,15
0,1,1/2,4,4,1,1,1,1,1,1,branch;full;flag;coherent;coset,exact,1,1,1,1,1,0,0,11
0,1,1/2,4,5,1,1,1,1,1,1,branch;full;flag;coherent;coset,exact,1,1,1,1,1,0,0,11
0,1,1/2,4,6,1,1,1,1,1,1,branch;full;flag;coherent;coset,exact,1,1,1,1,1,0,0,11
0,1,1/2,4,7,1,1,1,1,1,1,branch;full;flag;coherent;coset,exact,1,1,1,1,1,0,0,11
0,1,1/2,5,0,1,1,1,1,1,1,branch;full;flag;coherent;coset,exact,1,1,1,1,1,0,0,15
0,1,1/2,5,1,1,1,1,1,1,1,branch;full;flag;coherent;coset,exact,1,1,1,1,1,0,0,19
0,1,1/2,5,2,1,1,1,1,1,1,branch;full;flag;coherent;coset,exact,1,1,1,1,1,0,0,15
0,1,1/2,5,3,1,1,1,1,1,1,branch;full;flag;coherent;coset,exact,1,1,1,1,1,0,0,15
0,1,1/2,5,4,1,1,1,1,1,1,branch;full;flag;coherent;coset,exact,1,1,1,1,1,0,0,11
0,1,1/2,5,5,1,1,1,1,1,1,branch;full;flag;coherent;coset,exact,1,1,1,1,1,0,0,11
0,1,1/2,5,6,1,1,1,1,1,1,branch;full;flag;coherent;coset,exact,1,1,1,1,1,0,0,11
0,1,1/2,5,7,1,1,1,1,1,1,branch;full;flag;coherent;coset,exact,1,1,1,1,1,0,0,11
0,1,1/2,6,0,1,1,1,1,1,1,branch;full;flag;coherent;coset,exact,1,1,1,1,1,0,0,14
0,1,1/2,6,1,1,1,1,1,1,1,branch;full;flag;coherent;coset,exact,1,1,1,1,1,0,0,18
0,1,1/2,6,2,1,1,1,1,1,1,branch;full;flag;coherent;coset,exact,1,1,1,1,1,0,0,14
0,1,1/2,6,3,1,1,1,1,1,1,branch;full;flag;coherent;coset,exact,1,1,1,1,1,0,0,14
0,1,1/2,6,4,1,1,1,1,1,1,branch;full;flag;coherent;coset,exact,1,1,1,1,1,0,0,11
0,1,1/2,6,5,1,1,1,1,1,1,branch;full;flag;coherent;coset,exact,1,1,1,1,1,0,0,11
0,1,1/2,6,6,1,1,1,1,1,1,branch;full;flag;coherent;coset,exact,1,1,1,1,1,0,0,10
0,1,1/2,6,7,1,1,1,1,1,1,branch;full;flag;coherent;coset,exact,1,1,1,1,1,0,0,10
0,1,1/2,7,0,1,1,1,1,1,1,branch;full;flag;coherent;coset,exact,1,1,1,1,1,0,0,14
0,1,1/2,7,1,1,1,1,1,1,1,branch;full;flag;coherent;coset,exact,1,1,1,1,1,0,0,18
0,1,1/2,7,2,1,1,1,1,1,1,branch;full;flag;coherent;coset,exact,1,1,1,1,1,0,0,14
0,1,1/2,7,3,1,1,1,1,1,1,branch;full;flag;coherent;coset,exact,1,1,1,1,1,0,0,14
0,1,1/2,7,4,1,1,1,1,1,1,branch;full;flag;coherent;coset,exact,1,1,1,1,1,0,0,11
0,1,1/2,7,5,1,1,1,1,1,1,branch;full;flag;coherent;coset,exact,1,1,1,1,1,0,0,11
0,1,1/2,7,6,1,1,1,1,1,1,branch;full;flag;coherent;coset,exact,1,1,1,1,1,0,0,10
0,1,1/2,7,7,1,1,1,1,1,1,branch;full;flag;coherent;coset,exact,1,1,1,1,1,0,0,10
0,1,3/4,0,0,1,1,1,1,1,1,branch;full;flag;coherent;coset,exact,1,1,1,1,1,0,0,16
0,1,3/4,0,1,1,1,1,1,1,1,branch;full;flag;coherent;coset,exact,1,1,1,1,1,0,0,22
0,1,3/4,0,2,1,1,1,1,1,1,branch;full;flag;coherent;coset,exact,1,1,1,1,1,0,0,16
0,1,3/4,0,3,1,1,1,1,1,1,branch;full;flag;coherent;coset,exact,1,1,1,1,1,0,0,16
0,1,3/4,0,4,1,1,1,1,1,1,branch;full;flag;coherent;coset,exact,1,1,1,1,1,0,0,15
0,1,3/4,0,5,1,1,1,1,1,1,branch;full;flag;coherent;coset,exact,1,1,1,1,1,0,0,15
0,1,3/4,0,6,1,1,1,1,1,1,branch;full;flag;coherent;coset,exact,1,1,1,1,1,0,0,14
0,1,3/4,0,7,1,1,1,1,1,1,branch;full;flag;coherent;coset,exact,1,1,1,1,1,0,0,14
0,1,3/4,1,0,1,1,1,1,1,1,branch;full;flag;coherent;coset,exact,1,1,1,1,1,0,0,22
0,1,3/4,1,1,1,1,1,1,1,1,branch;full;flag;coherent;coset,exact,1,1,1,1,1,0,0,28
0,1,3/4,1,2,1,1,1,1,1,1,branch;full;flag;coherent;coset,exact,1,1,1,1,1,0,0,22
0,1,3/4,1,3,1,1,1,1,1,1,branch;full;flag;coherent;coset,exact,1,1,1,1,1,0,0,22
0,1,3/4,1,4,1,1,1,1,1,1,branch;full;flag;coherent;coset,exact,1,1,1,1,1,0,0,21
0,1,3/4,1,5,1,1,1,1,1,1,branch;full;flag;coherent;coset,exact,1,1,1,1,1,0,0,21
0,1,3/4,1,6,1,1,1,1,1,1,branch;full;flag;coherent;coset,exact,1,1,1,1,1,0,0,20
0,1,3/4,1,7,1,1,1,1,1,1,branch;full;flag;coherent;coset,exact,1,1,1,1,1,0,0,20
0,1,3/4,2,0,1,1,1,1,1,1,branch;full;flag;coherent;coset,exact,1,1,1,1,1,0,0,16
0,1,3/4,2,1,1,1,1,1,1,1,branch;full;flag;coherent;coset,exact,1,1,1,1,1,0,0,22
0,1,3/4,2,2,1,1,1,1,1,1,branch;full;flag;coherent;coset,exact,1,1,1,1,1,0,0,16
0,1,3/4,2,3,1,1,1,1,1,1,branch;full;flag;coherent;coset,exact,1,1,1,1,1,0,0,16
0,1,3/4,2,4,1,1,1,1,1,1,branch;full;flag;coherent;coset,exact,1,1,1,1,1,0,0,15
0,1,3/4,2,5,1,1,1,1,1,1,branch;full;flag;coherent;coset,exact,1,1,1,1,1,0,0,15
0,1,3/4,2,6,1,1,1,1,1,1,branch;full;flag;coherent;coset,exact,1,1,1,1,1,0,0,14
0,1,3/4,2,7,1,1,1,1,1,1,branch;full;flag;coherent;coset,exact,1,1,1,1,1,0,0,14
0,1,3/4,3,0,1,1,1,1,1,1,branch;full;flag;coherent;coset,exact,1,1,1,1,1,0,0,16
0,1,3/4,3,1,1,1,1,1,1,1,branch;full;flag;coherent;coset,exact,1,1,1,1,1,0,0,22
0,1,3/4,3,2,1,1,1,1,1,1,branch;full;flag;coherent;coset,exact,1,1,1,1,1,0,0,16
0,1,3/4,3,3,1,1,1,1,1,1,branch;full;flag;coherent;coset,exact,1,1,1,1,1,0,0,16
0,1,3/4,3,4,1,1,1,1,1,1,branch;full;flag;coherent;coset,exact,1,1,1,1,1,0,0,15
0,1,3/4,3,5,1,1,1,1,1,1,branch;full;flag;coherent;coset,exact,1,1,1,1,1,0,0,15
0,1,3/4,3,6,1,1,1,1,1,1,branch;full;flag;coherent;coset,exact,1,1,1,1,1,0,0,14
0,1,3/4,3,7,1,1,1,1,1,1,branch;full;flag;coherent;coset,exact,1,1,1,1,1,0,0,14
0,1,3/4,4,0,1,1,1,1,1,1,branch;full;flag;coherent;coset,exact,1,1,1,1,1,0,0,15
0,1,3/4,4,1,1,1,1,1,1,1,branch;full;flag;coherent;coset,exact,1,1,1,1,1,0,0,21
0,1,3/4,4,2,1,1,1,1,1,1,branch;full;flag;coherent;coset,exact,1,1,1,1,1,0,0,15
0,1,3/4,4,3,1,1,1,1,1,1,branch;full;flag;coherent;coset,exact,1,1,1,1,1,0,0,15
0,1,3/4,4,4,1,1,1,1,1,1,branch;full;flag;coherent;coset,exact,1,1,1,1,1,0,0,14
0,1,3/4,4,5,1,1,1,1,1,1,branch;full;flag;coherent;coset,exact,1,1,1,1,1,0,0,14
0,1,3/4,4,6,1,1,1,1,1,1,branch;full;flag;coherent;coset,exact,1,1,1,1,1,0,0,13
0,1,3/4,4,7,1,1,1,1,1,1,branch;full;flag;coherent;coset,exact,1,1,1,1,1,0,0,13
0,1,3/4,5,0,1,1,1,1,1,1,branch;full;flag;coherent;coset,exact,1,1,1,1,1,0,0,15
0,1,3/4,5,1,1,1,1,1,1,1,branch;full;flag;coherent;coset,exact,1,1,1,1,1,0,0,21
0,1,3/4,5,2,1,1,1,1,1,1,branch;full;flag;coherent;coset,exact,1,1,1,1,1,0,0,15
0,1,3/4,5,3,1,1,1,1,1,1,branch;full;flag;coherent;coset,exact,1,1,1,1,1,0,0,15
0,1,3/4,5,4,1,1,1,1,1,1,branch;full;flag;coherent;coset,exact,1,1,1,1,1,0,0,14
0,1,3/4,5,5,1,1,1,1,1,1,branch;full;flag;coherent;coset,exact,1,1,1,1,1,0,0,14
0,1,3/4,5,6,1,1,1,1,1,1,branch;full;flag;coherent;coset,exact,1,1,1,1,1,0,0,13
0,1,3/4,5,7,1,1,1,1,1,1,branch;full;flag;coherent;coset,exact,1,1,1,1,1,0,0,13
0,1,3/4,6,0,1,1,1,1,1,1,branch;full;flag;coherent;coset,exact,1,1,1,1,1,0,0,14
0,1,3/4,6,1,1,1,1,1,1,1,branch;full;flag;coherent;coset,exact,1,1,1,1,1,0,0,20
0,1,3/4,6,2,1,1,1,1,1,1,branch;full;flag;coherent;coset,exact,1,1,1,1,1,0,0,14
0,1,3/4,6,3,1,1,1,1,1,1,branch;full;flag;coherent;coset,exact,1,1,1,1,1,0,0,14
0,1,3/4,6,4,1,1,1,1,1,1,branch;full;flag;coherent;coset,exact,1,1,1,1,1,0,0,13
0,1,3/4,6,5,1,1,1,1,1,1,branch;full;flag;coherent;coset,exact,1,1,1,1,1,0,0,13
0,1,3/4,6,6,1,1,1,1,1,1,branch;full;flag;coherent;coset,exact,1,1,1,1,1,0,0,12
0,1,3/4,6,7,1,1,1,1,1,1,branch;full;flag;coherent;coset,exact,1,1,1,1,1,0,0,12
0,1,3/4,7,0,1,1,1,1,1,1,branch;full;flag;coherent;coset,exact,1,1,1,1,1,0,0,14
0,1,3/4,7,1,1,1,1,1,1,1,branch;full;flag;coherent;coset,exact,1,1,1,1,1,0,0,20
0,1,3/4,7,2,1,1,1,1,1,1,branch;full;flag;coherent;coset,exact,1,1,1,1,1,0,0,14
0,1,3/4,7,3,1,1,1,1,1,1,branch;full;flag;coherent;coset,exact,1,1,1,1,1,0,0,14
0,1,3/4,7,4,1,1,1,1,1,1,branch;full;flag;coherent;coset,exact,1,1,1,1,1,0,0,13
0,1,3/4,7,5,1,1,1,1,1,1,branch;full;flag;coherent;coset,exact,1,1,1,1,1,0,0,13
0,1,3/4,7,6,1,1,1,1,1,1,branch;full;flag;coherent;coset,exact,1,1,1,1,1,0,0,12
0,1,3/4,7,7,1,1,1,1,1,1,branch;full;flag;coherent;coset,exact,1,1,1,1,1,0,0,12
0,1,1,0,0,1,1,1,1,1,1,branch;full;flag;coherent;coset,exact,1,1,1,1,1,0,0,14
0,1,1,0,1,1,1,1,1,1,1,branch;full;flag;coherent;coset,exact,1,1,1,1,1,0,0,14
0,1,1,0,2,1,1,1,1,1,1,branch;full;flag;coherent;coset,exact,1,1,1,1,1,0,0,13
0,1,1,0,3,1,1,1,1,1,1,branch;full;flag;coherent;coset,exact,1,1,1,1,1,0,0,13
0,1,1,0,4,1,1,1,1,1,1,branch;full;flag;coherent;coset,exact,1,1,1,1,1,0,0,12
0,1,1,0,5,1,1,1,1,1,1,branch;full;flag;coherent;coset,exact,1,1,1,1,1,0,0,12
0,1,1,0,6,1,1,1,1,1,1,branch;full;flag;coherent;coset,exact,1,1,1,1,1,0,0,12
0,1,1,0,7,1,1,1,1,1,1,branch;full;flag;coherent;coset,exact,1,1,1,1,1,0,0,12
0,1,1,1,0,1,1,1,1,1,1,branch;full;flag;coherent;coset,exact,1,1,1,1,1,0,0,14
0,1,1,1,1,1,1,1,1,1,1,branch;full;flag;coherent;coset,exact,1,1,1,1,1,0,0,14
0,1,1,1,2,1,1,1,1,1,1,branch;full;flag;coherent;coset,exact,1,1,1,1,1,0,0,13
0,1,1,1,3,1,1,1,1,1,1,branch;full;flag;coherent;coset,exact,1,1,1,1,1,0,0,13
0,1,1,1,4,1,1,1,1,1,1,branch;full;flag;coherent;coset,exact,1,1,1,1,1,0,0,12
0,1,1,1,5,1,1,1,1,1,1,branch;full;flag;coherent;coset,exact,1,1,1,1,1,0,0,12
0,1,1,1,6,1,1,1,1,1,1,branch;full;flag;coherent;coset,exact,1,1,1,1,1,0,0,12
0,1,1,1,7,1,1,1,1,1,1,branch;full;flag;coherent;coset,exact,1,1,1,1,1,0,0,12
0,1,1,2,0,1,1,1,1,1,1,branch;full;flag;coherent;coset,exact,1,1,1,1,1,0,0,13
0,1,1,2,1,1,1,1,1,1,1,branch;full;flag;coherent;coset,exact,1,1,1,1,1,0,0,13
0,1,1,2,2,1,1,1,1,1,1,branch;full;flag;coherent;coset,exact,1,1,1,1,1,0,0,12
0,1,1,2,3,1,1,1,1,1,1,branch;full;flag;coherent;coset,exact,1,1,1,1,1,0,0,12
0,1,1,2,4,1,1,1,1,1,1,branch;full;flag;coherent;coset,exact,1,1,1,1,1,0,0,11
0,1,1,2,5,1,1,1,1,1,1,branch;full;flag;coherent;coset,exact,1,1,1,1,1,0,0,11
0,1,1,2,6,1,1,1,1,1,1,branch;full;flag;coherent;coset,exact,1,1,1,1,1,0,0,11
0,1,1,2,7,1,1,1,1,1,1,branch;full;flag;coherent;coset,exact,1,1,1,1,1,0,0,11
0,1,1,3,0,1,1,1,1,1,1,branch;full;flag;coherent;coset,exact,1,1,1,1,1,0,0,13
0,1,1,3,1,1,1,1,1,1,1,branch;full;flag;coherent;coset,exact,1,1,1,1,1,0,0,13
0,1,1,3,2,1,1,1,1,1,1,branch;full;flag;coherent;coset,exact,1,1,1,1,1,0,0,12
0,1,1,3,3,1,1,1,1,1,1,branch;full;flag;coherent;coset,exact,1,1,1,1,1,0,0,12
0,1,1,3,4,1,1,1,1,1,1,branch;full;flag;coherent;coset,exact,1,1,1,1,1,0,0,11
0,1,1,3,5,1,1,1,1,1,1,branch;full;flag;coherent;coset,exact,1,1,1,1,1,0,0,11
0,1,1,3,6,1,1,1,1,1,1,branch;full;flag;coherent;coset,exact,1,1,1,1,1,0,0,11
0,1,1,3,7,1,1,1,1,1,1,branch;full;flag;coherent;coset,exact,1,1,1,1,1,0,0,11
0,1,1,4,0,1,1,1,1,1,1,branch;full;flag;coherent;coset,exact,1,1,1,1,1,0,0,12
0,1,1,4,1,1,1,1,1,1,1,branch;full;flag;coherent;coset,exact,1,1,1,1,1,0,0,12
0,1,1,4,2,1,1,1,1,1,1,branch;full;flag;coherent;coset,exact,1,1,1,1,1,0,0,11
0,1,1,4,3,1,1,1,1,1,1,branch;full;flag;coherent;coset,exact,1,1,1,1,1,0,0,11
0,1,1,4,4,1,1,1,1,1,1,branch;full;flag;coherent;coset,exact,1,1,1,1,1,0,0,10
0,1,1,4,5,1,1,1,1,1,1,branch;full;flag;coherent;coset,exact,1,1,1,1,1,0,0,10
0,1,1,4,6,1,1,1,1,1,1,branch;full;flag;coherent;coset,exact,1,1,1,1,1,0,0,10
0,1,1,4,7,1,1,1,1,1,1,branch;full;flag;coherent;coset,exact,1,1,1,1,1,0,0,10
0,1,1,5,0,1,1,1,1,1,1,branch;full;flag;coherent;coset,exact,1,1,1,1,1,0,0,12
0,1,1,5,1,1,1,1,1,1,1,branch;full;flag;coherent;coset,exact,1,1,1,1,1,0,0,12
0,1,1,5,2,1,1,1,1,1,1,branch;full;flag;coherent;coset,exact,1,1,1,1,1,0,0,11
0,1,1,5,3,1,1,1,1,1,1,branch;full;flag;coherent;coset,exact,1,1,1,1,1,0,0,11
0,1,1,5,4,1,1,1,1,1,1,branch;full;flag;coherent;coset,exact,1,1,1,1,1,0,0,10
0,1,1,5,5,1,1,1,1,1,1,branch;full;flag;coherent;coset,exact,1,1,1,1,1,0,0,10
0,1,1,5,6,1,1,1,1,1,1,branch;full;flag;coherent;coset,exact,1,1,1,1,1,0,0,10
0,1,1,5,7,1,1,1,1,1,1,branch;full;flag;coherent;coset,exact,1,1,1,1,1,0,0,10
0,1,1,6,0,1,1,1,1,1,1,branch;full;flag;coherent;coset,exact,1,1,1,1,1,0,0,12
0,1,1,6,1,1,1,1,1,1,1,branch;full;flag;coherent;coset,exact,1,1,1,1,1,0,0,12
0,1,1,6,2,1,1,1,1,1,1,branch;full;flag;coherent;coset,exact,1,1,1,1,1,0,0,11
0,1,1,6,3,1,1,1,1,1,1,branch;full;flag;coherent;coset,exact,1,1,1,1,1,0,0,11
0,1,1,6,4,1,1,1,1,1,1,branch;full;flag;coherent;coset,exact,1,1,1,1,1,0,0,10
0,1,1,6,5,1,1,1,1,1,1,branch;full;flag;coherent;coset,exact,1,1,1,1,1,0,0,10
0,1,1,6,6,1,1,1,1,1,1,branch;full;flag;coherent;coset,exact,1,1,1,1,1,0,0,10
0,1,1,6,7,1,1,1,1,1,1,branch;full;flag;coherent;coset,exact,1,1,1,1,1,0,0,10
0,1,1,7,0,1,1,1,1,1,1,branch;full;flag;coherent;coset,exact,1,1,1,1,1,0,0,12
0,1,1,7,1,1,1,1,1,1,1,branch;full;flag;coherent;coset,exact,1,1,1,1,1,0,0,12
0,1,1,7,2,1,1,1,1,1,1,branch;full;flag;coherent;coset,exact,1,1,1,1,1,0,0,11
0,1,1,7,3,1,1,1,1,1,1,branch;full;flag;coherent;coset,exact,1,1,1,1,1,0,0,11
0,1,1,7,4,1,1,1,1,1,1,branch;full;flag;coherent;coset,exact,1,1,1,1,1,0,0,10
0,1,1,7,5,1,1,1,1,1,1,branch;full;flag;coherent;coset,exact,1,1,1,1,1,0,0,10
0,1,1,7,6,1,1,1,1,1,1,branch;full;flag;coherent;coset,exact,1,1,1,1,1,0,0,10
0,1,1,7,7,1,1,1,1,1,1,branch;full;flag;coherent;coset,exact,1,1,1,1,1,0,0,10
0,2,0,0,0,1,1,1,1,1,1,branch;full;flag;coherent;coset,exact,1,1,1,1,1,0,0,14
0,2,0,0,1,1,1,1,1,1,1,branch;full;flag;coherent;coset,exact,1,1,1,1,1,0,0,14
0,2,0,0,2,1,1,1,1,1,1,branch;full;flag;coherent;coset,exact,1,1,1,1,1,0,0,13
0,2,0,0,3,1,1,1,1,1,1,branch;full;flag;coherent;coset,exact,1,1,1,1,1,0,0,13
0,2,0,0,4,1,1,1,1,1,1,branch;full;flag;coherent;coset,exact,1,1,1,1,1,0,0,14
0,2,0,0,5,1,1,1,1,1,1,branch;full;flag;coherent;coset,exact,1,1,1,1,1,0,0,14
0,2,0,0,6,1,1,1,1,1,1,branch;full;flag;coherent;coset,exact,1,1,1,1,1,0,0,13
0,2,0,0,7,1,1,1,1,1,1,branch;full;flag;coherent;coset,exact,1,1,1,1,1,0,0,13
0,2,0,1,0,1,1,1,1,1,1,branch;full;flag;coherent;coset,exact,1,1,1,1,1,0,0,14
0,2,0,1,1,1,1,1,1,1,1,branch;full;flag;coherent;coset,exact,1,1,1,1,1,0,0,14
0,2,0,1,2,1,1,1,1,1,1,branch;full;flag;coherent;coset,exact,1,1,1,1,1,0,0,13
0,2,0,1,3,1,1,1,1,1,1,branch;full;flag;coherent;coset,exact,1,1,1,1,1,0,0,13
0,2,0,1,4,1,1,1,1,1,1,branch;full;flag;coherent;coset,exact,1,1,1,1,1,0,0,14
0,2,0,1,5,1,1,1,1,1,1,branch;full;flag;coherent;coset,exact,1,1,1,1,1,0,0,14
0,2,0,1,6,1,1,1,1,1,1,branch;full;flag;coherent;coset,exact,1,1,1,1,1,0,0,13
0,2,0,1,7,1,1,1,1,1,1,branch;full;flag;coherent;coset,exact,1,1,1,1,1,0,0,13
0,2,0,2,0,1,1,1,1,1,1,branch;full;flag;coherent;coset,exact,1,1,1,1,1,0,0,13
0,2,0,2,1,1,1,1,1,1,1,branch;full;flag;coherent;coset,exact,1,1,1,1,1,0,0,13
0,2,0,2,2,1,1,1,1,1,1,branch;full;flag;coherent;coset,exact,1,1,1,1,1,0,0,12
0,2,0,2,3,1,1,1,1,1,1,branch;full;flag;coherent;coset,exact,1,1,1,1,1,0,0,12
0,2,0,2,4,1,1,1,1,1,1,branch;full;flag;coherent;coset,exact,1,1,1,1,1,0,0,13
0,2,0,2,5,1,1,1,1,1,1,branch;full;flag;coherent;coset,exact,1,1,1,1,1,0,0,13
0,2,0,2,6,1,1,1,1,1,1,branch;full;flag;coherent;coset,exact,1,1,1,1,1,0,0,12
0,2,0,2,7,1,1,1,1,1,1,branch;full;flag;coherent;coset,exact,1,1,1,1,1,0,0,12
0,2,0,3,0,1,1,1,1,1,1,branch;full;flag;coherent;coset,exact,1,1,1,1,1,0,0,13
0,2,0,3,1,1,1,1,1,1,1,branch;full;flag;coherent;coset,exact,1,1,1,1,1,0,0,13
0,2,0,3,2,1,1,1,1,1,1,branch;full;flag;coherent;coset,exact,1,1,1,1,1,0,0,12
0,2,0,3,3,1,1,1,1,1,1,branch;full;flag;coherent;coset,exact,1,1,1,1,1,0,0,12
0,2,0,3,4,1,1,1,1,1,1,branch;full;flag;coherent;coset,exact,1,1,1,1,1,0,0,13
0,2,0,3,5,1,1,1,1,1,1,branch;full;flag;coherent;coset,exact,1,1,1,1,1,0,0,13
0,2,0,3,6,1,1,1,1,1,1,branch;full;flag;coherent;coset,exact,1,1,1,1,1,0,0,12
0,2,0,3,7,1,1,1,1,1,1,branch;full;flag;coherent;coset,exact,1,1,1,1,1,0,0,12
0,2,0,4,0,1,1,1,1,1,1,branch;full;flag;coherent;coset,exact,1,1,1,1,1,0,0,14
0,2,0,4,1,1,1,1,1,1,1,branch;full;flag;coherent;coset,exact,1,1,1,1,1,0,0,14
0,2,0,4,2,1,1,1,1,1,1,branch;full;flag;coherent;coset,exact,1,1,1,1,1,0,0,13
0,2,0,4,3,1,1,1,1,1,1,branch;full;flag;coherent;coset,exact,1,1,1,1,1,0,0,13
0,2,0,4,4,1,1,1,1,1,1,branch;full;flag;coherent;coset,exact,1,1,1,1,1,0,0,14
0,2,0,4,5,1,1,1,1,1,1,branch;full;flag;coherent;coset,exact,1,1,1,1,1,0,0,14
0,2,0,4,6,1,1,1,1,1,1,branch;full;flag;coherent;coset,exact,1,1,1,1,1,0,0,13
0,2,0,4,7,1,1,1,1,1,1,branch;full;flag;coherent;coset,exact,1,1,1,1,1,0,0,13
0,2,0,5,0,1,1,1,1,1,1,branch;full;flag;coherent;coset,exact,1,1,1,1,1,0,0,14
0,2,0,5,1,1,1,1,1,1,1,branch;full;flag;coherent;coset,exact,1,1,1,1,1,0,0,14
0,2,0,5,2,1,1,1,1,1,1,branch;full;flag;coherent;coset,exact,1,1,1,1,1,0,0,13
0,2,0,5,3,1,1,1,1,1,1,branch;full;flag;coherent;coset,exact,1,1,1,1,1,0,0,13
0,2,0,5,4,1,1,1,1,1,1,branch;full;flag;coherent;coset,exact,1,1,1,1,1,0,0,14
0,2,0,5,5,1,1,1,1,1,1,branch;full;flag;coherent;coset,exact,1,1,1,1,1,0,0,14
0,2,0,5,6,1,1,1,1,1,1,branch;full;flag;coherent;coset,exact,1,1,1,1,1,0,0,13
0,2,0,5,7,1,1,1,1,1,1,branch;full;flag;coherent;coset,exact,1,1,1,1,1,0,0,13
0,2,0,6,0,1,1,1,1,1,1,branch;full;flag;coherent;coset,exact,1,1,1,1,1,0,0,13
0,2,0,6,1,1,1,1,1,1,1,branch;full;flag;coherent;coset,exact,1,1,1,1,1,0,0,13
0,2,0,6,2,1,1,1,1,1,1,branch;full;flag;coherent;coset,exact,1,1,1,1,1,0,0,12
0,2,0,6,3,1,1,1,1,1,1,branch;full;flag;coherent;coset,exact,1,1,1,1,1,0,0,12
0,2,0,6,4,1,1,1,1,1,1,branch;full;flag;coherent;coset,exact,1,1,1,1,1,0,0,13
0,2,0,6,5,1,1,1,1,1,1,branch;full;flag;coherent;coset,exact,1,1,1,1,1,0,0,13
0,2,0,6,6,1,1,1,1,1,1,branch;full;flag;coherent;coset,exact,1,1,1,1,1,0,0,12
0,2,0,6,7,1,1,1,1,1,1,branch;full;flag;coherent;coset,exact,1,1,1,1,1,0,0,12
0,2,0,7,0,1,1,1,1,1,1,branch;full;flag;coherent;coset,exact,1,1,1,1,1,0,0,13
0,2,0,7,1,1,1,1,1,1,1,branch;full;flag;coherent;coset,exact,1,1,1,1,1,0,0,13
0,2,0,7,2,1,1,1,1,1,1,branch;full;flag;coherent;coset,exact,1,1,1,1,1,0,0,12
0,2,0,7,3,1,1,1,1,1,1,branch;full;flag;coherent;coset,exact,1,1,1,1,1,0,0,12
0,2,0,7,4,1,1,1,1,1,1,branch;full;flag;coherent;coset,exact,1,1,1,1,1,0,0,13
0,2,0,7,5,1,1,1,1,1,1,branch;full;flag;coherent;coset,exact,1,1,1,1,1,0,0,13
0,2,0,7,6,1,1,1,1,1,1,branch;full;flag;coherent;coset,exact,1,1,1,1,1,0,0,12
0,2,0,7,7,1,1,1,1,1,1,branch;full;flag;coherent;coset,exact,1,1,1,1,1,0,0,12
0,2,1/4,0,0,1,1,1,1,1,1,branch;full;flag;coherent;coset,exact,1,1,1,1,1,0,0,16
0,2,1/4,0,1,1,1,1,1,1,1,branch;full;flag;coherent;coset,exact,1,1,1,1,1,0,0,22
0,2,1/4,0,2,1,1,1,1,1,1,branch;full;flag;coherent;coset,exact,1,1,1,1,1,0,0,16
0,2,1/4,0,3,1,1,1,1,1,1,branch;full;flag;coherent;coset,exact,1,1,1,1,1,0,0,16
0,2,1/4,0,4,1,1,1,1,1,1,branch;full;flag;coherent;coset,exact,1,1,1,1,1,0,0,15
0,2,1/4,0,5,1,1,1,1,1,1,branch;full;flag;coherent;coset,exact,1,1,1,1,1,0,0,15
0,2,1/4,0,6,1,1,1,1,1,1,branch;full;flag;coherent;coset,exact,1,1,1,1,1,0,0,14
0,2,1/4,0,7,1,1,1,1,1,1,branch;full;flag;coherent;coset,exact,1,1,1,1,1,0,0,14
0,2,1/4,1,0,1,1,1,1,1,1,branch;full;flag;coherent;coset,exact,1,1,1,1,1,0,0,22
0,2,1/4,1,1,1,1,1,1,1,1,branch;full;flag;coherent;coset,exact,1,1,1,1,1,0,0,28
0,2,1/4,1,2,1,1,1,1,1,1,branch;full;flag;coherent;coset,exact,1,1,1,1,1,0,0,22
0,2,1/4,1,3,1,1,1,1,1,1,branch;full;flag;coherent;coset,exact,1,1,1,1,1,0,0,22
0,2,1/4,1,4,1,1,1,1,1,1,branch;full;flag;coherent;coset,exact,1,1,1,1,1,0,0,21
0,2,1/4,1,5,1,1,1,1,1,1,branch;full;flag;coherent;coset,exact,1,1,1,1,1,0,0,21
0,2,1/4,1,6,1,1,1,1,1,1,branch;full;flag;coherent;coset,exact,1,1,1,1,1,0,0,20
0,2,1/4,1,7,1,1,1,1,1,1,branch;full;flag;coherent;coset,exact,1,1,1,1,1,0,0,20
0,2,1/4,2,0,1,1,1,1,1,1,branch;full;flag;coherent;coset,exact,1,1,1,1,1,0,0,16
0,2,1/4,2,1,1,1,1,1,1,1,branch;full;flag;coherent;coset,exact,1,1,1,1,1,0,0,22
0,2,1/4,2,2,1,1,1,1,1,1,branch;full;flag;coherent;coset,exact,1,1,1,1,1,0,0,16
0,2,1/4,2,3,1,1,1,1,1,1,branch;full;flag;coherent;coset,exact,1,1,1,1,1,0,0,16
0,2,1/4,2,4,1,1,1,1,1,1,branch;full;flag;coherent;coset,exact,1,1,1,1,1,0,0,15
0,2,1/4,2,5,1,1,1,1,1,1,branch;full;flag;coherent;coset,exact,1,1,1,1,1,0,0,15
0,2,1/4,2,6,1,1,1,1,1,1,branch;full;flag;coherent;coset,exact,1,1,1,1,1,0,0,14
0,2,1/4,2,7,1,1,1,1,1,1,branch;full;flag;coherent;coset,exact,1,1,1,1,1,0,0,14
0,2,1/4,3,0,1,1,1,1,1,1,branch;full;flag;coherent;coset,exact,1,1,1,1,1,0,0,16
0,2,1/4,3,1,1,1,1,1,1,1,branch;full;flag;coherent;coset,exact,1,1,1,1,1,0,0,22
0,2,1/4,3,2,1,1,1,1,1,1,branch;full;flag;coherent;coset,exact,1,1,1,1,1,0,0,16
0,2,1/4,3,3,1,1,1,1,1,1,branch;full;flag;coherent;coset,exact,1,1,1,1,1,0,0,16
0,2,1/4,3,4,1,1,1,1,1,1,branch;full;flag;coherent;coset,exact,1,1,1,1,1,0,0,15
0,2,1/4,3,5,1,1,1,1,1,1,branch;full;flag;coherent;coset,exact,1,1,1,1,1,0,0,15
0,2,1/4,3,6,1,1,1,1,1,1,branch;full;flag;coherent;coset,exact,1,1,1,1,1,0,0,14
0,2,1/4,3,7,1,1,1,1,1,1,branch;full;flag;coherent;coset,exact,1,1,1,1,1,0,0,14
0,2,1/4,4,0,1,1,1,1,1,1,branch;full;flag;coherent;coset,exact,1,1,1,1,1,0,0,15
0,2,1/4,4,1,1,1,1,1,1,1,branch;full;flag;coherent;coset,exact,1,1,1,1,1,0,0,21
0,2,1/4,4,2,1,1,1,1,1,1,branch;full;flag;coherent;coset,exact,1,1,1,1,1,0,0,15
0,2,1/4,4,3,1,1,1,1,1,1,branch;full;flag;coherent;coset,exact,1,1,1,1,1,0,0,15
0,2,1/4,4,4,1,1,1,1,1,1,branch;full;flag;coherent;coset,exact,1,1,1,1,1,0,0,14
0,2,1/4,4,5,1,1,1,1,1,1,branch;full;flag;coherent;coset,exact,1,1,1,1,1,0,0,14
0,2,1/4,4,6,1,1,1,1,1,1,branch;full;flag;coherent;coset,exact,1,1,1,1,1,0,0,13
0,2,1/4,4,7,1,1,1,1,1,1,branch;full;flag;coherent;coset,exact,1,1,1,1,1,0,0,13
0,2,1/4,5,0,1,1,1,1,1,1,branch;full;flag;coherent;coset,exact,1,1,1,1,1,0,0,15
0,2,1/4,5,1,1,1,1,1,1,1,branch;full;flag;coherent;coset,exact,1,1,1,1,1,0,0,21
0,2,1/4,5,2,1,1,1,1,1,1,branch;full;flag;coherent;coset,exact,1,1,1,1,1,0,0,15
0,2,1/4,5,3,1,1,1,1,1,1,branch;full;flag;coherent;coset,exact,1,1,1,1,1,0,0,15
0,2,1/4,5,4,1,1,1,1,1,1,branch;full;flag;coherent;coset,exact,1,1,1,1,1,0,0,14
0,2,1/4,5,5,1,1,1,1,1,1,branch;full;flag;coherent;coset,exact,1,1,1,1,1,0,0,14
0,2,1/4,5,6,1,1,1,1,1,1,branch;full;flag;coherent;coset,exact,1,1,1,1,1,0,0,13
0,2,1/4,5,7,1,1,1,1,1,1,branch;full;flag;coherent;coset,exact,1,1,1,1,1,0,0,13
0,2,1/4,6,0,1,1,1,1,1,1,branch;full;flag;coherent;coset,exact,1,1,1,1,1,0,0,14
0,2,1/4,6,1,1,1,1,1,1,1,branch;full;flag;coherent;coset,exact,1,1,1,1,1,0,0,20
0,2,1/4,6,2,1,1,1,1,1,1,branch;full;flag;coherent;coset,exact,1,1,1,1,1,0,0,14
0,2,1/4,6,3,1,1,1,1,1,1,branch;full;flag;coherent;coset,exact,1,1,1,1,1,0,0,14
0,2,1/4,6,4,1,1,1,1,1,1,branch;full;flag;coherent;coset,exact,1,1,1,1,1,0,0,13
0,2,1/4,6,5,1,1,1,1,1,1,branch;full;flag;coherent;coset,exact,1,1,1,1,1,0,0,13
0,2,1/4,6,6,1,1,1,1,1,1,branch;full;flag;coherent;coset,exact,1,1,1,1,1,0,0,12
0,2,1/4,6,7,1,1,1,1,1,1,branch;full;flag;coherent;coset,exact,1,1,1,1,1,0,0,12
0,2,1/4,7,0,1,1,1,1,1,1,branch;full;flag;coherent;coset,exact,1,1,1,1,1,0,0,14
0,2,1/4,7,1,1,1,1,1,1,1,branch;full;flag;coherent;coset,exact,1,1,1,1,1,0,0,20
0,2,1/4,7,2,1,1,1,1,1,1,branch;full;flag;coherent;coset,exact,1,1,1,1,1,0,0,14
0,2,1/4,7,3,1,1,1,1,1,1,branch;full;flag;coherent;coset,exact,1,1,1,1,1,0,0,14
0,2,1/4,7,4,1,1,1,1,1,1,branch;full;flag;coherent;coset,exact,1,1,1,1,1,0,0,13
0,2,1/4,7,5,1,1,1,1,1,1,branch;full;flag;coherent;coset,exact,1,1,1,1,1,0,0,13
0,2,1/4,7,6,1,1,1,1,1,1,branch;full;flag;coherent;coset,exact,1,1,1,1,1,0,0,12
0,2,1/4,7,7,1,1,1,1,1,1,branch;full;flag;coherent;coset,exact,1,1,1,1,1,0,0,12
0,2,1/2,0,0,1,1,1,1,1,1,branch;full;flag;coherent;coset,exact,1,1,1,1,1,0,0,12
0,2,1/2,0,1,1,1,1,1,1,1,branch;full;flag;coherent;coset,exact,1,1,1,1,1,0,0,18
0,2,1/2,0,2,1,1,1,1,1,1,branch;full;flag;coherent;coset,exact,1,1,1,1,1,0,0,16
0,2,1/2,0,3,1,1,1,1,1,1,branch;full;flag;coherent;coset,exact,1,1,1,1,1,0,0,16
0,2,1/2,0,4,1,1,1,1,1,1,branch;full;flag;coherent;coset,exact,1,1,1,1,1,0,0,15
0,2,1/2,0,5,1,1,1,1,1,1,branch;full;flag;coherent;coset,exact,1,1,1,1,1,0,0,15
0,2,1/2,0,6,1,1,1,1,1,1,branch;full;flag;coherent;coset,exact,1,1,1,1,1,0,0,14
0,2,1/2,0,7,1,1,1,1,1,1,branch;full;flag;coherent;coset,exact,1,1,1,1,1,0,0,14
0,2,1/2,1,0,1,1,1,1,1,1,branch;full;flag;coherent;coset,exact,1,1,1,1,1,0,0,18
0,2,1/2,1,1,1,1,1,1,1,1,branch;full;flag;coherent;coset,exact,1,1,1,1,1,0,0,18
0,2,1/2,1,2,1,1,1,1,1,1,branch;full;flag;coherent;coset,exact,1,1,1,1,1,0,0,22
0,2,1/2,1,3,1,1,1,1,1,1,branch;full;flag;coherent;coset,exact,1,1,1,1,1,0,0,22
0,2,1/2,1,4,1,1,1,1,1,1,branch;full;flag;coherent;coset,exact,1,1,1,1,1,0,0,19
0,2,1/2,1,5,1,1,1,1,1,1,branch;full;flag;coherent;coset,exact,1,1,1,1,1,0,0,19
0,2,1/2,1,6,1,1,1,1,1,1,branch;full;flag;coherent;coset,exact,1,1,1,1,1,0,0,18
0,2,1/2,1,7,1,1,1,1,1,1,branch;full;flag;coherent;coset,exact,1,1,1,1,1,0,0,18
0,2,1/2,2,0,1,1,1,1,1,1,branch;full;flag;coherent;coset,exact,1,1,1,1,1,0,0,16
0,2,1/2,2,1,1,1,1,1,1,1,branch;full;flag;coherent;coset,exact,1,1,1,1,1,0,0,22
0,2,1/2,2,2,1,1,1,1,1,1,branch;full;flag;coherent;coset,exact,1,1,1,1,1,0,0,12
0,2,1/2,2,3,1,1,1,1,1,1,branch;full;flag;coherent;coset,exact,1,1,1,1,1,0,0,12
0,2,1/2,2,4,1,1,1,1,1,1,branch;full;flag;coherent;coset,exact,1,1,1,1,1,0,0,15
0,2,1/2,2,5,1,1,1,1,1,1,branch;full;flag;coherent;coset,exact,1,1,1,1,1,0,0,15
0,2,1/2,2,6,1,1,1,1,1,1,branch;full;flag;coherent;coset,exact,1,1,1,1,1,0,0,14
0,2,1/2,2,7,1,1,1,1,1,1,branch;full;flag;coherent;coset,exact,1,1,1,1,1,0,0,14
0,2,1/2,3,0,1,1,1,1,1,1,branch;full;flag;coherent;coset,exact,1,1,1,1,1,0,0,16
0,2,1/2,3,1,1,1,1,1,1,1,branch;full;flag;coherent;coset,exact,1,1,1,1,1,0,0,22
0,2,1/2,3,2,1,1,1,1,1,1,branch;full;flag;coherent;coset,exact,1,1,1,1,1,0,0,12
0,2,1/2,3,3,1,1,1,1,1,1,branch;full;flag;coherent;coset,exact,1,1,1,1,1,0,0,12
0,2,1/2,3,4,1,1,1,1,1,1,branch;full;flag;coherent;coset,exact,1,1,1,1,1,0,0,15
0,2,1/2,3,5,1,1,1,1,1,1,branch;full;flag;coherent;coset,exact,1,1,1,1,1,0,0,15
0,2,1/2,3,6,1,1,1,1,1,1,branch;full;flag;coherent;coset,exact,1,1,1,1,1,0,0,14
0,2,1/2,3,7,1,1,1,1,1,1,branch;full;flag;coherent;coset,exact,1,1,1,1,1,0,0,14
0,2,1/2,4,0,1,1,1,1,1,1,branch;full;flag;coherent;coset,exact,1,1,1,1,1,0,0,15
0,2,1/2,4,1,1,1,1,1,1,1,branch;full;flag;coherent;coset,exact,1,1,1,1,1,0,0,19
0,2,1/2,4,2,1,1,1,1,1,1,branch;full;flag;coherent;coset,exact,1,1,1,1,1,0,0,15
0,2,1/2,4,3,1,1,1,1,1,1,branch;full;flag;coherent;coset,exact,1,1,1,1,1,0,0,15
0,2,1/2,4,4,1,1,1,1,1,1,branch;full;flag;coherent;coset,exact,1,1,1,1,1,0,0,11
0,2,1/2,4,5,1,1,1,1,1,1,branch;full;flag;coherent;coset,exact,1,1,1,1,1,0,0,11
0,2,1/2,4,6,1,1,1,1,1,1,branch;full;flag;coherent;coset,exact,1,1,1,1,1,0,0,11
0,2,1/2,4,7,1,1,1,1,1,1,branch;full;flag;coherent;coset,exact,1,1,1,1,1,0,0,11
0,2,1/2,5,0,1,1,1,1,1,1,branch;full;flag;coherent;coset,exact,1,1,1,1,1,0,0,15
0,2,1/2,5,1,1,1,1,1,1,1,branch;full;flag;coherent;coset,exact,1,1,1,1,1,0,0,19
0,2,1/2,5,2,1,1,1,1,1,1,branch;full;flag;coherent;coset,exact,1,1,1,1,1,0,0,15
0,2,1/2,5,3,1,1,1,1,1,1,branch;full;flag;coherent;coset,exact,1,1,1,1,1,0,0,15
0,2,1/2,5,4,1,1,1,1,1,1,branch;full;flag;coherent;coset,exact,1,1,1,1,1,0,0,11
0,2,1/2,5,5,1,1,1,1,1,1,branch;full;flag;coherent;coset,exact,1,1,1,1,1,0,0,11
0,2,1/2,5,6,1,1,1,1,1,1,branch;full;flag;coherent;coset,exact,1,1,1,1,1,0,0,11
0,2,1/2,5,7,1,1,1,1,1,1,branch;full;flag;coherent;coset,exact,1,1,1,1,1,0,0,11
0,2,1/2,6,0,1,1,1,1,1,1,branch;full;flag;coherent;coset,exact,1,1,1,1,1,0,0,14
0,2,1/2,6,1,1,1,1,1,1,1,branch;full;flag;coherent;coset,exact,1,1,1,1,1,0,0,18
0,2,1/2,6,2,1,1,1,1,1,1,branch;full;flag;coherent;coset,exact,1,1,1,1,1,0,0,14
0,2,1/2,6,3,1,1,1,1,1,1,branch;full;flag;coherent;coset,exact,1,1,1,1,1,0,0,14
0,2,1/2,6,4,1,1,1,1,1,1,branch;full;flag;coherent;coset,exact,1,1,1,1,1,0,0,11
0,2,1/2,6,5,1,1,1,1,1,1,branch;full;flag;coherent;coset,exact,1,1,1,1,1,0,0,11
0,2,1/2,6,6,1,1,1,1,1,1,branch;full;flag;coherent;coset,exact,1,1,1,1,1,0,0,10
0,2,1/2,6,7,1,1,1,1,1,1,branch;full;flag;coherent;coset,exact,1,1,1,1,1,0,0,10
0,2,1/2,7,0,1,1,1,1,1,1,branch;full;flag;coherent;coset,exact,1,1,1,1,1,0,0,14
0,2,1/2,7,1,1,1,1,1,1,1,branch;full;flag;coherent;coset,exact,1,1,1,1,1,0,0,18
0,2,1/2,7,2,1,1,1,1,1,1,branch;full;flag;coherent;coset,exact,1,1,1,1,1,0,0,14
0,2,1/2,7,3,1,1,1,1,1,1,branch;full;flag;coherent;coset,exact,1,1,1,1,1,0,0,14
0,2,1/2,7,4,1,1,1,1,1,1,branch;full;flag;coherent;coset,exact,1,1,1,1,1,0,0,11
0,2,1/2,7,5,1,1,1,1,1,1,branch;full;flag;coherent;coset,exact,1,1,1,1,1,0,0,11
0,2,1/2,7,6,1,1,1,1,1,1,branch;full;flag;coherent;coset,exact,1,1,1,1,1,0,0,10
0,2,1/2,7,7,1,1,1,1,1,1,branch;full;flag;coherent;coset,exact,1,1,1,1,1,0,0,10
0,2,3/4,0,0,1,1,1,1,1,1,branch;full;flag;coherent;coset,exact,1,1,1,1,1,0,0,16
0,2,3/4,0,1,1,1,1,1,1,1,branch;full;flag;coherent;coset,exact,1,1,1,1,1,0,0,22
0,2,3/4,0,2,1,1,1,1,1,1,branch;full;flag;coherent;coset,exact,1,1,1,1,1,0,0,16
0,2,3/4,0,3,1,1,1,1,1,1,branch;full;flag;coherent;coset,exact,1,1,1,1,1,0,0,16
0,2,3/4,0,4,1,1,1,1,1,1,branch;full;flag;coherent;coset,exact,1,1,1,1,1,0,0,15
0,2,3/4,0,5,1,1,1,1,1,1,branch;full;flag;coherent;coset,exact,1,1,1,1,1,0,0,15
0,2,3/4,0,6,1,1,1,1,1,1,branch;full;flag;coherent;coset,exact,1,1,1,1,1,0,0,14
0,2,3/4,0,7,1,1,1,1,1,1,branch;full;flag;coherent;coset,exact,1,1,1,1,1,0,0,14
0,2,3/4,1,0,1,1,1,1,1,1,branch;full;flag;coherent;coset,exact,1,1,1,1,1,0,0,22
0,2,3/4,1,1,1,1,1,1,1,1,branch;full;flag;coherent;coset,exact,1,1,1,1,1,0,0,28
0,2,3/4,1,2,1,1,1,1,1,1,branch;full;flag;coherent;coset,exact,1,1,1,1,1,0,0,22
0,2,3/4,1,3,1,1,1,1,1,1,branch;full;flag;coherent;coset,exact,1,1,1,1,1,0,0,22
0,2,3/4,1,4,1,1,1,1,1,1,branch;full;flag;coherent;coset,exact,1,1,1,1,1,0,0,21
0,2,3/4,1,5,1,1,1,1,1,1,branch;full;flag;coherent;coset,exact,1,1,1,1,1,0,0,21
0,2,3/4,1,6,1,1,1,1,1,1,branch;full;flag;coherent;coset,exact,1,1,1,1,1,0,0,20
0,2,3/4,1,7,1,1,1,1,1,1,branch;full;flag;coherent;coset,exact,1,1,1,1,1,0,0,20
0,2,3/4,2,0,1,1,1,1,1,1,branch;full;flag;coherent;coset,exact,1,1,1,1,1,0,0,16
0,2,3/4,2,1,1,1,1,1,1,1,branch;full;flag;coherent;coset,exact,1,1,1,1,1,0,0,22
0,2,3/4,2,2,1,1,1,1,1,1,branch;full;flag;coherent;coset,exact,1,1,1,1,1,0,0,16
0,2,3/4,2,3,1,1,1,1,1,1,branch;full;flag;coherent;coset,exact,1,1,1,1,1,0,0,16
0,2,3/4,2,4,1,1,1,1,1,1,branch;full;flag;coherent;coset,exact,1,1,1,1,1,0,0,15
0,2,3/4,2,5,1,1,1,1,1,1,branch;full;flag;coherent;coset,exact,1,1,1,1,1,0,0,15
0,2,3/4,2,6,1,1,1,1,1,1,branch;full;flag;coherent;coset,exact,1,1,1,1,1,0,0,14
0,2,3/4,2,7,1,1,1,1,1,1,branch;full;flag;coherent;coset,exact,1,1,1,1,1,0,0,14
0,2,3/4,3,0,1,1,1,1,1,1,branch;full;flag;coherent;coset,exact,1,1,1,1,1,0,0,16
0,2,3/4,3,1,1,1,1,1,1,1,branch;full;flag;coherent;coset,exact,1,1,1,1,1,0,0,22
0,2,3/4,3,2,1,1,1,1,1,1,branch;full;flag;coherent;coset,exact,1,1,1,1,1,0,0,16
0,2,3/4,3,3,1,1,1,1,1,1,branch;full;flag;coherent;coset,exact,1,1,1,1,1,0,0,16
0,2,3/4,3,4,1,1,1,1,1,1,branch;full;flag;coherent;coset,exact,1,1,1,1,1,0,0,15
0,2,3/4,3,5,1,1,1,1,1,1,branch;full;flag;coherent;coset,exact,1,1,1,1,1,0,0,15
0,2,3/4,3,6,1,1,1,1,1,1,branch;full;flag;coherent;coset,exact,1,1,1,1,1,0,0,14
0,2,3/4,3,7,1,1,1,1,1,1,branch;full;flag;coherent;coset,exact,1,1,1,1,1,0,0,14
0,2,3/4,4,0,1,1,1,1,1,1,branch;full;flag;coherent;coset,exact,1,1,1,1,1,0,0,15
0,2,3/4,4,1,1,1,1,1,1,1,branch;full;flag;coherent;coset,exact,1,1,1,1,1,0,0,21
0,2,3/4,4,2,1,1,1,1,1,1,branch;full;flag;coherent;coset,exact,1,1,1,1,1,0,0,15
0,2,3/4,4,3,1,1,1,1,1,1,branch;full;flag;coherent;coset,exact,1,1,1,1,1,0,0,15
0,2,3/4,4,4,1,1,1,1,1,1,branch;full;flag;coherent;coset,exact,1,1,1,1,1,0,0,14
0,2,3/4,4,5,1,1,1,1,1,1,branch;full;flag;coherent;coset,exact,1,1,1,1,1,0,0,14
0,2,3/4,4,6,1,1,1,1,1,1,branch;full;flag;coherent;coset,exact,1,1,1,1,1,0,0,13
0,2,3/4,4,7,1,1,1,1,1,1,branch;full;flag;coherent;coset,exact,1,1,1,1,1,0,0,13
0,2,3/4,5,0,1,1,1,1,1,1,branch;full;flag;coherent;coset,exact,1,1,1,1,1,0,0,15
0,2,3/4,5,1,1,1,1,1,1,1,branch;full;flag;coherent;coset,exact,1,1,1,1,1,0,0,21
0,2,3/4,5,2,1,1,1,1,1,1,branch;full;flag;coherent;coset,exact,1,1,1,1,1,0,0,15
0,2,3/4,5,3,1,1,1,1,1,1,branch;full;flag;coherent;coset,exact,1,1,1,1,1,0,0,15
0,2,3/4,5,4,1,1,1,1,1,1,branch;full;flag;coherent;coset,exact,1,1,1,1,1,0,0,14
0,2,3/4,5,5,1,1,1,1,1,1,branch;full;flag;coherent;coset,exact,1,1,1,1,1,0,0,14
0,2,3/4,5,6,1,1,1,1,1,1,branch;full;flag;coherent;coset,exact,1,1,1,1,1,0,0,13
0,2,3/4,5,7,1,1,1,1,1,1,branch;full;flag;coherent;coset,exact,1,1,1,1,1,0,0,13
0,2,3/4,6,0,1,1,1,1,1,1,branch;full;flag;coherent;coset,exact,1,1,1,1,1,0,0,14
0,2,3/4,6,1,1,1,1,1,1,1,branch;full;flag;coherent;coset,exact,1,1,1,1,1,0,0,20
0,2,3/4,6,2,1,1,1,1,1,1,branch;full;flag;coherent;coset,exact,1,1,1,1,1,0,0,14
0,2,3/4,6,3,1,1,1,1,1,1,branch;full;flag;coherent;coset,exact,1,1,1,1,1,0,0,14
0,2,3/4,6,4,1,1,1,1,1,1,branch;full;flag;coherent;coset,exact,1,1,1,1,1,0,0,13
0,2,3/4,6,5,1,1,1,1,1,1,branch;full;flag;coherent;coset,exact,1,1,1,1,1,0,0,13
0,2,3/4,6,6,1,1,1,1,1,1,branch;full;flag;coherent;coset,exact,1,1,1,1,1,0,0,12
0,2,3/4,6,7,1,1,1,1,1,1,branch;full;flag;coherent;coset,exact,1,1,1,1,1,0,0,12
0,2,3/4,7,0,1,1,1,1,1,1,branch;full;flag;coherent;coset,exact,1,1,1,1,1,0,0,14
0,2,3/4,7,1,1,1,1,1,1,1,branch;full;flag;coherent;coset,exact,1,1,1,1,1,0,0,20
0,2,3/4,7,2,1,1,1,1,1,1,branch;full;flag;coherent;coset,exact,1,1,1,1,1,0,0,14
0,2,3/4,7,3,1,1,1,1,1,1,branch;full;flag;coherent;coset,exact,1,1,1,1,1,0,0,14
0,2,3/4,7,4,1,1,1,1,1,1,branch;full;flag;coherent;coset,exact,1,1,1,1,1,0,0,13
0,2,3/4,7,5,1,1,1,1,1,1,branch;full;flag;coherent;coset,exact,1,1,1,1,1,0,0,13
0,2,3/4,7,6,1,1,1,1,1,1,branch;full;flag;coherent;coset,exact,1,1,1,1,1,0,0,12
0,2,3/4,7,7,1,1,1,1,1,1,branch;full;flag;coherent;coset,exact,1,1,1,1,1,0,0,12
0,2,1,0,0,1,1,1,1,1,1,branch;full;flag;coherent;coset,exact,1,1,1,1,1,0,0,14
0,2,1,0,1,1,1,1,1,1,1,branch;full;flag;coherent;coset,exact,1,1,1,1,1,0,0,14
0,2,1,0,2,1,1,1,1,1,1,branch;full;flag;coherent;coset,exact,1,1,1,1,1,0,0,13
0,2,1,0,3,1,1,1,1,1,1,branch;full;flag;coherent;coset,exact,1,1,1,1,1,0,0,13
0,2,1,0,4,1,1,1,1,1,1,branch;full;flag;coherent;coset,exact,1,1,1,1,1,0,0,14
0,2,1,0,5,1,1,1,1,1,1,branch;full;flag;coherent;coset,exact,1,1,1,1,1,0,0,14
0,2,1,0,6,1,1,1,1,1,1,branch;full;flag;coherent;coset,exact,1,1,1,1,1,0,0,13
0,2,1,0,7,1,1,1,1,1,1,branch;full;flag;coherent;coset,exact,1,1,1,1,1,0,0,13
0,2,1,1,0,1,1,1,1,1,1,branch;full;flag;coherent;coset,exact,1,1,1,1,1,0,0,14
0,2,1,1,1,1,1,1,1,1,1,branch;full;flag;coherent;coset,exact,1,1,1,1,1,0,0,14
0,2,1,1,2,1,1,1,1,1,1,branch;full;flag;coherent;coset,exact,1,1,1,1,1,0,0,13
0,2,1,1,3,1,1,1,1,1,1,branch;full;flag;coherent;coset,exact,1,1,1,1,1,0,0,13
0,2,1,1,4,1,1,1,1,1,1,branch;full;flag;coherent;coset,exact,1,1,1,1,1,0,0,14
0,2,1,1,5,1,1,1,1,1,1,branch;full;flag;coherent;coset,exact,1,1,1,1,1,0,0,14
0,2,1,1,6,1,1,1,1,1,1,branch;full;flag;coherent;coset,exact,1,1,1,1,1,0,0,13
0,2,1,1,7,1,1,1,1,1,1,branch;full;flag;coherent;coset,exact,1,1,1,1,1,0,0,13
0,2,1,2,0,1,1,1,1,1,1,branch;full;flag;coherent;coset,exact,1,1,1,1,1,0,0,13
0,2,1,2,1,1,1,1,1,1,1,branch;full;flag;coherent;coset,exact,1,1,1,1,1,0,0,13
0,2,1,2,2,1,1,1,1,1,1,branch;full;flag;coherent;coset,exact,1,1,1,1,1,0,0,12
0,2,1,2,3,1,1,1,1,1,1,branch;full;flag;coherent;coset,exact,1,1,1,1,1,0,0,12
0,2,1,2,4,1,1,1,1,1,1,branch;full;flag;coherent;coset,exact,1,1,1,1,1,0,0,13
0,2,1,2,5,1,1,1,1,1,1,branch;full;flag;coherent;coset,exact,1,1,1,1,1,0,0,13
0,2,1,2,6,1,1,1,1,1,1,branch;full;flag;coherent;coset,exact,1,1,1,1,1,0,0,12
0,2,1,2,7,1,1,1,1,1,1,branch;full;flag;coherent;coset,exact,1,1,1,1,1,0,0,12
0,2,1,3,0,1,1,1,1,1,1,branch;full;flag;coherent;coset,exact,1,1,1,1,1,0,0,13
0,2,1,3,1,1,1,1,1,1,1,branch;full;flag;coherent;coset,exact,1,1,1,1,1,0,0,13
0,2,1,3,2,1,1,1,1,1,1,branch;full;flag;coherent;coset,exact,1,1,1,1,1,0,0,12
0,2,1,3,3,1,1,1,1,1,1,branch;full;flag;coherent;coset,exact,1,1,1,1,1,0,0,12
0,2,1,3,4,1,1,1,1,1,1,branch;full;flag;coherent;coset,exact,1,1,1,1,1,0,0,13
0,2,1,3,5,1,1,1,1,1,1,branch;full;flag;coherent;coset,exact,1,1,1,1,1,0,0,13
0,2,1,3,6,1,1,1,1,1,1,branch;full;flag;coherent;coset,exact,1,1,1,1,1,0,0,12
0,2,1,3,7,1,1,1,1,1,1,branch;full;flag;coherent;coset,exact,1,1,1,1,1,0,0,12
0,2,1,4,0,1,1,1,1,1,1,branch;full;flag;coherent;coset,exact,1,1,1,1,1,0,0,14
0,2,1,4,1,1,1,1,1,1,1,branch;full;flag;coherent;coset,exact,1,1,1,1,1,0,0,14
0,2,1,4,2,1,1,1,1,1,1,branch;full;flag;coherent;coset,exact,1,1,1,1,1,0,0,13
0,2,1,4,3,1,1,1,1,1,1,branch;full;flag;coherent;coset,exact,1,1,1,1,1,0,0,13
0,2,1,4,4,1,1,1,1,1,1,branch;full;flag;coherent;coset,exact,1,1,1,1,1,0,0,14
0,2,1,4,5,1,1,1,1,1,1,branch;full;flag;coherent;coset,exact,1,1,1,1,1,0,0,14
0,2,1,4,6,1,1,1,1,1,1,branch;full;flag;coherent;coset,exact,1,1,1,1,1,0,0,13
0,2,1,4,7,1,1,1,1,1,1,branch;full;flag;coherent;coset,exact,1,1,1,1,1,0,0,13
0,2,1,5,0,1,1,1,1,1,1,branch;full;flag;coherent;coset,exact,1,1,1,1,1,0,0,14
0,2,1,5,1,1,1,1,1,1,1,branch;full;flag;coherent;coset,exact,1,1,1,1,1,0,0,14
0,2,1,5,2,1,1,1,1,1,1,branch;full;flag;coherent;coset,exact,1,1,1,1,1,0,0,13
0,2,1,5,3,1,1,1,1,1,1,branch;full;flag;coherent;coset,exact,1,1,1,1,1,0,0,13
0,2,1,5,4,1,1,1,1,1,1,branch;full;flag;coherent;coset,exact,1,1,1,1,1,0,0,14
0,2,1,5,5,1,1,1,1,1,1,branch;full;flag;coherent;coset,exact,1,1,1,1,1,0,0,14
0,2,1,5,6,1,1,1,1,1,1,branch;full;flag;coherent;coset,exact,1,1,1,1,1,0,0,13
0,2,1,5,7,1,1,1,1,1,1,branch;full;flag;coherent;coset,exact,1,1,1,1,1,0,0,13
0,2,1,6,0,1,1,1,1,1,1,branch;full;flag;coherent;coset,exact,1,1,1,1,1,0,0,13
0,2,1,6,1,1,1,1,1,1,1,branch;full;flag;coherent;coset,exact,1,1,1,1,1,0,0,13
0,2,1,6,2,1,1,1,1,1,1,branch;full;flag;coherent;coset,exact,1,1,1,1,1,0,0,12
0,2,1,6,3,1,1,1,1,1,1,branch;full;flag;coherent;coset,exact,1,1,1,1,1,0,0,12
0,2,1,6,4,1,1,1,1,1,1,branch;full;flag;coherent;coset,exact,1,1,1,1,1,0,0,13
0,2,1,6,5,1,1,1,1,1,1,branch;full;flag;coherent;coset,exact,1,1,1,1,1,0,0,13
0,2,1,6,6,1,1,1,1,1,1,branch;full;flag;coherent;coset,exact,1,1,1,1,1,0,0,12
0,2,1,6,7,1,1,1,1,1,1,branch;full;flag;coherent;coset,exact,1,1,1,1,1,0,0,12
0,2,1,7,0,1,1,1,1,1,1,branch;full;flag;coherent;coset,exact,1,1,1,1,1,0,0,13
0,2,1,7,1,1,1,1,1,1,1,branch;full;flag;coherent;coset,exact,1,1,1,1,1,0,0,13
0,2,1,7,2,1,1,1,1,1,1,branch;full;flag;coherent;coset,exact,1,1,1,1,1,0,0,12
0,2,1,7,3,1,1,1,1,1,1,branch;full;flag;coherent;coset,exact,1,1,1,1,1,0,0,12
0,2,1,7,4,1,1,1,1,1,1,branch;full;flag;coherent;coset,exact,1,1,1,1,1,0,0,13
0,2,1,7,5,1,1,1,1,1,1,branch;full;flag;coherent;coset,exact,1,1,1,1,1,0,0,13
0,2,1,7,6,1,1,1,1,1,1,branch;full;flag;coherent;coset,exact,1,1,1,1,1,0,0,12
0,2,1,7,7,1,1,1,1,1,1,branch;full;flag;coherent;coset,exact,1,1,1,1,1,0,0,12
0,3,0,0,0,1,1,1,1,1,1,branch;full;flag;coherent;coset,exact,1,1,1,1,1,0,0,14
0,3,0,0,1,1,1,1,1,1,1,branch;full;flag;coherent;coset,exact,1,1,1,1,1,0,0,14
0,3,0,0,2,1,1,1,1,1,1,branch;full;flag;coherent;coset,exact,1,1,1,1,1,0,0,13
0,3,0,0,3,1,1,1,1,1,1,branch;full;flag;coherent;coset,exact,1,1,1,1,1,0,0,13
0,3,0,0,4,1,1,1,1,1,1,branch;full;flag;coherent;coset,exact,1,1,1,1,1,0,0,14
0,3,0,0,5,1,1,1,1,1,1,branch;full;flag;coherent;coset,exact,1,1,1,1,1,0,0,14
0,3,0,0,6,1,1,1,1,1,1,branch;full;flag;coherent;coset,exact,1,1,1,1,1,0,0,13
0,3,0,0,7,1,1,1,1,1,1,branch;full;flag;coherent;coset,exact,1,1,1,1,1,0,0,13
0,3,0,1,0,1,1,1,1,1,1,branch;full;flag;coherent;coset,exact,1,1,1,1,1,0,0,14
0,3,0,1,1,1,1,1,1,1,1,branch;full;flag;coherent;coset,exact,1,1,1,1,1,0,0,14
0,3,0,1,2,1,1,1,1,1,1,branch;full;flag;coherent;coset,exact,1,1,1,1,1,0,0,13
0,3,0,1,3,1,1,1,1,1,1,branch;full;flag;coherent;coset,exact,1,1,1,1,1,0,0,13
0,3,0,1,4,1,1,1,1,1,1,branch;full;flag;coherent;coset,exact,1,1,1,1,1,0,0,14
0,3,0,1,5,1,1,1,1,1,1,branch;full;flag;coherent;coset,exact,1,1,1,1,1,0,0,14
0,3,0,1,6,1,1,1,1,1,1,branch;full;flag;coherent;coset,exact,1,1,1,1,1,0,0,13
0,3,0,1,7,1,1,1,1,1,1,branch;full;flag;coherent;coset,exact,1,1,1,1,1,0,0,13
0,3,0,2,0,1,1,1,1,1,1,branch;full;flag;coherent;coset,exact,1,1,1,1,1,0,0,13
0,3,0,2,1,1,1,1,1,1,1,branch;full;flag;coherent;coset,exact,1,1,1,1,1,0,0,13
0,3,0,2,2,1,1,1,1,1,1,branch;full;flag;coherent;coset,exact,1,1,1,1,1,0,0,12
0,3,0,2,3,1,1,1,1,1,1,branch;full;flag;coherent;coset,exact,1,1,1,1,1,0,0,12
0,3,0,2,4,1,1,1,1,1,1,branch;full;flag;coherent;coset,exact,1,1,1,1,1,0,0,13
0,3,0,2,5,1,1,1,1,1,1,branch;full;flag;coherent;coset,exact,1,1,1,1,1,0,0,13
0,3,0,2,6,1,1,1,1,1,1,branch;full;flag;coherent;coset,exact,1,1,1,1,1,0,0,12
0,3,0,2,7,1,1,1,1,1,1,branch;full;flag;coherent;coset,exact,1,1,1,1,1,0,0,12
0,3,0,3,0,1,1,1,1,1,1,branch;full;flag;coherent;coset,exact,1,1,1,1,1,0,0,13
0,3,0,3,1,1,1,1,1,1,1,branch;full;flag;coherent;coset,exact,1,1,1,1,1,0,0,13
0,3,0,3,2,1,1,1,1,1,1,branch;full;flag;coherent;coset,exact,1,1,1,1,1,0,0,12
0,3,0,3,3,1,1,1,1,1,1,branch;full;flag;coherent;coset,exact,1,1,1,1,1,0,0,12
0,3,0,3,4,1,1,1,1,1,1,branch;full;flag;coherent;coset,exact,1,1,1,1,1,0,0,13
0,3,0,3,5,1,1,1,1,1,1,branch;full;flag;coherent;coset,exact,1,1,1,1,1,0,0,13
0,3,0,3,6,1,1,1,1,1,1,branch;full;flag;coherent;coset,exact,1,1,1,1,1,0,0,12
0,3,0,3,7,1,1,1,1,1,1,branch;full;flag;coherent;coset,exact,1,1,1,1,1,0,0,12
0,3,0,4,0,1,1,1,1,1,1,branch;full;flag;coherent;coset,exact,1,1,1,1,1,0,0,14
0,3,0,4,1,1,1,1,1,1,1,branch;full;flag;coherent;coset,exact,1,1,1,1,1,0,0,14
0,3,0,4,2,1,1,1,1,1,1,branch;full;flag;coherent;coset,exact,1,1,1,1,1,0,0,13
0,3,0,4,3,1,1,1,1,1,1,branch;full;flag;coherent;coset,exact,1,1,1,1,1,0,0,13
0,3,0,4,4,1,1,1,1,1,1,branch;full;flag;coherent;coset,exact,1,1,1,1,1,0,0,14
0,3,0,4,5,1,1,1,1,1,1,branch;full;flag;coherent;coset,exact,1,1,1,1,1,0,0,14
0,3,0,4,6,1,1,1,1,1,1,branch;full;flag;coherent;coset,exact,1,1,1,1,1,0,0,13
0,3,0,4,7,1,1,1,1,1,1,branch;full;flag;coherent;coset,exact,1,1,1,1,1,0,0,13
0,3,0,5,0,1,1,1,1,1,1,branch;full;flag;coherent;coset,exact,1,1,1,1,1,0,0,14
0,3,0,5,1,1,1,1,1,1,1,branch;full;flag;coherent;coset,exact,1,1,1,1,1,0,0,14
0,3,0,5,2,1,1,1,1,1,1,branch;full;flag;coherent;coset,exact,1,1,1,1,1,0,0,13
0,3,0,5,3,1,1,1,1,1,1,branch;full;flag;coherent;coset,exact,1,1,1,1,1,0,0,13
0,3,0,5,4,1,1,1,1,1,1,branch;full;flag;coherent;coset,exact,1,1,1,1,1,0,0,14
0,3,0,5,5,1,1,1,1,1,1,branch;full;flag;coherent;coset,exact,1,1,1,1,1,0,0,14
0,3,0,5,6,1,1,1,1,1,1,branch;full;flag;coherent;coset,exact,1,1,1,1,1,0,0,13
0,3,0,5,7,1,1,1,1,1,1,branch;full;flag;coherent;coset,exact,1,1,1,1,1,0,0,13
0,3,0,6,0,1,1,1,1,1,1,branch;full;flag;coherent;coset,exact,1,1,1,1,1,0,0,13
0,3,0,6,1,1,1,1,1,1,1,branch;full;flag;coherent;coset,exact,1,1,1,1,1,0,0,13
0,3,0,6,2,1,1,1,1,1,1,branch;full;flag;coherent;coset,exact,1,1,1,1,1,0,0,12
0,3,0,6,3,1,1,1,1,1,1,branch;full;flag;coherent;coset,exact,1,1,1,1,1,0,0,12
0,3,0,6,4,1,1,1,1,1,1,branch;full;flag;coherent;coset,exact,1,1,1,1,1,0,0,13
0,3,0,6,5,1,1,1,1,1,1,branch;full;flag;coherent;coset,exact,1,1,1,1,1,0,0,13
0,3,0,6,6,1,1,1,1,1,1,branch;full;flag;coherent;coset,exact,1,1,1,1,1,0,0,12
0,3,0,6,7,1,1,1,1,1,1,branch;full;flag;coherent;coset,exact,1,1,1,1,1,0,0,12
0,3,0,7,0,1,1,1,1,1,1,branch;full;flag;coherent;coset,exact,1,1,1,1,1,0,0,13
0,3,0,7,1,1,1,1,1,1,1,branch;full;flag;coherent;coset,exact,1,1,1,1,1,0,0,13
0,3,0,7,2,1,1,1,1,1,1,branch;full;flag;coherent;coset,exact,1,1,1,1,1,0,0,12
0,3,0,7,3,1,1,1,1,1,1,branch;full;flag;coherent;coset,exact,1,1,1,1,1,0,0,12
0,3,0,7,4,1,1,1,1,1,1,branch;full;flag;coherent;coset,exact,1,1,1,1,1,0,0,13
0,3,0,7,5,1,1,1,1,1,1,branch;full;flag;coherent;coset,exact,1,1,1,1,1,0,0,13
0,3,0,7,6,1,1,1,1,1,1,branch;full;flag;coherent;coset,exact,1,1,1,1,1,0,0,12
0,3,0,7,7,1,1,1,1,1,1,branch;full;flag;coherent;coset,exact,1,1,1,1,1,0,0,12
0,3,1/4,0,0,1,1,1,1,1,1,branch;full;flag;coherent;coset,exact,1,1,1,1,1,0,0,16
0,3,1/4,0,1,1,1,1,1,1,1,branch;full;flag;coherent;coset,exact,1,1,1,1,1,0,0,22
0,3,1/4,0,2,1,1,1,1,1,1,branch;full;flag;coherent;coset,exact,1,1,1,1,1,0,0,16
0,3,1/4,0,3,1,1,1,1,1,1,branch;full;flag;coherent;coset,exact,1,1,1,1,1,0,0,16
0,3,1/4,0,4,1,1,1,1,1,1,branch;full;flag;coherent;coset,exact,1,1,1,1,1,0,0,15
0,3,1/4,0,5,1,1,1,1,1,1,branch;full;flag;coherent;coset,exact,1,1,1,1,1,0,0,15
0,3,1/4,0,6,1,1,1,1,1,1,branch;full;flag;coherent;coset,exact,1,1,1,1,1,0,0,14
0,3,1/4,0,7,1,1,1,1,1,1,branch;full;flag;coherent;coset,exact,1,1,1,1,1,0,0,14
0,3,1/4,1,0,1,1,1,1,1,1,branch;full;flag;coherent;coset,exact,1,1,1,1,1,0,0,22
0,3,1/4,1,1,1,1,1,1,1,1,branch;full;flag;coherent;coset,exact,1,1,1,1,1,0,0,28
0,3,1/4,1,2,1,1,1,1,1,1,branch;full;flag;coherent;coset,exact,1,1,1,1,1,0,0,22
0,3,1/4,1,3,1,1,1,1,1,1,branch;full;flag;coherent;coset,exact,1,1,1,1,1,0,0,22
0,3,1/4,1,4,1,1,1,1,1,1,branch;full;flag;coherent;coset,exact,1,1,1,1,1,0,0,21
0,3,1/4,1,5,1,1,1,1,1,1,branch;full;flag;coherent;coset,exact,1,1,1,1,1,0,0,21
0,3,1/4,1,6,1,1,1,1,1,1,branch;full;flag;coherent;coset,exact,1,1,1,1,1,0,0,20
0,3,1/4,1,7,1,1,1,1,1,1,branch;full;flag;coherent;coset,exact,1,1,1,1,1,0,0,20
0,3,1/4,2,0,1,1,1,1,1,1,branch;full;flag;coherent;coset,exact,1,1,1,1,1,0,0,16
0,3,1/4,2,1,1,1,1,1,1,1,branch;full;flag;coherent;coset,exact,1,1,1,1,1,0,0,22
0,3,1/4,2,2,1,1,1,1,1,1,branch;full;flag;coherent;coset,exact,1,1,1,1,1,0,0,16
0,3,1/4,2,3,1,1,1,1,1,1,branch;full;flag;coherent;coset,exact,1,1,1,1,1,0,0,16
0,3,1/4,2,4,1,1,1,1,1,1,branch;full;flag;coherent;coset,exact,1,1,1,1,1,0,0,15
0,3,1/4,2,5,1,1,1,1,1,1,branch;full;flag;coherent;coset,exact,1,1,1,1,1,0,0,15
0,3,1/4,2,6,1,1,1,1,1,1,branch;full;flag;coherent;coset,exact,1,1,1,1,1,0,0,14
0,3,1/4,2,7,1,1,1,1,1,1,branch;full;flag;coherent;coset,exact,1,1,1,1,1,0,0,14
0,3,1/4,3,0,1,1,1,1,1,1,branch;full;flag;coherent;coset,exact,1,1,1,1,1,0,0,16
0,3,1/4,3,1,1,1,1,1,1,1,branch;full;flag;coherent;coset,exact,1,1,1,1,1,0,0,22
0,3,1/4,3,2,1,1,1,1,1,1,branch;full;flag;coherent;coset,exact,1,1,1,1,1,0,0,16
0,3,1/4,3,3,1,1,1,1,1,1,branch;full;flag;coherent;coset,exact,1,1,1,1,1,0,0,16
0,3,1/4,3,4,1,1,1,1,1,1,branch;full;flag;coherent;coset,exact,1,1,1,1,1,0,0,15
0,3,1/4,3,5,1,1,1,1,1,1,branch;full;flag;coherent;coset,exact,1,1,1,1,1,0,0,15
0,3,1/4,3,6,1,1,1,1,1,1,branch;full;flag;coherent;coset,exact,1,1,1,1,1,0,0,14
0,3,1/4,3,7,1,1,1,1,1,1,branch;full;flag;coherent;coset,exact,1,1,1,1,1,0,0,14
0,3,1/4,4,0,1,1,1,1,1,1,branch;full;flag;coherent;coset,exact,1,1,1,1,1,0,0,15
0,3,1/4,4,1,1,1,1,1,1,1,branch;full;flag;coherent;coset,exact,1,1,1,1,1,0,0,21
0,3,1/4,4,2,1,1,1,1,1,1,branch;full;flag;coherent;coset,exact,1,1,1,1,1,0,0,15
0,3,1/4,4,3,1,1,1,1,1,1,branch;full;flag;coherent;coset,exact,1,1,1,1,1,0,0,15
0,3,1/4,4,4,1,1,1,1,1,1,branch;full;flag;coherent;coset,exact,1,1,1,1,1,0,0,14
0,3,1/4,4,5,1,1,1,1,1,1,branch;full;flag;coherent;coset,exact,1,1,1,1,1,0,0,14
0,3,1/4,4,6,1,1,1,1,1,1,branch;full;flag;coherent;coset,exact,1,1,1,1,1,0,0,13
0,3,1/4,4,7,1,1,1,1,1,1,branch;full;flag;coherent;coset,exact,1,1,1,1,1,0,0,13
0,3,1/4,5,0,1,1,1,1,1,1,branch;full;flag;coherent;coset,exact,1,1,1,1,1,0,0,15
0,3,1/4,5,1,1,1,1,1,1,1,branch;full;flag;coherent;coset,exact,1,1,1,1,1,0,0,21
0,3,1/4,5,2,1,1,1,1,1,1,branch;full;flag;coherent;coset,exact,1,1,1,1,1,0,0,15
0,3,1/4,5,3,1,1,1,1,1,1,branch;full;flag;coherent;coset,exact,1,1,1,1,1,0,0,15
0,3,1/4,5,4,1,1,1,1,1,1,branch;full;flag;coherent;coset,exact,1,1,1,1,1,0,0,14
0,3,1/4,5,5,1,1,1,1,1,1,branch;full;flag;coherent;coset,exact,1,1,1,1,1,0,0,14
0,3,1/4,5,6,1,1,1,1,1,1,branch;full;flag;coherent;coset,exact,1,1,1,1,1,0,0,13
0,3,1/4,5,7,1,1,1,1,1,1,branch;full;flag;coherent;coset,exact,1,1,1,1,1,0,0,13
0,3,1/4,6,0,1,1,1,1,1,1,branch;full;flag;coherent;coset,exact,1,1,1,1,1,0,0,14
0,3,1/4,6,1,1,1,1,1,1,1,branch;full;flag;coherent;coset,exact,1,1,1,1,1,0,0,20
0,3,1/4,6,2,1,1,1,1,1,1,branch;full;flag;coherent;coset,exact,1,1,1,1,1,0,0,14
0,3,1/4,6,3,1,1,1,1,1,1,branch;full;flag;coherent;coset,exact,1,1,1,1,1,0,0,14
0,3,1/4,6,4,1,1,1,1,1,1,branch;full;flag;coherent;coset,exact,1,1,1,1,1,0,0,13
0,3,1/4,6,5,1,1,1,1,1,1,branch;full;flag;coherent;coset,exact,1,1,1,1,1,0,0,13
0,3,1/4,6,6,1,1,1,1,1,1,branch;full;flag;coherent;coset,exact,1,1,1,1,1,0,0,12
0,3,1/4,6,7,1,1,1,1,1,1,branch;full;flag;coherent;coset,exact,1,1,1,1,1,0,0,12
0,3,1/4,7,0,1,1,1,1,1,1,branch;full;flag;coherent;coset,exact,1,1,1,1,1,0,0,14
0,3,1/4,7,1,1,1,1,1,1,1,branch;full;flag;coherent;coset,exact,1,1,1,1,1,0,0,20
0,3,1/4,7,2,1,1,1,1,1,1,branch;full;flag;coherent;coset,exact,1,1,1,1,1,0,0,14
0,3,1/4,7,3,1,1,1,1,1,1,branch;full;flag;coherent;coset,exact,1,1,1,1,1,0,0,14
0,3,1/4,7,4,1,1,1,1,1,1,branch;full;flag;coherent;coset,exact,1,1,1,1,1,0,0,13
0,3,1/4,7,5,1,1,1,1,1,1,branch;full;flag;coherent;coset,exact,1,1,1,1,1,0,0,13
0,3,1/4,7,6,1,1,1,1,1,1,branch;full;flag;coherent;coset,exact,1,1,1,1,1,0,0,12
0,3,1/4,7,7,1,1,1,1,1,1,branch;full;flag;coherent;coset,exact,1,1,1,1,1,0,0,12
0,3,1/2,0,0,1,1,1,1,1,1,branch;full;flag;coherent;coset,exact,1,1,1,1,1,0,0,12
0,3,1/2,0,1,1,1,1,1,1,1,branch;full;flag;coherent;coset,exact,1,1,1,1,1,0,0,18
0,3,1/2,0,2,1,1,1,1,1,1,branch;full;flag;coherent;coset,exact,1,1,1,1,1,0,0,16
0,3,1/2,0,3,1,1,1,1,1,1,branch;full;flag;coherent;coset,exact,1,1,1,1,1,0,0,16
0,3,1/2,0,4,1,1,1,1,1,1,branch;full;flag;coherent;coset,exact,1,1,1,1,1,0,0,15
0,3,1/2,0,5,1,1,1,1,1,1,branch;full;flag;coherent;coset,exact,1,1,1,1,1,0,0,15
0,3,1/2,0,6,1,1,1,1,1,1,branch;full;flag;coherent;coset,exact,1,1,1,1,1,0,0,14
0,3,1/2,0,7,1,1,1,1,1,1,branch;full;flag;coherent;coset,exact,1,1,1,1,1,0,0,14
0,3,1/2,1,0,1,1,1,1,1,1,branch;full;flag;coherent;coset,exact,1,1,1,1,1,0,0,18
0,3,1/2,1,1,1,1,1,1,1,1,branch;full;flag;coherent;coset,exact,1,1,1,1,1,0,0,18
0,3,1/2,1,2,1,1,1,1,1,1,branch;full;flag;coherent;coset,exact,1,1,1,1,1,0,0,22
0,3,1/2,1,3,1,1,1,1,1,1,branch;full;flag;coherent;coset,exact,1,1,1,1,1,0,0,22
0,3,1/2,1,4,1,1,1,1,1,1,branch;full;flag;coherent;coset,exact,1,1,1,1,1,0,0,19
0,3,1/2,1,5,1,1,1,1,1,1,branch;full;flag;coherent;coset,exact,1,1,1,1,1,0,0,19
0,3,1/2,1,6,1,1,1,1,1,1,branch;full;flag;coherent;coset,exact,1,1,1,1,1,0,0,18
0,3,1/2,1,7,1,1,1,1,1,1,branch;full;flag;coherent;coset,exact,1,1,1,1,1,0,0,18
0,3,1/2,2,0,1,1,1,1,1,1,branch;full;flag;coherent;coset,exact,1,1,1,1,1,0,0,16
0,3,1/2,2,1,1,1,1,1,1,1,branch;full;flag;coherent;coset,exact,1,1,1,1,1,0,0,22
0,3,1/2,2,2,1,1,1,1,1,1,branch;full;flag;coherent;coset,exact,1,1,1,1,1,0,0,12
0,3,1/2,2,3,1,1,1,1,1,1,branch;full;flag;coherent;coset,exact,1,1,1,1,1,0,0,12
0,3,1/2,2,4,1,1,1,1,1,1,branch;full;flag;coherent;coset,exact,1,1,1,1,1,0,0,15
0,3,1/2,2,5,1,1,1,1,1,1,branch;full;flag;coherent;coset,exact,1,1,1,1,1,0,0,15
0,3,1/2,2,6,1,1,1,1,1,1,branch;full;flag;coherent;coset,exact,1,1,1,1,1,0,0,14
0,3,1/2,2,7,1,1,1,1,1,1,branch;full;flag;coherent;coset,exact,1,1,1,1,1,0,0,14
0,3,1/2,3,0,1,1,1,1,1,1,branch;full;flag;coherent;coset,exact,1,1,1,1,1,0,0,16
0,3,1/2,3,1,1,1,1,1,1,1,branch;full;flag;coherent;coset,exact,1,1,1,1,1,0,0,22
0,3,1/2,3,2,1,1,1,1,1,1,branch;full;flag;coherent;coset,exact,1,1,1,1,1,0,0,12
0,3,1/2,3,3,1,1,1,1,1,1,branch;full;flag;coherent;coset,exact,1,1,1,1,1,0,0,12
0,3,1/2,3,4,1,1,1,1,1,1,branch;full;flag;coherent;coset,exact,1,1,1,1,1,0,0,15
0,3,1/2,3,5,1,1,1,1,1,1,branch;full;flag;coherent;coset,exact,1,1,1,1,1,0,0,15
0,3,1/2,3,6,1,1,1,1,1,1,branch;full;flag;coherent;coset,exact,1,1,1,1,1,0,0,14
0,3,1/2,3,7,1,1,1,1,1,1,branch;full;flag;coherent;coset,exact,1,1,1,1,1,0,0,14
0,3,1/2,4,0,1,1,1,1,1,1,branch;full;flag;coherent;coset,exact,1,1,1,1,1,0,0,15
0,3,1/2,4,1,1,1,1,1,1,1,branch;full;flag;coherent;coset,exact,1,1,1,1,1,0,0,19
0,3,1/2,4,2,1,1,1,1,1,1,branch;full;flag;coherent;coset,exact,1,1,1,1,1,0,0,15
0,3,1/2,4,3,1,1,1,1,1,1,branch;full;flag;coherent;coset,exact,1,1,1,1,1,0,0,15
0,3,1/2,4,4,1,1,1,1,1,1,branch;full;flag;coherent;coset,exact,1,1,1,1,1,0,0,11
0,3,1/2,4,5,1,1,1,1,1,1,branch;full;flag;coherent;coset,exact,1,1,1,1,1,0,0,11
0,3,1/2,4,6,1,1,1,1,1,1,branch;full;flag;coherent;coset,exact,1,1,1,1,1,0,0,11
0,3,1/2,4,7,1,1,1,1,1,1,branch;full;flag;coherent;coset,exact,1,1,1,1,1,0,0,11
0,3,1/2,5,0,1,1,1,1,1,1,branch;full;flag;coherent;coset,exact,1,1,1,1,1,0,0,15
0,3,1/2,5,1,1,1,1,1,1,1,branch;full;flag;coherent;coset,exact,1,1,1,1,1,0,0,19
0,3,1/2,5,2,1,1,1,1,1,1,branch;full;flag;coherent;coset,exact,1,1,1,1,1,0,0,15
0,3,1/2,5,3,1,1,1,1,1,1,branch;full;flag;coherent;coset,exact,1,1,1,1,1,0,0,15
0,3,1/2,5,4,1,1,1,1,1,1,branch;full;flag;coherent;coset,exact,1,1,1,1,1,0,0,11
0,3,1/2,5,5,1,1,1,1,1,1,branch;full;flag;coherent;coset,exact,1,1,1,1,1,0,0,11
0,3,1/2,5,6,1,1,1,1,1,1,branch;full;flag;coherent;coset,exact,1,1,1,1,1,0,0,11
0,3,1/2,5,7,1,1,1,1,1,1,branch;full;flag;coherent;coset,exact,1,1,1,1,1,0,0,11
0,3,1/2,6,0,1,1,1,1,1,1,branch;full;flag;coherent;coset,exact,1,1,1,1,1,0,0,14
0,3,1/2,6,1,1,1,1,1,1,1,branch;full;flag;coherent;coset,exact,1,1,1,1,1,0,0,18
0,3,1/2,6,2,1,1,1,1,1,1,branch;full;flag;coherent;coset,exact,1,1,1,1,1,0,0,14
0,3,1/2,6,3,1,1,1,1,1,1,branch;full;flag;coherent;coset,exact,1,1,1,1,1,0,0,14
0,3,1/2,6,4,1,1,1,1,1,1,branch;full;flag;coherent;coset,exact,1,1,1,1,1,0,0,11
0,3,1/2,6,5,1,1,1,1,1,1,branch;full;flag;coherent;coset,exact,1,1,1,1,1,0,0,11
0,3,1/2,6,6,1,1,1,1,1,1,branch;full;flag;coherent;coset,exact,1,1,1,1,1,0,0,10
0,3,1/2,6,7,1,1,1,1,1,1,branch;full;flag;coherent;coset,exact,1,1,1,1,1,0,0,10
0,3,1/2,7,0,1,1,1,1,1,1,branch;full;flag;coherent;coset,exact,1,1,1,1,1,0,0,14
0,3,1/2,7,1,1,1,1,1,1,1,branch;full;flag;coherent;coset,exact,1,1,1,1,1,0,0,18
0,3,1/2,7,2,1,1,1,1,1,1,branch;full;flag;coherent;coset,exact,1,1,1,1,1,0,0,14
0,3,1/2,7,3,1,1,1,1,1,1,branch;full;flag;coherent;coset,exact,1,1,1,1,1,0,0,14
0,3,1/2,7,4,1,1,1,1,1,1,branch;full;flag;coherent;coset,exact,1,1,1,1,1,0,0,11
0,3,1/2,7,5,1,1,1,1,1,1,branch;full;flag;coherent;coset,exact,1,1,1,1,1,0,0,11
0,3,1/2,7,6,1,1,1,1,1,1,branch;full;flag;coherent;coset,exact,1,1,1,1,1,0,0,10
0,3,1/2,7,7,1,1,1,1,1,1,branch;full;flag;coherent;coset,exact,1,1,1,1,1,0,0,10
0,3,3/4,0,0,1,1,1,1,1,1,branch;full;flag;coherent;coset,exact,1,1,1,1,1,0,0,16
0,3,3/4,0,1,1,1,1,1,1,1,branch;full;flag;coherent;coset,exact,1,1,1,1,1,0,0,22
0,3,3/4,0,2,1,1,1,1,1,1,branch;full;flag;coherent;coset,exact,1,1,1,1,1,0,0,16
0,3,3/4,0,3,1,1,1,1,1,1,branch;full;flag;coherent;coset,exact,1,1,1,1,1,0,0,16
0,3,3/4,0,4,1,1,1,1,1,1,branch;full;flag;coherent;coset,exact,1,1,1,1,1,0,0,15
0,3,3/4,0,5,1,1,1,1,1,1,branch;full;flag;coherent;coset,exact,1,1,1,1,1,0,0,15
0,3,3/4,0,6,1,1,1,1,1,1,branch;full;flag;coherent;coset,exact,1,1,1,1,1,0,0,14
0,3,3/4,0,7,1,1,1,1,1,1,branch;full;flag;coherent;coset,exact,1,1,1,1,1,0,0,14
0,3,3/4,1,0,1,1,1,1,1,1,branch;full;flag;coherent;coset,exact,1,1,1,1,1,0,0,22
0,3,3/4,1,1,1,1,1,1,1,1,branch;full;flag;coherent;coset,exact,1,1,1,1,1,0,0,28
0,3,3/4,1,2,1,1,1,1,1,1,branch;full;flag;coherent;coset,exact,1,1,1,1,1,0,0,22
0,3,3/4,1,3,1,1,1,1,1,1,branch;full;flag;coherent;coset,exact,1,1,1,1,1,0,0,22
0,3,3/4,1,4,1,1,1,1,1,1,branch;full;flag;coherent;coset,exact,1,1,1,1,1,0,0,21
0,3,3/4,1,5,1,1,1,1,1,1,branch;full;flag;coherent;coset,exact,1,1,1,1,1,0,0,21
0,3,3/4,1,6,1,1,1,1,1,1,branch;full;flag;coherent;coset,exact,1,1,1,1,1,0,0,20
0,3,3/4,1,7,1,1,1,1,1,1,branch;full;flag;coherent;coset,exact,1,1,1,1,1,0,0,20
0,3,3/4,2,0,1,1,1,1,1,1,branch;full;flag;coherent;coset,exact,1,1,1,1,1,0,0,16
0,3,3/4,2,1,1,1,1,1,1,1,branch;full;flag;coherent;coset,exact,1,1,1,1,1,0,0,22
0,3,3/4,2,2,1,1,1,1,1,1,branch;full;flag;coherent;coset,exact,1,1,1,1,1,0,0,16
0,3,3/4,2,3,1,1,1,1,1,1,branch;full;flag;coherent;coset,exact,1,1,1,1,1,0,0,16
0,3,3/4,2,4,1,1,1,1,1,1,branch;full;flag;coherent;coset,exact,1,1,1,1,1,0,0,15
0,3,3/4,2,5,1,1,1,1,1,1,branch;full;flag;coherent;coset,exact,1,1,1,1,1,0,0,15
0,3,3/4,2,6,1,1,1,1,1,1,branch;full;flag;coherent;coset,exact,1,1,1,1,1,0,0,14
0,3,3/4,2,7,1,1,1,1,1,1,branch;full;flag;coherent;coset,exact,1,1,1,1,1,0,0,14
0,3,3/4,3,0,1,1,1,1,1,1,branch;full;flag;coherent;coset,exact,1,1,1,1,1,0,0,16
0,3,3/4,3,1,1,1,1,1,1,1,branch;full;flag;coherent;coset,exact,1,1,1,1,1,0,0,22
0,3,3/4,3,2,1,1,1,1,1,1,branch;full;flag;coherent;coset,exact,1,1,1,1,1,0,0,16
0,3,3/4,3,3,1,1,1,1,1,1,branch;full;flag;coherent;coset,exact,1,1,1,1,1,0,0,16
0,3,3/4,3,4,1,1,1,1,1,1,branch;full;flag;coherent;coset,exact,1,1,1,1,1,0,0,15
0,3,3/4,3,5,1,1,1,1,1,1,branch;full;flag;coherent;coset,exact,1,1,1,1,1,0,0,15
0,3,3/4,3,6,1,1,1,1,1,1,branch;full;flag;coherent;coset,exact,1,1,1,1,1,0,0,14
0,3,3/4,3,7,1,1,1,1,1,1,branch;full;flag;coherent;coset,exact,1,1,1,1,1,0,0,14
0,3,3/4,4,0,1,1,1,1,1,1,branch;full;flag;coherent;coset,exact,1,1,1,1,1,0,0,15
0,3,3/4,4,1,1,1,1,1,1,1,branch;full;flag;coherent;coset,exact,1,1,1,1,1,0,0,21
0,3,3/4,4,2,1,1,1,1,1,1,branch;full;flag;coherent;coset,exact,1,1,1,1,1,0,0,15
0,3,3/4,4,3,1,1,1,1,1,1,branch;full;flag;coherent;coset,exact,1,1,1,1,1,0,0,15
0,3,3/4,4,4,1,1,1,1,1,1,branch;full;flag;coherent;coset,exact,1,1,1,1,1,0,0,14
0,3,3/4,4,5,1,1,1,1,1,1,branch;full;flag;coherent;coset,exact,1,1,1,1,1,0,0,14
0,3,3/4,4,6,1,1,1,1,1,1,branch;full;flag;coherent;coset,exact,1,1,1,1,1,0,0,13
0,3,3/4,4,7,1,1,1,1,1,1,branch;full;flag;coherent;coset,exact,1,1,1,1,1,0,0,13
0,3,3/4,5,0,1,1,1,1,1,1,branch;full;flag;coherent;coset,exact,1,1,1,1,1,0,0,15
0,3,3/4,5,1,1,1,1,1,1,1,branch;full;flag;coherent;coset,exact,1,1,1,1,1,0,0,21
0,3,3/4,5,2,1,1,1,1,1,1,branch;full;flag;coherent;coset,exact,1,1,1,1,1,0,0,15
0,3,3/4,5,3,1,1,1,1,1,1,branch;full;flag;coherent;coset,exact,1,1,1,1,1,0,0,15
0,3,3/4,5,4,1,1,1,1,1,1,branch;full;flag;coherent;coset,exact,1,1,1,1,1,0,0,14
0,3,3/4,5,5,1,1,1,1,1,1,branch;full;flag;coherent;coset,exact,1,1,1,1,1,0,0,14
0,3,3/4,5,6,1,1,1,1,1,1,branch;full;flag;coherent;coset,exact,1,1,1,1,1,0,0,13
0,3,3/4,5,7,1,1,1,1,1,1,branch;full;flag;coherent;coset,exact,1,1,1,1,1,0,0,13
0,3,3/4,6,0,1,1,1,1,1,1,branch;full;flag;coherent;coset,exact,1,1,1,1,1,0,0,14
0,3,3/4,6,1,1,1,1,1,1,1,branch;full;flag;coherent;coset,exact,1,1,1,1,1,0,0,20
0,3,3/4,6,2,1,1,1,1,1,1,branch;full;flag;coherent;coset,exact,1,1,1,1,1,0,0,14
0,3,3/4,6,3,1,1,1,1,1,1,branch;full;flag;coherent;coset,exact,1,1,1,1,1,0,0,14
0,3,3/4,6,4,1,1,1,1,1,1,branch;full;flag;coherent;coset,exact,1,1,1,1,1,0,0,13
0,3,3/4,6,5,1,1,1,1,1,1,branch;full;flag;coherent;coset,exact,1,1,1,1,1,0,0,13
0,3,3/4,6,6,1,1,1,1,1,1,branch;full;flag;coherent;coset,exact,1,1,1,1,1,0,0,12
0,3,3/4,6,7,1,1,1,1,1,1,branch;full;flag;coherent;coset,exact,1,1,1,1,1,0,0,12
0,3,3/4,7,0,1,1,1,1,1,1,branch;full;flag;coherent;coset,exact,1,1,1,1,1,0,0,14
0,3,3/4,7,1,1,1,1,1,1,1,branch;full;flag;coherent;coset,exact,1,1,1,1,1,0,0,20
0,3,3/4,7,2,1,1,1,1,1,1,branch;full;flag;coherent;coset,exact,1,1,1,1,1,0,0,14
0,3,3/4,7,3,1,1,1,1,1,1,branch;full;flag;coherent;coset,exact,1,1,1,1,1,0,0,14
0,3,3/4,7,4,1,1,1,1,1,1,branch;full;flag;coherent;coset,exact,1,1,1,1,1,0,0,13
0,3,3/4,7,5,1,1,1,1,1,1,branch;full;flag;coherent;coset,exact,1,1,1,1,1,0,0,13
0,3,3/4,7,6,1,1,1,1,1,1,branch;full;flag;coherent;coset,exact,1,1,1,1,1,0,0,12
0,3,3/4,7,7,1,1,1,1,1,1,branch;full;flag;coherent;coset,exact,1,1,1,1,1,0,0,12
0,3,1,0,0,1,1,1,1,1,1,branch;full;flag;coherent;coset,exact,1,1,1,1,1,0,0,14
0,3,1,0,1,1,1,1,1,1,1,branch;full;flag;coherent;coset,exact,1,1,1,1,1,0,0,14
0,3,1,0,2,1,1,1,1,1,1,branch;full;flag;coherent;coset,exact,1,1,1,1,1,0,0,13
0,3,1,0,3,1,1,1,1,1,1,branch;full;flag;coherent;coset,exact,1,1,1,1,1,0,0,13
0,3,1,0,4,1,1,1,1,1,1,branch;full;flag;coherent;coset,exact,1,1,1,1,1,0,0,14
0,3,1,0,5,1,1,1,1,1,1,branch;full;flag;coherent;coset,exact,1,1,1,1,1,0,0,14
0,3,1,0,6,1,1,1,1,1,1,branch;full;flag;coherent;coset,exact,1,1,1,1,1,0,0,13
0,3,1,0,7,1,1,1,1,1,1,branch;full;flag;coherent;coset,exact,1,1,1,1,1,0,0,13
0,3,1,1,0,1,1,1,1,1,1,branch;full;flag;coherent;coset,exact,1,1,1,1,1,0,0,14
0,3,1,1,1,1,1,1,1,1,1,branch;full;flag;coherent;coset,exact,1,1,1,1,1,0,0,14
0,3,1,1,2,1,1,1,1,1,1,branch;full;flag;coherent;coset,exact,1,1,1,1,1,0,0,13
0,3,1,1,3,1,1,1,1,1,1,branch;full;flag;coherent;coset,exact,1,1,1,1,1,0,0,13
0,3,1,1,4,1,1,1,1,1,1,branch;full;flag;coherent;coset,exact,1,1,1,1,1,0,0,14
0,3,1,1,5,1,1,1,1,1,1,branch;full;flag;coherent;coset,exact,1,1,1,1,1,0,0,14
0,3,1,1,6,1,1,1,1,1,1,branch;full;flag;coherent;coset,exact,1,1,1,1,1,0,0,13
0,3,1,1,7,1,1,1,1,1,1,branch;full;flag;coherent;coset,exact,1,1,1,1,1,0,0,13
0,3,1,2,0,1,1,1,1,1,1,branch;full;flag;coherent;coset,exact,1,1,1,1,1,0,0,13
0,3,1,2,1,1,1,1,1,1,1,branch;full;flag;coherent;coset,exact,1,1,1,1,1,0,0,13
0,3,1,2,2,1,1,1,1,1,1,branch;full;flag;coherent;coset,exact,1,1,1,1,1,0,0,12
0,3,1,2,3,1,1,1,1,1,1,branch;full;flag;coherent;coset,exact,1,1,1,1,1,0,0,12
0,3,1,2,4,1,1,1,1,1,1,branch;full;flag;coherent;coset,exact,1,1,1,1,1,0,0,13
0,3,1,2,5,1,1,1,1,1,1,branch;full;flag;coherent;coset,exact,1,1,1,1,1,0,0,13
0,3,1,2,6,1,1,1,1,1,1,branch;full;flag;coherent;coset,exact,1,1,1,1,1,0,0,12
0,3,1,2,7,1,1,1,1,1,1,branch;full;flag;coherent;coset,exact,1,1,1,1,1,0,0,12
0,3,1,3,0,1,1,1,1,1,1,branch;full;flag;coherent;coset,exact,1,1,1,1,1,0,0,13
0,3,1,3,1,1,1,1,1,1,1,branch;full;flag;coherent;coset,exact,1,1,1,1,1,0,0,13
0,3,1,3,2,1,1,1,1,1,1,branch;full;flag;coherent;coset,exact,1,1,1,1,1,0,0,12
0,3,1,3,3,1,1,1,1,1,1,branch;full;flag;coherent;coset,exact,1,1,1,1,1,0,0,12
0,3,1,3,4,1,1,1,1,1,1,branch;full;flag;coherent;coset,exact,1,1,1,1,1,0,0,13
0,3,1,3,5,1,1,1,1,1,1,branch;full;flag;coherent;coset,exact,1,1,1,1,1,0,0,13
0,3,1,3,6,1,1,1,1,1,1,branch;full;flag;coherent;coset,exact,1,1,1,1,1,0,0,12
0,3,1,3,7,1,1,1,1,1,1,branch;full;flag;coherent;coset,exact,1,1,1,1,1,0,0,12
0,3,1,4,0,1,1,1,1,1,1,branch;full;flag;coherent;coset,exact,1,1,1,1,1,0,0,14
0,3,1,4,1,1,1,1,1,1,1,branch;full;flag;coherent;coset,exact,1,1,1,1,1,0,0,14
0,3,1,4,2,1,1,1,1,1,1,branch;full;flag;coherent;coset,exact,1,1,1,1,1,0,0,13
0,3,1,4,3,1,1,1,1,1,1,branch;full;flag;coherent;coset,exact,1,1,1,1,1,0,0,13
0,3,1,4,4,1,1,1,1,1,1,branch;full;flag;coherent;coset,exact,1,1,1,1,1,0,0,14
0,3,1,4,5,1,1,1,1,1,1,branch;full;flag;coherent;coset,exact,1,1,1,1,1,0,0,14
0,3,1,4,6,1,1,1,1,1,1,branch;full;flag;coherent;coset,exact,1,1,1,1,1,0,0,13
0,3,1,4,7,1,1,1,1,1,1,branch;full;flag;coherent;coset,exact,1,1,1,1,1,0,0,13
0,3,1,5,0,1,1,1,1,1,1,branch;full;flag;coherent;coset,exact,1,1,1,1,1,0,0,14
0,3,1,5,1,1,1,1,1,1,1,branch;full;flag;coherent;coset,exact,1,1,1,1,1,0,0,14
0,3,1,5,2,1,1,1,1,1,1,branch;full;flag;coherent;coset,exact,1,1,1,1,1,0,0,13
0,3,1,5,3,1,1,1,1,1,1,branch;full;flag;coherent;coset,exact,1,1,1,1,1,0,0,13
0,3,1,5,4,1,1,1,1,1,1,branch;full;flag;coherent;coset,exact,1,1,1,1,1,0,0,14
0,3,1,5,5,1,1,1,1,1,1,branch;full;flag;coherent;coset,exact,1,1,1,1,1,0,0,14
0,3,1,5,6,1,1,1,1,1,1,branch;full;flag;coherent;coset,exact,1,1,1,1,1,0,0,13
0,3,1,5,7,1,1,1,1,1,1,branch;full;flag;coherent;coset,exact,1,1,1,1,1,0,0,13
0,3,1,6,0,1,1,1,1,1,1,branch;full;flag;coherent;coset,exact,1,1,1,1,1,0,0,13
0,3,1,6,1,1,1,1,1,1,1,branch;full;flag;coherent;coset,exact,1,1,1,1,1,0,0,13
0,3,1,6,2,1,1,1,1,1,1,branch;full;flag;coherent;coset,exact,1,1,1,1,1,0,0,12
0,3,1,6,3,1,1,1,1,1,1,branch;full;flag;coherent;coset,exact,1,1,1,1,1,0,0,12
0,3,1,6,4,1,1,1,1,1,1,branch;full;flag;coherent;coset,exact,1,1,1,1,1,0,0,13
0,3,1,6,5,1,1,1,1,1,1,branch;full;flag;coherent;coset,exact,1,1,1,1,1,0,0,13
0,3,1,6,6,1,1,1,1,1,1,branch;full;flag;coherent;coset,exact,1,1,1,1,1,0,0,12
0,3,1,6,7,1,1,1,1,1,1,branch;full;flag;coherent;coset,exact,1,1,1,1,1,0,0,12
0,3,1,7,0,1,1,1,1,1,1,branch;full;flag;coherent;coset,exact,1,1,1,1,1,0,0,13
0,3,1,7,1,1,1,1,1,1,1,branch;full;flag;coherent;coset,exact,1,1,1,1,1,0,0,13
0,3,1,7,2,1,1,1,1,1,1,branch;full;flag;coherent;coset,exact,1,1,1,1,1,0,0,12
0,3,1,7,3,1,1,1,1,1,1,branch;full;flag;coherent;coset,exact,1,1,1,1,1,0,0,12
0,3,1,7,4,1,1,1,1,1,1,branch;full;flag;coherent;coset,exact,1,1,1,1,1,0,0,13
0,3,1,7,5,1,1,1,1,1,1,branch;full;flag;coherent;coset,exact,1,1,1,1,1,0,0,13
0,3,1,7,6,1,1,1,1,1,1,branch;full;flag;coherent;coset,exact,1,1,1,1,1,0,0,12
0,3,1,7,7,1,1,1,1,1,1,branch;full;flag;coherent;coset,exact,1,1,1,1,1,0,0,12
1,0,0,0,0,3/4,3/4,3/4,3/4,3/4,3/4,branch;full;flag;coherent;coset,exact,1,1,3/4,1,1,0,0,13
1,0,0,0,1,1,3/4,3/4,3/4,3/4,3/4,full;flag;coherent;coset,exact,1,1,3/4,1,1,0,0,13
1,0,0,0,2,1,3/4,3/4,3/4,3/4,3/4,full;flag;coherent;coset,exact,1,1,3/4,1,1,0,0,13
1,0,0,0,3,1,3/4,3/4,3/4,3/4,3/4,full;flag;coherent;coset,exact,1,1,3/4,1,1,0,0,13
1,0,0,0,4,1,3/4,3/4,3/4,3/4,3/4,full;flag;coherent;coset,exact,1,1,3/4,1,1,0,0,13
1,0,0,0,5,1,3/4,3/4,3/4,3/4,3/4,full;flag;coherent;coset,exact,1,1,3/4,1,1,0,0,13
1,0,0,0,6,1,3/4,3/4,3/4,3/4,3/4,full;flag;coherent;coset,exact,1,1,3/4,1,1,0,0,13
1,0,0,0,7,1,3/4,3/4,3/4,3/4,3/4,full;flag;coherent;coset,exact,1,1,3/4,1,1,0,0,13
1,0,0,1,0,1,1,1,1,1,1,branch;full;flag;coherent;coset,exact,1,1,1,1,1,0,0,13
1,0,0,1,1,1,1,1,1,1,1,branch;full;flag;coherent;coset,exact,1,1,1,1,1,0,0,13
1,0,0,1,2,1,1,1,1,1,1,branch;full;flag;coherent;coset,exact,1,1,1,1,1,0,0,13
1,0,0,1,3,1,1,1,1,1,1,branch;full;flag;coherent;coset,exact,1,1,1,1,1,0,0,13
1,0,0,1,4,1,1,1,1,1,1,branch;full;flag;coherent;coset,exact,1,1,1,1,1,0,0,13
1,0,0,1,5,1,1,1,1,1,1,branch;full;flag;coherent;coset,exact,1,1,1,1,1,0,0,13
1,0,0,1,6,1,1,1,1,1,1,branch;full;flag;coherent;coset,exact,1,1,1,1,1,0,0,13
1,0,0,1,7,1,1,1,1,1,1,branch;full;flag;coherent;coset,exact,1,1,1,1,1,0,0,13
1,0,0,2,0,1,1,1,1,1,1,branch;full;flag;coherent;coset,exact,1,1,1,1,1,0,0,11
1,0,0,2,1,1,1,1,1,1,1,branch;full;flag;coherent;coset,exact,1,1,1,1,1,0,0,11
1,0,0,2,2,1,1,1,1,1,1,branch;full;flag;coherent;coset,exact,1,1,1,1,1,0,0,11
1,0,0,2,3,1,1,1,1,1,1,branch;full;flag;coherent;coset,exact,1,1,1,1,1,0,0,11
1,0,0,2,4,1,1,1,1,1,1,branch;full;flag;coherent;coset,exact,1,1,1,1,1,0,0,11
1,0,0,2,5,1,1,1,1,1,1,branch;full;flag;coherent;coset,exact,1,1,1,1,1,0,0,11
1,0,0,2,6,1,1,1,1,1,1,branch;full;flag;coherent;coset,exact,1,1,1,1,1,0,0,11
1,0,0,2,7,1,1,1,1,1,1,branch;full;flag;coherent;coset,exact,1,1,1,1,1,0,0,11
1,0,0,3,0,1,1,1,1,1,1,branch;full;flag;coherent;coset,exact,1,1,1,1,1,0,0,11
1,0,0,3,1,1,1,1,1,1,1,branch;full;flag;coherent;coset,exact,1,1,1,1,1,0,0,11
1,0,0,3,2,1,1,1,1,1,1,branch;full;flag;coherent;coset,exact,1,1,1,1,1,0,0,11
1,0,0,3,3,1,1,1,1,1,1,branch;full;flag;coherent;coset,exact,1,1,1,1,1,0,0,11
1,0,0,3,4,1,1,1,1,1,1,branch;full;flag;coherent;coset,exact,1,1,1,1,1,0,0,11
1,0,0,3,5,1,1,1,1,1,1,branch;full;flag;coherent;coset,exact,1,1,1,1,1,0,0,11
1,0,0,3,6,1,1,1,1,1,1,branch;full;flag;coherent;coset,exact,1,1,1,1,1,0,0,11
1,0,0,3,7,1,1,1,1,1,1,branch;full;flag;coherent;coset,exact,1,1,1,1,1,0,0,11
1,0,0,4,0,1,1,1,1,1,1,branch;full;flag;coherent;coset,exact,1,1,1,1,1,0,0,9
1,0,0,4,1,1,1,1,1,1,1,branch;full;flag;coherent;coset,exact,1,1,1,1,1,0,0,9
1,0,0,4,2,1,1,1,1,1,1,branch;full;flag;coherent;coset,exact,1,1,1,1,1,0,0,9
1,0,0,4,3,1,1,1,1,1,1,branch;full;flag;coherent;coset,exact,1,1,1,1,1,0,0,9
1,0,0,4,4,1,1,1,1,1,1,branch;full;flag;coherent;coset,exact,1,1,1,1,1,0,0,9
1,0,0,4,5,1,1,1,1,1,1,branch;full;flag;coherent;coset,exact,1,1,1,1,1,0,0,9
1,0,0,4,6,1,1,1,1,1,1,branch;full;flag;coherent;coset,exact,1,1,1,1,1,0,0,9
1,0,0,4,7,1,1,1,1,1,1,branch;full;flag;coherent;coset,exact,1,1,1,1,1,0,0,9
1,0,0,5,0,1,1,1,1,1,1,branch;full;flag;coherent;coset,exact,1,1,1,1,1,0,0,9
1,0,0,5,1,1,1,1,1,1,1,branch;full;flag;coherent;coset,exact,1,1,1,1,1,0,0,9
1,0,0,5,2,1,1,1,1,1,1,branch;full;flag;coherent;coset,exact,1,1,1,1,1,0,0,9
1,0,0,5,3,1,1,1,1,1,1,branch;full;flag;coherent;coset,exact,1,1,1,1,1,0,0,9
1,0,0,5,4,1,1,1,1,1,1,branch;full;flag;coherent;coset,exact,1,1,1,1,1,0,0,9
1,0,0,5,5,1,1,1,1,1,1,branch;full;flag;coherent;coset,exact,1,1,1,1,1,0,0,9
1,0,0,5,6,1,1,1,1,1,1,branch;full;flag;coherent;coset,exact,1,1,1,1,1,0,0,9
1,0,0,5,7,1,1,1,1,1,1,branch;full;flag;coherent;coset,exact,1,1,1,1,1,0,0,9
1,0,0,6,0,1,1,1,1,1,1,branch;full;flag;coherent;coset,exact,1,1,1,1,1,0,0,9
1,0,0,6,1,1,1,1,1,1,1,branch;full;flag;coherent;coset,exact,1,1,1,1,1,0,0,9
1,0,0,6,2,1,1,1,1,1,1,branch;full;flag;coherent;coset,exact,1,1,1,1,1,0,0,9
1,0,0,6,3,1,1,1,1,1,1,branch;full;flag;coherent;coset,exact,1,1,1,1,1,0,0,9
1,0,0,6,4,1,1,1,1,1,1,branch;full;flag;coherent;coset,exact,1,1,1,1,1,0,0,9
1,0,0,6,5,1,1,1,1,1,1,branch;full;flag;coherent;coset,exact,1,1,1,1,1,0,0,9
1,0,0,6,6,1,1,1,1,1,1,branch;full;flag;coherent;coset,exact,1,1,1,1,1,0,0,9
1,0,0,6,7,1,1,1,1,1,1,branch;full;flag;coherent;coset,exact,1,1,1,1,1,0,0,9
1,0,0,7,0,1,1,1,1,1,1,branch;full;flag;coherent;coset,exact,1,1,1,1,1,0,0,9
1,0,0,7,1,1,1,1,1,1,1,branch;full;flag;coherent;coset,exact,1,1,1,1,1,0,0,9
1,0,0,7,2,1,1,1,1,1,1,branch;full;flag;coherent;coset,exact,1,1,1,1,1,0,0,9
1,0,0,7,3,1,1,1,1,1,1,branch;full;flag;coherent;coset,exact,1,1,1,1,1,0,0,9
1,0,0,7,4,1,1,1,1,1,1,branch;full;flag;coherent;coset,exact,1,1,1,1,1,0,0,9
1,0,0,7,5,1,1,1,1,1,1,branch;full;flag;coherent;coset,exact,1,1,1,1,1,0,0,9
1,0,0,7,6,1,1,1,1,1,1,branch;full;flag;coherent;coset,exact,1,1,1,1,1,0,0,9
1,0,0,7,7,1,1,1,1,1,1,branch;full;flag;coherent;coset,exact,1,1,1,1,1,0,0,9
1,0,1/4,0,0,3/4,3/4,3/4,3/4,3/4,3/4,branch;full;flag;coherent;coset,exact,1,1,3/4,1,1,0,0,19
1,0,1/4,0,1,1,13/16,13/16,13/16,13/16,13/16,full;flag;coherent;coset,exact,1,1,13/16,1,1,0,0,20
1,0,1/4,0,2,1,13/16,13/16,13/16,13/16,13/16,full;flag;coherent;coset,exact,1,1,13/16,1,1,0,0,18
1,0,1/4,0,3,1,13/16,13/16,13/16,13/16,13/16,full;flag;coherent;coset,exact,1,1,13/16,1,1,0,0,18
1,0,1/4,0,4,1,13/16,13/16,13/16,13/16,13/16,full;flag;coherent;coset,exact,1,1,13/16,1,1,0,0,16
1,0,1/4,0,5,1,13/16,13/16,13/16,13/16,13/16,full;flag;coherent;coset,exact,1,1,13/16,1,1,0,0,16
1,0,1/4,0,6,1,13/16,13/16,13/16,13/16,13/16,full;flag;coherent;coset,exact,1,1,13/16,1,1,0,0,16
1,0,1/4,0,7,1,13/16,13/16,13/16,13/16,13/16,full;flag;coherent;coset,exact,1,1,13/16,1,1,0,0,16
1,0,1/4,1,0,1,15/16,15/16,15/16,15/16,15/16,full;flag;coherent;coset,exact,1,1,15/16,1,1,0,0,20
1,0,1/4,1,1,1,1,1,1,1,1,branch;full;flag;coherent;coset,exact,1,1,1,1,1,0,0,20
1,0,1/4,1,2,1,1,1,1,1,1,branch;full;flag;coherent;coset,exact,1,1,1,1,1,0,0,18
1,0,1/4,1,3,1,1,1,1,1,1,branch;full;flag;coherent;coset,exact,1,1,1,1,1,0,0,18
1,0,1/4,1,4,1,1,1,1,1,1,branch;full;flag;coherent;coset,exact,1,1,1,1,1,0,0,16
1,0,1/4,1,5,1,1,1,1,1,1,branch;full;flag;coherent;coset,exact,1,1,1,1,1,0,0,16
1,0,1/4,1,6,1,1,1,1,1,1,branch;full;flag;coherent;coset,exact,1,1,1,1,1,0,0,16
1,0,1/4,1,7,1,1,1,1,1,1,branch;full;flag;coherent;coset,exact,1,1,1,1,1,0,0,16
1,0,1/4,2,0,1,15/16,15/16,15/16,15/16,15/16,full;flag;coherent;coset,exact,1,1,15/16,1,1,0,0,18
1,0,1/4,2,1,1,1,1,1,1,1,branch;full;flag;coherent;coset,exact,1,1,1,1,1,0,0,18
1,0,1/4,2,2,1,1,1,1,1,1,branch;full;flag;coherent;coset,exact,1,1,1,1,1,0,0,16
1,0,1/4,2,3,1,1,1,1,1,1,branch;full;flag;coherent;coset,exact,1,1,1,1,1,0,0,16
1,0,1/4,2,4,1,1,1,1,1,1,branch;full;flag;coherent;coset,exact,1,1,1,1,1,0,0,14
1,0,1/4,2,5,1,1,1,1,1,1,branch;full;flag;coherent;coset,exact,1,1,1,1,1,0,0,14
1,0,1/4,2,6,1,1,1,1,1,1,branch;full;flag;coherent;coset,exact,1,1,1,1,1,0,0,14
1,0,1/4,2,7,1,1,1,1,1,1,branch;full;flag;coherent;coset,exact,1,1,1,1,1,0,0,14
1,0,1/4,3,0,1,15/16,15/16,15/16,15/16,15/16,full;flag;coherent;coset,exact,1,1,15/16,1,1,0,0,18
1,0,1/4,3,1,1,1,1,1,1,1,branch;full;flag;coherent;coset,exact,1,1,1,1,1,0,0,18
1,0,1/4,3,2,1,1,1,1,1,1,branch;full;flag;coherent;coset,exact,1,1,1,1,1,0,0,16
1,0,1/4,3,3,1,1,1,1,1,1,branch;full;flag;coherent;coset,exact,1,1,1,1,1,0,0,16
1,0,1/4,3,4,1,1,1,1,1,1,branch;full;flag;coherent;coset,exact,1,1,1,1,1,0,0,14
1,0,1/4,3,5,1,1,1,1,1,1,branch;full;flag;coherent;coset,exact,1,1,1,1,1,0,0,14
1,0,1/4,3,6,1,1,1,1,1,1,branch;full;flag;coherent;coset,exact,1,1,1,1,1,0,0,14
1,0,1/4,3,7,1,1,1,1,1,1,branch;full;flag;coherent;coset,exact,1,1,1,1,1,0,0,14
1,0,1/4,4,0,1,15/16,15/16,15/16,15/16,15/16,full;flag;coherent;coset,exact,1,1,15/16,1,1,0,0,16
1,0,1/4,4,1,1,1,1,1,1,1,branch;full;flag;coherent;coset,exact,1,1,1,1,1,0,0,16
1,0,1/4,4,2,1,1,1,1,1,1,branch;full;flag;coherent;coset,exact,1,1,1,1,1,0,0,14
1,0,1/4,4,3,1,1,1,1,1,1,branch;full;flag;coherent;coset,exact,1,1,1,1,1,0,0,14
1,0,1/4,4,4,1,1,1,1,1,1,branch;full;flag;coherent;coset,exact,1,1,1,1,1,0,0,12
1,0,1/4,4,5,1,1,1,1,1,1,branch;full;flag;coherent;coset,exact,1,1,1,1,1,0,0,12
1,0,1/4,4,6,1,1,1,1,1,1,branch;full;flag;coherent;coset,exact,1,1,1,1,1,0,0,12
1,0,1/4,4,7,1,1,1,1,1,1,branch;full;flag;coherent;coset,exact,1,1,1,1,1,0,0,12
1,0,1/4,5,0,1,15/16,15/16,15/16,15/16,15/16,full;flag;coherent;coset,exact,1,1,15/16,1,1,0,0,16
1,0,1/4,5,1,1,1,1,1,1,1,branch;full;flag;coherent;coset,exact,1,1,1,1,1,0,0,16
1,0,1/4,5,2,1,1,1,1,1,1,branch;full;flag;coherent;coset,exact,1,1,1,1,1,0,0,14
1,0,1/4,5,3,1,1,1,1,1,1,branch;full;flag;coherent;coset,exact,1,1,1,1,1,0,0,14
1,0,1/4,5,4,1,1,1,1,1,1,branch;full;flag;coherent;coset,exact,1,1,1,1,1,0,0,12
1,0,1/4,5,5,1,1,1,1,1,1,branch;full;flag;coherent;coset,exact,1,1,1,1,1,0,0,12
1,0,1/4,5,6,1,1,1,1,1,1,branch;full;flag;coherent;coset,exact,1,1,1,1,1,0,0,12
1,0,1/4,5,7,1,1,1,1,1,1,branch;full;flag;coherent;coset,exact,1,1,1,1,1,0,0,12
1,0,1/4,6,0,1,15/16,15/16,15/16,15/16,15/16,full;flag;coherent;coset,exact,1,1,15/16,1,1,0,0,16
1,0,1/4,6,1,1,1,1,1,1,1,branch;full;flag;coherent;coset,exact,1,1,1,1,1,0,0,16
1,0,1/4,6,2,1,1,1,1,1,1,branch;full;flag;coherent;coset,exact,1,1,1,1,1,0,0,14
1,0,1/4,6,3,1,1,1,1,1,1,branch;full;flag;coherent;coset,exact,1,1,1,1,1,0,0,14
1,0,1/4,6,4,1,1,1,1,1,1,branch;full;flag;coherent;coset,exact,1,1,1,1,1,0,0,12
1,0,1/4,6,5,1,1,1,1,1,1,branch;full;flag;coherent;coset,exact,1,1,1,1,1,0,0,12
1,0,1/4,6,6,1,1,1,1,1,1,branch;full;flag;coherent;coset,exact,1,1,1,1,1,0,0,12
1,0,1/4,6,7,1,1,1,1,1,1,branch;full;flag;coherent;coset,exact,1,1,1,1,1,0,0,12
1,0,1/4,7,0,1,15/16,15/16,15/16,15/16,15/16,full;flag;coherent;coset,exact,1,1,15/16,1,1,0,0,16
1,0,1/4,7,1,1,1,1,1,1,1,branch;full;flag;coherent;coset,exact,1,1,1,1,1,0,0,16
1,0,1/4,7,2,1,1,1,1,1,1,branch;full;flag;coherent;coset,exact,1,1,1,1,1,0,0,14
1,0,1/4,7,3,1,1,1,1,1,1,branch;full;flag;coherent;coset,exact,1,1,1,1,1,0,0,14
1,0,1/4,7,4,1,1,1,1,1,1,branch;full;flag;coherent;coset,exact,1,1,1,1,1,0,0,12
1,0,1/4,7,5,1,1,1,1,1,1,branch;full;flag;coherent;coset,exact,1,1,1,1,1,0,0,12
1,0,1/4,7,6,1,1,1,1,1,1,branch;full;flag;coherent;coset,exact,1,1,1,1,1,0,0,12
1,0,1/4,7,7,1,1,1,1,1,1,branch;full;flag;coherent;coset,exact,1,1,1,1,1,0,0,12
1,0,1/2,0,0,3/4,3/4,3/4,3/4,3/4,3/4,branch;full;flag;coherent;coset,exact,1,1,3/4,1,1,0,0,13
1,0,1/2,0,1,1,7/8,7/8,7/8,7/8,7/8,full;flag;coherent;coset,exact,1,1,7/8,1,1,0,0,14
1,0,1/2,0,2,1,7/8,7/8,7/8,7/8,7/8,full;flag;coherent;coset,exact,1,1,7/8,1,1,0,0,14
1,0,1/2,0,3,1,7/8,7/8,7/8,7/8,7/8,full;flag;coherent;coset,exact,1,1,7/8,1,1,0,0,14
1,0,1/2,0,4,1,7/8,7/8,7/8,7/8,7/8,full;flag;coherent;coset,exact,1,1,7/8,1,1,0,0,14
1,0,1/2,0,5,1,7/8,7/8,7/8,7/8,7/8,full;flag;coherent;coset,exact,1,1,7/8,1,1,0,0,14
1,0,1/2,0,6,1,7/8,7/8,7/8,7/8,7/8,full;flag;coherent;coset,exact,1,1,7/8,1,1,0,0,14
1,0,1/2,0,7,1,7/8,7/8,7/8,7/8,7/8,full;flag;coherent;coset,exact,1,1,7/8,1,1,0,0,14
1,0,1/2,1,0,1,7/8,7/8,7/8,7/8,7/8,full;flag;coherent;coset,exact,1,1,7/8,1,1,0,0,14
1,0,1/2,1,1,1,1,1,1,1,1,branch;full;flag;coherent;coset,exact,1,1,1,1,1,0,0,14
1,0,1/2,1,2,1,1,1,1,1,1,branch;full;flag;coherent;coset,exact,1,1,1,1,1,0,0,14
1,0,1/2,1,3,1,1,1,1,1,1,branch;full;flag;coherent;coset,exact,1,1,1,1,1,0,0,14
1,0,1/2,1,4,1,1,1,1,1,1,branch;full;flag;coherent;coset,exact,1,1,1,1,1,0,0,14
1,0,1/2,1,5,1,1,1,1,1,1,branch;full;flag;coherent;coset,exact,1,1,1,1,1,0,0,14
1,0,1/2,1,6,1,1,1,1,1,1,branch;full;flag;coherent;coset,exact,1,1,1,1,1,0,0,14
1,0,1/2,1,7,1,1,1,1,1,1,branch;full;flag;coherent;coset,exact,1,1,1,1,1,0,0,14
1,0,1/2,2,0,1,7/8,7/8,7/8,7/8,7/8,full;flag;coherent;coset,exact,1,1,7/8,1,1,0,0,14
1,0,1/2,2,1,1,1,1,1,1,1,branch;full;flag;coherent;coset,exact,1,1,1,1,1,0,0,14
1,0,1/2,2,2,1,1,1,1,1,1,branch;full;flag;coherent;coset,exact,1,1,1,1,1,0,0,12
1,0,1/2,2,3,1,1,1,1,1,1,branch;full;flag;coherent;coset,exact,1,1,1,1,1,0,0,12
1,0,1/2,2,4,1,1,1,1,1,1,branch;full;flag;coherent;coset,exact,1,1,1,1,1,0,0,14
1,0,1/2,2,5,1,1,1,1,1,1,branch;full;flag;coherent;coset,exact,1,1,1,1,1,0,0,14
1,0,1/2,2,6,1,1,1,1,1,1,branch;full;flag;coherent;coset,exact,1,1,1,1,1,0,0,14
1,0,1/2,2,7,1,1,1,1,1,1,branch;full;flag;coherent;coset,exact,1,1,1,1,1,0,0,14
1,0,1/2,3,0,1,7/8,7/8,7/8,7/8,7/8,full;flag;coherent;coset,exact,1,1,7/8,1,1,0,0,14
1,0,1/2,3,1,1,1,1,1,1,1,branch;full;flag;coherent;coset,exact,1,1,1,1,1,0,0,14
1,0,1/2,3,2,1,1,1,1,1,1,branch;full;flag;coherent;coset,exact,1,1,1,1,1,0,0,12
1,0,1/2,3,3,1,1,1,1,1,1,branch;full;flag;coherent;coset,exact,1,1,1,1,1,0,0,12
1,0,1/2,3,4,1,1,1,1,1,1,branch;full;flag;coherent;coset,exact,1,1,1,1,1,0,0,14
1,0,1/2,3,5,1,1,1,1,1,1,branch;full;flag;coherent;coset,exact,1,1,1,1,1,0,0,14
1,0,1/2,3,6,1,1,1,1,1,1,branch;full;flag;coherent;coset,exact,1,1,1,1,1,0,0,14
1,0,1/2,3,7,1,1,1,1,1,1,branch;full;flag;coherent;coset,exact,1,1,1,1,1,0,0,14
1,0,1/2,4,0,1,7/8,7/8,7/8,7/8,7/8,full;flag;coherent;coset,exact,1,1,7/8,1,1,0,0,14
1,0,1/2,4,1,1,1,1,1,1,1,branch;full;flag;coherent;coset,exact,1,1,1,1,1,0,0,14
1,0,1/2,4,2,1,1,1,1,1,1,branch;full;flag;coherent;coset,exact,1,1,1,1,1,0,0,14
1,0,1/2,4,3,1,1,1,1,1,1,branch;full;flag;coherent;coset,exact,1,1,1,1,1,0,0,14
1,0,1/2,4,4,1,1,1,1,1,1,branch;full;flag;coherent;coset,exact,1,1,1,1,1,0,0,10
1,0,1/2,4,5,1,1,1,1,1,1,branch;full;flag;coherent;coset,exact,1,1,1,1,1,0,0,10
1,0,1/2,4,6,1,1,1,1,1,1,branch;full;flag;coherent;coset,exact,1,1,1,1,1,0,0,10
1,0,1/2,4,7,1,1,1,1,1,1,branch;full;flag;coherent;coset,exact,1,1,1,1,1,0,0,10
1,0,1/2,5,0,1,7/8,7/8,7/8,7/8,7/8,full;flag;coherent;coset,exact,1,1,7/8,1,1,0,0,14
1,0,1/2,5,1,1,1,1,1,1,1,branch;full;flag;coherent;coset,exact,1,1,1,1,1,0,0,14
1,0,1/2,5,2,1,1,1,1,1,1,branch;full;flag;coherent;coset,exact,1,1,1,1,1,0,0,14
1,0,1/2,5,3,1,1,1,1,1,1,branch;full;flag;coherent;coset,exact,1,1,1,1,1,0,0,14
1,0,1/2,5,4,1,1,1,1,1,1,branch;full;flag;coherent;coset,exact,1,1,1,1,1,0,0,10
1,0,1/2,5,5,1,1,1,1,1,1,branch;full;flag;coherent;coset,exact,1,1,1,1,1,0,0,10
1,0,1/2,5,6,1,1,1,1,1,1,branch;full;flag;coherent;coset,exact,1,1,1,1,1,0,0,10
1,0,1/2,5,7,1,1,1,1,1,1,branch;full;flag;coherent;coset,exact,1,1,1,1,1,0,0,10
1,0,1/2,6,0,1,7/8,7/8,7/8,7/8,7/8,full;flag;coherent;coset,exact,1,1,7/8,1,1,0,0,14
1,0,1/2,6,1,1,1,1,1,1,1,branch;full;flag;coherent;coset,exact,1,1,1,1,1,0,0,14
1,0,1/2,6,2,1,1,1,1,1,1,branch;full;flag;coherent;coset,exact,1,1,1,1,1,0,0,14
1,0,1/2,6,3,1,1,1,1,1,1,branch;full;flag;coherent;coset,exact,1,1,1,1,1,0,0,14
1,0,1/2,6,4,1,1,1,1,1,1,branch;full;flag;coherent;coset,exact,1,1,1,1,1,0,0,10
1,0,1/2,6,5,1,1,1,1,1,1,branch;full;flag;coherent;coset,exact,1,1,1,1,1,0,0,10
1,0,1/2,6,6,1,1,1,1,1,1,branch;full;flag;coherent;coset,exact,1,1,1,1,1,0,0,10
1,0,1/2,6,7,1,1,1,1,1,1,branch;full;flag;coherent;coset,exact,1,1,1,1,1,0,0,10
1,0,1/2,7,0,1,7/8,7/8,7/8,7/8,7/8,full;flag;coherent;coset,exact,1,1,7/8,1,1,0,0,14
1,0,1/2,7,1,1,1,1,1,1,1,branch;full;flag;coherent;coset,exact,1,1,1,1,1,0,0,14
1,0,1/2,7,2,1,1,1,1,1,1,branch;full;flag;coherent;coset,exact,1,1,1,1,1,0,0,14
1,0,1/2,7,3,1,1,1,1,1,1,branch;full;flag;coherent;coset,exact,1,1,1,1,1,0,0,14
1,0,1/2,7,4,1,1,1,1,1,1,branch;full;flag;coherent;coset,exact,1,1,1,1,1,0,0,10
1,0,1/2,7,5,1,1,1,1,1,1,branch;full;flag;coherent;coset,exact,1,1,1,1,1,0,0,10
1,0,1/2,7,6,1,1,1,1,1,1,branch;full;flag;coherent;coset,exact,1,1,1,1,1,0,0,10
1,0,1/2,7,7,1,1,1,1,1,1,branch;full;flag;coherent;coset,exact,1,1,1,1,1,0,0,10
1,0,3/4,0,0,3/4,3/4,3/4,3/4,3/4,3/4,branch;full;flag;coherent;coset,exact,1,1,3/4,1,1,0,0,19
1,0,3/4,0,1,1,15/16,15/16,15/16,15/16,15/16,full;flag;coherent;coset,exact,1,1,15/16,1,1,0,0,20
1,0,3/4,0,2,1,15/16,15/16,15/16,15/16,15/16,full;flag;coherent;coset,exact,1,1,15/16,1,1,0,0,18
1,0,3/4,0,3,1,15/16,15/16,15/16,15/16,15/16,full;flag;coherent;coset,exact,1,1,15/16,1,1,0,0,18
1,0,3/4,0,4,1,15/16,15/16,15/16,15/16,15/16,full;flag;coherent;coset,exact,1,1,15/16,1,1,0,0,16
1,0,3/4,0,5,1,15/16,15/16,15/16,15/16,15/16,full;flag;coherent;coset,exact,1,1,15/16,1,1,0,0,16
1,0,3/4,0,6,1,15/16,15/16,15/16,15/16,15/16,full;flag;coherent;coset,exact,1,1,15/16,1,1,0,0,16
1,0,3/4,0,7,1,15/16,15/16,15/16,15/16,15/16,full;flag;coherent;coset,exact,1,1,15/16,1,1,0,0,16
1,0,3/4,1,0,1,13/16,13/16,13/16,13/16,13/16,full;flag;coherent;coset,exact,1,1,13/16,1,1,0,0,20
1,0,3/4,1,1,1,1,1,1,1,1,branch;full;flag;coherent;coset,exact,1,1,1,1,1,0,0,20
1,0,3/4,1,2,1,1,1,1,1,1,branch;full;flag;coherent;coset,exact,1,1,1,1,1,0,0,18
1,0,3/4,1,3,1,1,1,1,1,1,branch;full;flag;coherent;coset,exact,1,1,1,1,1,0,0,18
1,0,3/4,1,4,1,1,1,1,1,1,branch;full;flag;coherent;coset,exact,1,1,1,1,1,0,0,16
1,0,3/4,1,5,1,1,1,1,1,1,branch;full;flag;coherent;coset,exact,1,1,1,1,1,0,0,16
1,0,3/4,1,6,1,1,1,1,1,1,branch;full;flag;coherent;coset,exact,1,1,1,1,1,0,0,16
1,0,3/4,1,7,1,1,1,1,1,1,branch;full;flag;coherent;coset,exact,1,1,1,1,1,0,0,16
1,0,3/4,2,0,1,13/16,13/16,13/16,13/16,13/16,full;flag;coherent;coset,exact,1,1,13/16,1,1,0,0,18
1,0,3/4,2,1,1,1,1,1,1,1,branch;full;flag;coherent;coset,exact,1,1,1,1,1,0,0,18
1,0,3/4,2,2,1,1,1,1,1,1,branch;full;flag;coherent;coset,exact,1,1,1,1,1,0,0,16
1,0,3/4,2,3,1,1,1,1,1,1,branch;full;flag;coherent;coset,exact,1,1,1,1,1,0,0,16
1,0,3/4,2,4,1,1,1,1,1,1,branch;full;flag;coherent;coset,exact,1,1,1,1,1,0,0,14
1,0,3/4,2,5,1,1,1,1,1,1,branch;full;flag;coherent;coset,exact,1,1,1,1,1,0,0,14
1,0,3/4,2,6,1,1,1,1,1,1,branch;full;flag;coherent;coset,exact,1,1,1,1,1,0,0,14
1,0,3/4,2,7,1,1,1,1,1,1,branch;full;flag;coherent;coset,exact,1,1,1,1,1,0,0,14
1,0,3/4,3,0,1,13/16,13/16,13/16,13/16,13/16,full;flag;coherent;coset,exact,1,1,13/16,1,1,0,0,18
1,0,3/4,3,1,1,1,1,1,1,1,branch;full;flag;coherent;coset,exact,1,1,1,1,1,0,0,18
1,0,3/4,3,2,1,1,1,1,1,1,branch;full;flag;coherent;coset,exact,1,1,1,1,1,0,0,16
1,0,3/4,3,3,1,1,1,1,1,1,branch;full;flag;coherent;coset,exact,1,1,1,1,1,0,0,16
1,0,3/4,3,4,1,1,1,1,1,1,branch;full;flag;coherent;coset,exact,1,1,1,1,1,0,0,14
1,0,3/4,3,5,1,1,1,1,1,1,branch;full;flag;coherent;coset,exact,1,1,1,1,1,0,0,14
1,0,3/4,3,6,1,1,1,1,1,1,branch;full;flag;coherent;coset,exact,1,1,1,1,1,0,0,14
1,0,3/4,3,7,1,1,1,1,1,1,branch;full;flag;coherent;coset,exact,1,1,1,1,1,0,0,14
1,0,3/4,4,0,1,13/16,13/16,13/16,13/16,13/16,full;flag;coherent;coset,exact,1,1,13/16,1,1,0,0,16
1,0,3/4,4,1,1,1,1,1,1,1,branch;full;flag;coherent;coset,exact,1,1,1,1,1,0,0,16
1,0,3/4,4,2,1,1,1,1,1,1,branch;full;flag;coherent;coset,exact,1,1,1,1,1,0,0,14
1,0,3/4,4,3,1,1,1,1,1,1,branch;full;flag;coherent;coset,exact,1,1,1,1,1,0,0,14
1,0,3/4,4,4,1,1,1,1,1,1,branch;full;flag;coherent;coset,exact,1,1,1,1,1,0,0,12
1,0,3/4,4,5,1,1,1,1,1,1,branch;full;flag;coherent;coset,exact,1,1,1,1,1,0,0,12
1,0,3/4,4,6,1,1,1,1,1,1,branch;full;flag;coherent;coset,exact,1,1,1,1,1,0,0,12
1,0,3/4,4,7,1,1,1,1,1,1,branch;full;flag;coherent;coset,exact,1,1,1,1,1,0,0,12
1,0,3/4,5,0,1,13/16,13/16,13/16,13/16,13/16,full;flag;coherent;coset,exact,1,1,13/16,1,1,0,0,16
1,0,3/4,5,1,1,1,1,1,1,1,branch;full;flag;coherent;coset,exact,1,1,1,1,1,0,0,16
1,0,3/4,5,2,1,1,1,1,1,1,branch;full;flag;coherent;coset,exact,1,1,1,1,1,0,0,14
1,0,3/4,5,3,1,1,1,1,1,1,branch;full;flag;coherent;coset,exact,1,1,1,1,1,0,0,14
1,0,3/4,5,4,1,1,1,1,1,1,branch;full;flag;coherent;coset,exact,1,1,1,1,1,0,0,12
1,0,3/4,5,5,1,1,1,1,1,1,branch;full;flag;coherent;coset,exact,1,1,1,1,1,0,0,12
1,0,3/4,5,6,1,1,1,1,1,1,branch;full;flag;coherent;coset,exact,1,1,1,1,1,0,0,12
1,0,3/4,5,7,1,1,1,1,1,1,branch;full;flag;coherent;coset,exact,1,1,1,1,1,0,0,12
1,0,3/4,6,0,1,13/16,13/16,13/16,13/16,13/16,full;flag;coherent;coset,exact,1,1,13/16,1,1,0,0,16
1,0,3/4,6,1,1,1,1,1,1,1,branch;full;flag;coherent;coset,exact,1,1,1,1,1,0,0,16
1,0,3/4,6,2,1,1,1,1,1,1,branch;full;flag;coherent;coset,exact,1,1,1,1,1,0,0,14
1,0,3/4,6,3,1,1,1,1,1,1,branch;full;flag;coherent;coset,exact,1,1,1,1,1,0,0,14
1,0,3/4,6,4,1,1,1,1,1,1,branch;full;flag;coherent;coset,exact,1,1,1,1,1,0,0,12
1,0,3/4,6,5,1,1,1,1,1,1,branch;full;flag;coherent;coset,exact,1,1,1,1,1,0,0,12
1,0,3/4,6,6,1,1,1,1,1,1,branch;full;flag;coherent;coset,exact,1,1,1,1,1,0,0,12
1,0,3/4,6,7,1,1,1,1,1,1,branch;full;flag;coherent;coset,exact,1,1,1,1,1,0,0,12
1,0,3/4,7,0,1,13/16,13/16,13/16,13/16,13/16,full;flag;coherent;coset,exact,1,1,13/16,1,1,0,0,16
1,0,3/4,7,1,1,1,1,1,1,1,branch;full;flag;coherent;coset,exact,1,1,1,1,1,0,0,16
1,0,3/4,7,2,1,1,1,1,1,1,branch;full;flag;coherent;coset,exact,1,1,1,1,1,0,0,14
1,0,3/4,7,3,1,1,1,1,1,1,branch;full;flag;coherent;coset,exact,1,1,1,1,1,0,0,14
1,0,3/4,7,4,1,1,1,1,1,1,branch;full;flag;coherent;coset,exact,1,1,1,1,1,0,0,12
1,0,3/4,7,5,1,1,1,1,1,1,branch;full;flag;coherent;coset,exact,1,1,1,1,1,0,0,12
1,0,3/4,7,6,1,1,1,1,1,1,branch;full;flag;coherent;coset,exact,1,1,1,1,1,0,0,12
1,0,3/4,7,7,1,1,1,1,1,1,branch;full;flag;coherent;coset,exact,1,1,1,1,1,0,0,12
1,0,1,0,0,3/4,3/4,3/4,3/4,3/4,3/4,branch;full;flag;coherent;coset,exact,1,1,3/4,1,1,0,0,13
1,0,1,0,1,1,1,1,1,1,1,branch;full;flag;coherent;coset,exact,1,1,1,1,1,0,0,13
1,0,1,0,2,1,1,1,1,1,1,branch;full;flag;coherent;coset,exact,1,1,1,1,1,0,0,11
1,0,1,0,3,1,1,1,1,1,1,branch;full;flag;coherent;coset,exact,1,1,1,1,1,0,0,11
1,0,1,0,4,1,1,1,1,1,1,branch;full;flag;coherent;coset,exact,1,1,1,1,1,0,0,9
1,0,1,0,5,1,1,1,1,1,1,branch;full;flag;coherent;coset,exact,1,1,1,1,1,0,0,9
1,0,1,0,6,1,1,1,1,1,1,branch;full;flag;coherent;coset,exact,1,1,1,1,1,0,0,9
1,0,1,0,7,1,1,1,1,1,1,branch;full;flag;coherent;coset,exact,1,1,1,1,1,0,0,9
1,0,1,1,0,1,3/4,3/4,3/4,3/4,3/4,full;flag;coherent;coset,exact,1,1,3/4,1,1,0,0,13
1,0,1,1,1,1,1,1,1,1,1,branch;full;flag;coherent;coset,exact,1,1,1,1,1,0,0,13
1,0,1,1,2,1,1,1,1,1,1,branch;full;flag;coherent;coset,exact,1,1,1,1,1,0,0,11
1,0,1,1,3,1,1,1,1,1,1,branch;full;flag;coherent;coset,exact,1,1,1,1,1,0,0,11
1,0,1,1,4,1,1,1,1,1,1,branch;full;flag;coherent;coset,exact,1,1,1,1,1,0,0,9
1,0,1,1,5,1,1,1,1,1,1,branch;full;flag;coherent;coset,exact,1,1,1,1,1,0,0,9
1,0,1,1,6,1,1,1,1,1,1,branch;full;flag;coherent;coset,exact,1,1,1,1,1,0,0,9
1,0,1,1,7,1,1,1,1,1,1,branch;full;flag;coherent;coset,exact,1,1,1,1,1,0,0,9
1,0,1,2,0,1,3/4,3/4,3/4,3/4,3/4,full;flag;coherent;coset,exact,1,1,3/4,1,1,0,0,13
1,0,1,2,1,1,1,1,1,1,1,branch;full;flag;coherent;coset,exact,1,1,1,1,1,0,0,13
1,0,1,2,2,1,1,1,1,1,1,branch;full;flag;coherent;coset,exact,1,1,1,1,1,0,0,11
1,0,1,2,3,1,1,1,1,1,1,branch;full;flag;coherent;coset,exact,1,1,1,1,1,0,0,11
1,0,1,2,4,1,1,1,1,1,1,branch;full;flag;coherent;coset,exact,1,1,1,1,1,0,0,9
1,0,1,2,5,1,1,1,1,1,1,branch;full;flag;coherent;coset,exact,1,1,1,1,1,0,0,9
1,0,1,2,6,1,1,1,1,1,1,branch;full;flag;coherent;coset,exact,1,1,1,1,1,0,0,9
1,0,1,2,7,1,1,1,1,1,1,branch;full;flag;coherent;coset,exact,1,1,1,1,1,0,0,9
1,0,1,3,0,1,3/4,3/4,3/4,3/4,3/4,full;flag;coherent;coset,exact,1,1,3/4,1,1,0,0,13
1,0,1,3,1,1,1,1,1,1,1,branch;full;flag;coherent;coset,exact,1,1,1,1,1,0,0,13
1,0,1,3,2,1,1,1,1,1,1,branch;full;flag;coherent;coset,exact,1,1,1,1,1,0,0,11
1,0,1,3,3,1,1,1,1,1,1,branch;full;flag;coherent;coset,exact,1,1,1,1,1,0,0,11
1,0,1,3,4,1,1,1,1,1,1,branch;full;flag;coherent;coset,exact,1,1,1,1,1,0,0,9
1,0,1,3,5,1,1,1,1,1,1,branch;full;flag;coherent;coset,exact,1,1,1,1,1,0,0,9
1,0,1,3,6,1,1,1,1,1,1,branch;full;flag;coherent;coset,exact,1,1,1,1,1,0,0,9
1,0,1,3,7,1,1,1,1,1,1,branch;full;flag;coherent;coset,exact,1,1,1,1,1,0,0,9
1,0,1,4,0,1,3/4,3/4,3/4,3/4,3/4,full;flag;coherent;coset,exact,1,1,3/4,1,1,0,0,13
1,0,1,4,1,1,1,1,1,1,1,branch;full;flag;coherent;coset,exact,1,1,1,1,1,0,0,13
1,0,1,4,2,1,1,1,1,1,1,branch;full;flag;coherent;coset,exact,1,1,1,1,1,0,0,11
1,0,1,4,3,1,1,1,1,1,1,branch;full;flag;coherent;coset,exact,1,1,1,1,1,0,0,11
1,0,1,4,4,1,1,1,1,1,1,branch;full;flag;coherent;coset,exact,1,1,1,1,1,0,0,9
1,0,1,4,5,1,1,1,1,1,1,branch;full;flag;coherent;coset,exact,1,1,1,1,1,0,0,9
1,0,1,4,6,1,1,1,1,1,1,branch;full;flag;coherent;coset,exact,1,1,1,1,1,0,0,9
1,0,1,4,7,1,1,1,1,1,1,branch;full;flag;coherent;coset,exact,1,1,1,1,1,0,0,9
1,0,1,5,0,1,3/4,3/4,3/4,3/4,3/4,full;flag;coherent;coset,exact,1,1,3/4,1,1,0,0,13
1,0,1,5,1,1,1,1,1,1,1,branch;full;flag;coherent;coset,exact,1,1,1,1,1,0,0,13
1,0,1,5,2,1,1,1,1,1,1,branch;full;flag;coherent;coset,exact,1,1,1,1,1,0,0,11
1,0,1,5,3,1,1,1,1,1,1,branch;full;flag;coherent;coset,exact,1,1,1,1,1,0,0,11
1,0,1,5,4,1,1,1,1,1,1,branch;full;flag;coherent;coset,exact,1,1,1,1,1,0,0,9
1,0,1,5,5,1,1,1,1,1,1,branch;full;flag;coherent;coset,exact,1,1,1,1,1,0,0,9
1,0,1,5,6,1,1,1,1,1,1,branch;full;flag;coherent;coset,exact,1,1,1,1,1,0,0,9
1,0,1,5,7,1,1,1,1,1,1,branch;full;flag;coherent;coset,exact,1,1,1,1,1,0,0,9
1,0,1,6,0,1,3/4,3/4,3/4,3/4,3/4,full;flag;coherent;coset,exact,1,1,3/4,1,1,0,0,13
1,0,1,6,1,1,1,1,1,1,1,branch;full;flag;coherent;coset,exact,1,1,1,1,1,0,0,13
1,0,1,6,2,1,1,1,1,1,1,branch;full;flag;coherent;coset,exact,1,1,1,1,1,0,0,11
1,0,1,6,3,1,1,1,1,1,1,branch;full;flag;coherent;coset,exact,1,1,1,1,1,0,0,11
1,0,1,6,4,1,1,1,1,1,1,branch;full;flag;coherent;coset,exact,1,1,1,1,1,0,0,9
1,0,1,6,5,1,1,1,1,1,1,branch;full;flag;coherent;coset,exact,1,1,1,1,1,0,0,9
1,0,1,6,6,1,1,1,1,1,1,branch;full;flag;coherent;coset,exact,1,1,1,1,1,0,0,9
1,0,1,6,7,1,1,1,1,1,1,branch;full;flag;coherent;coset,exact,1,1,1,1,1,0,0,9
1,0,1,7,0,1,3/4,3/4,3/4,3/4,3/4,full;flag;coherent;coset,exact,1,1,3/4,1,1,0,0,13
1,0,1,7,1,1,1,1,1,1,1,branch;full;flag;coherent;coset,exact,1,1,1,1,1,0,0,13
1,0,1,7,2,1,1,1,1,1,1,branch;full;flag;coherent;coset,exact,1,1,1,1,1,0,0,11
1,0,1,7,3,1,1,1,1,1,1,branch;full;flag;coherent;coset,exact,1,1,1,1,1,0,0,11
1,0,1,7,4,1,1,1,1,1,1,branch;full;flag;coherent;coset,exact,1,1,1,1,1,0,0,9
1,0,1,7,5,1,1,1,1,1,1,branch;full;flag;coherent;coset,exact,1,1,1,1,1,0,0,9
1,0,1,7,6,1,1,1,1,1,1,branch;full;flag;coherent;coset,exact,1,1,1,1,1,0,0,9
1,0,1,7,7,1,1,1,1,1,1,branch;full;flag;coherent;coset,exact,1,1,1,1,1,0,0,9
1,1,0,0,0,3/4,3/4,3/4,3/4,3/4,3/4,branch;full;flag;coherent;coset,exact,1,1,3/4,1,1,0,0,14
1,1,0,0,1,1,1,1,1,1,1,branch;full;flag;coherent;coset,exact,1,1,1,1,1,0,0,14
1,1,0,0,2,1,1,1,1,1,1,branch;full;flag;coherent;coset,exact,1,1,1,1,1,0,0,13
1,1,0,0,3,1,1,1,1,1,1,branch;full;flag;coherent;coset,exact,1,1,1,1,1,0,0,13
1,1,0,0,4,1,1,1,1,1,1,branch;full;flag;coherent;coset,exact,1,1,1,1,1,0,0,12
1,1,0,0,5,1,1,1,1,1,1,branch;full;flag;coherent;coset,exact,1,1,1,1,1,0,0,12
1,1,0,0,6,1,1,1,1,1,1,branch;full;flag;coherent;coset,exact,1,1,1,1,1,0,0,12
1,1,0,0,7,1,1,1,1,1,1,branch;full;flag;coherent;coset,exact,1,1,1,1,1,0,0,12
1,1,0,1,0,1,1,1,1,1,1,branch;full;flag;coherent;coset,exact,1,1,1,1,1,0,0,14
1,1,0,1,1,1,1,1,1,1,1,branch;full;flag;coherent;coset,exact,1,1,1,1,1,0,0,14
1,1,0,1,2,1,1,1,1,1,1,branch;full;flag;coherent;coset,exact,1,1,1,1,1,0,0,13
1,1,0,1,3,1,1,1,1,1,1,branch;full;flag;coherent;coset,exact,1,1,1,1,1,0,0,13
1,1,0,1,4,1,1,1,1,1,1,branch;full;flag;coherent;coset,exact,1,1,1,1,1,0,0,12
1,1,0,1,5,1,1,1,1,1,1,branch;full;flag;coherent;coset,exact,1,1,1,1,1,0,0,12
1,1,0,1,6,1,1,1,1,1,1,branch;full;flag;coherent;coset,exact,1,1,1,1,1,0,0,12
1,1,0,1,7,1,1,1,1,1,1,branch;full;flag;coherent;coset,exact,1,1,1,1,1,0,0,12
1,1,0,2,0,1,1,1,1,1,1,branch;full;flag;coherent;coset,exact,1,1,1,1,1,0,0,13
1,1,0,2,1,1,1,1,1,1,1,branch;full;flag;coherent;coset,exact,1,1,1,1,1,0,0,13
1,1,0,2,2,1,1,1,1,1,1,branch;full;flag;coherent;coset,exact,1,1,1,1,1,0,0,12
1,1,0,2,3,1,1,1,1,1,1,branch;full;flag;coherent;coset,exact,1,1,1,1,1,0,0,12
1,1,0,2,4,1,1,1,1,1,1,branch;full;flag;coherent;coset,exact,1,1,1,1,1,0,0,11
1,1,0,2,5,1,1,1,1,1,1,branch;full;flag;coherent;coset,exact,1,1,1,1,1,0,0,11
1,1,0,2,6,1,1,1,1,1,1,branch;full;flag;coherent;coset,exact,1,1,1,1,1,0,0,11
1,1,0,2,7,1,1,1,1,1,1,branch;full;flag;coherent;coset,exact,1,1,1,1,1,0,0,11
1,1,0,3,0,1,1,1,1,1,1,branch;full;flag;coherent;coset,exact,1,1,1,1,1,0,0,13
1,1,0,3,1,1,1,1,1,1,1,branch;full;flag;coherent;coset,exact,1,1,1,1,1,0,0,13
1,1,0,3,2,1,1,1,1,1,1,branch;full;flag;coherent;coset,exact,1,1,1,1,1,0,0,12
1,1,0,3,3,1,1,1,1,1,1,branch;full;flag;coherent;coset,exact,1,1,1,1,1,0,0,12
1,1,0,3,4,1,1,1,1,1,1,branch;full;flag;coherent;coset,exact,1,1,1,1,1,0,0,11
1,1,0,3,5,1,1,1,1,1,1,branch;full;flag;coherent;coset,exact,1,1,1,1,1,0,0,11
1,1,0,3,6,1,1,1,1,1,1,branch;full;flag;coherent;coset,exact,1,1,1,1,1,0,0,11
1,1,0,3,7,1,1,1,1,1,1,branch;full;flag;coherent;coset,exact,1,1,1,1,1,0,0,11
1,1,0,4,0,1,1,1,1,1,1,branch;full;flag;coherent;coset,exact,1,1,1,1,1,0,0,12
1,1,0,4,1,1,1,1,1,1,1,branch;full;flag;coherent;coset,exact,1,1,1,1,1,0,0,12
1,1,0,4,2,1,1,1,1,1,1,branch;full;flag;coherent;coset,exact,1,1,1,1,1,0,0,11
1,1,0,4,3,1,1,1,1,1,1,branch;full;flag;coherent;coset,exact,1,1,1,1,1,0,0,11
1,1,0,4,4,1,1,1,1,1,1,branch;full;flag;coherent;coset,exact,1,1,1,1,1,0,0,10
1,1,0,4,5,1,1,1,1,1,1,branch;full;flag;coherent;coset,exact,1,1,1,1,1,0,0,10
1,1,0,4,6,1,1,1,1,1,1,branch;full;flag;coherent;coset,exact,1,1,1,1,1,0,0,10
1,1,0,4,7,1,1,1,1,1,1,branch;full;flag;coherent;coset,exact,1,1,1,1,1,0,0,10
1,1,0,5,0,1,1,1,1,1,1,branch;full;flag;coherent;coset,exact,1,1,1,1,1,0,0,12
1,1,0,5,1,1,1,1,1,1,1,branch;full;flag;coherent;coset,exact,1,1,1,1,1,0,0,12
1,1,0,5,2,1,1,1,1,1,1,branch;full;flag;coherent;coset,exact,1,1,1,1,1,0,0,11
1,1,0,5,3,1,1,1,1,1,1,branch;full;flag;coherent;coset,exact,1,1,1,1,1,0,0,11
1,1,0,5,4,1,1,1,1,1,1,branch;full;flag;coherent;coset,exact,1,1,1,1,1,0,0,10
1,1,0,5,5,1,1,1,1,1,1,branch;full;flag;coherent;coset,exact,1,1,1,1,1,0,0,10
1,1,0,5,6,1,1,1,1,1,1,branch;full;flag;coherent;coset,exact,1,1,1,1,1,0,0,10
1,1,0,5,7,1,1,1,1,1,1,branch;full;flag;coherent;coset,exact,1,1,1,1,1,0,0,10
1,1,0,6,0,1,1,1,1,1,1,branch;full;flag;coherent;coset,exact,1,1,1,1,1,0,0,12
1,1,0,6,1,1,1,1,1,1,1,branch;full;flag;coherent;coset,exact,1,1,1,1,1,0,0,12
1,1,0,6,2,1,1,1,1,1,1,branch;full;flag;coherent;coset,exact,1,1,1,1,1,0,0,11
1,1,0,6,3,1,1,1,1,1,1,branch;full;flag;coherent;coset,exact,1,1,1,1,1,0,0,11
1,1,0,6,4,1,1,1,1,1,1,branch;full;flag;coherent;coset,exact,1,1,1,1,1,0,0,10
1,1,0,6,5,1,1,1,1,1,1,branch;full;flag;coherent;coset,exact,1,1,1,1,1,0,0,10
1,1,0,6,6,1,1,1,1,1,1,branch;full;flag;coherent;coset,exact,1,1,1,1,1,0,0,10
1,1,0,6,7,1,1,1,1,1,1,branch;full;flag;coherent;coset,exact,1,1,1,1,1,0,0,10
1,1,0,7,0,1,1,1,1,1,1,branch;full;flag;coherent;coset,exact,1,1,1,1,1,0,0,12
1,1,0,7,1,1,1,1,1,1,1,branch;full;flag;coherent;coset,exact,1,1,1,1,1,0,0,12
1,1,0,7,2,1,1,1,1,1,1,branch;full;flag;coherent;coset,exact,1,1,1,1,1,0,0,11
1,1,0,7,3,1,1,1,1,1,1,branch;full;flag;coherent;coset,exact,1,1,1,1,1,0,0,11
1,1,0,7,4,1,1,1,1,1,1,branch;full;flag;coherent;coset,exact,1,1,1,1,1,0,0,10
1,1,0,7,5,1,1,1,1,1,1,branch;full;flag;coherent;coset,exact,1,1,1,1,1,0,0,10
1,1,0,7,6,1,1,1,1,1,1,branch;full;flag;coherent;coset,exact,1,1,1,1,1,0,0,10
1,1,0,7,7,1,1,1,1,1,1,branch;full;flag;coherent;coset,exact,1,1,1,1,1,0,0,10
1,1,1/4,0,0,3/4,3/4,3/4,3/4,3/4,3/4,branch;full;flag;coherent;coset,exact,1,1,3/4,1,1,0,0,19
1,1,1/4,0,1,1,15/16,15/16,15/16,15/16,15/16,full;flag;coherent;coset,exact,1,1,15/16,1,1,0,0,20
1,1,1/4,0,2,1,15/16,15/16,15/16,15/16,15/16,full;flag;coherent;coset,exact,1,1,15/16,1,1,0,0,18
1,1,1/4,0,3,1,15/16,15/16,15/16,15/16,15/16,full;flag;coherent;coset,exact,1,1,15/16,1,1,0,0,18
1,1,1/4,0,4,1,15/16,15/16,15/16,15/16,15/16,full;flag;coherent;coset,exact,1,1,15/16,1,1,0,0,16
1,1,1/4,0,5,1,15/16,15/16,15/16,15/16,15/16,full;flag;coherent;coset,exact,1,1,15/16,1,1,0,0,16
1,1,1/4,0,6,1,15/16,15/16,15/16,15/16,15/16,full;flag;coherent;coset,exact,1,1,15/16,1,1,0,0,16
1,1,1/4,0,7,1,15/16,15/16,15/16,15/16,15/16,full;flag;coherent;coset,exact,1,1,15/16,1,1,0,0,16
1,1,1/4,1,0,1,15/16,15/16,15/16,15/16,15/16,full;flag;coherent;coset,exact,1,1,15/16,1,1,0,0,20
1,1,1/4,1,1,1,1,1,1,1,1,branch;full;flag;coherent;coset,exact,1,1,1,1,1,0,0,20
1,1,1/4,1,2,1,1,1,1,1,1,branch;full;flag;coherent;coset,exact,1,1,1,1,1,0,0,18
1,1,1/4,1,3,1,1,1,1,1,1,branch;full;flag;coherent;coset,exact,1,1,1,1,1,0,0,18
1,1,1/4,1,4,1,1,1,1,1,1,branch;full;flag;coherent;coset,exact,1,1,1,1,1,0,0,16
1,1,1/4,1,5,1,1,1,1,1,1,branch;full;flag;coherent;coset,exact,1,1,1,1,1,0,0,16
1,1,1/4,1,6,1,1,1,1,1,1,branch;full;flag;coherent;coset,exact,1,1,1,1,1,0,0,16
1,1,1/4,1,7,1,1,1,1,1,1,branch;full;flag;coherent;coset,exact,1,1,1,1,1,0,0,16
1,1,1/4,2,0,1,15/16,15/16,15/16,15/16,15/16,full;flag;coherent;coset,exact,1,1,15/16,1,1,0,0,18
1,1,1/4,2,1,1,1,1,1,1,1,branch;full;flag;coherent;coset,exact,1,1,1,1,1,0,0,18
1,1,1/4,2,2,1,1,1,1,1,1,branch;full;flag;coherent;coset,exact,1,1,1,1,1,0,0,16
1,1,1/4,2,3,1,1,1,1,1,1,branch;full;flag;coherent;coset,exact,1,1,1,1,1,0,0,16
1,1,1/4,2,4,1,1,1,1,1,1,branch;full;flag;coherent;coset,exact,1,1,1,1,1,0,0,14
1,1,1/4,2,5,1,1,1,1,1,1,branch;full;flag;coherent;coset,exact,1,1,1,1,1,0,0,14
1,1,1/4,2,6,1,1,1,1,1,1,branch;full;flag;coherent;coset,exact,1,1,1,1,1,0,0,14
1,1,1/4,2,7,1,1,1,1,1,1,branch;full;flag;coherent;coset,exact,1,1,1,1,1,0,0,14
1,1,1/4,3,0,1,15/16,15/16,15/16,15/16,15/16,full;flag;coherent;coset,exact,1,1,15/16,1,1,0,0,18
1,1,1/4,3,1,1,1,1,1,1,1,branch;full;flag;coherent;coset,exact,1,1,1,1,1,0,0,18
1,1,1/4,3,2,1,1,1,1,1,1,branch;full;flag;coherent;coset,exact,1,1,1,1,1,0,0,16
1,1,1/4,3,3,1,1,1,1,1,1,branch;full;flag;coherent;coset,exact,1,1,1,1,1,0,0,16
1,1,1/4,3,4,1,1,1,1,1,1,branch;full;flag;coherent;coset,exact,1,1,1,1,1,0,0,14
1,1,1/4,3,5,1,1,1,1,1,1,branch;full;flag;coherent;coset,exact,1,1,1,1,1,0,0,14
1,1,1/4,3,6,1,1,1,1,1,1,branch;full;flag;coherent;coset,exact,1,1,1,1,1,0,0,14
1,1,1/4,3,7,1,1,1,1,1,1,branch;full;flag;coherent;coset,exact,1,1,1,1,1,0,0,14
1,1,1/4,4,0,1,15/16,15/16,15/16,15/16,15/16,full;flag;coherent;coset,exact,1,1,15/16,1,1,0,0,16
1,1,1/4,4,1,1,1,1,1,1,1,branch;full;flag;coherent;coset,exact,1,1,1,1,1,0,0,16
1,1,1/4,4,2,1,1,1,1,1,1,branch;full;flag;coherent;coset,exact,1,1,1,1,1,0,0,14
1,1,1/4,4,3,1,1,1,1,1,1,branch;full;flag;coherent;coset,exact,1,1,1,1,1,0,0,14
1,1,1/4,4,4,1,1,1,1,1,1,branch;full;flag;coherent;coset,exact,1,1,1,1,1,0,0,12
1,1,1/4,4,5,1,1,1,1,1,1,branch;full;flag;coherent;coset,exact,1,1,1,1,1,0,0,12
1,1,1/4,4,6,1,1,1,1,1,1,branch;full;flag;coherent;coset,exact,1,1,1,1,1,0,0,12
1,1,1/4,4,7,1,1,1,1,1,1,branch;full;flag;coherent;coset,exact,1,1,1,1,1,0,0,12
1,1,1/4,5,0,1,15/16,15/16,15/16,15/16,15/16,full;flag;coherent;coset,exact,1,1,15/16,1,1,0,0,16
1,1,1/4,5,1,1,1,1,1,1,1,branch;full;flag;coherent;coset,exact,1,1,1,1,1,0,0,16
1,1,1/4,5,2,1,1,1,1,1,1,branch;full;flag;coherent;coset,exact,1,1,1,1,1,0,0,14
1,1,1/4,5,3,1,1,1,1,1,1,branch;full;flag;coherent;coset,exact,1,1,1,1,1,0,0,14
1,1,1/4,5,4,1,1,1,1,1,1,branch;full;flag;coherent;coset,exact,1,1,1,1,1,0,0,12
1,1,1/4,5,5,1,1,1,1,1,1,branch;full;flag;coherent;coset,exact,1,1,1,1,1,0,0,12
1,1,1/4,5,6,1,1,1,1,1,1,branch;full;flag;coherent;coset,exact,1,1,1,1,1,0,0,12
1,1,1/4,5,7,1,1,1,1,1,1,branch;full;flag;coherent;coset,exact,1,1,1,1,1,0,0,12
1,1,1/4,6,0,1,15/16,15/16,15/16,15/16,15/16,full;flag;coherent;coset,exact,1,1,15/16,1,1,0,0,16
1,1,1/4,6,1,1,1,1,1,1,1,branch;full;flag;coherent;coset,exact,1,1,1,1,1,0,0,16
1,1,1/4,6,2,1,1,1,1,1,1,branch;full;flag;coherent;coset,exact,1,1,1,1,1,0,0,14
1,1,1/4,6,3,1,1,1,1,1,1,branch;full;flag;coherent;coset,exact,1,1,1,1,1,0,0,14
1,1,1/4,6,4,1,1,1,1,1,1,branch;full;flag;coherent;coset,exact,1,1,1,1,1,0,0,12
1,1,1/4,6,5,1,1,1,1,1,1,branch;full;flag;coherent;coset,exact,1,1,1,1,1,0,0,12
1,1,1/4,6,6,1,1,1,1,1,1,branch;full;flag;coherent;coset,exact,1,1,1,1,1,0,0,12
1,1,1/4,6,7,1,1,1,1,1,1,branch;full;flag;coherent;coset,exact,1,1,1,1,1,0,0,12
1,1,1/4,7,0,1,15/16,15/16,15/16,15/16,15/16,full;flag;coherent;coset,exact,1,1,15/16,1,1,0,0,16
1,1,1/4,7,1,1,1,1,1,1,1,branch;full;flag;coherent;coset,exact,1,1,1,1,1,0,0,16
1,1,1/4,7,2,1,1,1,1,1,1,branch;full;flag;coherent;coset,exact,1,1,1,1,1,0,0,14
1,1,1/4,7,3,1,1,1,1,1,1,branch;full;flag;coherent;coset,exact,1,1,1,1,1,0,0,14
1,1,1/4,7,4,1,1,1,1,1,1,branch;full;flag;coherent;coset,exact,1,1,1,1,1,0,0,12
1,1,1/4,7,5,1,1,1,1,1,1,branch;full;flag;coherent;coset,exact,1,1,1,1,1,0,0,12
1,1,1/4,7,6,1,1,1,1,1,1,branch;full;flag;coherent;coset,exact,1,1,1,1,1,0,0,12
1,1,1/4,7,7,1,1,1,1,1,1,branch;full;flag;coherent;coset,exact,1,1,1,1,1,0,0,12
1,1,1/2,0,0,3/4,3/4,3/4,3/4,3/4,3/4,branch;full;flag;coherent;coset,exact,1,1,3/4,1,1,0,0,13
1,1,1/2,0,1,1,7/8,7/8,7/8,7/8,7/8,full;flag;coherent;coset,exact,1,1,7/8,1,1,0,0,14
1,1,1/2,0,2,1,7/8,7/8,7/8,7/8,7/8,full;flag;coherent;coset,exact,1,1,7/8,1,1,0,0,14
1,1,1/2,0,3,1,7/8,7/8,7/8,7/8,7/8,full;flag;coherent;coset,exact,1,1,7/8,1,1,0,0,14
1,1,1/2,0,4,1,7/8,7/8,7/8,7/8,7/8,full;flag;coherent;coset,exact,1,1,7/8,1,1,0,0,14
1,1,1/2,0,5,1,7/8,7/8,7/8,7/8,7/8,full;flag;coherent;coset,exact,1,1,7/8,1,1,0,0,14
1,1,1/2,0,6,1,7/8,7/8,7/8,7/8,7/8,full;flag;coherent;coset,exact,1,1,7/8,1,1,0,0,14
1,1,1/2,0,7,1,7/8,7/8,7/8,7/8,7/8,full;flag;coherent;coset,exact,1,1,7/8,1,1,0,0,14
1,1,1/2,1,0,1,7/8,7/8,7/8,7/8,7/8,full;flag;coherent;coset,exact,1,1,7/8,1,1,0,0,14
1,1,1/2,1,1,1,1,1,1,1,1,branch;full;flag;coherent;coset,exact,1,1,1,1,1,0,0,14
1,1,1/2,1,2,1,1,1,1,1,1,branch;full;flag;coherent;coset,exact,1,1,1,1,1,0,0,14
1,1,1/2,1,3,1,1,1,1,1,1,branch;full;flag;coherent;coset,exact,1,1,1,1,1,0,0,14
1,1,1/2,1,4,1,1,1,1,1,1,branch;full;flag;coherent;coset,exact,1,1,1,1,1,0,0,14
1,1,1/2,1,5,1,1,1,1,1,1,branch;full;flag;coherent;coset,exact,1,1,1,1,1,0,0,14
1,1,1/2,1,6,1,1,1,1,1,1,branch;full;flag;coherent;coset,exact,1,1,1,1,1,0,0,14
1,1,1/2,1,7,1,1,1,1,1,1,branch;full;flag;coherent;coset,exact,1,1,1,1,1,0,0,14
1,1,1/2,2,0,1,7/8,7/8,7/8,7/8,7/8,full;flag;coherent;coset,exact,1,1,7/8,1,1,0,0,14
1,1,1/2,2,1,1,1,1,1,1,1,branch;full;flag;coherent;coset,exact,1,1,1,1,1,0,0,14
1,1,1/2,2,2,1,1,1,1,1,1,branch;full;flag;coherent;coset,exact,1,1,1,1,1,0,0,12
1,1,1/2,2,3,1,1,1,1,1,1,branch;full;flag;coherent;coset,exact,1,1,1,1,1,0,0,12
1,1,1/2,2,4,1,1,1,1,1,1,branch;full;flag;coherent;coset,exact,1,1,1,1,1,0,0,14
1,1,1/2,2,5,1,1,1,1,1,1,branch;full;flag;coherent;coset,exact,1,1,1,1,1,0,0,14
1,1,1/2,2,6,1,1,1,1,1,1,branch;full;flag;coherent;coset,exact,1,1,1,1,1,0,0,14
1,1,1/2,2,7,1,1,1,1,1,1,branch;full;flag;coherent;coset,exact,1,1,1,1,1,0,0,14
1,1,1/2,3,0,1,7/8,7/8,7/8,7/8,7/8,full;flag;coherent;coset,exact,1,1,7/8,1,1,0,0,14
1,1,1/2,3,1,1,1,1,1,1,1,branch;full;flag;coherent;coset,exact,1,1,1,1,1,0,0,14
1,1,1/2,3,2,1,1,1,1,1,1,branch;full;flag;coherent;coset,exact,1,1,1,1,1,0,0,12
1,1,1/2,3,3,1,1,1,1,1,1,branch;full;flag;coherent;coset,exact,1,1,1,1,1,0,0,12
1,1,1/2,3,4,1,1,1,1,1,1,branch;full;flag;coherent;coset,exact,1,1,1,1,1,0,0,14
1,1,1/2,3,5,1,1,1,1,1,1,branch;full;flag;coherent;coset,exact,1,1,1,1,1,0,0,14
1,1,1/2,3,6,1,1,1,1,1,1,branch;full;flag;coherent;coset,exact,1,1,1,1,1,0,0,14
1,1,1/2,3,7,1,1,1,1,1,1,branch;full;flag;coherent;coset,exact,1,1,1,1,1,0,0,14
1,1,1/2,4,0,1,7/8,7/8,7/8,7/8,7/8,full;flag;coherent;coset,exact,1,1,7/8,1,1,0,0,14
1,1,1/2,4,1,1,1,1,1,1,1,branch;full;flag;coherent;coset,exact,1,1,1,1,1,0,0,14
1,1,1/2,4,2,1,1,1,1,1,1,branch;full;flag;coherent;coset,exact,1,1,1,1,1,0,0,14
1,1,1/2,4,3,1,1,1,1,1,1,branch;full;flag;coherent;coset,exact,1,1,1,1,1,0,0,14
1,1,1/2,4,4,1,1,1,1,1,1,branch;full;flag;coherent;coset,exact,1,1,1,1,1,0,0,10
1,1,1/2,4,5,1,1,1,1,1,1,branch;full;flag;coherent;coset,exact,1,1,1,1,1,0,0,10
1,1,1/2,4,6,1,1,1,1,1,1,branch;full;flag;coherent;coset,exact,1,1,1,1,1,0,0,10
1,1,1/2,4,7,1,1,1,1,1,1,branch;full;flag;coherent;coset,exact,1,1,1,1,1,0,0,10
1,1,1/2,5,0,1,7/8,7/8,7/8,7/8,7/8,full;flag;coherent;coset,exact,1,1,7/8,1,1,0,0,14
1,1,1/2,5,1,1,1,1,1,1,1,branch;full;flag;coherent;coset,exact,1,1,1,1,1,0,0,14
1,1,1/2,5,2,1,1,1,1,1,1,branch;full;flag;coherent;coset,exact,1,1,1,1,1,0,0,14
1,1,1/2,5,3,1,1,1,1,1,1,branch;full;flag;coherent;coset,exact,1,1,1,1,1,0,0,14
1,1,1/2,5,4,1,1,1,1,1,1,branch;full;flag;coherent;coset,exact,1,1,1,1,1,0,0,10
1,1,1/2,5,5,1,1,1,1,1,1,branch;full;flag;coherent;coset,exact,1,1,1,1,1,0,0,10
1,1,1/2,5,6,1,1,1,1,1,1,branch;full;flag;coherent;coset,exact,1,1,1,1,1,0,0,10
1,1,1/2,5,7,1,1,1,1,1,1,branch;full;flag;coherent;coset,exact,1,1,1,1,1,0,0,10
1,1,1/2,6,0,1,7/8,7/8,7/8,7/8,7/8,full;flag;coherent;coset,exact,1,1,7/8,1,1,0,0,14
1,1,1/2,6,1,1,1,1,1,1,1,branch;full;flag;coherent;coset,exact,1,1,1,1,1,0,0,14
1,1,1/2,6,2,1,1,1,1,1,1,branch;full;flag;coherent;coset,exact,1,1,1,1,1,0,0,14
1,1,1/2,6,3,1,1,1,1,1,1,branch;full;flag;coherent;coset,exact,1,1,1,1,1,0,0,14
1,1,1/2,6,4,1,1,1,1,1,1,branch;full;flag;coherent;coset,exact,1,1,1,1,1,0,0,10
1,1,1/2,6,5,1,1,1,1,1,1,branch;full;flag;coherent;coset,exact,1,1,1,1,1,0,0,10
1,1,1/2,6,6,1,1,1,1,1,1,branch;full;flag;coherent;coset,exact,1,1,1,1,1,0,0,10
1,1,1/2,6,7,1,1,1,1,1,1,branch;full;flag;coherent;coset,exact,1,1,1,1,1,0,0,10
1,1,1/2,7,0,1,7/8,7/8,7/8,7/8,7/8,full;flag;coherent;coset,exact,1,1,7/8,1,1,0,0,14
1,1,1/2,7,1,1,1,1,1,1,1,branch;full;flag;coherent;coset,exact,1,1,1,1,1,0,0,14
1,1,1/2,7,2,1,1,1,1,1,1,branch;full;flag;coherent;coset,exact,1,1,1,1,1,0,0,14
1,1,1/2,7,3,1,1,1,1,1,1,branch;full;flag;coherent;coset,exact,1,1,1,1,1,0,0,14
1,1,1/2,7,4,1,1,1,1,1,1,branch;full;flag;coherent;coset,exact,1,1,1,1,1,0,0,10
1,1,1/2,7,5,1,1,1,1,1,1,branch;full;flag;coherent;coset,exact,1,1,1,1,1,0,0,10
1,1,1/2,7,6,1,1,1,1,1,1,branch;full;flag;coherent;coset,exact,1,1,1,1,1,0,0,10
1,1,1/2,7,7,1,1,1,1,1,1,branch;full;flag;coherent;coset,exact,1,1,1,1,1,0,0,10
1,1,3/4,0,0,3/4,3/4,3/4,3/4,3/4,3/4,branch;full;flag;coherent;coset,exact,1,1,3/4,1,1,0,0,19
1,1,3/4,0,1,1,15/16,15/16,15/16,15/16,15/16,full;flag;coherent;coset,exact,1,1,15/16,1,1,0,0,20
1,1,3/4,0,2,1,15/16,15/16,15/16,15/16,15/16,full;flag;coherent;coset,exact,1,1,15/16,1,1,0,0,18
1,1,3/4,0,3,1,15/16,15/16,15/16,15/16,15/16,full;flag;coherent;coset,exact,1,1,15/16,1,1,0,0,18
1,1,3/4,0,4,1,15/16,15/16,15/16,15/16,15/16,full;flag;coherent;coset,exact,1,1,15/16,1,1,0,0,16
1,1,3/4,0,5,1,15/16,15/16,15/16,15/16,15/16,full;flag;coherent;coset,exact,1,1,15/16,1,1,0,0,16
1,1,3/4,0,6,1,15/16,15/16,15/16,15/16,15/16,full;flag;coherent;coset,exact,1,1,15/16,1,1,0,0,16
1,1,3/4,0,7,1,15/16,15/16,15/16,15/16,15/16,full;flag;coherent;coset,exact,1,1,15/16,1,1,0,0,16
1,1,3/4,1,0,1,15/16,15/16,15/16,15/16,15/16,full;flag;coherent;coset,exact,1,1,15/16,1,1,0,0,20
1,1,3/4,1,1,1,1,1,1,1,1,branch;full;flag;coherent;coset,exact,1,1,1,1,1,0,0,20
1,1,3/4,1,2,1,1,1,1,1,1,branch;full;flag;coherent;coset,exact,1,1,1,1,1,0,0,18
1,1,3/4,1,3,1,1,1,1,1,1,branch;full;flag;coherent;coset,exact,1,1,1,1,1,0,0,18
1,1,3/4,1,4,1,1,1,1,1,1,branch;full;flag;coherent;coset,exact,1,1,1,1,1,0,0,16
1,1,3/4,1,5,1,1,1,1,1,1,branch;full;flag;coherent;coset,exact,1,1,1,1,1,0,0,16
1,1,3/4,1,6,1,1,1,1,1,1,branch;full;flag;coherent;coset,exact,1,1,1,1,1,0,0,16
1,1,3/4,1,7,1,1,1,1,1,1,branch;full;flag;coherent;coset,exact,1,1,1,1,1,0,0,16
1,1,3/4,2,0,1,15/16,15/16,15/16,15/16,15/16,full;flag;coherent;coset,exact,1,1,15/16,1,1,0,0,18
1,1,3/4,2,1,1,1,1,1,1,1,branch;full;flag;coherent;coset,exact,1,1,1,1,1,0,0,18
1,1,3/4,2,2,1,1,1,1,1,1,branch;full;flag;coherent;coset,exact,1,1,1,1,1,0,0,16
1,1,3/4,2,3,1,1,1,1,1,1,branch;full;flag;coherent;coset,exact,1,1,1,1,1,0,0,16
1,1,3/4,2,4,1,1,1,1,1,1,branch;full;flag;coherent;coset,exact,1,1,1,1,1,0,0,14
1,1,3/4,2,5,1,1,1,1,1,1,branch;full;flag;coherent;coset,exact,1,1,1,1,1,0,0,14
1,1,3/4,2,6,1,1,1,1,1,1,branch;full;flag;coherent;coset,exact,1,1,1,1,1,0,0,14
1,1,3/4,2,7,1,1,1,1,1,1,branch;full;flag;coherent;coset,exact,1,1,1,1,1,0,0,14
1,1,3/4,3,0,1,15/16,15/16,15/16,15/16,15/16,full;flag;coherent;coset,exact,1,1,15/16,1,1,0,0,18
1,1,3/4,3,1,1,1,1,1,1,1,branch;full;flag;coherent;coset,exact,1,1,1,1,1,0,0,18
1,1,3/4,3,2,1,1,1,1,1,1,branch;full;flag;coherent;coset,exact,1,1,1,1,1,0,0,16
1,1,3/4,3,3,1,1,1,1,1,1,branch;full;flag;coherent;coset,exact,1,1,1,1,1,0,0,16
1,1,3/4,3,4,1,1,1,1,1,1,branch;full;flag;coherent;coset,exact,1,1,1,1,1,0,0,14
1,1,3/4,3,5,1,1,1,1,1,1,branch;full;flag;coherent;coset,exact,1,1,1,1,1,0,0,14
1,1,3/4,3,6,1,1,1,1,1,1,branch;full;flag;coherent;coset,exact,1,1,1,1,1,0,0,14
1,1,3/4,3,7,1,1,1,1,1,1,branch;full;flag;coherent;coset,exact,1,1,1,1,1,0,0,14
1,1,3/4,4,0,1,15/16,15/16,15/16,15/16,15/16,full;flag;coherent;coset,exact,1,1,15/16,1,1,0,0,16
1,1,3/4,4,1,1,1,1,1,1,1,branch;full;flag;coherent;coset,exact,1,1,1,1,1,0,0,16
1,1,3/4,4,2,1,1,1,1,1,1,branch;full;flag;coherent;coset,exact,1,1,1,1,1,0,0,14
1,1,3/4,4,3,1,1,1,1,1,1,branch;full;flag;coherent;coset,exact,1,1,1,1,1,0,0,14
1,1,3/4,4,4,1,1,1,1,1,1,branch;full;flag;coherent;coset,exact,1,1,1,1,1,0,0,12
1,1,3/4,4,5,1,1,1,1,1,1,branch;full;flag;coherent;coset,exact,1,1,1,1,1,0,0,12
1,1,3/4,4,6,1,1,1,1,1,1,branch;full;flag;coherent;coset,exact,1,1,1,1,1,0,0,12
1,1,3/4,4,7,1,1,1,1,1,1,branch;full;flag;coherent;coset,exact,1,1,1,1,1,0,0,12
1,1,3/4,5,0,1,15/16,15/16,15/16,15/16,15/16,full;flag;coherent;coset,exact,1,1,15/16,1,1,0,0,16
1,1,3/4,5,1,1,1,1,1,1,1,branch;full;flag;coherent;coset,exact,1,1,1,1,1,0,0,16
1,1,3/4,5,2,1,1,1,1,1,1,branch;full;flag;coherent;coset,exact,1,1,1,1,1,0,0,14
1,1,3/4,5,3,1,1,1,1,1,1,branch;full;flag;coherent;coset,exact,1,1,1,1,1,0,0,14
1,1,3/4,5,4,1,1,1,1,1,1,branch;full;flag;coherent;coset,exact,1,1,1,1,1,0,0,12
1,1,3/4,5,5,1,1,1,1,1,1,branch;full;flag;coherent;coset,exact,1,1,1,1,1,0,0,12
1,1,3/4,5,6,1,1,1,1,1,1,branch;full;flag;coherent;coset,exact,1,1,1,1,1,0,0,12
1,1,3/4,5,7,1,1,1,1,1,1,branch;full;flag;coherent;coset,exact,1,1,1,1,1,0,0,12
1,1,3/4,6,0,1,15/16,15/16,15/16,15/16,15/16,full;flag;coherent;coset,exact,1,1,15/16,1,1,0,0,16
1,1,3/4,6,1,1,1,1,1,1,1,branch;full;flag;coherent;coset,exact,1,1,1,1,1,0,0,16
1,1,3/4,6,2,1,1,1,1,1,1,branch;full;flag;coherent;coset,exact,1,1,1,1,1,0,0,14
1,1,3/4,6,3,1,1,1,1,1,1,branch;full;flag;coherent;coset,exact,1,1,1,1,1,0,0,14
1,1,3/4,6,4,1,1,1,1,1,1,branch;full;flag;coherent;coset,exact,1,1,1,1,1,0,0,12
1,1,3/4,6,5,1,1,1,1,1,1,branch;full;flag;coherent;coset,exact,1,1,1,1,1,0,0,12
1,1,3/4,6,6,1,1,1,1,1,1,branch;full;flag;coherent;coset,exact,1,1,1,1,1,0,0,12
1,1,3/4,6,7,1,1,1,1,1,1,branch;full;flag;coherent;coset,exact,1,1,1,1,1,0,0,12
1,1,3/4,7,0,1,15/16,15/16,15/16,15/16,15/16,full;flag;coherent;coset,exact,1,1,15/16,1,1,0,0,16
1,1,3/4,7,1,1,1,1,1,1,1,branch;full;flag;coherent;coset,exact,1,1,1,1,1,0,0,16
1,1,3/4,7,2,1,1,1,1,1,1,branch;full;flag;coherent;coset,exact,1,1,1,1,1,0,0,14
1,1,3/4,7,3,1,1,1,1,1,1,branch;full;flag;coherent;coset,exact,1,1,1,1,1,0,0,14
1,1,3/4,7,4,1,1,1,1,1,1,branch;full;flag;coherent;coset,exact,1,1,1,1,1,0,0,12
1,1,3/4,7,5,1,1,1,1,1,1,branch;full;flag;coherent;coset,exact,1,1,1,1,1,0,0,12
1,1,3/4,7,6,1,1,1,1,1,1,branch;full;flag;coherent;coset,exact,1,1,1,1,1,0,0,12
1,1,3/4,7,7,1,1,1,1,1,1,branch;full;flag;coherent;coset,exact,1,1,1,1,1,0,0,12
1,1,1,0,0,3/4,3/4,3/4,3/4,3/4,3/4,branch;full;flag;coherent;coset,exact,1,1,3/4,1,1,0,0,14
1,1,1,0,1,1,1,1,1,1,1,branch;full;flag;coherent;coset,exact,1,1,1,1,1,0,0,14
1,1,1,0,2,1,1,1,1,1,1,branch;full;flag;coherent;coset,exact,1,1,1,1,1,0,0,13
1,1,1,0,3,1,1,1,1,1,1,branch;full;flag;coherent;coset,exact,1,1,1,1,1,0,0,13
1,1,1,0,4,1,1,1,1,1,1,branch;full;flag;coherent;coset,exact,1,1,1,1,1,0,0,12
1,1,1,0,5,1,1,1,1,1,1,branch;full;flag;coherent;coset,exact,1,1,1,1,1,0,0,12
1,1,1,0,6,1,1,1,1,1,1,branch;full;flag;coherent;coset,exact,1,1,1,1,1,0,0,12
1,1,1,0,7,1,1,1,1,1,1,branch;full;flag;coherent;coset,exact,1,1,1,1,1,0,0,12
1,1,1,1,0,1,1,1,1,1,1,branch;full;flag;coherent;coset,exact,1,1,1,1,1,0,0,14
1,1,1,1,1,1,1,1,1,1,1,branch;full;flag;coherent;coset,exact,1,1,1,1,1,0,0,14
1,1,1,1,2,1,1,1,1,1,1,branch;full;flag;coherent;coset,exact,1,1,1,1,1,0,0,13
1,1,1,1,3,1,1,1,1,1,1,branch;full;flag;coherent;coset,exact,1,1,1,1,1,0,0,13
1,1,1,1,4,1,1,1,1,1,1,branch;full;flag;coherent;coset,exact,1,1,1,1,1,0,0,12
1,1,1,1,5,1,1,1,1,1,1,branch;full;flag;coherent;coset,exact,1,1,1,1,1,0,0,12
1,1,1,1,6,1,1,1,1,1,1,branch;full;flag;coherent;coset,exact,1,1,1,1,1,0,0,12
1,1,1,1,7,1,1,1,1,1,1,branch;full;flag;coherent;coset,exact,1,1,1,1,1,0,0,12
1,1,1,2,0,1,1,1,1,1,1,branch;full;flag;coherent;coset,exact,1,1,1,1,1,0,0,13
1,1,1,2,1,1,1,1,1,1,1,branch;full;flag;coherent;coset,exact,1,1,1,1,1,0,0,13
1,1,1,2,2,1,1,1,1,1,1,branch;full;flag;coherent;coset,exact,1,1,1,1,1,0,0,12
1,1,1,2,3,1,1,1,1,1,1,branch;full;flag;coherent;coset,exact,1,1,1,1,1,0,0,12
1,1,1,2,4,1,1,1,1,1,1,branch;full;flag;coherent;coset,exact,1,1,1,1,1,0,0,11
1,1,1,2,5,1,1,1,1,1,1,branch;full;flag;coherent;coset,exact,1,1,1,1,1,0,0,11
1,1,1,2,6,1,1,1,1,1,1,branch;full;flag;coherent;coset,exact,1,1,1,1,1,0,0,11
1,1,1,2,7,1,1,1,1,1,1,branch;full;flag;coherent;coset,exact,1,1,1,1,1,0,0,11
1,1,1,3,0,1,1,1,1,1,1,branch;full;flag;coherent;coset,exact,1,1,1,1,1,0,0,13
1,1,1,3,1,1,1,1,1,1,1,branch;full;flag;coherent;coset,exact,1,1,1,1,1,0,0,13
1,1,1,3,2,1,1,1,1,1,1,branch;full;flag;coherent;coset,exact,1,1,1,1,1,0,0,12
1,1,1,3,3,1,1,1,1,1,1,branch;full;flag;coherent;coset,exact,1,1,1,1,1,0,0,12
1,1,1,3,4,1,1,1,1,1,1,branch;full;flag;coherent;coset,exact,1,1,1,1,1,0,0,11
1,1,1,3,5,1,1,1,1,1,1,branch;full;flag;coherent;coset,exact,1,1,1,1,1,0,0,11
1,1,1,3,6,1,1,1,1,1,1,branch;full;flag;coherent;coset,exact,1,1,1,1,1,0,0,11
1,1,1,3,7,1,1,1,1,1,1,branch;full;flag;coherent;coset,exact,1,1,1,1,1,0,0,11
1,1,1,4,0,1,1,1,1,1,1,branch;full;flag;coherent;coset,exact,1,1,1,1,1,0,0,12
1,1,1,4,1,1,1,1,1,1,1,branch;full;flag;coherent;coset,exact,1,1,1,1,1,0,0,12
1,1,1,4,2,1,1,1,1,1,1,branch;full;flag;coherent;coset,exact,1,1,1,1,1,0,0,11
1,1,1,4,3,1,1,1,1,1,1,branch;full;flag;coherent;coset,exact,1,1,1,1,1,0,0,11
1,1,1,4,4,1,1,1,1,1,1,branch;full;flag;coherent;coset,exact,1,1,1,1,1,0,0,10
1,1,1,4,5,1,1,1,1,1,1,branch;full;flag;coherent;coset,exact,1,1,1,1,1,0,0,10
1,1,1,4,6,1,1,1,1,1,1,branch;full;flag;coherent;coset,exact,1,1,1,1,1,0,0,10
1,1,1,4,7,1,1,1,1,1,1,branch;full;flag;coherent;coset,exact,1,1,1,1,1,0,0,10
1,1,1,5,0,1,1,1,1,1,1,branch;full;flag;coherent;coset,exact,1,1,1,1,1,0,0,12
1,1,1,5,1,1,1,1,1,1,1,branch;full;flag;coherent;coset,exact,1,1,1,1,1,0,0,12
1,1,1,5,2,1,1,1,1,1,1,branch;full;flag;coherent;coset,exact,1,1,1,1,1,0,0,11
1,1,1,5,3,1,1,1,1,1,1,branch;full;flag;coherent;coset,exact,1,1,1,1,1,0,0,11
1,1,1,5,4,1,1,1,1,1,1,branch;full;flag;coherent;coset,exact,1,1,1,1,1,0,0,10
1,1,1,5,5,1,1,1,1,1,1,branch;full;flag;coherent;coset,exact,1,1,1,1,1,0,0,10
1,1,1,5,6,1,1,1,1,1,1,branch;full;flag;coherent;coset,exact,1,1,1,1,1,0,0,10
1,1,1,5,7,1,1,1,1,1,1,branch;full;flag;coherent;coset,exact,1,1,1,1,1,0,0,10
1,1,1,6,0,1,1,1,1,1,1,branch;full;flag;coherent;coset,exact,1,1,1,1,1,0,0,12
1,1,1,6,1,1,1,1,1,1,1,branch;full;flag;coherent;coset,exact,1,1,1,1,1,0,0,12
1,1,1,6,2,1,1,1,1,1,1,branch;full;flag;coherent;coset,exact,1,1,1,1,1,0,0,11
1,1,1,6,3,1,1,1,1,1,1,branch;full;flag;coherent;coset,exact,1,1,1,1,1,0,0,11
1,1,1,6,4,1,1,1,1,1,1,branch;full;flag;coherent;coset,exact,1,1,1,1,1,0,0,10
1,1,1,6,5,1,1,1,1,1,1,branch;full;flag;coherent;coset,exact,1,1,1,1,1,0,0,10
1,1,1,6,6,1,1,1,1,1,1,branch;full;flag;coherent;coset,exact,1,1,1,1,1,0,0,10
1,1,1,6,7,1,1,1,1,1,1,branch;full;flag;coherent;coset,exact,1,1,1,1,1,0,0,10
1,1,1,7,0,1,1,1,1,1,1,branch;full;flag;coherent;coset,exact,1,1,1,1,1,0,0,12
1,1,1,7,1,1,1,1,1,1,1,branch;full;flag;coherent;coset,exact,1,1,1,1,1,0,0,12
1,1,1,7,2,1,1,1,1,1,1,branch;full;flag;coherent;coset,exact,1,1,1,1,1,0,0,11
1,1,1,7,3,1,1,1,1,1,1,branch;full;flag;coherent;coset,exact,1,1,1,1,1,0,0,11
1,1,1,7,4,1,1,1,1,1,1,branch;full;flag;coherent;coset,exact,1,1,1,1,1,0,0,10
1,1,1,7,5,1,1,1,1,1,1,branch;full;flag;coherent;coset,exact,1,1,1,1,1,0,0,10
1,1,1,7,6,1,1,1,1,1,1,branch;full;flag;coherent;coset,exact,1,1,1,1,1,0,0,10
1,1,1,7,7,1,1,1,1,1,1,branch;full;flag;coherent;coset,exact,1,1,1,1,1,0,0,10
1,2,0,0,0,1,1,1,1,1,1,branch;full;flag;coherent;coset,exact,1,1,1,1,1,0,0,12
1,2,0,0,1,1,1,1,1,1,1,branch;full;flag;coherent;coset,exact,1,1,1,1,1,0,0,12
1,2,0,0,2,1,1,1,1,1,1,branch;full;flag;coherent;coset,exact,1,1,1,1,1,0,0,12
1,2,0,0,3,1,1,1,1,1,1,branch;full;flag;coherent;coset,exact,1,1,1,1,1,0,0,12
1,2,0,0,4,1,1,1,1,1,1,branch;full;flag;coherent;coset,exact,1,1,1,1,1,0,0,12
1,2,0,0,5,1,1,1,1,1,1,branch;full;flag;coherent;coset,exact,1,1,1,1,1,0,0,12
1,2,0,0,6,1,1,1,1,1,1,branch;full;flag;coherent;coset,exact,1,1,1,1,1,0,0,12
1,2,0,0,7,1,1,1,1,1,1,branch;full;flag;coherent;coset,exact,1,1,1,1,1,0,0,12
1,2,0,1,0,1,1,1,1,1,1,branch;full;flag;coherent;coset,exact,1,1,1,1,1,0,0,12
1,2,0,1,1,1,1,1,1,1,1,branch;full;flag;coherent;coset,exact,1,1,1,1,1,0,0,12
1,2,0,1,2,1,1,1,1,1,1,branch;full;flag;coherent;coset,exact,1,1,1,1,1,0,0,12
1,2,0,1,3,1,1,1,1,1,1,branch;full;flag;coherent;coset,exact,1,1,1,1,1,0,0,12
1,2,0,1,4,1,1,1,1,1,1,branch;full;flag;coherent;coset,exact,1,1,1,1,1,0,0,12
1,2,0,1,5,1,1,1,1,1,1,branch;full;flag;coherent;coset,exact,1,1,1,1,1,0,0,12
1,2,0,1,6,1,1,1,1,1,1,branch;full;flag;coherent;coset,exact,1,1,1,1,1,0,0,12
1,2,0,1,7,1,1,1,1,1,1,branch;full;flag;coherent;coset,exact,1,1,1,1,1,0,0,12
1,2,0,2,0,1,1,1,1,1,1,branch;full;flag;coherent;coset,exact,1,1,1,1,1,0,0,12
1,2,0,2,1,1,1,1,1,1,1,branch;full;flag;coherent;coset,exact,1,1,1,1,1,0,0,12
1,2,0,2,2,1,1,1,1,1,1,branch;full;flag;coherent;coset,exact,1,1,1,1,1,0,0,12
1,2,0,2,3,1,1,1,1,1,1,branch;full;flag;coherent;coset,exact,1,1,1,1,1,0,0,12
1,2,0,2,4,1,1,1,1,1,1,branch;full;flag;coherent;coset,exact,1,1,1,1,1,0,0,12
1,2,0,2,5,1,1,1,1,1,1,branch;full;flag;coherent;coset,exact,1,1,1,1,1,0,0,12
1,2,0,2,6,1,1,1,1,1,1,branch;full;flag;coherent;coset,exact,1,1,1,1,1,0,0,12
1,2,0,2,7,1,1,1,1,1,1,branch;full;flag;coherent;coset,exact,1,1,1,1,1,0,0,12
1,2,0,3,0,1,1,1,1,1,1,branch;full;flag;coherent;coset,exact,1,1,1,1,1,0,0,12
1,2,0,3,1,1,1,1,1,1,1,branch;full;flag;coherent;coset,exact,1,1,1,1,1,0,0,12
1,2,0,3,2,1,1,1,1,1,1,branch;full;flag;coherent;coset,exact,1,1,1,1,1,0,0,12
1,2,0,3,3,1,1,1,1,1,1,branch;full;flag;coherent;coset,exact,1,1,1,1,1,0,0,12
1,2,0,3,4,1,1,1,1,1,1,branch;full;flag;coherent;coset,exact,1,1,1,1,1,0,0,12
1,2,0,3,5,1,1,1,1,1,1,branch;full;flag;coherent;coset,exact,1,1,1,1,1,0,0,12
1,2,0,3,6,1,1,1,1,1,1,branch;full;flag;coherent;coset,exact,1,1,1,1,1,0,0,12
1,2,0,3,7,1,1,1,1,1,1,branch;full;flag;coherent;coset,exact,1,1,1,1,1,0,0,12
1,2,0,4,0,1,1,1,1,1,1,branch;full;flag;coherent;coset,exact,1,1,1,1,1,0,0,12
1,2,0,4,1,1,1,1,1,1,1,branch;full;flag;coherent;coset,exact,1,1,1,1,1,0,0,12
1,2,0,4,2,1,1,1,1,1,1,branch;full;flag;coherent;coset,exact,1,1,1,1,1,0,0,12
1,2,0,4,3,1,1,1,1,1,1,branch;full;flag;coherent;coset,exact,1,1,1,1,1,0,0,12
1,2,0,4,4,1,1,1,1,1,1,branch;full;flag;coherent;coset,exact,1,1,1,1,1,0,0,12
1,2,0,4,5,1,1,1,1,1,1,branch;full;flag;coherent;coset,exact,1,1,1,1,1,0,0,12
1,2,0,4,6,1,1,1,1,1,1,branch;full;flag;coherent;coset,exact,1,1,1,1,1,0,0,12
1,2,0,4,7,1,1,1,1,1,1,branch;full;flag;coherent;coset,exact,1,1,1,1,1,0,0,12
1,2,0,5,0,1,1,1,1,1,1,branch;full;flag;coherent;coset,exact,1,1,1,1,1,0,0,12
1,2,0,5,1,1,1,1,1,1,1,branch;full;flag;coherent;coset,exact,1,1,1,1,1,0,0,12
1,2,0,5,2,1,1,1,1,1,1,branch;full;flag;coherent;coset,exact,1,1,1,1,1,0,0,12
1,2,0,5,3,1,1,1,1,1,1,branch;full;flag;coherent;coset,exact,1,1,1,1,1,0,0,12
1,2,0,5,4,1,1,1,1,1,1,branch;full;flag;coherent;coset,exact,1,1,1,1,1,0,0,12
1,2,0,5,5,1,1,1,1,1,1,branch;full;flag;coherent;coset,exact,1,1,1,1,1,0,0,12
1,2,0,5,6,1,1,1,1,1,1,branch;full;flag;coherent;coset,exact,1,1,1,1,1,0,0,12
1,2,0,5,7,1,1,1,1,1,1,branch;full;flag;coherent;coset,exact,1,1,1,1,1,0,0,12
1,2,0,6,0,1,1,1,1,1,1,branch;full;flag;coherent;coset,exact,1,1,1,1,1,0,0,12
1,2,0,6,1,1,1,1,1,1,1,branch;full;flag;coherent;coset,exact,1,1,1,1,1,0,0,12
1,2,0,6,2,1,1,1,1,1,1,branch;full;flag;coherent;coset,exact,1,1,1,1,1,0,0,12
1,2,0,6,3,1,1,1,1,1,1,branch;full;flag;coherent;coset,exact,1,1,1,1,1,0,0,12
1,2,0,6,4,1,1,1,1,1,1,branch;full;flag;coherent;coset,exact,1,1,1,1,1,0,0,12
1,2,0,6,5,1,1,1,1,1,1,branch;full;flag;coherent;coset,exact,1,1,1,1,1,0,0,12
1,2,0,6,6,1,1,1,1,1,1,branch;full;flag;coherent;coset,exact,1,1,1,1,1,0,0,12
1,2,0,6,7,1,1,1,1,1,1,branch;full;flag;coherent;coset,exact,1,1,1,1,1,0,0,12
1,2,0,7,0,1,1,1,1,1,1,branch;full;flag;coherent;coset,exact,1,1,1,1,1,0,0,12
1,2,0,7,1,1,1,1,1,1,1,branch;full;flag;coherent;coset,exact,1,1,1,1,1,0,0,12
1,2,0,7,2,1,1,1,1,1,1,branch;full;flag;coherent;coset,exact,1,1,1,1,1,0,0,12
1,2,0,7,3,1,1,1,1,1,1,branch;full;flag;coherent;coset,exact,1,1,1,1,1,0,0,12
1,2,0,7,4,1,1,1,1,1,1,branch;full;flag;coherent;coset,exact,1,1,1,1,1,0,0,12
1,2,0,7,5,1,1,1,1,1,1,branch;full;flag;coherent;coset,exact,1,1,1,1,1,0,0,12
1,2,0,7,6,1,1,1,1,1,1,branch;full;flag;coherent;coset,exact,1,1,1,1,1,0,0,12
1,2,0,7,7,1,1,1,1,1,1,branch;full;flag;coherent;coset,exact,1,1,1,1,1,0,0,12
1,2,1/4,0,0,1,1,7/8,7/8,7/8,7/8,flag;coherent;coset,exact,1,1,7/8,1,1,1,0,19
1,2,1/4,0,1,1,1,15/16,15/16,15/16,15/16,flag;coherent;coset,exact,1,1,15/16,1,1,1,0,20
1,2,1/4,0,2,1,1,15/16,15/16,15/16,15/16,flag;coherent;coset,exact,1,1,15/16,1,1,1,0,18
1,2,1/4,0,3,1,1,15/16,15/16,15/16,15/16,flag;coherent;coset,exact,1,1,15/16,1,1,1,0,18
1,2,1/4,0,4,1,1,15/16,15/16,15/16,15/16,flag;coherent;coset,exact,1,1,15/16,1,1,1,0,16
1,2,1/4,0,5,1,1,15/16,15/16,15/16,15/16,flag;coherent;coset,exact,1,1,15/16,1,1,1,0,16
1,2,1/4,0,6,1,1,15/16,15/16,15/16,15/16,flag;coherent;coset,exact,1,1,15/16,1,1,1,0,16
1,2,1/4,0,7,1,1,15/16,15/16,15/16,15/16,flag;coherent;coset,exact,1,1,15/16,1,1,1,0,16
1,2,1/4,1,0,1,1,15/16,15/16,15/16,15/16,flag;coherent;coset,exact,1,1,15/16,1,1,1,0,20
1,2,1/4,1,1,1,1,1,1,1,1,branch;full;flag;coherent;coset,exact,1,1,1,1,1,0,0,20
1,2,1/4,1,2,1,1,1,1,1,1,branch;full;flag;coherent;coset,exact,1,1,1,1,1,0,0,18
1,2,1/4,1,3,1,1,1,1,1,1,branch;full;flag;coherent;coset,exact,1,1,1,1,1,0,0,18
1,2,1/4,1,4,1,1,1,1,1,1,branch;full;flag;coherent;coset,exact,1,1,1,1,1,0,0,16
1,2,1/4,1,5,1,1,1,1,1,1,branch;full;flag;coherent;coset,exact,1,1,1,1,1,0,0,16
1,2,1/4,1,6,1,1,1,1,1,1,branch;full;flag;coherent;coset,exact,1,1,1,1,1,0,0,16
1,2,1/4,1,7,1,1,1,1,1,1,branch;full;flag;coherent;coset,exact,1,1,1,1,1,0,0,16
1,2,1/4,2,0,1,1,15/16,15/16,15/16,15/16,flag;coherent;coset,exact,1,1,15/16,1,1,1,0,18
1,2,1/4,2,1,1,1,1,1,1,1,branch;full;flag;coherent;coset,exact,1,1,1,1,1,0,0,18
1,2,1/4,2,2,1,1,1,1,1,1,branch;full;flag;coherent;coset,exact,1,1,1,1,1,0,0,16
1,2,1/4,2,3,1,1,1,1,1,1,branch;full;flag;coherent;coset,exact,1,1,1,1,1,0,0,16
1,2,1/4,2,4,1,1,1,1,1,1,branch;full;flag;coherent;coset,exact,1,1,1,1,1,0,0,14
1,2,1/4,2,5,1,1,1,1,1,1,branch;full;flag;coherent;coset,exact,1,1,1,1,1,0,0,14
1,2,1/4,2,6,1,1,1,1,1,1,branch;full;flag;coherent;coset,exact,1,1,1,1,1,0,0,14
1,2,1/4,2,7,1,1,1,1,1,1,branch;full;flag;coherent;coset,exact,1,1,1,1,1,0,0,14
1,2,1/4,3,0,1,1,15/16,15/16,15/16,15/16,flag;coherent;coset,exact,1,1,15/16,1,1,1,0,18
1,2,1/4,3,1,1,1,1,1,1,1,branch;full;flag;coherent;coset,exact,1,1,1,1,1,0,0,18
1,2,1/4,3,2,1,1,1,1,1,1,branch;full;flag;coherent;coset,exact,1,1,1,1,1,0,0,16
1,2,1/4,3,3,1,1,1,1,1,1,branch;full;flag;coherent;coset,exact,1,1,1,1,1,0,0,16
1,2,1/4,3,4,1,1,1,1,1,1,branch;full;flag;coherent;coset,exact,1,1,1,1,1,0,0,14
1,2,1/4,3,5,1,1,1,1,1,1,branch;full;flag;coherent;coset,exact,1,1,1,1,1,0,0,14
1,2,1/4,3,6,1,1,1,1,1,1,branch;full;flag;coherent;coset,exact,1,1,1,1,1,0,0,14
1,2,1/4,3,7,1,1,1,1,1,1,branch;full;flag;coherent;coset,exact,1,1,1,1,1,0,0,14
1,2,1/4,4,0,1,1,15/16,15/16,15/16,15/16,flag;coherent;coset,exact,1,1,15/16,1,1,1,0,16
1,2,1/4,4,1,1,1,1,1,1,1,branch;full;flag;coherent;coset,exact,1,1,1,1,1,0,0,16
1,2,1/4,4,2,1,1,1,1,1,1,branch;full;flag;coherent;coset,exact,1,1,1,1,1,0,0,14
1,2,1/4,4,3,1,1,1,1,1,1,branch;full;flag;coherent;coset,exact,1,1,1,1,1,0,0,14
1,2,1/4,4,4,1,1,1,1,1,1,branch;full;flag;coherent;coset,exact,1,1,1,1,1,0,0,12
1,2,1/4,4,5,1,1,1,1,1,1,branch;full;flag;coherent;coset,exact,1,1,1,1,1,0,0,12
1,2,1/4,4,6,1,1,1,1,1,1,branch;full;flag;coherent;coset,exact,1,1,1,1,1,0,0,12
1,2,1/4,4,7,1,1,1,1,1,1,branch;full;flag;coherent;coset,exact,1,1,1,1,1,0,0,12
1,2,1/4,5,0,1,1,15/16,15/16,15/16,15/16,flag;coherent;coset,exact,1,1,15/16,1,1,1,0,16
1,2,1/4,5,1,1,1,1,1,1,1,branch;full;flag;coherent;coset,exact,1,1,1,1,1,0,0,16
1,2,1/4,5,2,1,1,1,1,1,1,branch;full;flag;coherent;coset,exact,1,1,1,1,1,0,0,14
1,2,1/4,5,3,1,1,1,1,1,1,branch;full;flag;coherent;coset,exact,1,1,1,1,1,0,0,14
1,2,1/4,5,4,1,1,1,1,1,1,branch;full;flag;coherent;coset,exact,1,1,1,1,1,0,0,12
1,2,1/4,5,5,1,1,1,1,1,1,branch;full;flag;coherent;coset,exact,1,1,1,1,1,0,0,12
1,2,1/4,5,6,1,1,1,1,1,1,branch;full;flag;coherent;coset,exact,1,1,1,1,1,0,0,12
1,2,1/4,5,7,1,1,1,1,1,1,branch;full;flag;coherent;coset,exact,1,1,1,1,1,0,0,12
1,2,1/4,6,0,1,1,15/16,15/16,15/16,15/16,flag;coherent;coset,exact,1,1,15/16,1,1,1,0,16
1,2,1/4,6,1,1,1,1,1,1,1,branch;full;flag;coherent;coset,exact,1,1,1,1,1,0,0,16
1,2,1/4,6,2,1,1,1,1,1,1,branch;full;flag;coherent;coset,exact,1,1,1,1,1,0,0,14
1,2,1/4,6,3,1,1,1,1,1,1,branch;full;flag;coherent;coset,exact,1,1,1,1,1,0,0,14
1,2,1/4,6,4,1,1,1,1,1,1,branch;full;flag;coherent;coset,exact,1,1,1,1,1,0,0,12
1,2,1/4,6,5,1,1,1,1,1,1,branch;full;flag;coherent;coset,exact,1,1,1,1,1,0,0,12
1,2,1/4,6,6,1,1,1,1,1,1,branch;full;flag;coherent;coset,exact,1,1,1,1,1,0,0,12
1,2,1/4,6,7,1,1,1,1,1,1,branch;full;flag;coherent;coset,exact,1,1,1,1,1,0,0,12
1,2,1/4,7,0,1,1,15/16,15/16,15/16,15/16,flag;coherent;coset,exact,1,1,15/16,1,1,1,0,16
1,2,1/4,7,1,1,1,1,1,1,1,branch;full;flag;coherent;coset,exact,1,1,1,1,1,0,0,16
1,2,1/4,7,2,1,1,1,1,1,1,branch;full;flag;coherent;coset,exact,1,1,1,1,1,0,0,14
1,2,1/4,7,3,1,1,1,1,1,1,branch;full;flag;coherent;coset,exact,1,1,1,1,1,0,0,14
1,2,1/4,7,4,1,1,1,1,1,1,branch;full;flag;coherent;coset,exact,1,1,1,1,1,0,0,12
1,2,1/4,7,5,1,1,1,1,1,1,branch;full;flag;coherent;coset,exact,1,1,1,1,1,0,0,12
1,2,1/4,7,6,1,1,1,1,1,1,branch;full;flag;coherent;coset,exact,1,1,1,1,1,0,0,12
1,2,1/4,7,7,1,1,1,1,1,1,branch;full;flag;coherent;coset,exact,1,1,1,1,1,0,0,12
1,2,1/2,0,0,1,1,3/4,3/4,3/4,3/4,flag;coherent;coset,exact,1,1,3/4,1,1,1,0,13
1,2,1/2,0,1,1,1,7/8,7/8,7/8,7/8,flag;coherent;coset,exact,1,1,7/8,1,1,1,0,14
1,2,1/2,0,2,1,1,7/8,7/8,7/8,7/8,flag;coherent;coset,exact,1,1,7/8,1,1,1,0,14
1,2,1/2,0,3,1,1,7/8,7/8,7/8,7/8,flag;coherent;coset,exact,1,1,7/8,1,1,1,0,14
1,2,1/2,0,4,1,1,7/8,7/8,7/8,7/8,flag;coherent;coset,exact,1,1,7/8,1,1,1,0,14
1,2,1/2,0,5,1,1,7/8,7/8,7/8,7/8,flag;coherent;coset,exact,1,1,7/8,1,1,1,0,14
1,2,1/2,0,6,1,1,7/8,7/8,7/8,7/8,flag;coherent;coset,exact,1,1,7/8,1,1,1,0,14
1,2,1/2,0,7,1,1,7/8,7/8,7/8,7/8,flag;coherent;coset,exact,1,1,7/8,1,1,1,0,14
1,2,1/2,1,0,1,1,7/8,7/8,7/8,7/8,flag;coherent;coset,exact,1,1,7/8,1,1,1,0,14
1,2,1/2,1,1,1,1,1,1,1,1,branch;full;flag;coherent;coset,exact,1,1,1,1,1,0,0,14
1,2,1/2,1,2,1,1,1,1,1,1,branch;full;flag;coherent;coset,exact,1,1,1,1,1,0,0,14
1,2,1/2,1,3,1,1,1,1,1,1,branch;full;flag;coherent;coset,exact,1,1,1,1,1,0,0,14
1,2,1/2,1,4,1,1,1,1,1,1,branch;full;flag;coherent;coset,exact,1,1,1,1,1,0,0,14
1,2,1/2,1,5,1,1,1,1,1,1,branch;full;flag;coherent;coset,exact,1,1,1,1,1,0,0,14
1,2,1/2,1,6,1,1,1,1,1,1,branch;full;flag;coherent;coset,exact,1,1,1,1,1,0,0,14
1,2,1/2,1,7,1,1,1,1,1,1,branch;full;flag;coherent;coset,exact,1,1,1,1,1,0,0,14
1,2,1/2,2,0,1,1,7/8,7/8,7/8,7/8,flag;coherent;coset,exact,1,1,7/8,1,1,1,0,14
1,2,1/2,2,1,1,1,1,1,1,1,branch;full;flag;coherent;coset,exact,1,1,1,1,1,0,0,14
1,2,1/2,2,2,1,1,1,1,1,1,branch;full;flag;coherent;coset,exact,1,1,1,1,1,0,0,12
1,2,1/2,2,3,1,1,1,1,1,1,branch;full;flag;coherent;coset,exact,1,1,1,1,1,0,0,12
1,2,1/2,2,4,1,1,1,1,1,1,branch;full;flag;coherent;coset,exact,1,1,1,1,1,0,0,14
1,2,1/2,2,5,1,1,1,1,1,1,branch;full;flag;coherent;coset,exact,1,1,1,1,1,0,0,14
1,2,1/2,2,6,1,1,1,1,1,1,branch;full;flag;coherent;coset,exact,1,1,1,1,1,0,0,14
1,2,1/2,2,7,1,1,1,1,1,1,branch;full;flag;coherent;coset,exact,1,1,1,1,1,0,0,14
1,2,1/2,3,0,1,1,7/8,7/8,7/8,7/8,flag;coherent;coset,exact,1,1,7/8,1,1,1,0,14
1,2,1/2,3,1,1,1,1,1,1,1,branch;full;flag;coherent;coset,exact,1,1,1,1,1,0,0,14
1,2,1/2,3,2,1,1,1,1,1,1,branch;full;flag;coherent;coset,exact,1,1,1,1,1,0,0,12
1,2,1/2,3,3,1,1,1,1,1,1,branch;full;flag;coherent;coset,exact,1,1,1,1,1,0,0,12
1,2,1/2,3,4,1,1,1,1,1,1,branch;full;flag;coherent;coset,exact,1,1,1,1,1,0,0,14
1,2,1/2,3,5,1,1,1,1,1,1,branch;full;flag;coherent;coset,exact,1,1,1,1,1,0,0,14
1,2,1/2,3,6,1,1,1,1,1,1,branch;full;flag;coherent;coset,exact,1,1,1,1,1,0,0,14
1,2,1/2,3,7,1,1,1,1,1,1,branch;full;flag;coherent;coset,exact,1,1,1,1,1,0,0,14
1,2,1/2,4,0,1,1,7/8,7/8,7/8,7/8,flag;coherent;coset,exact,1,1,7/8,1,1,1,0,14
1,2,1/2,4,1,1,1,1,1,1,1,branch;full;flag;coherent;coset,exact,1,1,1,1,1,0,0,14
1,2,1/2,4,2,1,1,1,1,1,1,branch;full;flag;coherent;coset,exact,1,1,1,1,1,0,0,14
1,2,1/2,4,3,1,1,1,1,1,1,branch;full;flag;coherent;coset,exact,1,1,1,1,1,0,0,14
1,2,1/2,4,4,1,1,1,1,1,1,branch;full;flag;coherent;coset,exact,1,1,1,1,1,0,0,10
1,2,1/2,4,5,1,1,1,1,1,1,branch;full;flag;coherent;coset,exact,1,1,1,1,1,0,0,10
1,2,1/2,4,6,1,1,1,1,1,1,branch;full;flag;coherent;coset,exact,1,1,1,1,1,0,0,10
1,2,1/2,4,7,1,1,1,1,1,1,branch;full;flag;coherent;coset,exact,1,1,1,1,1,0,0,10
1,2,1/2,5,0,1,1,7/8,7/8,7/8,7/8,flag;coherent;coset,exact,1,1,7/8,1,1,1,0,14
1,2,1/2,5,1,1,1,1,1,1,1,branch;full;flag;coherent;coset,exact,1,1,1,1,1,0,0,14
1,2,1/2,5,2,1,1,1,1,1,1,branch;full;flag;coherent;coset,exact,1,1,1,1,1,0,0,14
1,2,1/2,5,3,1,1,1,1,1,1,branch;full;flag;coherent;coset,exact,1,1,1,1,1,0,0,14
1,2,1/2,5,4,1,1,1,1,1,1,branch;full;flag;coherent;coset,exact,1,1,1,1,1,0,0,10
1,2,1/2,5,5,1,1,1,1,1,1,branch;full;flag;coherent;coset,exact,1,1,1,1,1,0,0,10
1,2,1/2,5,6,1,1,1,1,1,1,branch;full;flag;coherent;coset,exact,1,1,1,1,1,0,0,10
1,2,1/2,5,7,1,1,1,1,1,1,branch;full;flag;coherent;coset,exact,1,1,1,1,1,0,0,10
1,2,1/2,6,0,1,1,7/8,7/8,7/8,7/8,flag;coherent;coset,exact,1,1,7/8,1,1,1,0,14
1,2,1/2,6,1,1,1,1,1,1,1,branch;full;flag;coherent;coset,exact,1,1,1,1,1,0,0,14
1,2,1/2,6,2,1,1,1,1,1,1,branch;full;flag;coherent;coset,exact,1,1,1,1,1,0,0,14
1,2,1/2,6,3,1,1,1,1,1,1,branch;full;flag;coherent;coset,exact,1,1,1,1,1,0,0,14
1,2,1/2,6,4,1,1,1,1,1,1,branch;full;flag;coherent;coset,exact,1,1,1,1,1,0,0,10
1,2,1/2,6,5,1,1,1,1,1,1,branch;full;flag;coherent;coset,exact,1,1,1,1,1,0,0,10
1,2,1/2,6,6,1,1,1,1,1,1,branch;full;flag;coherent;coset,exact,1,1,1,1,1,0,0,10
1,2,1/2,6,7,1,1,1,1,1,1,branch;full;flag;coherent;coset,exact,1,1,1,1,1,0,0,10
1,2,1/2,7,0,1,1,7/8,7/8,7/8,7/8,flag;coherent;coset,exact,1,1,7/8,1,1,1,0,14
1,2,1/2,7,1,1,1,1,1,1,1,branch;full;flag;coherent;coset,exact,1,1,1,1,1,0,0,14
1,2,1/2,7,2,1,1,1,1,1,1,branch;full;flag;coherent;coset,exact,1,1,1,1,1,0,0,14
1,2,1/2,7,3,1,1,1,1,1,1,branch;full;flag;coherent;coset,exact,1,1,1,1,1,0,0,14
1,2,1/2,7,4,1,1,1,1,1,1,branch;full;flag;coherent;coset,exact,1,1,1,1,1,0,0,10
1,2,1/2,7,5,1,1,1,1,1,1,branch;full;flag;coherent;coset,exact,1,1,1,1,1,0,0,10
1,2,1/2,7,6,1,1,1,1,1,1,branch;full;flag;coherent;coset,exact,1,1,1,1,1,0,0,10
1,2,1/2,7,7,1,1,1,1,1,1,branch;full;flag;coherent;coset,exact,1,1,1,1,1,0,0,10
1,2,3/4,0,0,1,1,7/8,7/8,7/8,7/8,flag;coherent;coset,exact,1,1,7/8,1,1,1,0,19
1,2,3/4,0,1,1,1,15/16,15/16,15/16,15/16,flag;coherent;coset,exact,1,1,15/16,1,1,1,0,20
1,2,3/4,0,2,1,1,15/16,15/16,15/16,15/16,flag;coherent;coset,exact,1,1,15/16,1,1,1,0,18
1,2,3/4,0,3,1,1,15/16,15/16,15/16,15/16,flag;coherent;coset,exact,1,1,15/16,1,1,1,0,18
1,2,3/4,0,4,1,1,15/16,15/16,15/16,15/16,flag;coherent;coset,exact,1,1,15/16,1,1,1,0,16
1,2,3/4,0,5,1,1,15/16,15/16,15/16,15/16,flag;coherent;coset,exact,1,1,15/16,1,1,1,0,16
1,2,3/4,0,6,1,1,15/16,15/16,15/16,15/16,flag;coherent;coset,exact,1,1,15/16,1,1,1,0,16
1,2,3/4,0,7,1,1,15/16,15/16,15/16,15/16,flag;coherent;coset,exact,1,1,15/16,1,1,1,0,16
1,2,3/4,1,0,1,1,15/16,15/16,15/16,15/16,flag;coherent;coset,exact,1,1,15/16,1,1,1,0,20
1,2,3/4,1,1,1,1,1,1,1,1,branch;full;flag;coherent;coset,exact,1,1,1,1,1,0,0,20
1,2,3/4,1,2,1,1,1,1,1,1,branch;full;flag;coherent;coset,exact,1,1,1,1,1,0,0,18
1,2,3/4,1,3,1,1,1,1,1,1,branch;full;flag;coherent;coset,exact,1,1,1,1,1,0,0,18
1,2,3/4,1,4,1,1,1,1,1,1,branch;full;flag;coherent;coset,exact,1,1,1,1,1,0,0,16
1,2,3/4,1,5,1,1,1,1,1,1,branch;full;flag;coherent;coset,exact,1,1,1,1,1,0,0,16
1,2,3/4,1,6,1,1,1,1,1,1,branch;full;flag;coherent;coset,exact,1,1,1,1,1,0,0,16
1,2,3/4,1,7,1,1,1,1,1,1,branch;full;flag;coherent;coset,exact,1,1,1,1,1,0,0,16
1,2,3/4,2,0,1,1,15/16,15/16,15/16,15/16,flag;coherent;coset,exact,1,1,15/16,1,1,1,0,18
1,2,3/4,2,1,1,1,1,1,1,1,branch;full;flag;coherent;coset,exact,1,1,1,1,1,0,0,18
1,2,3/4,2,2,1,1,1,1,1,1,branch;full;flag;coherent;coset,exact,1,1,1,1,1,0,0,16
1,2,3/4,2,3,1,1,1,1,1,1,branch;full;flag;coherent;coset,exact,1,1,1,1,1,0,0,16
1,2,3/4,2,4,1,1,1,1,1,1,branch;full;flag;coherent;coset,exact,1,1,1,1,1,0,0,14
1,2,3/4,2,5,1,1,1,1,1,1,branch;full;flag;coherent;coset,exact,1,1,1,1,1,0,0,14
1,2,3/4,2,6,1,1,1,1,1,1,branch;full;flag;coherent;coset,exact,1,1,1,1,1,0,0,14
1,2,3/4,2,7,1,1,1,1,1,1,branch;full;flag;coherent;coset,exact,1,1,1,1,1,0,0,14
1,2,3/4,3,0,1,1,15/16,15/16,15/16,15/16,flag;coherent;coset,exact,1,1,15/16,1,1,1,0,18
1,2,3/4,3,1,1,1,1,1,1,1,branch;full;flag;coherent;coset,exact,1,1,1,1,1,0,0,18
1,2,3/4,3,2,1,1,1,1,1,1,branch;full;flag;coherent;coset,exact,1,1,1,1,1,0,0,16
1,2,3/4,3,3,1,1,1,1,1,1,branch;full;flag;coherent;coset,exact,1,1,1,1,1,0,0,16
1,2,3/4,3,4,1,1,1,1,1,1,branch;full;flag;coherent;coset,exact,1,1,1,1,1,0,0,14
1,2,3/4,3,5,1,1,1,1,1,1,branch;full;flag;coherent;coset,exact,1,1,1,1,1,0,0,14
1,2,3/4,3,6,1,1,1,1,1,1,branch;full;flag;coherent;coset,exact,1,1,1,1,1,0,0,14
1,2,3/4,3,7,1,1,1,1,1,1,branch;full;flag;coherent;coset,exact,1,1,1,1,1,0,0,14
1,2,3/4,4,0,1,1,15/16,15/16,15/16,15/16,flag;coherent;coset,exact,1,1,15/16,1,1,1,0,16
1,2,3/4,4,1,1,1,1,1,1,1,branch;full;flag;coherent;coset,exact,1,1,1,1,1,0,0,16
1,2,3/4,4,2,1,1,1,1,1,1,branch;full;flag;coherent;coset,exact,1,1,1,1,1,0,0,14
1,2,3/4,4,3,1,1,1,1,1,1,branch;full;flag;coherent;coset,exact,1,1,1,1,1,0,0,14
1,2,3/4,4,4,1,1,1,1,1,1,branch;full;flag;coherent;coset,exact,1,1,1,1,1,0,0,12
1,2,3/4,4,5,1,1,1,1,1,1,branch;full;flag;coherent;coset,exact,1,1,1,1,1,0,0,12
1,2,3/4,4,6,1,1,1,1,1,1,branch;full;flag;coherent;coset,exact,1,1,1,1,1,0,0,12
1,2,3/4,4,7,1,1,1,1,1,1,branch;full;flag;coherent;coset,exact,1,1,1,1,1,0,0,12
1,2,3/4,5,0,1,1,15/16,15/16,15/16,15/16,flag;coherent;coset,exact,1,1,15/16,1,1,1,0,16
1,2,3/4,5,1,1,1,1,1,1,1,branch;full;flag;coherent;coset,exact,1,1,1,1,1,0,0,16
1,2,3/4,5,2,1,1,1,1,1,1,branch;full;flag;coherent;coset,exact,1,1,1,1,1,0,0,14
1,2,3/4,5,3,1,1,1,1,1,1,branch;full;flag;coherent;coset,exact,1,1,1,1,1,0,0,14
1,2,3/4,5,4,1,1,1,1,1,1,branch;full;flag;coherent;coset,exact,1,1,1,1,1,0,0,12
1,2,3/4,5,5,1,1,1,1,1,1,branch;full;flag;coherent;coset,exact,1,1,1,1,1,0,0,12
1,2,3/4,5,6,1,1,1,1,1,1,branch;full;flag;coherent;coset,exact,1,1,1,1,1,0,0,12
1,2,3/4,5,7,1,1,1,1,1,1,branch;full;flag;coherent;coset,exact,1,1,1,1,1,0,0,12
1,2,3/4,6,0,1,1,15/16,15/16,15/16,15/16,flag;coherent;coset,exact,1,1,15/16,1,1,1,0,16
1,2,3/4,6,1,1,1,1,1,1,1,branch;full;flag;coherent;coset,exact,1,1,1,1,1,0,0,16
1,2,3/4,6,2,1,1,1,1,1,1,branch;full;flag;coherent;coset,exact,1,1,1,1,1,0,0,14
1,2,3/4,6,3,1,1,1,1,1,1,branch;full;flag;coherent;coset,exact,1,1,1,1,1,0,0,14
1,2,3/4,6,4,1,1,1,1,1,1,branch;full;flag;coherent;coset,exact,1,1,1,1,1,0,0,12
1,2,3/4,6,5,1,1,1,1,1,1,branch;full;flag;coherent;coset,exact,1,1,1,1,1,0,0,12
1,2,3/4,6,6,1,1,1,1,1,1,branch;full;flag;coherent;coset,exact,1,1,1,1,1,0,0,12
1,2,3/4,6,7,1,1,1,1,1,1,branch;full;flag;coherent;coset,exact,1,1,1,1,1,0,0,12
1,2,3/4,7,0,1,1,15/16,15/16,15/16,15/16,flag;coherent;coset,exact,1,1,15/16,1,1,1,0,16
1,2,3/4,7,1,1,1,1,1,1,1,branch;full;flag;coherent;coset,exact,1,1,1,1,1,0,0,16
1,2,3/4,7,2,1,1,1,1,1,1,branch;full;flag;coherent;coset,exact,1,1,1,1,1,0,0,14
1,2,3/4,7,3,1,1,1,1,1,1,branch;full;flag;coherent;coset,exact,1,1,1,1,1,0,0,14
1,2,3/4,7,4,1,1,1,1,1,1,branch;full;flag;coherent;coset,exact,1,1,1,1,1,0,0,12
1,2,3/4,7,5,1,1,1,1,1,1,branch;full;flag;coherent;coset,exact,1,1,1,1,1,0,0,12
1,2,3/4,7,6,1,1,1,1,1,1,branch;full;flag;coherent;coset,exact,1,1,1,1,1,0,0,12
1,2,3/4,7,7,1,1,1,1,1,1,branch;full;flag;coherent;coset,exact,1,1,1,1,1,0,0,12
1,2,1,0,0,1,1,1,1,1,1,branch;full;flag;coherent;coset,exact,1,1,1,1,1,0,0,12
1,2,1,0,1,1,1,1,1,1,1,branch;full;flag;coherent;coset,exact,1,1,1,1,1,0,0,12
1,2,1,0,2,1,1,1,1,1,1,branch;full;flag;coherent;coset,exact,1,1,1,1,1,0,0,12
1,2,1,0,3,1,1,1,1,1,1,branch;full;flag;coherent;coset,exact,1,1,1,1,1,0,0,12
1,2,1,0,4,1,1,1,1,1,1,branch;full;flag;coherent;coset,exact,1,1,1,1,1,0,0,12
1,2,1,0,5,1,1,1,1,1,1,branch;full;flag;coherent;coset,exact,1,1,1,1,1,0,0,12
1,2,1,0,6,1,1,1,1,1,1,branch;full;flag;coherent;coset,exact,1,1,1,1,1,0,0,12
1,2,1,0,7,1,1,1,1,1,1,branch;full;flag;coherent;coset,exact,1,1,1,1,1,0,0,12
1,2,1,1,0,1,1,1,1,1,1,branch;full;flag;coherent;coset,exact,1,1,1,1,1,0,0,12
1,2,1,1,1,1,1,1,1,1,1,branch;full;flag;coherent;coset,exact,1,1,1,1,1,0,0,12
1,2,1,1,2,1,1,1,1,1,1,branch;full;flag;coherent;coset,exact,1,1,1,1,1,0,0,12
1,2,1,1,3,1,1,1,1,1,1,branch;full;flag;coherent;coset,exact,1,1,1,1,1,0,0,12
1,2,1,1,4,1,1,1,1,1,1,branch;full;flag;coherent;coset,exact,1,1,1,1,1,0,0,12
1,2,1,1,5,1,1,1,1,1,1,branch;full;flag;coherent;coset,exact,1,1,1,1,1,0,0,12
1,2,1,1,6,1,1,1,1,1,1,branch;full;flag;coherent;coset,exact,1,1,1,1,1,0,0,12
1,2,1,1,7,1,1,1,1,1,1,branch;full;flag;coherent;coset,exact,1,1,1,1,1,0,0,12
1,2,1,2,0,1,1,1,1,1,1,branch;full;flag;coherent;coset,exact,1,1,1,1,1,0,0,12
1,2,1,2,1,1,1,1,1,1,1,branch;full;flag;coherent;coset,exact,1,1,1,1,1,0,0,12
1,2,1,2,2,1,1,1,1,1,1,branch;full;flag;coherent;coset,exact,1,1,1,1,1,0,0,12
1,2,1,2,3,1,1,1,1,1,1,branch;full;flag;coherent;coset,exact,1,1,1,1,1,0,0,12
1,2,1,2,4,1,1,1,1,1,1,branch;full;flag;coherent;coset,exact,1,1,1,1,1,0,0,12
1,2,1,2,5,1,1,1,1,1,1,branch;full;flag;coherent;coset,exact,1,1,1,1,1,0,0,12
1,2,1,2,6,1,1,1,1,1,1,branch;full;flag;coherent;coset,exact,1,1,1,1,1,0,0,12
1,2,1,2,7,1,1,1,1,1,1,branch;full;flag;coherent;coset,exact,1,1,1,1,1,0,0,12
1,2,1,3,0,1,1,1,1,1,1,branch;full;flag;coherent;coset,exact,1,1,1,1,1,0,0,12
1,2,1,3,1,1,1,1,1,1,1,branch;full;flag;coherent;coset,exact,1,1,1,1,1,0,0,12
1,2,1,3,2,1,1,1,1,1,1,branch;full;flag;coherent;coset,exact,1,1,1,1,1,0,0,12
1,2,1,3,3,1,1,1,1,1,1,branch;full;flag;coherent;coset,exact,1,1,1,1,1,0,0,12
1,2,1,3,4,1,1,1,1,1,1,branch;full;flag;coherent;coset,exact,1,1,1,1,1,0,0,12
1,2,1,3,5,1,1,1,1,1,1,branch;full;flag;coherent;coset,exact,1,1,1,1,1,0,0,12
1,2,1,3,6,1,1,1,1,1,1,branch;full;flag;coherent;coset,exact,1,1,1,1,1,0,0,12
1,2,1,3,7,1,1,1,1,1,1,branch;full;flag;coherent;coset,exact,1,1,1,1,1,0,0,12
1,2,1,4,0,1,1,1,1,1,1,branch;full;flag;coherent;coset,exact,1,1,1,1,1,0,0,12
1,2,1,4,1,1,1,1,1,1,1,branch;full;flag;coherent;coset,exact,1,1,1,1,1,0,0,12
1,2,1,4,2,1,1,1,1,1,1,branch;full;flag;coherent;coset,exact,1,1,1,1,1,0,0,12
1,2,1,4,3,1,1,1,1,1,1,branch;full;flag;coherent;coset,exact,1,1,1,1,1,0,0,12
1,2,1,4,4,1,1,1,1,1,1,branch;full;flag;coherent;coset,exact,1,1,1,1,1,0,0,12
1,2,1,4,5,1,1,1,1,1,1,branch;full;flag;coherent;coset,exact,1,1,1,1,1,0,0,12
1,2,1,4,6,1,1,1,1,1,1,branch;full;flag;coherent;coset,exact,1,1,1,1,1,0,0,12
1,2,1,4,7,1,1,1,1,1,1,branch;full;flag;coherent;coset,exact,1,1,1,1,1,0,0,12
1,2,1,5,0,1,1,1,1,1,1,branch;full;flag;coherent;coset,exact,1,1,1,1,1,0,0,12
1,2,1,5,1,1,1,1,1,1,1,branch;full;flag;coherent;coset,exact,1,1,1,1,1,0,0,12
1,2,1,5,2,1,1,1,1,1,1,branch;full;flag;coherent;coset,exact,1,1,1,1,1,0,0,12
1,2,1,5,3,1,1,1,1,1,1,branch;full;flag;coherent;coset,exact,1,1,1,1,1,0,0,12
1,2,1,5,4,1,1,1,1,1,1,branch;full;flag;coherent;coset,exact,1,1,1,1,1,0,0,12
1,2,1,5,5,1,1,1,1,1,1,branch;full;flag;coherent;coset,exact,1,1,1,1,1,0,0,12
1,2,1,5,6,1,1,1,1,1,1,branch;full;flag;coherent;coset,exact,1,1,1,1,1,0,0,12
1,2,1,5,7,1,1,1,1,1,1,branch;full;flag;coherent;coset,exact,1,1,1,1,1,0,0,12
1,2,1,6,0,1,1,1,1,1,1,branch;full;flag;coherent;coset,exact,1,1,1,1,1,0,0,12
1,2,1,6,1,1,1,1,1,1,1,branch;full;flag;coherent;coset,exact,1,1,1,1,1,0,0,12
1,2,1,6,2,1,1,1,1,1,1,branch;full;flag;coherent;coset,exact,1,1,1,1,1,0,0,12
1,2,1,6,3,1,1,1,1,1,1,branch;full;flag;coherent;coset,exact,1,1,1,1,1,0,0,12
1,2,1,6,4,1,1,1,1,1,1,branch;full;flag;coherent;coset,exact,1,1,1,1,1,0,0,12
1,2,1,6,5,1,1,1,1,1,1,branch;full;flag;coherent;coset,exact,1,1,1,1,1,0,0,12
1,2,1,6,6,1,1,1,1,1,1,branch;full;flag;coherent;coset,exact,1,1,1,1,1,0,0,12
1,2,1,6,7,1,1,1,1,1,1,branch;full;flag;coherent;coset,exact,1,1,1,1,1,0,0,12
1,2,1,7,0,1,1,1,1,1,1,branch;full;flag;coherent;coset,exact,1,1,1,1,1,0,0,12
1,2,1,7,1,1,1,1,1,1,1,branch;full;flag;coherent;coset,exact,1,1,1,1,1,0,0,12
1,2,1,7,2,1,1,1,1,1,1,branch;full;flag;coherent;coset,exact,1,1,1,1,1,0,0,12
1,2,1,7,3,1,1,1,1,1,1,branch;full;flag;coherent;coset,exact,1,1,1,1,1,0,0,12
1,2,1,7,4,1,1,1,1,1,1,branch;full;flag;coherent;coset,exact,1,1,1,1,1,0,0,12
1,2,1,7,5,1,1,1,1,1,1,branch;full;flag;coherent;coset,exact,1,1,1,1,1,0,0,12
1,2,1,7,6,1,1,1,1,1,1,branch;full;flag;coherent;coset,exact,1,1,1,1,1,0,0,12
1,2,1,7,7,1,1,1,1,1,1,branch;full;flag;coherent;coset,exact,1,1,1,1,1,0,0,12
1,3,0,0,0,1,1,1,1,1,1,branch;full;flag;coherent;coset,exact,1,1,1,1,1,0,0,12
1,3,0,0,1,1,1,1,1,1,1,branch;full;flag;coherent;coset,exact,1,1,1,1,1,0,0,12
1,3,0,0,2,1,1,1,1,1,1,branch;full;flag;coherent;coset,exact,1,1,1,1,1,0,0,12
1,3,0,0,3,1,1,1,1,1,1,branch;full;flag;coherent;coset,exact,1,1,1,1,1,0,0,12
1,3,0,0,4,1,1,1,1,1,1,branch;full;flag;coherent;coset,exact,1,1,1,1,1,0,0,12
1,3,0,0,5,1,1,1,1,1,1,branch;full;flag;coherent;coset,exact,1,1,1,1,1,0,0,12
1,3,0,0,6,1,1,1,1,1,1,branch;full;flag;coherent;coset,exact,1,1,1,1,1,0,0,12
1,3,0,0,7,1,1,1,1,1,1,branch;full;flag;coherent;coset,exact,1,1,1,1,1,0,0,12
1,3,0,1,0,1,1,1,1,1,1,branch;full;flag;coherent;coset,exact,1,1,1,1,1,0,0,12
1,3,0,1,1,1,1,1,1,1,1,branch;full;flag;coherent;coset,exact,1,1,1,1,1,0,0,12
1,3,0,1,2,1,1,1,1,1,1,branch;full;flag;coherent;coset,exact,1,1,1,1,1,0,0,12
1,3,0,1,3,1,1,1,1,1,1,branch;full;flag;coherent;coset,exact,1,1,1,1,1,0,0,12
1,3,0,1,4,1,1,1,1,1,1,branch;full;flag;coherent;coset,exact,1,1,1,1,1,0,0,12
1,3,0,1,5,1,1,1,1,1,1,branch;full;flag;coherent;coset,exact,1,1,1,1,1,0,0,12
1,3,0,1,6,1,1,1,1,1,1,branch;full;flag;coherent;coset,exact,1,1,1,1,1,0,0,12
1,3,0,1,7,1,1,1,1,1,1,branch;full;flag;coherent;coset,exact,1,1,1,1,1,0,0,12
1,3,0,2,0,1,1,1,1,1,1,branch;full;flag;coherent;coset,exact,1,1,1,1,1,0,0,12
1,3,0,2,1,1,1,1,1,1,1,branch;full;flag;coherent;coset,exact,1,1,1,1,1,0,0,12
1,3,0,2,2,1,1,1,1,1,1,branch;full;flag;coherent;coset,exact,1,1,1,1,1,0,0,12
1,3,0,2,3,1,1,1,1,1,1,branch;full;flag;coherent;coset,exact,1,1,1,1,1,0,0,12
1,3,0,2,4,1,1,1,1,1,1,branch;full;flag;coherent;coset,exact,1,1,1,1,1,0,0,12
1,3,0,2,5,1,1,1,1,1,1,branch;full;flag;coherent;coset,exact,1,1,1,1,1,0,0,12
1,3,0,2,6,1,1,1,1,1,1,branch;full;flag;coherent;coset,exact,1,1,1,1,1,0,0,12
1,3,0,2,7,1,1,1,1,1,1,branch;full;flag;coherent;coset,exact,1,1,1,1,1,0,0,12
1,3,0,3,0,1,1,1,1,1,1,branch;full;flag;coherent;coset,exact,1,1,1,1,1,0,0,12
1,3,0,3,1,1,1,1,1,1,1,branch;full;flag;coherent;coset,exact,1,1,1,1,1,0,0,12
1,3,0,3,2,1,1,1,1,1,1,branch;full;flag;coherent;coset,exact,1,1,1,1,1,0,0,12
1,3,0,3,3,1,1,1,1,1,1,branch;full;flag;coherent;coset,exact,1,1,1,1,1,0,0,12
1,3,0,3,4,1,1,1,1,1,1,branch;full;flag;coherent;coset,exact,1,1,1,1,1,0,0,12
1,3,0,3,5,1,1,1,1,1,1,branch;full;flag;coherent;coset,exact,1,1,1,1,1,0,0,12
1,3,0,3,6,1,1,1,1,1,1,branch;full;flag;coherent;coset,exact,1,1,1,1,1,0,0,12
1,3,0,3,7,1,1,1,1,1,1,branch;full;flag;coherent;coset,exact,1,1,1,1,1,0,0,12
1,3,0,4,0,1,1,1,1,1,1,branch;full;flag;coherent;coset,exact,1,1,1,1,1,0,0,12
1,3,0,4,1,1,1,1,1,1,1,branch;full;flag;coherent;coset,exact,1,1,1,1,1,0,0,12
1,3,0,4,2,1,1,1,1,1,1,branch;full;flag;coherent;coset,exact,1,1,1,1,1,0,0,12
1,3,0,4,3,1,1,1,1,1,1,branch;full;flag;coherent;coset,exact,1,1,1,1,1,0,0,12
1,3,0,4,4,1,1,1,1,1,1,branch;full;flag;coherent;coset,exact,1,1,1,1,1,0,0,12
1,3,0,4,5,1,1,1,1,1,1,branch;full;flag;coherent;coset,exact,1,1,1,1,1,0,0,12
1,3,0,4,6,1,1,1,1,1,1,branch;full;flag;coherent;coset,exact,1,1,1,1,1,0,0,12
1,3,0,4,7,1,1,1,1,1,1,branch;full;flag;coherent;coset,exact,1,1,1,1,1,0,0,12
1,3,0,5,0,1,1,1,1,1,1,branch;full;flag;coherent;coset,exact,1,1,1,1,1,0,0,12
1,3,0,5,1,1,1,1,1,1,1,branch;full;flag;coherent;coset,exact,1,1,1,1,1,0,0,12
1,3,0,5,2,1,1,1,1,1,1,branch;full;flag;coherent;coset,exact,1,1,1,1,1,0,0,12
1,3,0,5,3,1,1,1,1,1,1,branch;full;flag;coherent;coset,exact,1,1,1,1,1,0,0,12
1,3,0,5,4,1,1,1,1,1,1,branch;full;flag;coherent;coset,exact,1,1,1,1,1,0,0,12
1,3,0,5,5,1,1,1,1,1,1,branch;full;flag;coherent;coset,exact,1,1,1,1,1,0,0,12
1,3,0,5,6,1,1,1,1,1,1,branch;full;flag;coherent;coset,exact,1,1,1,1,1,0,0,12
1,3,0,5,7,1,1,1,1,1,1,branch;full;flag;coherent;coset,exact,1,1,1,1,1,0,0,12
1,3,0,6,0,1,1,1,1,1,1,branch;full;flag;coherent;coset,exact,1,1,1,1,1,0,0,12
1,3,0,6,1,1,1,1,1,1,1,branch;full;flag;coherent;coset,exact,1,1,1,1,1,0,0,12
1,3,0,6,2,1,1,1,1,1,1,branch;full;flag;coherent;coset,exact,1,1,1,1,1,0,0,12
1,3,0,6,3,1,1,1,1,1,1,branch;full;flag;coherent;coset,exact,1,1,1,1,1,0,0,12
1,3,0,6,4,1,1,1,1,1,1,branch;full;flag;coherent;coset,exact,1,1,1,1,1,0,0,12
1,3,0,6,5,1,1,1,1,1,1,branch;full;flag;coherent;coset,exact,1,1,1,1,1,0,0,12
1,3,0,6,6,1,1,1,1,1,1,branch;full;flag;coherent;coset,exact,1,1,1,1,1,0,0,12
1,3,0,6,7,1,1,1,1,1,1,branch;full;flag;coherent;coset,exact,1,1,1,1,1,0,0,12
1,3,0,7,0,1,1,1,1,1,1,branch;full;flag;coherent;coset,exact,1,1,1,1,1,0,0,12
1,3,0,7,1,1,1,1,1,1,1,branch;full;flag;coherent;coset,exact,1,1,1,1,1,0,0,12
1,3,0,7,2,1,1,1,1,1,1,branch;full;flag;coherent;coset,exact,1,1,1,1,1,0,0,12
1,3,0,7,3,1,1,1,1,1,1,branch;full;flag;coherent;coset,exact,1,1,1,1,1,0,0,12
1,3,0,7,4,1,1,1,1,1,1,branch;full;flag;coherent;coset,exact,1,1,1,1,1,0,0,12
1,3,0,7,5,1,1,1,1,1,1,branch;full;flag;coherent;coset,exact,1,1,1,1,1,0,0,12
1,3,0,7,6,1,1,1,1,1,1,branch;full;flag;coherent;coset,exact,1,1,1,1,1,0,0,12
1,3,0,7,7,1,1,1,1,1,1,branch;full;flag;coherent;coset,exact,1,1,1,1,1,0,0,12
1,3,1/4,0,0,1,1,7/8,7/8,7/8,7/8,flag;coherent;coset,exact,1,1,7/8,1,1,1,0,19
1,3,1/4,0,1,1,1,15/16,15/16,15/16,15/16,flag;coherent;coset,exact,1,1,15/16,1,1,1,0,20
1,3,1/4,0,2,1,1,15/16,15/16,15/16,15/16,flag;coherent;coset,exact,1,1,15/16,1,1,1,0,18
1,3,1/4,0,3,1,1,15/16,15/16,15/16,15/16,flag;coherent;coset,exact,1,1,15/16,1,1,1,0,18
1,3,1/4,0,4,1,1,15/16,15/16,15/16,15/16,flag;coherent;coset,exact,1,1,15/16,1,1,1,0,16
1,3,1/4,0,5,1,1,15/16,15/16,15/16,15/16,flag;coherent;coset,exact,1,1,15/16,1,1,1,0,16
1,3,1/4,0,6,1,1,15/16,15/16,15/16,15/16,flag;coherent;coset,exact,1,1,15/16,1,1,1,0,16
1,3,1/4,0,7,1,1,15/16,15/16,15/16,15/16,flag;coherent;coset,exact,1,1,15/16,1,1,1,0,16
1,3,1/4,1,0,1,1,15/16,15/16,15/16,15/16,flag;coherent;coset,exact,1,1,15/16,1,1,1,0,20
1,3,1/4,1,1,1,1,1,1,1,1,branch;full;flag;coherent;coset,exact,1,1,1,1,1,0,0,20
1,3,1/4,1,2,1,1,1,1,1,1,branch;full;flag;coherent;coset,exact,1,1,1,1,1,0,0,18
1,3,1/4,1,3,1,1,1,1,1,1,branch;full;flag;coherent;coset,exact,1,1,1,1,1,0,0,18
1,3,1/4,1,4,1,1,1,1,1,1,branch;full;flag;coherent;coset,exact,1,1,1,1,1,0,0,16
1,3,1/4,1,5,1,1,1,1,1,1,branch;full;flag;coherent;coset,exact,1,1,1,1,1,0,0,16
1,3,1/4,1,6,1,1,1,1,1,1,branch;full;flag;coherent;coset,exact,1,1,1,1,1,0,0,16
1,3,1/4,1,7,1,1,1,1,1,1,branch;full;flag;coherent;coset,exact,1,1,1,1,1,0,0,16
1,3,1/4,2,0,1,1,15/16,15/16,15/16,15/16,flag;coherent;coset,exact,1,1,15/16,1,1,1,0,18
1,3,1/4,2,1,1,1,1,1,1,1,branch;full;flag;coherent;coset,exact,1,1,1,1,1,0,0,18
1,3,1/4,2,2,1,1,1,1,1,1,branch;full;flag;coherent;coset,exact,1,1,1,1,1,0,0,16
1,3,1/4,2,3,1,1,1,1,1,1,branch;full;flag;coherent;coset,exact,1,1,1,1,1,0,0,16
1,3,1/4,2,4,1,1,1,1,1,1,branch;full;flag;coherent;coset,exact,1,1,1,1,1,0,0,14
1,3,1/4,2,5,1,1,1,1,1,1,branch;full;flag;coherent;coset,exact,1,1,1,1,1,0,0,14
1,3,1/4,2,6,1,1,1,1,1,1,branch;full;flag;coherent;coset,exact,1,1,1,1,1,0,0,14
1,3,1/4,2,7,1,1,1,1,1,1,branch;full;flag;coherent;coset,exact,1,1,1,1,1,0,0,14
1,3,1/4,3,0,1,1,15/16,15/16,15/16,15/16,flag;coherent;coset,exact,1,1,15/16,1,1,1,0,18
1,3,1/4,3,1,1,1,1,1,1,1,branch;full;flag;coherent;coset,exact,1,1,1,1,1,0,0,18
1,3,1/4,3,2,1,1,1,1,1,1,branch;full;flag;coherent;coset,exact,1,1,1,1,1,0,0,16
1,3,1/4,3,3,1,1,1,1,1,1,branch;full;flag;coherent;coset,exact,1,1,1,1,1,0,0,16
1,3,1/4,3,4,1,1,1,1,1,1,branch;full;flag;coherent;coset,exact,1,1,1,1,1,0,0,14
1,3,1/4,3,5,1,1,1,1,1,1,branch;full;flag;coherent;coset,exact,1,1,1,1,1,0,0,14
1,3,1/4,3,6,1,1,1,1,1,1,branch;full;flag;coherent;coset,exact,1,1,1,1,1,0,0,14
1,3,1/4,3,7,1,1,1,1,1,1,branch;full;flag;coherent;coset,exact,1,1,1,1,1,0,0,14
1,3,1/4,4,0,1,1,15/16,15/16,15/16,15/16,flag;coherent;coset,exact,1,1,15/16,1,1,1,0,16
1,3,1/4,4,1,1,1,1,1,1,1,branch;full;flag;coherent;coset,exact,1,1,1,1,1,0,0,16
1,3,1/4,4,2,1,1,1,1,1,1,branch;full;flag;coherent;coset,exact,1,1,1,1,1,0,0,14
1,3,1/4,4,3,1,1,1,1,1,1,branch;full;flag;coherent;coset,exact,1,1,1,1,1,0,0,14
1,3,1/4,4,4,1,1,1,1,1,1,branch;full;flag;coherent;coset,exact,1,1,1,1,1,0,0,12
1,3,1/4,4,5,1,1,1,1,1,1,branch;full;flag;coherent;coset,exact,1,1,1,1,1,0,0,12
1,3,1/4,4,6,1,1,1,1,1,1,branch;full;flag;coherent;coset,exact,1,1,1,1,1,0,0,12
1,3,1/4,4,7,1,1,1,1,1,1,branch;full;flag;coherent;coset,exact,1,1,1,1,1,0,0,12
1,3,1/4,5,0,1,1,15/16,15/16,15/16,15/16,flag;coherent;coset,exact,1,1,15/16,1,1,1,0,16
1,3,1/4,5,1,1,1,1,1,1,1,branch;full;flag;coherent;coset,exact,1,1,1,1,1,0,0,16
1,3,1/4,5,2,1,1,1,1,1,1,branch;full;flag;coherent;coset,exact,1,1,1,1,1,0,0,14
1,3,1/4,5,3,1,1,1,1,1,1,branch;full;flag;coherent;coset,exact,1,1,1,1,1,0,0,14
1,3,1/4,5,4,1,1,1,1,1,1,branch;full;flag;coherent;coset,exact,1,1,1,1,1,0,0,12
1,3,1/4,5,5,1,1,1,1,1,1,branch;full;flag;coherent;coset,exact,1,1,1,1,1,0,0,12
1,3,1/4,5,6,1,1,1,1,1,1,branch;full;flag;coherent;coset,exact,1,1,1,1,1,0,0,12
1,3,1/4,5,7,1,1,1,1,1,1,branch;full;flag;coherent;coset,exact,1,1,1,1,1,0,0,12
1,3,1/4,6,0,1,1,15/16,15/16,15/16,15/16,flag;coherent;coset,exact,1,1,15/16,1,1,1,0,16
1,3,1/4,6,1,1,1,1,1,1,1,branch;full;flag;coherent;coset,exact,1,1,1,1,1,0,0,16
1,3,1/4,6,2,1,1,1,1,1,1,branch;full;flag;coherent;coset,exact,1,1,1,1,1,0,0,14
1,3,1/4,6,3,1,1,1,1,1,1,branch;full;flag;coherent;coset,exact,1,1,1,1,1,0,0,14
1,3,1/4,6,4,1,1,1,1,1,1,branch;full;flag;coherent;coset,exact,1,1,1,1,1,0,0,12
1,3,1/4,6,5,1,1,1,1,1,1,branch;full;flag;coherent;coset,exact,1,1,1,1,1,0,0,12
1,3,1/4,6,6,1,1,1,1,1,1,branch;full;flag;coherent;coset,exact,1,1,1,1,1,0,0,12
1,3,1/4,6,7,1,1,1,1,1,1,branch;full;flag;coherent;coset,exact,1,1,1,1,1,0,0,12
1,3,1/4,7,0,1,1,15/16,15/16,15/16,15/16,flag;coherent;coset,exact,1,1,15/16,1,1,1,0,16
1,3,1/4,7,1,1,1,1,1,1,1,branch;full;flag;coherent;coset,exact,1,1,1,1,1,0,0,16
1,3,1/4,7,2,1,1,1,1,1,1,branch;full;flag;coherent;coset,exact,1,1,1,1,1,0,0,14
1,3,1/4,7,3,1,1,1,1,1,1,branch;full;flag;coherent;coset,exact,1,1,1,1,1,0,0,14
1,3,1/4,7,4,1,1,1,1,1,1,branch;full;flag;coherent;coset,exact,1,1,1,1,1,0,0,12
1,3,1/4,7,5,1,1,1,1,1,1,branch;full;flag;coherent;coset,exact,1,1,1,1,1,0,0,12
1,3,1/4,7,6,1,1,1,1,1,1,branch;full;flag;coherent;coset,exact,1,1,1,1,1,0,0,12
1,3,1/4,7,7,1,1,1,1,1,1,branch;full;flag;coherent;coset,exact,1,1,1,1,1,0,0,12
1,3,1/2,0,0,1,1,3/4,3/4,3/4,3/4,flag;coherent;coset,exact,1,1,3/4,1,1,1,0,13
1,3,1/2,0,1,1,1,7/8,7/8,7/8,7/8,flag;coherent;coset,exact,1,1,7/8,1,1,1,0,14
1,3,1/2,0,2,1,1,7/8,7/8,7/8,7/8,flag;coherent;coset,exact,1,1,7/8,1,1,1,0,14
1,3,1/2,0,3,1,1,7/8,7/8,7/8,7/8,flag;coherent;coset,exact,1,1,7/8,1,1,1,0,14
1,3,1/2,0,4,1,1,7/8,7/8,7/8,7/8,flag;coherent;coset,exact,1,1,7/8,1,1,1,0,14
1,3,1/2,0,5,1,1,7/8,7/8,7/8,7/8,flag;coherent;coset,exact,1,1,7/8,1,1,1,0,14
1,3,1/2,0,6,1,1,7/8,7/8,7/8,7/8,flag;coherent;coset,exact,1,1,7/8,1,1,1,0,14
1,3,1/2,0,7,1,1,7/8,7/8,7/8,7/8,flag;coherent;coset,exact,1,1,7/8,1,1,1,0,14
1,3,1/2,1,0,1,1,7/8,7/8,7/8,7/8,flag;coherent;coset,exact,1,1,7/8,1,1,1,0,14
1,3,1/2,1,1,1,1,1,1,1,1,branch;full;flag;coherent;coset,exact,1,1,1,1,1,0,0,14
1,3,1/2,1,2,1,1,1,1,1,1,branch;full;flag;coherent;coset,exact,1,1,1,1,1,0,0,14
1,3,1/2,1,3,1,1,1,1,1,1,branch;full;flag;coherent;coset,exact,1,1,1,1,1,0,0,14
1,3,1/2,1,4,1,1,1,1,1,1,branch;full;flag;coherent;coset,exact,1,1,1,1,1,0,0,14
1,3,1/2,1,5,1,1,1,1,1,1,branch;full;flag;coherent;coset,exact,1,1,1,1,1,0,0,14
1,3,1/2,1,6,1,1,1,1,1,1,branch;full;flag;coherent;coset,exact,1,1,1,1,1,0,0,14
1,3,1/2,1,7,1,1,1,1,1,1,branch;full;flag;coherent;coset,exact,1,1,1,1,1,0,0,14
1,3,1/2,2,0,1,1,7/8,7/8,7/8,7/8,flag;coherent;coset,exact,1,1,7/8,1,1,1,0,14
1,3,1/2,2,1,1,1,1,1,1,1,branch;full;flag;coherent;coset,exact,1,1,1,1,1,0,0,14
1,3,1/2,2,2,1,1,1,1,1,1,branch;full;flag;coherent;coset,exact,1,1,1,1,1,0,0,12
1,3,1/2,2,3,1,1,1,1,1,1,branch;full;flag;coherent;coset,exact,1,1,1,1,1,0,0,12
1,3,1/2,2,4,1,1,1,1,1,1,branch;full;flag;coherent;coset,exact,1,1,1,1,1,0,0,14
1,3,1/2,2,5,1,1,1,1,1,1,branch;full;flag;coherent;coset,exact,1,1,1,1,1,0,0,14
1,3,1/2,2,6,1,1,1,1,1,1,branch;full;flag;coherent;coset,exact,1,1,1,1,1,0,0,14
1,3,1/2,2,7,1,1,1,1,1,1,branch;full;flag;coherent;coset,exact,1,1,1,1,1,0,0,14
1,3,1/2,3,0,1,1,7/8,7/8,7/8,7/8,flag;coherent;coset,exact,1,1,7/8,1,1,1,0,14
1,3,1/2,3,1,1,1,1,1,1,1,branch;full;flag;coherent;coset,exact,1,1,1,1,1,0,0,14
1,3,1/2,3,2,1,1,1,1,1,1,branch;full;flag;coherent;coset,exact,1,1,1,1,1,0,0,12
1,3,1/2,3,3,1,1,1,1,1,1,branch;full;flag;coherent;coset,exact,1,1,1,1,1,0,0,12
1,3,1/2,3,4,1,1,1,1,1,1,branch;full;flag;coherent;coset,exact,1,1,1,1,1,0,0,14
1,3,1/2,3,5,1,1,1,1,1,1,branch;full;flag;coherent;coset,exact,1,1,1,1,1,0,0,14
1,3,1/2,3,6,1,1,1,1,1,1,branch;full;flag;coherent;coset,exact,1,1,1,1,1,0,0,14
1,3,1/2,3,7,1,1,1,1,1,1,branch;full;flag;coherent;coset,exact,1,1,1,1,1,0,0,14
1,3,1/2,4,0,1,1,7/8,7/8,7/8,7/8,flag;coherent;coset,exact,1,1,7/8,1,1,1,0,14
1,3,1/2,4,1,1,1,1,1,1,1,branch;full;flag;coherent;coset,exact,1,1,1,1,1,0,0,14
1,3,1/2,4,2,1,1,1,1,1,1,branch;full;flag;coherent;coset,exact,1,1,1,1,1,0,0,14
1,3,1/2,4,3,1,1,1,1,1,1,branch;full;flag;coherent;coset,exact,1,1,1,1,1,0,0,14
1,3,1/2,4,4,1,1,1,1,1,1,branch;full;flag;coherent;coset,exact,1,1,1,1,1,0,0,10
1,3,1/2,4,5,1,1,1,1,1,1,branch;full;flag;coherent;coset,exact,1,1,1,1,1,0,0,10
1,3,1/2,4,6,1,1,1,1,1,1,branch;full;flag;coherent;coset,exact,1,1,1,1,1,0,0,10
1,3,1/2,4,7,1,1,1,1,1,1,branch;full;flag;coherent;coset,exact,1,1,1,1,1,0,0,10
1,3,1/2,5,0,1,1,7/8,7/8,7/8,7/8,flag;coherent;coset,exact,1,1,7/8,1,1,1,0,14
1,3,1/2,5,1,1,1,1,1,1,1,branch;full;flag;coherent;coset,exact,1,1,1,1,1,0,0,14
1,3,1/2,5,2,1,1,1,1,1,1,branch;full;flag;coherent;coset,exact,1,1,1,1,1,0,0,14
1,3,1/2,5,3,1,1,1,1,1,1,branch;full;flag;coherent;coset,exact,1,1,1,1,1,0,0,14
1,3,1/2,5,4,1,1,1,1,1,1,branch;full;flag;coherent;coset,exact,1,1,1,1,1,0,0,10
1,3,1/2,5,5,1,1,1,1,1,1,branch;full;flag;coherent;coset,exact,1,1,1,1,1,0,0,10
1,3,1/2,5,6,1,1,1,1,1,1,branch;full;flag;coherent;coset,exact,1,1,1,1,1,0,0,10
1,3,1/2,5,7,1,1,1,1,1,1,branch;full;flag;coherent;coset,exact,1,1,1,1,1,0,0,10
1,3,1/2,6,0,1,1,7/8,7/8,7/8,7/8,flag;coherent;coset,exact,1,1,7/8,1,1,1,0,14
1,3,1/2,6,1,1,1,1,1,1,1,branch;full;flag;coherent;coset,exact,1,1,1,1,1,0,0,14
1,3,1/2,6,2,1,1,1,1,1,1,branch;full;flag;coherent;coset,exact,1,1,1,1,1,0,0,14
1,3,1/2,6,3,1,1,1,1,1,1,branch;full;flag;coherent;coset,exact,1,1,1,1,1,0,0,14
1,3,1/2,6,4,1,1,1,1,1,1,branch;full;flag;coherent;coset,exact,1,1,1,1,1,0,0,10
1,3,1/2,6,5,1,1,1,1,1,1,branch;full;flag;coherent;coset,exact,1,1,1,1,1,0,0,10
1,3,1/2,6,6,1,1,1,1,1,1,branch;full;flag;coherent;coset,exact,1,1,1,1,1,0,0,10
1,3,1/2,6,7,1,1,1,1,1,1,branch;full;flag;coherent;coset,exact,1,1,1,1,1,0,0,10
1,3,1/2,7,0,1,1,7/8,7/8,7/8,7/8,flag;coherent;coset,exact,1,1,7/8,1,1,1,0,14
1,3,1/2,7,1,1,1,1,1,1,1,branch;full;flag;coherent;coset,exact,1,1,1,1,1,0,0,14
1,3,1/2,7,2,1,1,1,1,1,1,branch;full;flag;coherent;coset,exact,1,1,1,1,1,0,0,14
1,3,1/2,7,3,1,1,1,1,1,1,branch;full;flag;coherent;coset,exact,1,1,1,1,1,0,0,14
1,3,1/2,7,4,1,1,1,1,1,1,branch;full;flag;coherent;coset,exact,1,1,1,1,1,0,0,10
1,3,1/2,7,5,1,1,1,1,1,1,branch;full;flag;coherent;coset,exact,1,1,1,1,1,0,0,10
1,3,1/2,7,6,1,1,1,1,1,1,branch;full;flag;coherent;coset,exact,1,1,1,1,1,0,0,10
1,3,1/2,7,7,1,1,1,1,1,1,branch;full;flag;coherent;coset,exact,1,1,1,1,1,0,0,10
1,3,3/4,0,0,1,1,7/8,7/8,7/8,7/8,flag;coherent;coset,exact,1,1,7/8,1,1,1,0,19
1,3,3/4,0,1,1,1,15/16,15/16,15/16,15/16,flag;coherent;coset,exact,1,1,15/16,1,1,1,0,20
1,3,3/4,0,2,1,1,15/16,15/16,15/16,15/16,flag;coherent;coset,exact,1,1,15/16,1,1,1,0,18
1,3,3/4,0,3,1,1,15/16,15/16,15/16,15/16,flag;coherent;coset,exact,1,1,15/16,1,1,1,0,18
1,3,3/4,0,4,1,1,15/16,15/16,15/16,15/16,flag;coherent;coset,exact,1,1,15/16,1,1,1,0,16
1,3,3/4,0,5,1,1,15/16,15/16,15/16,15/16,flag;coherent;coset,exact,1,1,15/16,1,1,1,0,16
1,3,3/4,0,6,1,1,15/16,15/16,15/16,15/16,flag;coherent;coset,exact,1,1,15/16,1,1,1,0,16
1,3,3/4,0,7,1,1,15/16,15/16,15/16,15/16,flag;coherent;coset,exact,1,1,15/16,1,1,1,0,16
1,3,3/4,1,0,1,1,15/16,15/16,15/16,15/16,flag;coherent;coset,exact,1,1,15/16,1,1,1,0,20
1,3,3/4,1,1,1,1,1,1,1,1,branch;full;flag;coherent;coset,exact,1,1,1,1,1,0,0,20
1,3,3/4,1,2,1,1,1,1,1,1,branch;full;flag;coherent;coset,exact,1,1,1,1,1,0,0,18
1,3,3/4,1,3,1,1,1,1,1,1,branch;full;flag;coherent;coset,exact,1,1,1,1,1,0,0,18
1,3,3/4,1,4,1,1,1,1,1,1,branch;full;flag;coherent;coset,exact,1,1,1,1,1,0,0,16
1,3,3/4,1,5,1,1,1,1,1,1,branch;full;flag;coherent;coset,exact,1,1,1,1,1,0,0,16
1,3,3/4,1,6,1,1,1,1,1,1,branch;full;flag;coherent;coset,exact,1,1,1,1,1,0,0,16
1,3,3/4,1,7,1,1,1,1,1,1,branch;full;flag;coherent;coset,exact,1,1,1,1,1,0,0,16
1,3,3/4,2,0,1,1,15/16,15/16,15/16,15/16,flag;coherent;coset,exact,1,1,15/16,1,1,1,0,18
1,3,3/4,2,1,1,1,1,1,1,1,branch;full;flag;coherent;coset,exact,1,1,1,1,1,0,0,18
1,3,3/4,2,2,1,1,1,1,1,1,branch;full;flag;coherent;coset,exact,1,1,1,1,1,0,0,16
1,3,3/4,2,3,1,1,1,1,1,1,branch;full;flag;coherent;coset,exact,1,1,1,1,1,0,0,16
1,3,3/4,2,4,1,1,1,1,1,1,branch;full;flag;coherent;coset,exact,1,1,1,1,1,0,0,14
1,3,3/4,2,5,1,1,1,1,1,1,branch;full;flag;coherent;coset,exact,1,1,1,1,1,0,0,14
1,3,3/4,2,6,1,1,1,1,1,1,branch;full;flag;coherent;coset,exact,1,1,1,1,1,0,0,14
1,3,3/4,2,7,1,1,1,1,1,1,branch;full;flag;coherent;coset,exact,1,1,1,1,1,0,0,14
1,3,3/4,3,0,1,1,15/16,15/16,15/16,15/16,flag;coherent;coset,exact,1,1,15/16,1,1,1,0,18
1,3,3/4,3,1,1,1,1,1,1,1,branch;full;flag;coherent;coset,exact,1,1,1,1,1,0,0,18
1,3,3/4,3,2,1,1,1,1,1,1,branch;full;flag;coherent;coset,exact,1,1,1,1,1,0,0,16
1,3,3/4,3,3,1,1,1,1,1,1,branch;full;flag;coherent;coset,exact,1,1,1,1,1,0,0,16
1,3,3/4,3,4,1,1,1,1,1,1,branch;full;flag;coherent;coset,exact,1,1,1,1,1,0,0,14
1,3,3/4,3,5,1,1,1,1,1,1,branch;full;flag;coherent;coset,exact,1,1,1,1,1,0,0,14
1,3,3/4,3,6,1,1,1,1,1,1,branch;full;flag;coherent;coset,exact,1,1,1,1,1,0,0,14
1,3,3/4,3,7,1,1,1,1,1,1,branch;full;flag;coherent;coset,exact,1,1,1,1,1,0,0,14
1,3,3/4,4,0,1,1,15/16,15/16,15/16,15/16,flag;coherent;coset,exact,1,1,15/16,1,1,1,0,16
1,3,3/4,4,1,1,1,1,1,1,1,branch;full;flag;coherent;coset,exact,1,1,1,1,1,0,0,16
1,3,3/4,4,2,1,1,1,1,1,1,branch;full;flag;coherent;coset,exact,1,1,1,1,1,0,0,14
1,3,3/4,4,3,1,1,1,1,1,1,branch;full;flag;coherent;coset,exact,1,1,1,1,1,0,0,14
1,3,3/4,4,4,1,1,1,1,1,1,branch;full;flag;coherent;coset,exact,1,1,1,1,1,0,0,12
1,3,3/4,4,5,1,1,1,1,1,1,branch;full;flag;coherent;coset,exact,1,1,1,1,1,0,0,12
1,3,3/4,4,6,1,1,1,1,1,1,branch;full;flag;coherent;coset,exact,1,1,1,1,1,0,0,12
1,3,3/4,4,7,1,1,1,1,1,1,branch;full;flag;coherent;coset,exact,1,1,1,1,1,0,0,12
1,3,3/4,5,0,1,1,15/16,15/16,15/16,15/16,flag;coherent;coset,exact,1,1,15/16,1,1,1,0,16
1,3,3/4,5,1,1,1,1,1,1,1,branch;full;flag;coherent;coset,exact,1,1,1,1,1,0,0,16
1,3,3/4,5,2,1,1,1,1,1,1,branch;full;flag;coherent;coset,exact,1,1,1,1,1,0,0,14
1,3,3/4,5,3,1,1,1,1,1,1,branch;full;flag;coherent;coset,exact,1,1,1,1,1,0,0,14
1,3,3/4,5,4,1,1,1,1,1,1,branch;full;flag;coherent;coset,exact,1,1,1,1,1,0,0,12
1,3,3/4,5,5,1,1,1,1,1,1,branch;full;flag;coherent;coset,exact,1,1,1,1,1,0,0,12
1,3,3/4,5,6,1,1,1,1,1,1,branch;full;flag;coherent;coset,exact,1,1,1,1,1,0,0,12
1,3,3/4,5,7,1,1,1,1,1,1,branch;full;flag;coherent;coset,exact,1,1,1,1,1,0,0,12
1,3,3/4,6,0,1,1,15/16,15/16,15/16,15/16,flag;coherent;coset,exact,1,1,15/16,1,1,1,0,16
1,3,3/4,6,1,1,1,1,1,1,1,branch;full;flag;coherent;coset,exact,1,1,1,1,1,0,0,16
1,3,3/4,6,2,1,1,1,1,1,1,branch;full;flag;coherent;coset,exact,1,1,1,1,1,0,0,14
1,3,3/4,6,3,1,1,1,1,1,1,branch;full;flag;coherent;coset,exact,1,1,1,1,1,0,0,14
1,3,3/4,6,4,1,1,1,1,1,1,branch;full;flag;coherent;coset,exact,1,1,1,1,1,0,0,12
1,3,3/4,6,5,1,1,1,1,1,1,branch;full;flag;coherent;coset,exact,1,1,1,1,1,0,0,12
1,3,3/4,6,6,1,1,1,1,1,1,branch;full;flag;coherent;coset,exact,1,1,1,1,1,0,0,12
1,3,3/4,6,7,1,1,1,1,1,1,branch;full;flag;coherent;coset,exact,1,1,1,1,1,0,0,12
1,3,3/4,7,0,1,1,15/16,15/16,15/16,15/16,flag;coherent;coset,exact,1,1,15/16,1,1,1,0,16
1,3,3/4,7,1,1,1,1,1,1,1,branch;full;flag;coherent;coset,exact,1,1,1,1,1,0,0,16
1,3,3/4,7,2,1,1,1,1,1,1,branch;full;flag;coherent;coset,exact,1,1,1,1,1,0,0,14
1,3,3/4,7,3,1,1,1,1,1,1,branch;full;flag;coherent;coset,exact,1,1,1,1,1,0,0,14
1,3,3/4,7,4,1,1,1,1,1,1,branch;full;flag;coherent;coset,exact,1,1,1,1,1,0,0,12
1,3,3/4,7,5,1,1,1,1,1,1,branch;full;flag;coherent;coset,exact,1,1,1,1,1,0,0,12
1,3,3/4,7,6,1,1,1,1,1,1,branch;full;flag;coherent;coset,exact,1,1,1,1,1,0,0,12
1,3,3/4,7,7,1,1,1,1,1,1,branch;full;flag;coherent;coset,exact,1,1,1,1,1,0,0,12
1,3,1,0,0,1,1,1,1,1,1,branch;full;flag;coherent;coset,exact,1,1,1,1,1,0,0,12
1,3,1,0,1,1,1,1,1,1,1,branch;full;flag;coherent;coset,exact,1,1,1,1,1,0,0,12
1,3,1,0,2,1,1,1,1,1,1,branch;full;flag;coherent;coset,exact,1,1,1,1,1,0,0,12
1,3,1,0,3,1,1,1,1,1,1,branch;full;flag;coherent;coset,exact,1,1,1,1,1,0,0,12
1,3,1,0,4,1,1,1,1,1,1,branch;full;flag;coherent;coset,exact,1,1,1,1,1,0,0,12
1,3,1,0,5,1,1,1,1,1,1,branch;full;flag;coherent;coset,exact,1,1,1,1,1,0,0,12
1,3,1,0,6,1,1,1,1,1,1,branch;full;flag;coherent;coset,exact,1,1,1,1,1,0,0,12
1,3,1,0,7,1,1,1,1,1,1,branch;full;flag;coherent;coset,exact,1,1,1,1,1,0,0,12
1,3,1,1,0,1,1,1,1,1,1,branch;full;flag;coherent;coset,exact,1,1,1,1,1,0,0,12
1,3,1,1,1,1,1,1,1,1,1,branch;full;flag;coherent;coset,exact,1,1,1,1,1,0,0,12
1,3,1,1,2,1,1,1,1,1,1,branch;full;flag;coherent;coset,exact,1,1,1,1,1,0,0,12
1,3,1,1,3,1,1,1,1,1,1,branch;full;flag;coherent;coset,exact,1,1,1,1,1,0,0,12
1,3,1,1,4,1,1,1,1,1,1,branch;full;flag;coherent;coset,exact,1,1,1,1,1,0,0,12
1,3,1,1,5,1,1,1,1,1,1,branch;full;flag;coherent;coset,exact,1,1,1,1,1,0,0,12
1,3,1,1,6,1,1,1,1,1,1,branch;full;flag;coherent;coset,exact,1,1,1,1,1,0,0,12
1,3,1,1,7,1,1,1,1,1,1,branch;full;flag;coherent;coset,exact,1,1,1,1,1,0,0,12
1,3,1,2,0,1,1,1,1,1,1,branch;full;flag;coherent;coset,exact,1,1,1,1,1,0,0,12
1,3,1,2,1,1,1,1,1,1,1,branch;full;flag;coherent;coset,exact,1,1,1,1,1,0,0,12
1,3,1,2,2,1,1,1,1,1,1,branch;full;flag;coherent;coset,exact,1,1,1,1,1,0,0,12
1,3,1,2,3,1,1,1,1,1,1,branch;full;flag;coherent;coset,exact,1,1,1,1,1,0,0,12
1,3,1,2,4,1,1,1,1,1,1,branch;full;flag;coherent;coset,exact,1,1,1,1,1,0,0,12
1,3,1,2,5,1,1,1,1,1,1,branch;full;flag;coherent;coset,exact,1,1,1,1,1,0,0,12
1,3,1,2,6,1,1,1,1,1,1,branch;full;flag;coherent;coset,exact,1,1,1,1,1,0,0,12
1,3,1,2,7,1,1,1,1,1,1,branch;full;flag;coherent;coset,exact,1,1,1,1,1,0,0,12
1,3,1,3,0,1,1,1,1,1,1,branch;full;flag;coherent;coset,exact,1,1,1,1,1,0,0,12
1,3,1,3,1,1,1,1,1,1,1,branch;full;flag;coherent;coset,exact,1,1,1,1,1,0,0,12
1,3,1,3,2,1,1,1,1,1,1,branch;full;flag;coherent;coset,exact,1,1,1,1,1,0,0,12
1,3,1,3,3,1,1,1,1,1,1,branch;full;flag;coherent;coset,exact,1,1,1,1,1,0,0,12
1,3,1,3,4,1,1,1,1,1,1,branch;full;flag;coherent;coset,exact,1,1,1,1,1,0,0,12
1,3,1,3,5,1,1,1,1,1,1,branch;full;flag;coherent;coset,exact,1,1,1,1,1,0,0,12
1,3,1,3,6,1,1,1,1,1,1,branch;full;flag;coherent;coset,exact,1,1,1,1,1,0,0,12
1,3,1,3,7,1,1,1,1,1,1,branch;full;flag;coherent;coset,exact,1,1,1,1,1,0,0,12
1,3,1,4,0,1,1,1,1,1,1,branch;full;flag;coherent;coset,exact,1,1,1,1,1,0,0,12
1,3,1,4,1,1,1,1,1,1,1,branch;full;flag;coherent;coset,exact,1,1,1,1,1,0,0,12
1,3,1,4,2,1,1,1,1,1,1,branch;full;flag;coherent;coset,exact,1,1,1,1,1,0,0,12
1,3,1,4,3,1,1,1,1,1,1,branch;full;flag;coherent;coset,exact,1,1,1,1,1,0,0,12
1,3,1,4,4,1,1,1,1,1,1,branch;full;flag;coherent;coset,exact,1,1,1,1,1,0,0,12
1,3,1,4,5,1,1,1,1,1,1,branch;full;flag;coherent;coset,exact,1,1,1,1,1,0,0,12
1,3,1,4,6,1,1,1,1,1,1,branch;full;flag;coherent;coset,exact,1,1,1,1,1,0,0,12
1,3,1,4,7,1,1,1,1,1,1,branch;full;flag;coherent;coset,exact,1,1,1,1,1,0,0,12
1,3,1,5,0,1,1,1,1,1,1,branch;full;flag;coherent;coset,exact,1,1,1,1,1,0,0,12
1,3,1,5,1,1,1,1,1,1,1,branch;full;flag;coherent;coset,exact,1,1,1,1,1,0,0,12
1,3,1,5,2,1,1,1,1,1,1,branch;full;flag;coherent;coset,exact,1,1,1,1,1,0,0,12
1,3,1,5,3,1,1,1,1,1,1,branch;full;flag;coherent;coset,exact,1,1,1,1,1,0,0,12
1,3,1,5,4,1,1,1,1,1,1,branch;full;flag;coherent;coset,exact,1,1,1,1,1,0,0,12
1,3,1,5,5,1,1,1,1,1,1,branch;full;flag;coherent;coset,exact,1,1,1,1,1,0,0,12
1,3,1,5,6,1,1,1,1,1,1,branch;full;flag;coherent;coset,exact,1,1,1,1,1,0,0,12
1,3,1,5,7,1,1,1,1,1,1,branch;full;flag;coherent;coset,exact,1,1,1,1,1,0,0,12
1,3,1,6,0,1,1,1,1,1,1,branch;full;flag;coherent;coset,exact,1,1,1,1,1,0,0,12
1,3,1,6,1,1,1,1,1,1,1,branch;full;flag;coherent;coset,exact,1,1,1,1,1,0,0,12
1,3,1,6,2,1,1,1,1,1,1,branch;full;flag;coherent;coset,exact,1,1,1,1,1,0,0,12
1,3,1,6,3,1,1,1,1,1,1,branch;full;flag;coherent;coset,exact,1,1,1,1,1,0,0,12
1,3,1,6,4,1,1,1,1,1,1,branch;full;flag;coherent;coset,exact,1,1,1,1,1,0,0,12
1,3,1,6,5,1,1,1,1,1,1,branch;full;flag;coherent;coset,exact,1,1,1,1,1,0,0,12
1,3,1,6,6,1,1,1,1,1,1,branch;full;flag;coherent;coset,exact,1,1,1,1,1,0,0,12
1,3,1,6,7,1,1,1,1,1,1,branch;full;flag;coherent;coset,exact,1,1,1,1,1,0,0,12
1,3,1,7,0,1,1,1,1,1,1,branch;full;flag;coherent;coset,exact,1,1,1,1,1,0,0,12
1,3,1,7,1,1,1,1,1,1,1,branch;full;flag;coherent;coset,exact,1,1,1,1,1,0,0,12
1,3,1,7,2,1,1,1,1,1,1,branch;full;flag;coherent;coset,exact,1,1,1,1,1,0,0,12
1,3,1,7,3,1,1,1,1,1,1,branch;full;flag;coherent;coset,exact,1,1,1,1,1,0,0,12
1,3,1,7,4,1,1,1,1,1,1,branch;full;flag;coherent;coset,exact,1,1,1,1,1,0,0,12
1,3,1,7,5,1,1,1,1,1,1,branch;full;flag;coherent;coset,exact,1,1,1,1,1,0,0,12
1,3,1,7,6,1,1,1,1,1,1,branch;full;flag;coherent;coset,exact,1,1,1,1,1,0,0,12
1,3,1,7,7,1,1,1,1,1,1,branch;full;flag;coherent;coset,exact,1,1,1,1,1,0,0,12
2,0,0,0,0,3/4,3/4,3/4,3/4,3/4,3/4,branch;full;flag;coherent;coset,exact,1,1,3/4,1,1,0,0,13
2,0,0,0,1,1,3/4,3/4,3/4,3/4,3/4,full;flag;coherent;coset,exact,1,1,3/4,1,1,0,0,13
2,0,0,0,2,1,3/4,3/4,3/4,3/4,3/4,full;flag;coherent;coset,exact,1,1,3/4,1,1,0,0,13
2,0,0,0,3,1,3/4,3/4,3/4,3/4,3/4,full;flag;coherent;coset,exact,1,1,3/4,1,1,0,0,13
2,0,0,0,4,3/4,3/4,3/4,3/4,3/4,3/4,branch;full;flag;coherent;coset,exact,1,1,3/4,1,1,0,0,13
2,0,0,0,5,1,3/4,3/4,3/4,3/4,3/4,full;flag;coherent;coset,exact,1,1,3/4,1,1,0,0,13
2,0,0,0,6,1,3/4,3/4,3/4,3/4,3/4,full;flag;coherent;coset,exact,1,1,3/4,1,1,0,0,13
2,0,0,0,7,1,3/4,3/4,3/4,3/4,3/4,full;flag;coherent;coset,exact,1,1,3/4,1,1,0,0,13
2,0,0,1,0,1,1,1,1,1,1,branch;full;flag;coherent;coset,exact,1,1,1,1,1,0,0,13
2,0,0,1,1,1,1,1,1,1,1,branch;full;flag;coherent;coset,exact,1,1,1,1,1,0,0,13
2,0,0,1,2,1,1,1,1,1,1,branch;full;flag;coherent;coset,exact,1,1,1,1,1,0,0,13
2,0,0,1,3,1,1,1,1,1,1,branch;full;flag;coherent;coset,exact,1,1,1,1,1,0,0,13
2,0,0,1,4,1,1,1,1,1,1,branch;full;flag;coherent;coset,exact,1,1,1,1,1,0,0,13
2,0,0,1,5,1,1,1,1,1,1,branch;full;flag;coherent;coset,exact,1,1,1,1,1,0,0,13
2,0,0,1,6,1,1,1,1,1,1,branch;full;flag;coherent;coset,exact,1,1,1,1,1,0,0,13
2,0,0,1,7,1,1,1,1,1,1,branch;full;flag;coherent;coset,exact,1,1,1,1,1,0,0,13
2,0,0,2,0,1,1,1,1,1,1,branch;full;flag;coherent;coset,exact,1,1,1,1,1,0,0,11
2,0,0,2,1,1,1,1,1,1,1,branch;full;flag;coherent;coset,exact,1,1,1,1,1,0,0,11
2,0,0,2,2,1,1,1,1,1,1,branch;full;flag;coherent;coset,exact,1,1,1,1,1,0,0,11
2,0,0,2,3,1,1,1,1,1,1,branch;full;flag;coherent;coset,exact,1,1,1,1,1,0,0,11
2,0,0,2,4,1,1,1,1,1,1,branch;full;flag;coherent;coset,exact,1,1,1,1,1,0,0,11
2,0,0,2,5,1,1,1,1,1,1,branch;full;flag;coherent;coset,exact,1,1,1,1,1,0,0,11
2,0,0,2,6,1,1,1,1,1,1,branch;full;flag;coherent;coset,exact,1,1,1,1,1,0,0,11
2,0,0,2,7,1,1,1,1,1,1,branch;full;flag;coherent;coset,exact,1,1,1,1,1,0,0,11
2,0,0,3,0,1,1,1,1,1,1,branch;full;flag;coherent;coset,exact,1,1,1,1,1,0,0,11
2,0,0,3,1,1,1,1,1,1,1,branch;full;flag;coherent;coset,exact,1,1,1,1,1,0,0,11
2,0,0,3,2,1,1,1,1,1,1,branch;full;flag;coherent;coset,exact,1,1,1,1,1,0,0,11
2,0,0,3,3,1,1,1,1,1,1,branch;full;flag;coherent;coset,exact,1,1,1,1,1,0,0,11
2,0,0,3,4,1,1,1,1,1,1,branch;full;flag;coherent;coset,exact,1,1,1,1,1,0,0,11
2,0,0,3,5,1,1,1,1,1,1,branch;full;flag;coherent;coset,exact,1,1,1,1,1,0,0,11
2,0,0,3,6,1,1,1,1,1,1,branch;full;flag;coherent;coset,exact,1,1,1,1,1,0,0,11
2,0,0,3,7,1,1,1,1,1,1,branch;full;flag;coherent;coset,exact,1,1,1,1,1,0,0,11
2,0,0,4,0,3/4,3/4,3/4,3/4,3/4,3/4,branch;full;flag;coherent;coset,exact,1,1,3/4,1,1,0,0,13
2,0,0,4,1,1,3/4,3/4,3/4,3/4,3/4,full;flag;coherent;coset,exact,1,1,3/4,1,1,0,0,13
2,0,0,4,2,1,3/4,3/4,3/4,3/4,3/4,full;flag;coherent;coset,exact,1,1,3/4,1,1,0,0,13
2,0,0,4,3,1,3/4,3/4,3/4,3/4,3/4,full;flag;coherent;coset,exact,1,1,3/4,1,1,0,0,13
2,0,0,4,4,3/4,3/4,3/4,3/4,3/4,3/4,branch;full;flag;coherent;coset,exact,1,1,3/4,1,1,0,0,13
2,0,0,4,5,1,3/4,3/4,3/4,3/4,3/4,full;flag;coherent;coset,exact,1,1,3/4,1,1,0,0,13
2,0,0,4,6,1,3/4,3/4,3/4,3/4,3/4,full;flag;coherent;coset,exact,1,1,3/4,1,1,0,0,13
2,0,0,4,7,1,3/4,3/4,3/4,3/4,3/4,full;flag;coherent;coset,exact,1,1,3/4,1,1,0,0,13
2,0,0,5,0,1,1,1,1,1,1,branch;full;flag;coherent;coset,exact,1,1,1,1,1,0,0,13
2,0,0,5,1,1,1,1,1,1,1,branch;full;flag;coherent;coset,exact,1,1,1,1,1,0,0,13
2,0,0,5,2,1,1,1,1,1,1,branch;full;flag;coherent;coset,exact,1,1,1,1,1,0,0,13
2,0,0,5,3,1,1,1,1,1,1,branch;full;flag;coherent;coset,exact,1,1,1,1,1,0,0,13
2,0,0,5,4,1,1,1,1,1,1,branch;full;flag;coherent;coset,exact,1,1,1,1,1,0,0,13
2,0,0,5,5,1,1,1,1,1,1,branch;full;flag;coherent;coset,exact,1,1,1,1,1,0,0,13
2,0,0,5,6,1,1,1,1,1,1,branch;full;flag;coherent;coset,exact,1,1,1,1,1,0,0,13
2,0,0,5,7,1,1,1,1,1,1,branch;full;flag;coherent;coset,exact,1,1,1,1,1,0,0,13
2,0,0,6,0,1,1,1,1,1,1,branch;full;flag;coherent;coset,exact,1,1,1,1,1,0,0,11
2,0,0,6,1,1,1,1,1,1,1,branch;full;flag;coherent;coset,exact,1,1,1,1,1,0,0,11
2,0,0,6,2,1,1,1,1,1,1,branch;full;flag;coherent;coset,exact,1,1,1,1,1,0,0,11
2,0,0,6,3,1,1,1,1,1,1,branch;full;flag;coherent;coset,exact,1,1,1,1,1,0,0,11
2,0,0,6,4,1,1,1,1,1,1,branch;full;flag;coherent;coset,exact,1,1,1,1,1,0,0,11
2,0,0,6,5,1,1,1,1,1,1,branch;full;flag;coherent;coset,exact,1,1,1,1,1,0,0,11
2,0,0,6,6,1,1,1,1,1,1,branch;full;flag;coherent;coset,exact,1,1,1,1,1,0,0,11
2,0,0,6,7,1,1,1,1,1,1,branch;full;flag;coherent;coset,exact,1,1,1,1,1,0,0,11
2,0,0,7,0,1,1,1,1,1,1,branch;full;flag;coherent;coset,exact,1,1,1,1,1,0,0,11
2,0,0,7,1,1,1,1,1,1,1,branch;full;flag;coherent;coset,exact,1,1,1,1,1,0,0,11
2,0,0,7,2,1,1,1,1,1,1,branch;full;flag;coherent;coset,exact,1,1,1,1,1,0,0,11
2,0,0,7,3,1,1,1,1,1,1,branch;full;flag;coherent;coset,exact,1,1,1,1,1,0,0,11
2,0,0,7,4,1,1,1,1,1,1,branch;full;flag;coherent;coset,exact,1,1,1,1,1,0,0,11
2,0,0,7,5,1,1,1,1,1,1,branch;full;flag;coherent;coset,exact,1,1,1,1,1,0,0,11
2,0,0,7,6,1,1,1,1,1,1,branch;full;flag;coherent;coset,exact,1,1,1,1,1,0,0,11
2,0,0,7,7,1,1,1,1,1,1,branch;full;flag;coherent;coset,exact,1,1,1,1,1,0,0,11
2,0,1/4,0,0,3/4,3/4,3/4,3/4,3/4,3/4,branch;full;flag;coherent;coset,exact,1,1,3/4,1,1,0,0,19
2,0,1/4,0,1,1,13/16,13/16,13/16,13/16,13/16,full;flag;coherent;coset,exact,1,1,13/16,1,1,0,0,20
2,0,1/4,0,2,1,13/16,13/16,13/16,13/16,13/16,full;flag;coherent;coset,exact,1,1,13/16,1,1,0,0,18
2,0,1/4,0,3,1,13/16,13/16,13/16,13/16,13/16,full;flag;coherent;coset,exact,1,1,13/16,1,1,0,0,18
2,0,1/4,0,4,3/4,3/4,3/4,3/4,3/4,3/4,branch;full;flag;coherent;coset,exact,1,1,3/4,1,1,0,0,19
2,0,1/4,0,5,1,13/16,13/16,13/16,13/16,13/16,full;flag;coherent;coset,exact,1,1,13/16,1,1,0,0,20
2,0,1/4,0,6,1,13/16,13/16,13/16,13/16,13/16,full;flag;coherent;coset,exact,1,1,13/16,1,1,0,0,18
2,0,1/4,0,7,1,13/16,13/16,13/16,13/16,13/16,full;flag;coherent;coset,exact,1,1,13/16,1,1,0,0,18
2,0,1/4,1,0,1,15/16,15/16,15/16,15/16,15/16,full;flag;coherent;coset,exact,1,1,15/16,1,1,0,0,20
2,0,1/4,1,1,1,1,1,1,1,1,branch;full;flag;coherent;coset,exact,1,1,1,1,1,0,0,20
2,0,1/4,1,2,1,1,1,1,1,1,branch;full;flag;coherent;coset,exact,1,1,1,1,1,0,0,18
2,0,1/4,1,3,1,1,1,1,1,1,branch;full;flag;coherent;coset,exact,1,1,1,1,1,0,0,18
2,0,1/4,1,4,1,15/16,15/16,15/16,15/16,15/16,full;flag;coherent;coset,exact,1,1,15/16,1,1,0,0,20
2,0,1/4,1,5,1,1,1,1,1,1,branch;full;flag;coherent;coset,exact,1,1,1,1,1,0,0,20
2,0,1/4,1,6,1,1,1,1,1,1,branch;full;flag;coherent;coset,exact,1,1,1,1,1,0,0,18
2,0,1/4,1,7,1,1,1,1,1,1,branch;full;flag;coherent;coset,exact,1,1,1,1,1,0,0,18
2,0,1/4,2,0,1,15/16,15/16,15/16,15/16,15/16,full;flag;coherent;coset,exact,1,1,15/16,1,1,0,0,18
2,0,1/4,2,1,1,1,1,1,1,1,branch;full;flag;coherent;coset,exact,1,1,1,1,1,0,0,18
2,0,1/4,2,2,1,1,1,1,1,1,branch;full;flag;coherent;coset,exact,1,1,1,1,1,0,0,16
2,0,1/4,2,3,1,1,1,1,1,1,branch;full;flag;coherent;coset,exact,1,1,1,1,1,0,0,16
2,0,1/4,2,4,1,15/16,15/16,15/16,15/16,15/16,full;flag;coherent;coset,exact,1,1,15/16,1,1,0,0,18
2,0,1/4,2,5,1,1,1,1,1,1,branch;full;flag;coherent;coset,exact,1,1,1,1,1,0,0,18
2,0,1/4,2,6,1,1,1,1,1,1,branch;full;flag;coherent;coset,exact,1,1,1,1,1,0,0,16
2,0,1/4,2,7,1,1,1,1,1,1,branch;full;flag;coherent;coset,exact,1,1,1,1,1,0,0,16
2,0,1/4,3,0,1,15/16,15/16,15/16,15/16,15/16,full;flag;coherent;coset,exact,1,1,15/16,1,1,0,0,18
2,0,1/4,3,1,1,1,1,1,1,1,branch;full;flag;coherent;coset,exact,1,1,1,1,1,0,0,18
2,0,1/4,3,2,1,1,1,1,1,1,branch;full;flag;coherent;coset,exact,1,1,1,1,1,0,0,16
2,0,1/4,3,3,1,1,1,1,1,1,branch;full;flag;coherent;coset,exact,1,1,1,1,1,0,0,16
2,0,1/4,3,4,1,15/16,15/16,15/16,15/16,15/16,full;flag;coherent;coset,exact,1,1,15/16,1,1,0,0,18
2,0,1/4,3,5,1,1,1,1,1,1,branch;full;flag;coherent;coset,exact,1,1,1,1,1,0,0,18
2,0,1/4,3,6,1,1,1,1,1,1,branch;full;flag;coherent;coset,exact,1,1,1,1,1,0,0,16
2,0,1/4,3,7,1,1,1,1,1,1,branch;full;flag;coherent;coset,exact,1,1,1,1,1,0,0,16
2,0,1/4,4,0,3/4,3/4,3/4,3/4,3/4,3/4,branch;full;flag;coherent;coset,exact,1,1,3/4,1,1,0,0,19
2,0,1/4,4,1,1,13/16,13/16,13/16,13/16,13/16,full;flag;coherent;coset,exact,1,1,13/16,1,1,0,0,20
2,0,1/4,4,2,1,13/16,13/16,13/16,13/16,13/16,full;flag;coherent;coset,exact,1,1,13/16,1,1,0,0,18
2,0,1/4,4,3,1,13/16,13/16,13/16,13/16,13/16,full;flag;coherent;coset,exact,1,1,13/16,1,1,0,0,18
2,0,1/4,4,4,3/4,3/4,3/4,3/4,3/4,3/4,branch;full;flag;coherent;coset,exact,1,1,3/4,1,1,0,0,19
2,0,1/4,4,5,1,13/16,13/16,13/16,13/16,13/16,full;flag;coherent;coset,exact,1,1,13/16,1,1,0,0,20
2,0,1/4,4,6,1,13/16,13/16,13/16,13/16,13/16,full;flag;coherent;coset,exact,1,1,13/16,1,1,0,0,18
2,0,1/4,4,7,1,13/16,13/16,13/16,13/16,13/16,full;flag;coherent;coset,exact,1,1,13/16,1,1,0,0,18
2,0,1/4,5,0,1,15/16,15/16,15/16,15/16,15/16,full;flag;coherent;coset,exact,1,1,15/16,1,1,0,0,20
2,0,1/4,5,1,1,1,1,1,1,1,branch;full;flag;coherent;coset,exact,1,1,1,1,1,0,0,20
2,0,1/4,5,2,1,1,1,1,1,1,branch;full;flag;coherent;coset,exact,1,1,1,1,1,0,0,18
2,0,1/4,5,3,1,1,1,1,1,1,branch;full;flag;coherent;coset,exact,1,1,1,1,1,0,0,18
2,0,1/4,5,4,1,15/16,15/16,15/16,15/16,15/16,full;flag;coherent;coset,exact,1,1,15/16,1,1,0,0,20
2,0,1/4,5,5,1,1,1,1,1,1,branch;full;flag;coherent;coset,exact,1,1,1,1,1,0,0,20
2,0,1/4,5,6,1,1,1,1,1,1,branch;full;flag;coherent;coset,exact,1,1,1,1,1,0,0,18
2,0,1/4,5,7,1,1,1,1,1,1,branch;full;flag;coherent;coset,exact,1,1,1,1,1,0,0,18
2,0,1/4,6,0,1,15/16,15/16,15/16,15/16,15/16,full;flag;coherent;coset,exact,1,1,15/16,1,1,0,0,18
2,0,1/4,6,1,1,1,1,1,1,1,branch;full;flag;coherent;coset,exact,1,1,1,1,1,0,0,18
2,0,1/4,6,2,1,1,1,1,1,1,branch;full;flag;coherent;coset,exact,1,1,1,1,1,0,0,16
2,0,1/4,6,3,1,1,1,1,1,1,branch;full;flag;coherent;coset,exact,1,1,1,1,1,0,0,16
2,0,1/4,6,4,1,15/16,15/16,15/16,15/16,15/16,full;flag;coherent;coset,exact,1,1,15/16,1,1,0,0,18
2,0,1/4,6,5,1,1,1,1,1,1,branch;full;flag;coherent;coset,exact,1,1,1,1,1,0,0,18
2,0,1/4,6,6,1,1,1,1,1,1,branch;full;flag;coherent;coset,exact,1,1,1,1,1,0,0,16
2,0,1/4,6,7,1,1,1,1,1,1,branch;full;flag;coherent;coset,exact,1,1,1,1,1,0,0,16
2,0,1/4,7,0,1,15/16,15/16,15/16,15/16,15/16,full;flag;coherent;coset,exact,1,1,15/16,1,1,0,0,18
2,0,1/4,7,1,1,1,1,1,1,1,branch;full;flag;coherent;coset,exact,1,1,1,1,1,0,0,18
2,0,1/4,7,2,1,1,1,1,1,1,branch;full;flag;coherent;coset,exact,1,1,1,1,1,0,0,16
2,0,1/4,7,3,1,1,1,1,1,1,branch;full;flag;coherent;coset,exact,1,1,1,1,1,0,0,16
2,0,1/4,7,4,1,15/16,15/16,15/16,15/16,15/16,full;flag;coherent;coset,exact,1,1,15/16,1,1,0,0,18
2,0,1/4,7,5,1,1,1,1,1,1,branch;full;flag;coherent;coset,exact,1,1,1,1,1,0,0,18
2,0,1/4,7,6,1,1,1,1,1,1,branch;full;flag;coherent;coset,exact,1,1,1,1,1,0,0,16
2,0,1/4,7,7,1,1,1,1,1,1,branch;full;flag;coherent;coset,exact,1,1,1,1,1,0,0,16
2,0,1/2,0,0,3/4,3/4,3/4,3/4,3/4,3/4,branch;full;flag;coherent;coset,exact,1,1,3/4,1,1,0,0,13
2,0,1/2,0,1,1,7/8,7/8,7/8,7/8,7/8,full;flag;coherent;coset,exact,1,1,7/8,1,1,0,0,14
2,0,1/2,0,2,1,7/8,7/8,7/8,7/8,7/8,full;flag;coherent;coset,exact,1,1,7/8,1,1,0,0,14
2,0,1/2,0,3,1,7/8,7/8,7/8,7/8,7/8,full;flag;coherent;coset,exact,1,1,7/8,1,1,0,0,14
2,0,1/2,0,4,3/4,3/4,3/4,3/4,3/4,3/4,branch;full;flag;coherent;coset,exact,1,1,3/4,1,1,0,0,13
2,0,1/2,0,5,1,7/8,7/8,7/8,7/8,7/8,full;flag;coherent;coset,exact,1,1,7/8,1,1,0,0,14
2,0,1/2,0,6,1,7/8,7/8,7/8,7/8,7/8,full;flag;coherent;coset,exact,1,1,7/8,1,1,0,0,14
2,0,1/2,0,7,1,7/8,7/8,7/8,7/8,7/8,full;flag;coherent;coset,exact,1,1,7/8,1,1,0,0,14
2,0,1/2,1,0,1,7/8,7/8,7/8,7/8,7/8,full;flag;coherent;coset,exact,1,1,7/8,1,1,0,0,14
2,0,1/2,1,1,1,1,1,1,1,1,branch;full;flag;coherent;coset,exact,1,1,1,1,1,0,0,14
2,0,1/2,1,2,1,1,1,1,1,1,branch;full;flag;coherent;coset,exact,1,1,1,1,1,0,0,14
2,0,1/2,1,3,1,1,1,1,1,1,branch;full;flag;coherent;coset,exact,1,1,1,1,1,0,0,14
2,0,1/2,1,4,1,7/8,7/8,7/8,7/8,7/8,full;flag;coherent;coset,exact,1,1,7/8,1,1,0,0,14
2,0,1/2,1,5,1,1,1,1,1,1,branch;full;flag;coherent;coset,exact,1,1,1,1,1,0,0,14
2,0,1/2,1,6,1,1,1,1,1,1,branch;full;flag;coherent;coset,exact,1,1,1,1,1,0,0,14
2,0,1/2,1,7,1,1,1,1,1,1,branch;full;flag;coherent;coset,exact,1,1,1,1,1,0,0,14
2,0,1/2,2,0,1,7/8,7/8,7/8,7/8,7/8,full;flag;coherent;coset,exact,1,1,7/8,1,1,0,0,14
2,0,1/2,2,1,1,1,1,1,1,1,branch;full;flag;coherent;coset,exact,1,1,1,1,1,0,0,14
2,0,1/2,2,2,1,1,1,1,1,1,branch;full;flag;coherent;coset,exact,1,1,1,1,1,0,0,12
2,0,1/2,2,3,1,1,1,1,1,1,branch;full;flag;coherent;coset,exact,1,1,1,1,1,0,0,12
2,0,1/2,2,4,1,7/8,7/8,7/8,7/8,7/8,full;flag;coherent;coset,exact,1,1,7/8,1,1,0,0,14
2,0,1/2,2,5,1,1,1,1,1,1,branch;full;flag;coherent;coset,exact,1,1,1,1,1,0,0,14
2,0,1/2,2,6,1,1,1,1,1,1,branch;full;flag;coherent;coset,exact,1,1,1,1,1,0,0,12
2,0,1/2,2,7,1,1,1,1,1,1,branch;full;flag;coherent;coset,exact,1,1,1,1,1,0,0,12
2,0,1/2,3,0,1,7/8,7/8,7/8,7/8,7/8,full;flag;coherent;coset,exact,1,1,7/8,1,1,0,0,14
2,0,1/2,3,1,1,1,1,1,1,1,branch;full;flag;coherent;coset,exact,1,1,1,1,1,0,0,14
2,0,1/2,3,2,1,1,1,1,1,1,branch;full;flag;coherent;coset,exact,1,1,1,1,1,0,0,12
2,0,1/2,3,3,1,1,1,1,1,1,branch;full;flag;coherent;coset,exact,1,1,1,1,1,0,0,12
2,0,1/2,3,4,1,7/8,7/8,7/8,7/8,7/8,full;flag;coherent;coset,exact,1,1,7/8,1,1,0,0,14
2,0,1/2,3,5,1,1,1,1,1,1,branch;full;flag;coherent;coset,exact,1,1,1,1,1,0,0,14
2,0,1/2,3,6,1,1,1,1,1,1,branch;full;flag;coherent;coset,exact,1,1,1,1,1,0,0,12
2,0,1/2,3,7,1,1,1,1,1,1,branch;full;flag;coherent;coset,exact,1,1,1,1,1,0,0,12
2,0,1/2,4,0,3/4,3/4,3/4,3/4,3/4,3/4,branch;full;flag;coherent;coset,exact,1,1,3/4,1,1,0,0,13
2,0,1/2,4,1,1,7/8,7/8,7/8,7/8,7/8,full;flag;coherent;coset,exact,1,1,7/8,1,1,0,0,14
2,0,1/2,4,2,1,7/8,7/8,7/8,7/8,7/8,full;flag;coherent;coset,exact,1,1,7/8,1,1,0,0,14
2,0,1/2,4,3,1,7/8,7/8,7/8,7/8,7/8,full;flag;coherent;coset,exact,1,1,7/8,1,1,0,0,14
2,0,1/2,4,4,3/4,3/4,3/4,3/4,3/4,3/4,branch;full;flag;coherent;coset,exact,1,1,3/4,1,1,0,0,13
2,0,1/2,4,5,1,7/8,7/8,7/8,7/8,7/8,full;flag;coherent;coset,exact,1,1,7/8,1,1,0,0,14
2,0,1/2,4,6,1,7/8,7/8,7/8,7/8,7/8,full;flag;coherent;coset,exact,1,1,7/8,1,1,0,0,14
2,0,1/2,4,7,1,7/8,7/8,7/8,7/8,7/8,full;flag;coherent;coset,exact,1,1,7/8,1,1,0,0,14
2,0,1/2,5,0,1,7/8,7/8,7/8,7/8,7/8,full;flag;coherent;coset,exact,1,1,7/8,1,1,0,0,14
2,0,1/2,5,1,1,1,1,1,1,1,branch;full;flag;coherent;coset,exact,1,1,1,1,1,0,0,14
2,0,1/2,5,2,1,1,1,1,1,1,branch;full;flag;coherent;coset,exact,1,1,1,1,1,0,0,14
2,0,1/2,5,3,1,1,1,1,1,1,branch;full;flag;coherent;coset,exact,1,1,1,1,1,0,0,14
2,0,1/2,5,4,1,7/8,7/8,7/8,7/8,7/8,full;flag;coherent;coset,exact,1,1,7/8,1,1,0,0,14
2,0,1/2,5,5,1,1,1,1,1,1,branch;full;flag;coherent;coset,exact,1,1,1,1,1,0,0,14
2,0,1/2,5,6,1,1,1,1,1,1,branch;full;flag;coherent;coset,exact,1,1,1,1,1,0,0,14
2,0,1/2,5,7,1,1,1,1,1,1,branch;full;flag;coherent;coset,exact,1,1,1,1,1,0,0,14
2,0,1/2,6,0,1,7/8,7/8,7/8,7/8,7/8,full;flag;coherent;coset,exact,1,1,7/8,1,1,0,0,14
2,0,1/2,6,1,1,1,1,1,1,1,branch;full;flag;coherent;coset,exact,1,1,1,1,1,0,0,14
2,0,1/2,6,2,1,1,1,1,1,1,branch;full;flag;coherent;coset,exact,1,1,1,1,1,0,0,12
2,0,1/2,6,3,1,1,1,1,1,1,branch;full;flag;coherent;coset,exact,1,1,1,1,1,0,0,12
2,0,1/2,6,4,1,7/8,7/8,7/8,7/8,7/8,full;flag;coherent;coset,exact,1,1,7/8,1,1,0,0,14
2,0,1/2,6,5,1,1,1,1,1,1,branch;full;flag;coherent;coset,exact,1,1,1,1,1,0,0,14
2,0,1/2,6,6,1,1,1,1,1,1,branch;full;flag;coherent;coset,exact,1,1,1,1,1,0,0,12
2,0,1/2,6,7,1,1,1,1,1,1,branch;full;flag;coherent;coset,exact,1,1,1,1,1,0,0,12
2,0,1/2,7,0,1,7/8,7/8,7/8,7/8,7/8,full;flag;coherent;coset,exact,1,1,7/8,1,1,0,0,14
2,0,1/2,7,1,1,1,1,1,1,1,branch;full;flag;coherent;coset,exact,1,1,1,1,1,0,0,14
2,0,1/2,7,2,1,1,1,1,1,1,branch;full;flag;coherent;coset,exact,1,1,1,1,1,0,0,12
2,0,1/2,7,3,1,1,1,1,1,1,branch;full;flag;coherent;coset,exact,1,1,1,1,1,0,0,12
2,0,1/2,7,4,1,7/8,7/8,7/8,7/8,7/8,full;flag;coherent;coset,exact,1,1,7/8,1,1,0,0,14
2,0,1/2,7,5,1,1,1,1,1,1,branch;full;flag;coherent;coset,exact,1,1,1,1,1,0,0,14
2,0,1/2,7,6,1,1,1,1,1,1,branch;full;flag;coherent;coset,exact,1,1,1,1,1,0,0,12
2,0,1/2,7,7,1,1,1,1,1,1,branch;full;flag;coherent;coset,exact,1,1,1,1,1,0,0,12
2,0,3/4,0,0,3/4,3/4,3/4,3/4,3/4,3/4,branch;full;flag;coherent;coset,exact,1,1,3/4,1,1,0,0,19
2,0,3/4,0,1,1,15/16,15/16,15/16,15/16,15/16,full;flag;coherent;coset,exact,1,1,15/16,1,1,0,0,20
2,0,3/4,0,2,1,15/16,15/16,15/16,15/16,15/16,full;flag;coherent;coset,exact,1,1,15/16,1,1,0,0,18
2,0,3/4,0,3,1,15/16,15/16,15/16,15/16,15/16,full;flag;coherent;coset,exact,1,1,15/16,1,1,0,0,18
2,0,3/4,0,4,3/4,3/4,3/4,3/4,3/4,3/4,branch;full;flag;coherent;coset,exact,1,1,3/4,1,1,0,0,19
2,0,3/4,0,5,1,15/16,15/16,15/16,15/16,15/16,full;flag;coherent;coset,exact,1,1,15/16,1,1,0,0,20
2,0,3/4,0,6,1,15/16,15/16,15/16,15/16,15/16,full;flag;coherent;coset,exact,1,1,15/16,1,1,0,0,18
2,0,3/4,0,7,1,15/16,15/16,15/16,15/16,15/16,full;flag;coherent;coset,exact,1,1,15/16,1,1,0,0,18
2,0,3/4,1,0,1,13/16,13/16,13/16,13/16,13/16,full;flag;coherent;coset,exact,1,1,13/16,1,1,0,0,20
2,0,3/4,1,1,1,1,1,1,1,1,branch;full;flag;coherent;coset,exact,1,1,1,1,1,0,0,20
2,0,3/4,1,2,1,1,1,1,1,1,branch;full;flag;coherent;coset,exact,1,1,1,1,1,0,0,18
2,0,3/4,1,3,1,1,1,1,1,1,branch;full;flag;coherent;coset,exact,1,1,1,1,1,0,0,18
2,0,3/4,1,4,1,13/16,13/16,13/16,13/16,13/16,full;flag;coherent;coset,exact,1,1,13/16,1,1,0,0,20
2,0,3/4,1,5,1,1,1,1,1,1,branch;full;flag;coherent;coset,exact,1,1,1,1,1,0,0,20
2,0,3/4,1,6,1,1,1,1,1,1,branch;full;flag;coherent;coset,exact,1,1,1,1,1,0,0,18
2,0,3/4,1,7,1,1,1,1,1,1,branch;full;flag;coherent;coset,exact,1,1,1,1,1,0,0,18
2,0,3/4,2,0,1,13/16,13/16,13/16,13/16,13/16,full;flag;coherent;coset,exact,1,1,13/16,1,1,0,0,18
2,0,3/4,2,1,1,1,1,1,1,1,branch;full;flag;coherent;coset,exact,1,1,1,1,1,0,0,18
2,0,3/4,2,2,1,1,1,1,1,1,branch;full;flag;coherent;coset,exact,1,1,1,1,1,0,0,16
2,0,3/4,2,3,1,1,1,1,1,1,branch;full;flag;coherent;coset,exact,1,1,1,1,1,0,0,16
2,0,3/4,2,4,1,13/16,13/16,13/16,13/16,13/16,full;flag;coherent;coset,exact,1,1,13/16,1,1,0,0,18
2,0,3/4,2,5,1,1,1,1,1,1,branch;full;flag;coherent;coset,exact,1,1,1,1,1,0,0,18
2,0,3/4,2,6,1,1,1,1,1,1,branch;full;flag;coherent;coset,exact,1,1,1,1,1,0,0,16
2,0,3/4,2,7,1,1,1,1,1,1,branch;full;flag;coherent;coset,exact,1,1,1,1,1,0,0,16
2,0,3/4,3,0,1,13/16,13/16,13/16,13/16,13/16,full;flag;coherent;coset,exact,1,1,13/16,1,1,0,0,18
2,0,3/4,3,1,1,1,1,1,1,1,branch;full;flag;coherent;coset,exact,1,1,1,1,1,0,0,18
2,0,3/4,3,2,1,1,1,1,1,1,branch;full;flag;coherent;coset,exact,1,1,1,1,1,0,0,16
2,0,3/4,3,3,1,1,1,1,1,1,branch;full;flag;coherent;coset,exact,1,1,1,1,1,0,0,16
2,0,3/4,3,4,1,13/16,13/16,13/16,13/16,13/16,full;flag;coherent;coset,exact,1,1,13/16,1,1,0,0,18
2,0,3/4,3,5,1,1,1,1,1,1,branch;full;flag;coherent;coset,exact,1,1,1,1,1,0,0,18
2,0,3/4,3,6,1,1,1,1,1,1,branch;full;flag;coherent;coset,exact,1,1,1,1,1,0,0,16
2,0,3/4,3,7,1,1,1,1,1,1,branch;full;flag;coherent;coset,exact,1,1,1,1,1,0,0,16
2,0,3/4,4,0,3/4,3/4,3/4,3/4,3/4,3/4,branch;full;flag;coherent;coset,exact,1,1,3/4,1,1,0,0,19
2,0,3/4,4,1,1,15/16,15/16,15/16,15/16,15/16,full;flag;coherent;coset,exact,1,1,15/16,1,1,0,0,20
2,0,3/4,4,2,1,15/16,15/16,15/16,15/16,15/16,full;flag;coherent;coset,exact,1,1,15/16,1,1,0,0,18
2,0,3/4,4,3,1,15/16,15/16,15/16,15/16,15/16,full;flag;coherent;coset,exact,1,1,15/16,1,1,0,0,18
2,0,3/4,4,4,3/4,3/4,3/4,3/4,3/4,3/4,branch;full;flag;coherent;coset,exact,1,1,3/4,1,1,0,0,19
2,0,3/4,4,5,1,15/16,15/16,15/16,15/16,15/16,full;flag;coherent;coset,exact,1,1,15/16,1,1,0,0,20
2,0,3/4,4,6,1,15/16,15/16,15/16,15/16,15/16,full;flag;coherent;coset,exact,1,1,15/16,1,1,0,0,18
2,0,3/4,4,7,1,15/16,15/16,15/16,15/16,15/16,full;flag;coherent;coset,exact,1,1,15/16,1,1,0,0,18
2,0,3/4,5,0,1,13/16,13/16,13/16,13/16,13/16,full;flag;coherent;coset,exact,1,1,13/16,1,1,0,0,20
2,0,3/4,5,1,1,1,1,1,1,1,branch;full;flag;coherent;coset,exact,1,1,1,1,1,0,0,20
2,0,3/4,5,2,1,1,1,1,1,1,branch;full;flag;coherent;coset,exact,1,1,1,1,1,0,0,18
2,0,3/4,5,3,1,1,1,1,1,1,branch;full;flag;coherent;coset,exact,1,1,1,1,1,0,0,18
2,0,3/4,5,4,1,13/16,13/16,13/16,13/16,13/16,full;flag;coherent;coset,exact,1,1,13/16,1,1,0,0,20
2,0,3/4,5,5,1,1,1,1,1,1,branch;full;flag;coherent;coset,exact,1,1,1,1,1,0,0,20
2,0,3/4,5,6,1,1,1,1,1,1,branch;full;flag;coherent;coset,exact,1,1,1,1,1,0,0,18
2,0,3/4,5,7,1,1,1,1,1,1,branch;full;flag;coherent;coset,exact,1,1,1,1,1,0,0,18
2,0,3/4,6,0,1,13/16,13/16,13/16,13/16,13/16,full;flag;coherent;coset,exact,1,1,13/16,1,1,0,0,18
2,0,3/4,6,1,1,1,1,1,1,1,branch;full;flag;coherent;coset,exact,1,1,1,1,1,0,0,18
2,0,3/4,6,2,1,1,1,1,1,1,branch;full;flag;coherent;coset,exact,1,1,1,1,1,0,0,16
2,0,3/4,6,3,1,1,1,1,1,1,branch;full;flag;coherent;coset,exact,1,1,1,1,1,0,0,16
2,0,3/4,6,4,1,13/16,13/16,13/16,13/16,13/16,full;flag;coherent;coset,exact,1,1,13/16,1,1,0,0,18
2,0,3/4,6,5,1,1,1,1,1,1,branch;full;flag;coherent;coset,exact,1,1,1,1,1,0,0,18
2,0,3/4,6,6,1,1,1,1,1,1,branch;full;flag;coherent;coset,exact,1,1,1,1,1,0,0,16
2,0,3/4,6,7,1,1,1,1,1,1,branch;full;flag;coherent;coset,exact,1,1,1,1,1,0,0,16
2,0,3/4,7,0,1,13/16,13/16,13/16,13/16,13/16,full;flag;coherent;coset,exact,1,1,13/16,1,1,0,0,18
2,0,3/4,7,1,1,1,1,1,1,1,branch;full;flag;coherent;coset,exact,1,1,1,1,1,0,0,18
2,0,3/4,7,2,1,1,1,1,1,1,branch;full;flag;coherent;coset,exact,1,1,1,1,1,0,0,16
2,0,3/4,7,3,1,1,1,1,1,1,branch;full;flag;coherent;coset,exact,1,1,1,1,1,0,0,16
2,0,3/4,7,4,1,13/16,13/16,13/16,13/16,13/16,full;flag;coherent;coset,exact,1,1,13/16,1,1,0,0,18
2,0,3/4,7,5,1,1,1,1,1,1,branch;full;flag;coherent;coset,exact,1,1,1,1,1,0,0,18
2,0,3/4,7,6,1,1,1,1,1,1,branch;full;flag;coherent;coset,exact,1,1,1,1,1,0,0,16
2,0,3/4,7,7,1,1,1,1,1,1,branch;full;flag;coherent;coset,exact,1,1,1,1,1,0,0,16
2,0,1,0,0,3/4,3/4,3/4,3/4,3/4,3/4,branch;full;flag;coherent;coset,exact,1,1,3/4,1,1,0,0,13
2,0,1,0,1,1,1,1,1,1,1,branch;full;flag;coherent;coset,exact,1,1,1,1,1,0,0,13
2,0,1,0,2,1,1,1,1,1,1,branch;full;flag;coherent;coset,exact,1,1,1,1,1,0,0,11
2,0,1,0,3,1,1,1,1,1,1,branch;full;flag;coherent;coset,exact,1,1,1,1,1,0,0,11
2,0,1,0,4,3/4,3/4,3/4,3/4,3/4,3/4,branch;full;flag;coherent;coset,exact,1,1,3/4,1,1,0,0,13
2,0,1,0,5,1,1,1,1,1,1,branch;full;flag;coherent;coset,exact,1,1,1,1,1,0,0,13
2,0,1,0,6,1,1,1,1,1,1,branch;full;flag;coherent;coset,exact,1,1,1,1,1,0,0,11
2,0,1,0,7,1,1,1,1,1,1,branch;full;flag;coherent;coset,exact,1,1,1,1,1,0,0,11
2,0,1,1,0,1,3/4,3/4,3/4,3/4,3/4,full;flag;coherent;coset,exact,1,1,3/4,1,1,0,0,13
2,0,1,1,1,1,1,1,1,1,1,branch;full;flag;coherent;coset,exact,1,1,1,1,1,0,0,13
2,0,1,1,2,1,1,1,1,1,1,branch;full;flag;coherent;coset,exact,1,1,1,1,1,0,0,11
2,0,1,1,3,1,1,1,1,1,1,branch;full;flag;coherent;coset,exact,1,1,1,1,1,0,0,11
2,0,1,1,4,1,3/4,3/4,3/4,3/4,3/4,full;flag;coherent;coset,exact,1,1,3/4,1,1,0,0,13
2,0,1,1,5,1,1,1,1,1,1,branch;full;flag;coherent;coset,exact,1,1,1,1,1,0,0,13
2,0,1,1,6,1,1,1,1,1,1,branch;full;flag;coherent;coset,exact,1,1,1,1,1,0,0,11
2,0,1,1,7,1,1,1,1,1,1,branch;full;flag;coherent;coset,exact,1,1,1,1,1,0,0,11
2,0,1,2,0,1,3/4,3/4,3/4,3/4,3/4,full;flag;coherent;coset,exact,1,1,3/4,1,1,0,0,13
2,0,1,2,1,1,1,1,1,1,1,branch;full;flag;coherent;coset,exact,1,1,1,1,1,0,0,13
2,0,1,2,2,1,1,1,1,1,1,branch;full;flag;coherent;coset,exact,1,1,1,1,1,0,0,11
2,0,1,2,3,1,1,1,1,1,1,branch;full;flag;coherent;coset,exact,1,1,1,1,1,0,0,11
2,0,1,2,4,1,3/4,3/4,3/4,3/4,3/4,full;flag;coherent;coset,exact,1,1,3/4,1,1,0,0,13
2,0,1,2,5,1,1,1,1,1,1,branch;full;flag;coherent;coset,exact,1,1,1,1,1,0,0,13
2,0,1,2,6,1,1,1,1,1,1,branch;full;flag;coherent;coset,exact,1,1,1,1,1,0,0,11
2,0,1,2,7,1,1,1,1,1,1,branch;full;flag;coherent;coset,exact,1,1,1,1,1,0,0,11
2,0,1,3,0,1,3/4,3/4,3/4,3/4,3/4,full;flag;coherent;coset,exact,1,1,3/4,1,1,0,0,13
2,0,1,3,1,1,1,1,1,1,1,branch;full;flag;coherent;coset,exact,1,1,1,1,1,0,0,13
2,0,1,3,2,1,1,1,1,1,1,branch;full;flag;coherent;coset,exact,1,1,1,1,1,0,0,11
2,0,1,3,3,1,1,1,1,1,1,branch;full;flag;coherent;coset,exact,1,1,1,1,1,0,0,11
2,0,1,3,4,1,3/4,3/4,3/4,3/4,3/4,full;flag;coherent;coset,exact,1,1,3/4,1,1,0,0,13
2,0,1,3,5,1,1,1,1,1,1,branch;full;flag;coherent;coset,exact,1,1,1,1,1,0,0,13
2,0,1,3,6,1,1,1,1,1,1,branch;full;flag;coherent;coset,exact,1,1,1,1,1,0,0,11
2,0,1,3,7,1,1,1,1,1,1,branch;full;flag;coherent;coset,exact,1,1,1,1,1,0,0,11
2,0,1,4,0,3/4,3/4,3/4,3/4,3/4,3/4,branch;full;flag;coherent;coset,exact,1,1,3/4,1,1,0,0,13
2,0,1,4,1,1,1,1,1,1,1,branch;full;flag;coherent;coset,exact,1,1,1,1,1,0,0,13
2,0,1,4,2,1,1,1,1,1,1,branch;full;flag;coherent;coset,exact,1,1,1,1,1,0,0,11
2,0,1,4,3,1,1,1,1,1,1,branch;full;flag;coherent;coset,exact,1,1,1,1,1,0,0,11
2,0,1,4,4,3/4,3/4,3/4,3/4,3/4,3/4,branch;full;flag;coherent;coset,exact,1,1,3/4,1,1,0,0,13
2,0,1,4,5,1,1,1,1,1,1,branch;full;flag;coherent;coset,exact,1,1,1,1,1,0,0,13
2,0,1,4,6,1,1,1,1,1,1,branch;full;flag;coherent;coset,exact,1,1,1,1,1,0,0,11
2,0,1,4,7,1,1,1,1,1,1,branch;full;flag;coherent;coset,exact,1,1,1,1,1,0,0,11
2,0,1,5,0,1,3/4,3/4,3/4,3/4,3/4,full;flag;coherent;coset,exact,1,1,3/4,1,1,0,0,13
2,0,1,5,1,1,1,1,1,1,1,branch;full;flag;coherent;coset,exact,1,1,1,1,1,0,0,13
2,0,1,5,2,1,1,1,1,1,1,branch;full;flag;coherent;coset,exact,1,1,1,1,1,0,0,11
2,0,1,5,3,1,1,1,1,1,1,branch;full;flag;coherent;coset,exact,1,1,1,1,1,0,0,11
2,0,1,5,4,1,3/4,3/4,3/4,3/4,3/4,full;flag;coherent;coset,exact,1,1,3/4,1,1,0,0,13
2,0,1,5,5,1,1,1,1,1,1,branch;full;flag;coherent;coset,exact,1,1,1,1,1,0,0,13
2,0,1,5,6,1,1,1,1,1,1,branch;full;flag;coherent;coset,exact,1,1,1,1,1,0,0,11
2,0,1,5,7,1,1,1,1,1,1,branch;full;flag;coherent;coset,exact,1,1,1,1,1,0,0,11
2,0,1,6,0,1,3/4,3/4,3/4,3/4,3/4,full;flag;coherent;coset,exact,1,1,3/4,1,1,0,0,13
2,0,1,6,1,1,1,1,1,1,1,branch;full;flag;coherent;coset,exact,1,1,1,1,1,0,0,13
2,0,1,6,2,1,1,1,1,1,1,branch;full;flag;coherent;coset,exact,1,1,1,1,1,0,0,11
2,0,1,6,3,1,1,1,1,1,1,branch;full;flag;coherent;coset,exact,1,1,1,1,1,0,0,11
2,0,1,6,4,1,3/4,3/4,3/4,3/4,3/4,full;flag;coherent;coset,exact,1,1,3/4,1,1,0,0,13
2,0,1,6,5,1,1,1,1,1,1,branch;full;flag;coherent;coset,exact,1,1,1,1,1,0,0,13
2,0,1,6,6,1,1,1,1,1,1,branch;full;flag;coherent;coset,exact,1,1,1,1,1,0,0,11
2,0,1,6,7,1,1,1,1,1,1,branch;full;flag;coherent;coset,exact,1,1,1,1,1,0,0,11
2,0,1,7,0,1,3/4,3/4,3/4,3/4,3/4,full;flag;coherent;coset,exact,1,1,3/4,1,1,0,0,13
2,0,1,7,1,1,1,1,1,1,1,branch;full;flag;coherent;coset,exact,1,1,1,1,1,0,0,13
2,0,1,7,2,1,1,1,1,1,1,branch;full;flag;coherent;coset,exact,1,1,1,1,1,0,0,11
2,0,1,7,3,1,1,1,1,1,1,branch;full;flag;coherent;coset,exact,1,1,1,1,1,0,0,11
2,0,1,7,4,1,3/4,3/4,3/4,3/4,3/4,full;flag;coherent;coset,exact,1,1,3/4,1,1,0,0,13
2,0,1,7,5,1,1,1,1,1,1,branch;full;flag;coherent;coset,exact,1,1,1,1,1,0,0,13
2,0,1,7,6,1,1,1,1,1,1,branch;full;flag;coherent;coset,exact,1,1,1,1,1,0,0,11
2,0,1,7,7,1,1,1,1,1,1,branch;full;flag;coherent;coset,exact,1,1,1,1,1,0,0,11
2,1,0,0,0,1,1,1,1,1,1,branch;full;flag;coherent;coset,exact,1,1,1,1,1,0,0,12
2,1,0,0,1,1,1,1,1,1,1,branch;full;flag;coherent;coset,exact,1,1,1,1,1,0,0,12
2,1,0,0,2,1,1,1,1,1,1,branch;full;flag;coherent;coset,exact,1,1,1,1,1,0,0,12
2,1,0,0,3,1,1,1,1,1,1,branch;full;flag;coherent;coset,exact,1,1,1,1,1,0,0,12
2,1,0,0,4,1,1,1,1,1,1,branch;full;flag;coherent;coset,exact,1,1,1,1,1,0,0,12
2,1,0,0,5,1,1,1,1,1,1,branch;full;flag;coherent;coset,exact,1,1,1,1,1,0,0,12
2,1,0,0,6,1,1,1,1,1,1,branch;full;flag;coherent;coset,exact,1,1,1,1,1,0,0,12
2,1,0,0,7,1,1,1,1,1,1,branch;full;flag;coherent;coset,exact,1,1,1,1,1,0,0,12
2,1,0,1,0,1,1,1,1,1,1,branch;full;flag;coherent;coset,exact,1,1,1,1,1,0,0,12
2,1,0,1,1,1,1,1,1,1,1,branch;full;flag;coherent;coset,exact,1,1,1,1,1,0,0,12
2,1,0,1,2,1,1,1,1,1,1,branch;full;flag;coherent;coset,exact,1,1,1,1,1,0,0,12
2,1,0,1,3,1,1,1,1,1,1,branch;full;flag;coherent;coset,exact,1,1,1,1,1,0,0,12
2,1,0,1,4,1,1,1,1,1,1,branch;full;flag;coherent;coset,exact,1,1,1,1,1,0,0,12
2,1,0,1,5,1,1,1,1,1,1,branch;full;flag;coherent;coset,exact,1,1,1,1,1,0,0,12
2,1,0,1,6,1,1,1,1,1,1,branch;full;flag;coherent;coset,exact,1,1,1,1,1,0,0,12
2,1,0,1,7,1,1,1,1,1,1,branch;full;flag;coherent;coset,exact,1,1,1,1,1,0,0,12
2,1,0,2,0,1,1,1,1,1,1,branch;full;flag;coherent;coset,exact,1,1,1,1,1,0,0,12
2,1,0,2,1,1,1,1,1,1,1,branch;full;flag;coherent;coset,exact,1,1,1,1,1,0,0,12
2,1,0,2,2,1,1,1,1,1,1,branch;full;flag;coherent;coset,exact,1,1,1,1,1,0,0,12
2,1,0,2,3,1,1,1,1,1,1,branch;full;flag;coherent;coset,exact,1,1,1,1,1,0,0,12
2,1,0,2,4,1,1,1,1,1,1,branch;full;flag;coherent;coset,exact,1,1,1,1,1,0,0,12
2,1,0,2,5,1,1,1,1,1,1,branch;full;flag;coherent;coset,exact,1,1,1,1,1,0,0,12
2,1,0,2,6,1,1,1,1,1,1,branch;full;flag;coherent;coset,exact,1,1,1,1,1,0,0,12
2,1,0,2,7,1,1,1,1,1,1,branch;full;flag;coherent;coset,exact,1,1,1,1,1,0,0,12
2,1,0,3,0,1,1,1,1,1,1,branch;full;flag;coherent;coset,exact,1,1,1,1,1,0,0,12
2,1,0,3,1,1,1,1,1,1,1,branch;full;flag;coherent;coset,exact,1,1,1,1,1,0,0,12
2,1,0,3,2,1,1,1,1,1,1,branch;full;flag;coherent;coset,exact,1,1,1,1,1,0,0,12
2,1,0,3,3,1,1,1,1,1,1,branch;full;flag;coherent;coset,exact,1,1,1,1,1,0,0,12
2,1,0,3,4,1,1,1,1,1,1,branch;full;flag;coherent;coset,exact,1,1,1,1,1,0,0,12
2,1,0,3,5,1,1,1,1,1,1,branch;full;flag;coherent;coset,exact,1,1,1,1,1,0,0,12
2,1,0,3,6,1,1,1,1,1,1,branch;full;flag;coherent;coset,exact,1,1,1,1,1,0,0,12
2,1,0,3,7,1,1,1,1,1,1,branch;full;flag;coherent;coset,exact,1,1,1,1,1,0,0,12
2,1,0,4,0,1,1,1,1,1,1,branch;full;flag;coherent;coset,exact,1,1,1,1,1,0,0,12
2,1,0,4,1,1,1,1,1,1,1,branch;full;flag;coherent;coset,exact,1,1,1,1,1,0,0,12
2,1,0,4,2,1,1,1,1,1,1,branch;full;flag;coherent;coset,exact,1,1,1,1,1,0,0,12
2,1,0,4,3,1,1,1,1,1,1,branch;full;flag;coherent;coset,exact,1,1,1,1,1,0,0,12
2,1,0,4,4,1,1,1,1,1,1,branch;full;flag;coherent;coset,exact,1,1,1,1,1,0,0,12
2,1,0,4,5,1,1,1,1,1,1,branch;full;flag;coherent;coset,exact,1,1,1,1,1,0,0,12
2,1,0,4,6,1,1,1,1,1,1,branch;full;flag;coherent;coset,exact,1,1,1,1,1,0,0,12
2,1,0,4,7,1,1,1,1,1,1,branch;full;flag;coherent;coset,exact,1,1,1,1,1,0,0,12
2,1,0,5,0,1,1,1,1,1,1,branch;full;flag;coherent;coset,exact,1,1,1,1,1,0,0,12
2,1,0,5,1,1,1,1,1,1,1,branch;full;flag;coherent;coset,exact,1,1,1,1,1,0,0,12
2,1,0,5,2,1,1,1,1,1,1,branch;full;flag;coherent;coset,exact,1,1,1,1,1,0,0,12
2,1,0,5,3,1,1,1,1,1,1,branch;full;flag;coherent;coset,exact,1,1,1,1,1,0,0,12
2,1,0,5,4,1,1,1,1,1,1,branch;full;flag;coherent;coset,exact,1,1,1,1,1,0,0,12
2,1,0,5,5,1,1,1,1,1,1,branch;full;flag;coherent;coset,exact,1,1,1,1,1,0,0,12
2,1,0,5,6,1,1,1,1,1,1,branch;full;flag;coherent;coset,exact,1,1,1,1,1,0,0,12
2,1,0,5,7,1,1,1,1,1,1,branch;full;flag;coherent;coset,exact,1,1,1,1,1,0,0,12
2,1,0,6,0,1,1,1,1,1,1,branch;full;flag;coherent;coset,exact,1,1,1,1,1,0,0,12
2,1,0,6,1,1,1,1,1,1,1,branch;full;flag;coherent;coset,exact,1,1,1,1,1,0,0,12
2,1,0,6,2,1,1,1,1,1,1,branch;full;flag;coherent;coset,exact,1,1,1,1,1,0,0,12
2,1,0,6,3,1,1,1,1,1,1,branch;full;flag;coherent;coset,exact,1,1,1,1,1,0,0,12
2,1,0,6,4,1,1,1,1,1,1,branch;full;flag;coherent;coset,exact,1,1,1,1,1,0,0,12
2,1,0,6,5,1,1,1,1,1,1,branch;full;flag;coherent;coset,exact,1,1,1,1,1,0,0,12
2,1,0,6,6,1,1,1,1,1,1,branch;full;flag;coherent;coset,exact,1,1,1,1,1,0,0,12
2,1,0,6,7,1,1,1,1,1,1,branch;full;flag;coherent;coset,exact,1,1,1,1,1,0,0,12
2,1,0,7,0,1,1,1,1,1,1,branch;full;flag;coherent;coset,exact,1,1,1,1,1,0,0,12
2,1,0,7,1,1,1,1,1,1,1,branch;full;flag;coherent;coset,exact,1,1,1,1,1,0,0,12
2,1,0,7,2,1,1,1,1,1,1,branch;full;flag;coherent;coset,exact,1,1,1,1,1,0,0,12
2,1,0,7,3,1,1,1,1,1,1,branch;full;flag;coherent;coset,exact,1,1,1,1,1,0,0,12
2,1,0,7,4,1,1,1,1,1,1,branch;full;flag;coherent;coset,exact,1,1,1,1,1,0,0,12
2,1,0,7,5,1,1,1,1,1,1,branch;full;flag;coherent;coset,exact,1,1,1,1,1,0,0,12
2,1,0,7,6,1,1,1,1,1,1,branch;full;flag;coherent;coset,exact,1,1,1,1,1,0,0,12
2,1,0,7,7,1,1,1,1,1,1,branch;full;flag;coherent;coset,exact,1,1,1,1,1,0,0,12
2,1,1/4,0,0,1,1,7/8,7/8,7/8,7/8,flag;coherent;coset,exact,1,1,7/8,1,1,1,0,19
2,1,1/4,0,1,1,1,15/16,15/16,15/16,15/16,flag;coherent;coset,exact,1,1,15/16,1,1,1,0,20
2,1,1/4,0,2,1,1,15/16,15/16,15/16,15/16,flag;coherent;coset,exact,1,1,15/16,1,1,1,0,18
2,1,1/4,0,3,1,1,15/16,15/16,15/16,15/16,flag;coherent;coset,exact,1,1,15/16,1,1,1,0,18
2,1,1/4,0,4,1,1,7/8,7/8,7/8,7/8,flag;coherent;coset,exact,1,1,7/8,1,1,1,0,19
2,1,1/4,0,5,1,1,15/16,15/16,15/16,15/16,flag;coherent;coset,exact,1,1,15/16,1,1,1,0,20
2,1,1/4,0,6,1,1,15/16,15/16,15/16,15/16,flag;coherent;coset,exact,1,1,15/16,1,1,1,0,18
2,1,1/4,0,7,1,1,15/16,15/16,15/16,15/16,flag;coherent;coset,exact,1,1,15/16,1,1,1,0,18
2,1,1/4,1,0,1,1,15/16,15/16,15/16,15/16,flag;coherent;coset,exact,1,1,15/16,1,1,1,0,20
2,1,1/4,1,1,1,1,1,1,1,1,branch;full;flag;coherent;coset,exact,1,1,1,1,1,0,0,20
2,1,1/4,1,2,1,1,1,1,1,1,branch;full;flag;coherent;coset,exact,1,1,1,1,1,0,0,18
2,1,1/4,1,3,1,1,1,1,1,1,branch;full;flag;coherent;coset,exact,1,1,1,1,1,0,0,18
2,1,1/4,1,4,1,1,15/16,15/16,15/16,15/16,flag;coherent;coset,exact,1,1,15/16,1,1,1,0,20
2,1,1/4,1,5,1,1,1,1,1,1,branch;full;flag;coherent;coset,exact,1,1,1,1,1,0,0,20
2,1,1/4,1,6,1,1,1,1,1,1,branch;full;flag;coherent;coset,exact,1,1,1,1,1,0,0,18
2,1,1/4,1,7,1,1,1,1,1,1,branch;full;flag;coherent;coset,exact,1,1,1,1,1,0,0,18
2,1,1/4,2,0,1,1,15/16,15/16,15/16,15/16,flag;coherent;coset,exact,1,1,15/16,1,1,1,0,18
2,1,1/4,2,1,1,1,1,1,1,1,branch;full;flag;coherent;coset,exact,1,1,1,1,1,0,0,18
2,1,1/4,2,2,1,1,1,1,1,1,branch;full;flag;coherent;coset,exact,1,1,1,1,1,0,0,16
2,1,1/4,2,3,1,1,1,1,1,1,branch;full;flag;coherent;coset,exact,1,1,1,1,1,0,0,16
2,1,1/4,2,4,1,1,15/16,15/16,15/16,15/16,flag;coherent;coset,exact,1,1,15/16,1,1,1,0,18
2,1,1/4,2,5,1,1,1,1,1,1,branch;full;flag;coherent;coset,exact,1,1,1,1,1,0,0,18
2,1,1/4,2,6,1,1,1,1,1,1,branch;full;flag;coherent;coset,exact,1,1,1,1,1,0,0,16
2,1,1/4,2,7,1,1,1,1,1,1,branch;full;flag;coherent;coset,exact,1,1,1,1,1,0,0,16
2,1,1/4,3,0,1,1,15/16,15/16,15/16,15/16,flag;coherent;coset,exact,1,1,15/16,1,1,1,0,18
2,1,1/4,3,1,1,1,1,1,1,1,branch;full;flag;coherent;coset,exact,1,1,1,1,1,0,0,18
2,1,1/4,3,2,1,1,1,1,1,1,branch;full;flag;coherent;coset,exact,1,1,1,1,1,0,0,16
2,1,1/4,3,3,1,1,1,1,1,1,branch;full;flag;coherent;coset,exact,1,1,1,1,1,0,0,16
2,1,1/4,3,4,1,1,15/16,15/16,15/16,15/16,flag;coherent;coset,exact,1,1,15/16,1,1,1,0,18
2,1,1/4,3,5,1,1,1,1,1,1,branch;full;flag;coherent;coset,exact,1,1,1,1,1,0,0,18
2,1,1/4,3,6,1,1,1,1,1,1,branch;full;flag;coherent;coset,exact,1,1,1,1,1,0,0,16
2,1,1/4,3,7,1,1,1,1,1,1,branch;full;flag;coherent;coset,exact,1,1,1,1,1,0,0,16
2,1,1/4,4,0,1,1,7/8,7/8,7/8,7/8,flag;coherent;coset,exact,1,1,7/8,1,1,1,0,19
2,1,1/4,4,1,1,1,15/16,15/16,15/16,15/16,flag;coherent;coset,exact,1,1,15/16,1,1,1,0,20
2,1,1/4,4,2,1,1,15/16,15/16,15/16,15/16,flag;coherent;coset,exact,1,1,15/16,1,1,1,0,18
2,1,1/4,4,3,1,1,15/16,15/16,15/16,15/16,flag;coherent;coset,exact,1,1,15/16,1,1,1,0,18
2,1,1/4,4,4,1,1,7/8,7/8,7/8,7/8,flag;coherent;coset,exact,1,1,7/8,1,1,1,0,19
2,1,1/4,4,5,1,1,15/16,15/16,15/16,15/16,flag;coherent;coset,exact,1,1,15/16,1,1,1,0,20
2,1,1/4,4,6,1,1,15/16,15/16,15/16,15/16,flag;coherent;coset,exact,1,1,15/16,1,1,1,0,18
2,1,1/4,4,7,1,1,15/16,15/16,15/16,15/16,flag;coherent;coset,exact,1,1,15/16,1,1,1,0,18
2,1,1/4,5,0,1,1,15/16,15/16,15/16,15/16,flag;coherent;coset,exact,1,1,15/16,1,1,1,0,20
2,1,1/4,5,1,1,1,1,1,1,1,branch;full;flag;coherent;coset,exact,1,1,1,1,1,0,0,20
2,1,1/4,5,2,1,1,1,1,1,1,branch;full;flag;coherent;coset,exact,1,1,1,1,1,0,0,18
2,1,1/4,5,3,1,1,1,1,1,1,branch;full;flag;coherent;coset,exact,1,1,1,1,1,0,0,18
2,1,1/4,5,4,1,1,15/16,15/16,15/16,15/16,flag;coherent;coset,exact,1,1,15/16,1,1,1,0,20
2,1,1/4,5,5,1,1,1,1,1,1,branch;full;flag;coherent;coset,exact,1,1,1,1,1,0,0,20
2,1,1/4,5,6,1,1,1,1,1,1,branch;full;flag;coherent;coset,exact,1,1,1,1,1,0,0,18
2,1,1/4,5,7,1,1,1,1,1,1,branch;full;flag;coherent;coset,exact,1,1,1,1,1,0,0,18
2,1,1/4,6,0,1,1,15/16,15/16,15/16,15/16,flag;coherent;coset,exact,1,1,15/16,1,1,1,0,18
2,1,1/4,6,1,1,1,1,1,1,1,branch;full;flag;coherent;coset,exact,1,1,1,1,1,0,0,18
2,1,1/4,6,2,1,1,1,1,1,1,branch;full;flag;coherent;coset,exact,1,1,1,1,1,0,0,16
2,1,1/4,6,3,1,1,1,1,1,1,branch;full;flag;coherent;coset,exact,1,1,1,1,1,0,0,16
2,1,1/4,6,4,1,1,15/16,15/16,15/16,15/16,flag;coherent;coset,exact,1,1,15/16,1,1,1,0,18
2,1,1/4,6,5,1,1,1,1,1,1,branch;full;flag;coherent;coset,exact,1,1,1,1,1,0,0,18
2,1,1/4,6,6,1,1,1,1,1,1,branch;full;flag;coherent;coset,exact,1,1,1,1,1,0,0,16
2,1,1/4,6,7,1,1,1,1,1,1,branch;full;flag;coherent;coset,exact,1,1,1,1,1,0,0,16
2,1,1/4,7,0,1,1,15/16,15/16,15/16,15/16,flag;coherent;coset,exact,1,1,15/16,1,1,1,0,18
2,1,1/4,7,1,1,1,1,1,1,1,branch;full;flag;coherent;coset,exact,1,1,1,1,1,0,0,18
2,1,1/4,7,2,1,1,1,1,1,1,branch;full;flag;coherent;coset,exact,1,1,1,1,1,0,0,16
2,1,1/4,7,3,1,1,1,1,1,1,branch;full;flag;coherent;coset,exact,1,1,1,1,1,0,0,16
2,1,1/4,7,4,1,1,15/16,15/16,15/16,15/16,flag;coherent;coset,exact,1,1,15/16,1,1,1,0,18
2,1,1/4,7,5,1,1,1,1,1,1,branch;full;flag;coherent;coset,exact,1,1,1,1,1,0,0,18
2,1,1/4,7,6,1,1,1,1,1,1,branch;full;flag;coherent;coset,exact,1,1,1,1,1,0,0,16
2,1,1/4,7,7,1,1,1,1,1,1,branch;full;flag;coherent;coset,exact,1,1,1,1,1,0,0,16
2,1,1/2,0,0,1,1,3/4,3/4,3/4,3/4,flag;coherent;coset,exact,1,1,3/4,1,1,1,0,13
2,1,1/2,0,1,1,1,7/8,7/8,7/8,7/8,flag;coherent;coset,exact,1,1,7/8,1,1,1,0,14
2,1,1/2,0,2,1,1,7/8,7/8,7/8,7/8,flag;coherent;coset,exact,1,1,7/8,1,1,1,0,14
2,1,1/2,0,3,1,1,7/8,7/8,7/8,7/8,flag;coherent;coset,exact,1,1,7/8,1,1,1,0,14
2,1,1/2,0,4,1,1,3/4,3/4,3/4,3/4,flag;coherent;coset,exact,1,1,3/4,1,1,1,0,13
2,1,1/2,0,5,1,1,7/8,7/8,7/8,7/8,flag;coherent;coset,exact,1,1,7/8,1,1,1,0,14
2,1,1/2,0,6,1,1,7/8,7/8,7/8,7/8,flag;coherent;coset,exact,1,1,7/8,1,1,1,0,14
2,1,1/2,0,7,1,1,7/8,7/8,7/8,7/8,flag;coherent;coset,exact,1,1,7/8,1,1,1,0,14
2,1,1/2,1,0,1,1,7/8,7/8,7/8,7/8,flag;coherent;coset,exact,1,1,7/8,1,1,1,0,14
2,1,1/2,1,1,1,1,1,1,1,1,branch;full;flag;coherent;coset,exact,1,1,1,1,1,0,0,14
2,1,1/2,1,2,1,1,1,1,1,1,branch;full;flag;coherent;coset,exact,1,1,1,1,1,0,0,14
2,1,1/2,1,3,1,1,1,1,1,1,branch;full;flag;coherent;coset,exact,1,1,1,1,1,0,0,14
2,1,1/2,1,4,1,1,7/8,7/8,7/8,7/8,flag;coherent;coset,exact,1,1,7/8,1,1,1,0,14
2,1,1/2,1,5,1,1,1,1,1,1,branch;full;flag;coherent;coset,exact,1,1,1,1,1,0,0,14
2,1,1/2,1,6,1,1,1,1,1,1,branch;full;flag;coherent;coset,exact,1,1,1,1,1,0,0,14
2,1,1/2,1,7,1,1,1,1,1,1,branch;full;flag;coherent;coset,exact,1,1,1,1,1,0,0,14
2,1,1/2,2,0,1,1,7/8,7/8,7/8,7/8,flag;coherent;coset,exact,1,1,7/8,1,1,1,0,14
2,1,1/2,2,1,1,1,1,1,1,1,branch;full;flag;coherent;coset,exact,1,1,1,1,1,0,0,14
2,1,1/2,2,2,1,1,1,1,1,1,branch;full;flag;coherent;coset,exact,1,1,1,1,1,0,0,12
2,1,1/2,2,3,1,1,1,1,1,1,branch;full;flag;coherent;coset,exact,1,1,1,1,1,0,0,12
2,1,1/2,2,4,1,1,7/8,7/8,7/8,7/8,flag;coherent;coset,exact,1,1,7/8,1,1,1,0,14
2,1,1/2,2,5,1,1,1,1,1,1,branch;full;flag;coherent;coset,exact,1,1,1,1,1,0,0,14
2,1,1/2,2,6,1,1,1,1,1,1,branch;full;flag;coherent;coset,exact,1,1,1,1,1,0,0,12
2,1,1/2,2,7,1,1,1,1,1,1,branch;full;flag;coherent;coset,exact,1,1,1,1,1,0,0,12
2,1,1/2,3,0,1,1,7/8,7/8,7/8,7/8,flag;coherent;coset,exact,1,1,7/8,1,1,1,0,14
2,1,1/2,3,1,1,1,1,1,1,1,branch;full;flag;coherent;coset,exact,1,1,1,1,1,0,0,14
2,1,1/2,3,2,1,1,1,1,1,1,branch;full;flag;coherent;coset,exact,1,1,1,1,1,0,0,12
2,1,1/2,3,3,1,1,1,1,1,1,branch;full;flag;coherent;coset,exact,1,1,1,1,1,0,0,12
2,1,1/2,3,4,1,1,7/8,7/8,7/8,7/8,flag;coherent;coset,exact,1,1,7/8,1,1,1,0,14
2,1,1/2,3,5,1,1,1,1,1,1,branch;full;flag;coherent;coset,exact,1,1,1,1,1,0,0,14
2,1,1/2,3,6,1,1,1,1,1,1,branch;full;flag;coherent;coset,exact,1,1,1,1,1,0,0,12
2,1,1/2,3,7,1,1,1,1,1,1,branch;full;flag;coherent;coset,exact,1,1,1,1,1,0,0,12
2,1,1/2,4,0,1,1,3/4,3/4,3/4,3/4,flag;coherent;coset,exact,1,1,3/4,1,1,1,0,13
2,1,1/2,4,1,1,1,7/8,7/8,7/8,7/8,flag;coherent;coset,exact,1,1,7/8,1,1,1,0,14
2,1,1/2,4,2,1,1,7/8,7/8,7/8,7/8,flag;coherent;coset,exact,1,1,7/8,1,1,1,0,14
2,1,1/2,4,3,1,1,7/8,7/8,7/8,7/8,flag;coherent;coset,exact,1,1,7/8,1,1,1,0,14
2,1,1/2,4,4,1,1,3/4,3/4,3/4,3/4,flag;coherent;coset,exact,1,1,3/4,1,1,1,0,13
2,1,1/2,4,5,1,1,7/8,7/8,7/8,7/8,flag;coherent;coset,exact,1,1,7/8,1,1,1,0,14
2,1,1/2,4,6,1,1,7/8,7/8,7/8,7/8,flag;coherent;coset,exact,1,1,7/8,1,1,1,0,14
2,1,1/2,4,7,1,1,7/8,7/8,7/8,7/8,flag;coherent;coset,exact,1,1,7/8,1,1,1,0,14
2,1,1/2,5,0,1,1,7/8,7/8,7/8,7/8,flag;coherent;coset,exact,1,1,7/8,1,1,1,0,14
2,1,1/2,5,1,1,1,1,1,1,1,branch;full;flag;coherent;coset,exact,1,1,1,1,1,0,0,14
2,1,1/2,5,2,1,1,1,1,1,1,branch;full;flag;coherent;coset,exact,1,1,1,1,1,0,0,14
2,1,1/2,5,3,1,1,1,1,1,1,branch;full;flag;coherent;coset,exact,1,1,1,1,1,0,0,14
2,1,1/2,5,4,1,1,7/8,7/8,7/8,7/8,flag;coherent;coset,exact,1,1,7/8,1,1,1,0,14
2,1,1/2,5,5,1,1,1,1,1,1,branch;full;flag;coherent;coset,exact,1,1,1,1,1,0,0,14
2,1,1/2,5,6,1,1,1,1,1,1,branch;full;flag;coherent;coset,exact,1,1,1,1,1,0,0,14
2,1,1/2,5,7,1,1,1,1,1,1,branch;full;flag;coherent;coset,exact,1,1,1,1,1,0,0,14
2,1,1/2,6,0,1,1,7/8,7/8,7/8,7/8,flag;coherent;coset,exact,1,1,7/8,1,1,1,0,14
2,1,1/2,6,1,1,1,1,1,1,1,branch;full;flag;coherent;coset,exact,1,1,1,1,1,0,0,14
2,1,1/2,6,2,1,1,1,1,1,1,branch;full;flag;coherent;coset,exact,1,1,1,1,1,0,0,12
2,1,1/2,6,3,1,1,1,1,1,1,branch;full;flag;coherent;coset,exact,1,1,1,1,1,0,0,12
2,1,1/2,6,4,1,1,7/8,7/8,7/8,7/8,flag;coherent;coset,exact,1,1,7/8,1,1,1,0,14
2,1,1/2,6,5,1,1,1,1,1,1,branch;full;flag;coherent;coset,exact,1,1,1,1,1,0,0,14
2,1,1/2,6,6,1,1,1,1,1,1,branch;full;flag;coherent;coset,exact,1,1,1,1,1,0,0,12
2,1,1/2,6,7,1,1,1,1,1,1,branch;full;flag;coherent;coset,exact,1,1,1,1,1,0,0,12
2,1,1/2,7,0,1,1,7/8,7/8,7/8,7/8,flag;coherent;coset,exact,1,1,7/8,1,1,1,0,14
2,1,1/2,7,1,1,1,1,1,1,1,branch;full;flag;coherent;coset,exact,1,1,1,1,1,0,0,14
2,1,1/2,7,2,1,1,1,1,1,1,branch;full;flag;coherent;coset,exact,1,1,1,1,1,0,0,12
2,1,1/2,7,3,1,1,1,1,1,1,branch;full;flag;coherent;coset,exact,1,1,1,1,1,0,0,12
2,1,1/2,7,4,1,1,7/8,7/8,7/8,7/8,flag;coherent;coset,exact,1,1,7/8,1,1,1,0,14
2,1,1/2,7,5,1,1,1,1,1,1,branch;full;flag;coherent;coset,exact,1,1,1,1,1,0,0,14
2,1,1/2,7,6,1,1,1,1,1,1,branch;full;flag;coherent;coset,exact,1,1,1,1,1,0,0,12
2,1,1/2,7,7,1,1,1,1,1,1,branch;full;flag;coherent;coset,exact,1,1,1,1,1,0,0,12
2,1,3/4,0,0,1,1,7/8,7/8,7/8,7/8,flag;coherent;coset,exact,1,1,7/8,1,1,1,0,19
2,1,3/4,0,1,1,1,15/16,15/16,15/16,15/16,flag;coherent;coset,exact,1,1,15/16,1,1,1,0,20
2,1,3/4,0,2,1,1,15/16,15/16,15/16,15/16,flag;coherent;coset,exact,1,1,15/16,1,1,1,0,18
2,1,3/4,0,3,1,1,15/16,15/16,15/16,15/16,flag;coherent;coset,exact,1,1,15/16,1,1,1,0,18
2,1,3/4,0,4,1,1,7/8,7/8,7/8,7/8,flag;coherent;coset,exact,1,1,7/8,1,1,1,0,19
2,1,3/4,0,5,1,1,15/16,15/16,15/16,15/16,flag;coherent;coset,exact,1,1,15/16,1,1,1,0,20
2,1,3/4,0,6,1,1,15/16,15/16,15/16,15/16,flag;coherent;coset,exact,1,1,15/16,1,1,1,0,18
2,1,3/4,0,7,1,1,15/16,15/16,15/16,15/16,flag;coherent;coset,exact,1,1,15/16,1,1,1,0,18
2,1,3/4,1,0,1,1,15/16,15/16,15/16,15/16,flag;coherent;coset,exact,1,1,15/16,1,1,1,0,20
2,1,3/4,1,1,1,1,1,1,1,1,branch;full;flag;coherent;coset,exact,1,1,1,1,1,0,0,20
2,1,3/4,1,2,1,1,1,1,1,1,branch;full;flag;coherent;coset,exact,1,1,1,1,1,0,0,18
2,1,3/4,1,3,1,1,1,1,1,1,branch;full;flag;coherent;coset,exact,1,1,1,1,1,0,0,18
2,1,3/4,1,4,1,1,15/16,15/16,15/16,15/16,flag;coherent;coset,exact,1,1,15/16,1,1,1,0,20
2,1,3/4,1,5,1,1,1,1,1,1,branch;full;flag;coherent;coset,exact,1,1,1,1,1,0,0,20
2,1,3/4,1,6,1,1,1,1,1,1,branch;full;flag;coherent;coset,exact,1,1,1,1,1,0,0,18
2,1,3/4,1,7,1,1,1,1,1,1,branch;full;flag;coherent;coset,exact,1,1,1,1,1,0,0,18
2,1,3/4,2,0,1,1,15/16,15/16,15/16,15/16,flag;coherent;coset,exact,1,1,15/16,1,1,1,0,18
2,1,3/4,2,1,1,1,1,1,1,1,branch;full;flag;coherent;coset,exact,1,1,1,1,1,0,0,18
2,1,3/4,2,2,1,1,1,1,1,1,branch;full;flag;coherent;coset,exact,1,1,1,1,1,0,0,16
2,1,3/4,2,3,1,1,1,1,1,1,branch;full;flag;coherent;coset,exact,1,1,1,1,1,0,0,16
2,1,3/4,2,4,1,1,15/16,15/16,15/16,15/16,flag;coherent;coset,exact,1,1,15/16,1,1,1,0,18
2,1,3/4,2,5,1,1,1,1,1,1,branch;full;flag;coherent;coset,exact,1,1,1,1,1,0,0,18
2,1,3/4,2,6,1,1,1,1,1,1,branch;full;flag;coherent;coset,exact,1,1,1,1,1,0,0,16
2,1,3/4,2,7,1,1,1,1,1,1,branch;full;flag;coherent;coset,exact,1,1,1,1,1,0,0,16
2,1,3/4,3,0,1,1,15/16,15/16,15/16,15/16,flag;coherent;coset,exact,1,1,15/16,1,1,1,0,18
2,1,3/4,3,1,1,1,1,1,1,1,branch;full;flag;coherent;coset,exact,1,1,1,1,1,0,0,18
2,1,3/4,3,2,1,1,1,1,1,1,branch;full;flag;coherent;coset,exact,1,1,1,1,1,0,0,16
2,1,3/4,3,3,1,1,1,1,1,1,branch;full;flag;coherent;coset,exact,1,1,1,1,1,0,0,16
2,1,3/4,3,4,1,1,15/16,15/16,15/16,15/16,flag;coherent;coset,exact,1,1,15/16,1,1,1,0,18
2,1,3/4,3,5,1,1,1,1,1,1,branch;full;flag;coherent;coset,exact,1,1,1,1,1,0,0,18
2,1,3/4,3,6,1,1,1,1,1,1,branch;full;flag;coherent;coset,exact,1,1,1,1,1,0,0,16
2,1,3/4,3,7,1,1,1,1,1,1,branch;full;flag;coherent;coset,exact,1,1,1,1,1,0,0,16
2,1,3/4,4,0,1,1,7/8,7/8,7/8,7/8,flag;coherent;coset,exact,1,1,7/8,1,1,1,0,19
2,1,3/4,4,1,1,1,15/16,15/16,15/16,15/16,flag;coherent;coset,exact,1,1,15/16,1,1,1,0,20
2,1,3/4,4,2,1,1,15/16,15/16,15/16,15/16,flag;coherent;coset,exact,1,1,15/16,1,1,1,0,18
2,1,3/4,4,3,1,1,15/16,15/16,15/16,15/16,flag;coherent;coset,exact,1,1,15/16,1,1,1,0,18
2,1,3/4,4,4,1,1,7/8,7/8,7/8,7/8,flag;coherent;coset,exact,1,1,7/8,1,1,1,0,19
2,1,3/4,4,5,1,1,15/16,15/16,15/16,15/16,flag;coherent;coset,exact,1,1,15/16,1,1,1,0,20
2,1,3/4,4,6,1,1,15/16,15/16,15/16,15/16,flag;coherent;coset,exact,1,1,15/16,1,1,1,0,18
2,1,3/4,4,7,1,1,15/16,15/16,15/16,15/16,flag;coherent;coset,exact,1,1,15/16,1,1,1,0,18
2,1,3/4,5,0,1,1,15/16,15/16,15/16,15/16,flag;coherent;coset,exact,1,1,15/16,1,1,1,0,20
2,1,3/4,5,1,1,1,1,1,1,1,branch;full;flag;coherent;coset,exact,1,1,1,1,1,0,0,20
2,1,3/4,5,2,1,1,1,1,1,1,branch;full;flag;coherent;coset,exact,1,1,1,1,1,0,0,18
2,1,3/4,5,3,1,1,1,1,1,1,branch;full;flag;coherent;coset,exact,1,1,1,1,1,0,0,18
2,1,3/4,5,4,1,1,15/16,15/16,15/16,15/16,flag;coherent;coset,exact,1,1,15/16,1,1,1,0,20
2,1,3/4,5,5,1,1,1,1,1,1,branch;full;flag;coherent;coset,exact,1,1,1,1,1,0,0,20
2,1,3/4,5,6,1,1,1,1,1,1,branch;full;flag;coherent;coset,exact,1,1,1,1,1,0,0,18
2,1,3/4,5,7,1,1,1,1,1,1,branch;full;flag;coherent;coset,exact,1,1,1,1,1,0,0,18
2,1,3/4,6,0,1,1,15/16,15/16,15/16,15/16,flag;coherent;coset,exact,1,1,15/16,1,1,1,0,18
2,1,3/4,6,1,1,1,1,1,1,1,branch;full;flag;coherent;coset,exact,1,1,1,1,1,0,0,18
2,1,3/4,6,2,1,1,1,1,1,1,branch;full;flag;coherent;coset,exact,1,1,1,1,1,0,0,16
2,1,3/4,6,3,1,1,1,1,1,1,branch;full;flag;coherent;coset,exact,1,1,1,1,1,0,0,16
2,1,3/4,6,4,1,1,15/16,15/16,15/16,15/16,flag;coherent;coset,exact,1,1,15/16,1,1,1,0,18
2,1,3/4,6,5,1,1,1,1,1,1,branch;full;flag;coherent;coset,exact,1,1,1,1,1,0,0,18
2,1,3/4,6,6,1,1,1,1,1,1,branch;full;flag;coherent;coset,exact,1,1,1,1,1,0,0,16
2,1,3/4,6,7,1,1,1,1,1,1,branch;full;flag;coherent;coset,exact,1,1,1,1,1,0,0,16
2,1,3/4,7,0,1,1,15/16,15/16,15/16,15/16,flag;coherent;coset,exact,1,1,15/16,1,1,1,0,18
2,1,3/4,7,1,1,1,1,1,1,1,branch;full;flag;coherent;coset,exact,1,1,1,1,1,0,0,18
2,1,3/4,7,2,1,1,1,1,1,1,branch;full;flag;coherent;coset,exact,1,1,1,1,1,0,0,16
2,1,3/4,7,3,1,1,1,1,1,1,branch;full;flag;coherent;coset,exact,1,1,1,1,1,0,0,16
2,1,3/4,7,4,1,1,15/16,15/16,15/16,15/16,flag;coherent;coset,exact,1,1,15/16,1,1,1,0,18
2,1,3/4,7,5,1,1,1,1,1,1,branch;full;flag;coherent;coset,exact,1,1,1,1,1,0,0,18
2,1,3/4,7,6,1,1,1,1,1,1,branch;full;flag;coherent;coset,exact,1,1,1,1,1,0,0,16
2,1,3/4,7,7,1,1,1,1,1,1,branch;full;flag;coherent;coset,exact,1,1,1,1,1,0,0,16
2,1,1,0,0,1,1,1,1,1,1,branch;full;flag;coherent;coset,exact,1,1,1,1,1,0,0,12
2,1,1,0,1,1,1,1,1,1,1,branch;full;flag;coherent;coset,exact,1,1,1,1,1,0,0,12
2,1,1,0,2,1,1,1,1,1,1,branch;full;flag;coherent;coset,exact,1,1,1,1,1,0,0,12
2,1,1,0,3,1,1,1,1,1,1,branch;full;flag;coherent;coset,exact,1,1,1,1,1,0,0,12
2,1,1,0,4,1,1,1,1,1,1,branch;full;flag;coherent;coset,exact,1,1,1,1,1,0,0,12
2,1,1,0,5,1,1,1,1,1,1,branch;full;flag;coherent;coset,exact,1,1,1,1,1,0,0,12
2,1,1,0,6,1,1,1,1,1,1,branch;full;flag;coherent;coset,exact,1,1,1,1,1,0,0,12
2,1,1,0,7,1,1,1,1,1,1,branch;full;flag;coherent;coset,exact,1,1,1,1,1,0,0,12
2,1,1,1,0,1,1,1,1,1,1,branch;full;flag;coherent;coset,exact,1,1,1,1,1,0,0,12
2,1,1,1,1,1,1,1,1,1,1,branch;full;flag;coherent;coset,exact,1,1,1,1,1,0,0,12
2,1,1,1,2,1,1,1,1,1,1,branch;full;flag;coherent;coset,exact,1,1,1,1,1,0,0,12
2,1,1,1,3,1,1,1,1,1,1,branch;full;flag;coherent;coset,exact,1,1,1,1,1,0,0,12
2,1,1,1,4,1,1,1,1,1,1,branch;full;flag;coherent;coset,exact,1,1,1,1,1,0,0,12
2,1,1,1,5,1,1,1,1,1,1,branch;full;flag;coherent;coset,exact,1,1,1,1,1,0,0,12
2,1,1,1,6,1,1,1,1,1,1,branch;full;flag;coherent;coset,exact,1,1,1,1,1,0,0,12
2,1,1,1,7,1,1,1,1,1,1,branch;full;flag;coherent;coset,exact,1,1,1,1,1,0,0,12
2,1,1,2,0,1,1,1,1,1,1,branch;full;flag;coherent;coset,exact,1,1,1,1,1,0,0,12
2,1,1,2,1,1,1,1,1,1,1,branch;full;flag;coherent;coset,exact,1,1,1,1,1,0,0,12
2,1,1,2,2,1,1,1,1,1,1,branch;full;flag;coherent;coset,exact,1,1,1,1,1,0,0,12
2,1,1,2,3,1,1,1,1,1,1,branch;full;flag;coherent;coset,exact,1,1,1,1,1,0,0,12
2,1,1,2,4,1,1,1,1,1,1,branch;full;flag;coherent;coset,exact,1,1,1,1,1,0,0,12
2,1,1,2,5,1,1,1,1,1,1,branch;full;flag;coherent;coset,exact,1,1,1,1,1,0,0,12
2,1,1,2,6,1,1,1,1,1,1,branch;full;flag;coherent;coset,exact,1,1,1,1,1,0,0,12
2,1,1,2,7,1,1,1,1,1,1,branch;full;flag;coherent;coset,exact,1,1,1,1,1,0,0,12
2,1,1,3,0,1,1,1,1,1,1,branch;full;flag;coherent;coset,exact,1,1,1,1,1,0,0,12
2,1,1,3,1,1,1,1,1,1,1,branch;full;flag;coherent;coset,exact,1,1,1,1,1,0,0,12
2,1,1,3,2,1,1,1,1,1,1,branch;full;flag;coherent;coset,exact,1,1,1,1,1,0,0,12
2,1,1,3,3,1,1,1,1,1,1,branch;full;flag;coherent;coset,exact,1,1,1,1,1,0,0,12
2,1,1,3,4,1,1,1,1,1,1,branch;full;flag;coherent;coset,exact,1,1,1,1,1,0,0,12
2,1,1,3,5,1,1,1,1,1,1,branch;full;flag;coherent;coset,exact,1,1,1,1,1,0,0,12
2,1,1,3,6,1,1,1,1,1,1,branch;full;flag;coherent;coset,exact,1,1,1,1,1,0,0,12
2,1,1,3,7,1,1,1,1,1,1,branch;full;flag;coherent;coset,exact,1,1,1,1,1,0,0,12
2,1,1,4,0,1,1,1,1,1,1,branch;full;flag;coherent;coset,exact,1,1,1,1,1,0,0,12
2,1,1,4,1,1,1,1,1,1,1,branch;full;flag;coherent;coset,exact,1,1,1,1,1,0,0,12
2,1,1,4,2,1,1,1,1,1,1,branch;full;flag;coherent;coset,exact,1,1,1,1,1,0,0,12
2,1,1,4,3,1,1,1,1,1,1,branch;full;flag;coherent;coset,exact,1,1,1,1,1,0,0,12
2,1,1,4,4,1,1,1,1,1,1,branch;full;flag;coherent;coset,exact,1,1,1,1,1,0,0,12
2,1,1,4,5,1,1,1,1,1,1,branch;full;flag;coherent;coset,exact,1,1,1,1,1,0,0,12
2,1,1,4,6,1,1,1,1,1,1,branch;full;flag;coherent;coset,exact,1,1,1,1,1,0,0,12
2,1,1,4,7,1,1,1,1,1,1,branch;full;flag;coherent;coset,exact,1,1,1,1,1,0,0,12
2,1,1,5,0,1,1,1,1,1,1,branch;full;flag;coherent;coset,exact,1,1,1,1,1,0,0,12
2,1,1,5,1,1,1,1,1,1,1,branch;full;flag;coherent;coset,exact,1,1,1,1,1,0,0,12
2,1,1,5,2,1,1,1,1,1,1,branch;full;flag;coherent;coset,exact,1,1,1,1,1,0,0,12
2,1,1,5,3,1,1,1,1,1,1,branch;full;flag;coherent;coset,exact,1,1,1,1,1,0,0,12
2,1,1,5,4,1,1,1,1,1,1,branch;full;flag;coherent;coset,exact,1,1,1,1,1,0,0,12
2,1,1,5,5,1,1,1,1,1,1,branch;full;flag;coherent;coset,exact,1,1,1,1,1,0,0,12
2,1,1,5,6,1,1,1,1,1,1,branch;full;flag;coherent;coset,exact,1,1,1,1,1,0,0,12
2,1,1,5,7,1,1,1,1,1,1,branch;full;flag;coherent;coset,exact,1,1,1,1,1,0,0,12
2,1,1,6,0,1,1,1,1,1,1,branch;full;flag;coherent;coset,exact,1,1,1,1,1,0,0,12
2,1,1,6,1,1,1,1,1,1,1,branch;full;flag;coherent;coset,exact,1,1,1,1,1,0,0,12
2,1,1,6,2,1,1,1,1,1,1,branch;full;flag;coherent;coset,exact,1,1,1,1,1,0,0,12
2,1,1,6,3,1,1,1,1,1,1,branch;full;flag;coherent;coset,exact,1,1,1,1,1,0,0,12
2,1,1,6,4,1,1,1,1,1,1,branch;full;flag;coherent;coset,exact,1,1,1,1,1,0,0,12
2,1,1,6,5,1,1,1,1,1,1,branch;full;flag;coherent;coset,exact,1,1,1,1,1,0,0,12
2,1,1,6,6,1,1,1,1,1,1,branch;full;flag;coherent;coset,exact,1,1,1,1,1,0,0,12
2,1,1,6,7,1,1,1,1,1,1,branch;full;flag;coherent;coset,exact,1,1,1,1,1,0,0,12
2,1,1,7,0,1,1,1,1,1,1,branch;full;flag;coherent;coset,exact,1,1,1,1,1,0,0,12
2,1,1,7,1,1,1,1,1,1,1,branch;full;flag;coherent;coset,exact,1,1,1,1,1,0,0,12
2,1,1,7,2,1,1,1,1,1,1,branch;full;flag;coherent;coset,exact,1,1,1,1,1,0,0,12
2,1,1,7,3,1,1,1,1,1,1,branch;full;flag;coherent;coset,exact,1,1,1,1,1,0,0,12
2,1,1,7,4,1,1,1,1,1,1,branch;full;flag;coherent;coset,exact,1,1,1,1,1,0,0,12
2,1,1,7,5,1,1,1,1,1,1,branch;full;flag;coherent;coset,exact,1,1,1,1,1,0,0,12
2,1,1,7,6,1,1,1,1,1,1,branch;full;flag;coherent;coset,exact,1,1,1,1,1,0,0,12
2,1,1,7,7,1,1,1,1,1,1,branch;full;flag;coherent;coset,exact,1,1,1,1,1,0,0,12
2,2,0,0,0,3/4,3/4,3/4,3/4,3/4,3/4,branch;full;flag;coherent;coset,exact,1,1,3/4,1,1,0,0,14
2,2,0,0,1,1,1,1,1,1,1,branch;full;flag;coherent;coset,exact,1,1,1,1,1,0,0,14
2,2,0,0,2,1,1,1,1,1,1,branch;full;flag;coherent;coset,exact,1,1,1,1,1,0,0,13
2,2,0,0,3,1,1,1,1,1,1,branch;full;flag;coherent;coset,exact,1,1,1,1,1,0,0,13
2,2,0,0,4,3/4,3/4,3/4,3/4,3/4,3/4,branch;full;flag;coherent;coset,exact,1,1,3/4,1,1,0,0,14
2,2,0,0,5,1,1,1,1,1,1,branch;full;flag;coherent;coset,exact,1,1,1,1,1,0,0,14
2,2,0,0,6,1,1,1,1,1,1,branch;full;flag;coherent;coset,exact,1,1,1,1,1,0,0,13
2,2,0,0,7,1,1,1,1,1,1,branch;full;flag;coherent;coset,exact,1,1,1,1,1,0,0,13
2,2,0,1,0,1,1,1,1,1,1,branch;full;flag;coherent;coset,exact,1,1,1,1,1,0,0,14
2,2,0,1,1,1,1,1,1,1,1,branch;full;flag;coherent;coset,exact,1,1,1,1,1,0,0,14
2,2,0,1,2,1,1,1,1,1,1,branch;full;flag;coherent;coset,exact,1,1,1,1,1,0,0,13
2,2,0,1,3,1,1,1,1,1,1,branch;full;flag;coherent;coset,exact,1,1,1,1,1,0,0,13
2,2,0,1,4,1,1,1,1,1,1,branch;full;flag;coherent;coset,exact,1,1,1,1,1,0,0,14
2,2,0,1,5,1,1,1,1,1,1,branch;full;flag;coherent;coset,exact,1,1,1,1,1,0,0,14
2,2,0,1,6,1,1,1,1,1,1,branch;full;flag;coherent;coset,exact,1,1,1,1,1,0,0,13
2,2,0,1,7,1,1,1,1,1,1,branch;full;flag;coherent;coset,exact,1,1,1,1,1,0,0,13
2,2,0,2,0,1,1,1,1,1,1,branch;full;flag;coherent;coset,exact,1,1,1,1,1,0,0,13
2,2,0,2,1,1,1,1,1,1,1,branch;full;flag;coherent;coset,exact,1,1,1,1,1,0,0,13
2,2,0,2,2,1,1,1,1,1,1,branch;full;flag;coherent;coset,exact,1,1,1,1,1,0,0,12
2,2,0,2,3,1,1,1,1,1,1,branch;full;flag;coherent;coset,exact,1,1,1,1,1,0,0,12
2,2,0,2,4,1,1,1,1,1,1,branch;full;flag;coherent;coset,exact,1,1,1,1,1,0,0,13
2,2,0,2,5,1,1,1,1,1,1,branch;full;flag;coherent;coset,exact,1,1,1,1,1,0,0,13
2,2,0,2,6,1,1,1,1,1,1,branch;full;flag;coherent;coset,exact,1,1,1,1,1,0,0,12
2,2,0,2,7,1,1,1,1,1,1,branch;full;flag;coherent;coset,exact,1,1,1,1,1,0,0,12
2,2,0,3,0,1,1,1,1,1,1,branch;full;flag;coherent;coset,exact,1,1,1,1,1,0,0,13
2,2,0,3,1,1,1,1,1,1,1,branch;full;flag;coherent;coset,exact,1,1,1,1,1,0,0,13
2,2,0,3,2,1,1,1,1,1,1,branch;full;flag;coherent;coset,exact,1,1,1,1,1,0,0,12
2,2,0,3,3,1,1,1,1,1,1,branch;full;flag;coherent;coset,exact,1,1,1,1,1,0,0,12
2,2,0,3,4,1,1,1,1,1,1,branch;full;flag;coherent;coset,exact,1,1,1,1,1,0,0,13
2,2,0,3,5,1,1,1,1,1,1,branch;full;flag;coherent;coset,exact,1,1,1,1,1,0,0,13
2,2,0,3,6,1,1,1,1,1,1,branch;full;flag;coherent;coset,exact,1,1,1,1,1,0,0,12
2,2,0,3,7,1,1,1,1,1,1,branch;full;flag;coherent;coset,exact,1,1,1,1,1,0,0,12
2,2,0,4,0,3/4,3/4,3/4,3/4,3/4,3/4,branch;full;flag;coherent;coset,exact,1,1,3/4,1,1,0,0,14
2,2,0,4,1,1,1,1,1,1,1,branch;full;flag;coherent;coset,exact,1,1,1,1,1,0,0,14
2,2,0,4,2,1,1,1,1,1,1,branch;full;flag;coherent;coset,exact,1,1,1,1,1,0,0,13
2,2,0,4,3,1,1,1,1,1,1,branch;full;flag;coherent;coset,exact,1,1,1,1,1,0,0,13
2,2,0,4,4,3/4,3/4,3/4,3/4,3/4,3/4,branch;full;flag;coherent;coset,exact,1,1,3/4,1,1,0,0,14
2,2,0,4,5,1,1,1,1,1,1,branch;full;flag;coherent;coset,exact,1,1,1,1,1,0,0,14
2,2,0,4,6,1,1,1,1,1,1,branch;full;flag;coherent;coset,exact,1,1,1,1,1,0,0,13
2,2,0,4,7,1,1,1,1,1,1,branch;full;flag;coherent;coset,exact,1,1,1,1,1,0,0,13
2,2,0,5,0,1,1,1,1,1,1,branch;full;flag;coherent;coset,exact,1,1,1,1,1,0,0,14
2,2,0,5,1,1,1,1,1,1,1,branch;full;flag;coherent;coset,exact,1,1,1,1,1,0,0,14
2,2,0,5,2,1,1,1,1,1,1,branch;full;flag;coherent;coset,exact,1,1,1,1,1,0,0,13
2,2,0,5,3,1,1,1,1,1,1,branch;full;flag;coherent;coset,exact,1,1,1,1,1,0,0,13
2,2,0,5,4,1,1,1,1,1,1,branch;full;flag;coherent;coset,exact,1,1,1,1,1,0,0,14
2,2,0,5,5,1,1,1,1,1,1,branch;full;flag;coherent;coset,exact,1,1,1,1,1,0,0,14
2,2,0,5,6,1,1,1,1,1,1,branch;full;flag;coherent;coset,exact,1,1,1,1,1,0,0,13
2,2,0,5,7,1,1,1,1,1,1,branch;full;flag;coherent;coset,exact,1,1,1,1,1,0,0,13
2,2,0,6,0,1,1,1,1,1,1,branch;full;flag;coherent;coset,exact,1,1,1,1,1,0,0,13
2,2,0,6,1,1,1,1,1,1,1,branch;full;flag;coherent;coset,exact,1,1,1,1,1,0,0,13
2,2,0,6,2,1,1,1,1,1,1,branch;full;flag;coherent;coset,exact,1,1,1,1,1,0,0,12
2,2,0,6,3,1,1,1,1,1,1,branch;full;flag;coherent;coset,exact,1,1,1,1,1,0,0,12
2,2,0,6,4,1,1,1,1,1,1,branch;full;flag;coherent;coset,exact,1,1,1,1,1,0,0,13
2,2,0,6,5,1,1,1,1,1,1,branch;full;flag;coherent;coset,exact,1,1,1,1,1,0,0,13
2,2,0,6,6,1,1,1,1,1,1,branch;full;flag;coherent;coset,exact,1,1,1,1,1,0,0,12
2,2,0,6,7,1,1,1,1,1,1,branch;full;flag;coherent;coset,exact,1,1,1,1,1,0,0,12
2,2,0,7,0,1,1,1,1,1,1,branch;full;flag;coherent;coset,exact,1,1,1,1,1,0,0,13
2,2,0,7,1,1,1,1,1,1,1,branch;full;flag;coherent;coset,exact,1,1,1,1,1,0,0,13
2,2,0,7,2,1,1,1,1,1,1,branch;full;flag;coherent;coset,exact,1,1,1,1,1,0,0,12
2,2,0,7,3,1,1,1,1,1,1,branch;full;flag;coherent;coset,exact,1,1,1,1,1,0,0,12
2,2,0,7,4,1,1,1,1,1,1,branch;full;flag;coherent;coset,exact,1,1,1,1,1,0,0,13
2,2,0,7,5,1,1,1,1,1,1,branch;full;flag;coherent;coset,exact,1,1,1,1,1,0,0,13
2,2,0,7,6,1,1,1,1,1,1,branch;full;flag;coherent;coset,exact,1,1,1,1,1,0,0,12
2,2,0,7,7,1,1,1,1,1,1,branch;full;flag;coherent;coset,exact,1,1,1,1,1,0,0,12
2,2,1/4,0,0,3/4,3/4,3/4,3/4,3/4,3/4,branch;full;flag;coherent;coset,exact,1,1,3/4,1,1,0,0,19
2,2,1/4,0,1,1,15/16,15/16,15/16,15/16,15/16,full;flag;coherent;coset,exact,1,1,15/16,1,1,0,0,20
2,2,1/4,0,2,1,15/16,15/16,15/16,15/16,15/16,full;flag;coherent;coset,exact,1,1,15/16,1,1,0,0,18
2,2,1/4,0,3,1,15/16,15/16,15/16,15/16,15/16,full;flag;coherent;coset,exact,1,1,15/16,1,1,0,0,18
2,2,1/4,0,4,3/4,3/4,3/4,3/4,3/4,3/4,branch;full;flag;coherent;coset,exact,1,1,3/4,1,1,0,0,19
2,2,1/4,0,5,1,15/16,15/16,15/16,15/16,15/16,full;flag;coherent;coset,exact,1,1,15/16,1,1,0,0,20
2,2,1/4,0,6,1,15/16,15/16,15/16,15/16,15/16,full;flag;coherent;coset,exact,1,1,15/16,1,1,0,0,18
2,2,1/4,0,7,1,15/16,15/16,15/16,15/16,15/16,full;flag;coherent;coset,exact,1,1,15/16,1,1,0,0,18
2,2,1/4,1,0,1,15/16,15/16,15/16,15/16,15/16,full;flag;coherent;coset,exact,1,1,15/16,1,1,0,0,20
2,2,1/4,1,1,1,1,1,1,1,1,branch;full;flag;coherent;coset,exact,1,1,1,1,1,0,0,20
2,2,1/4,1,2,1,1,1,1,1,1,branch;full;flag;coherent;coset,exact,1,1,1,1,1,0,0,18
2,2,1/4,1,3,1,1,1,1,1,1,branch;full;flag;coherent;coset,exact,1,1,1,1,1,0,0,18
2,2,1/4,1,4,1,15/16,15/16,15/16,15/16,15/16,full;flag;coherent;coset,exact,1,1,15/16,1,1,0,0,20
2,2,1/4,1,5,1,1,1,1,1,1,branch;full;flag;coherent;coset,exact,1,1,1,1,1,0,0,20
2,2,1/4,1,6,1,1,1,1,1,1,branch;full;flag;coherent;coset,exact,1,1,1,1,1,0,0,18
2,2,1/4,1,7,1,1,1,1,1,1,branch;full;flag;coherent;coset,exact,1,1,1,1,1,0,0,18
2,2,1/4,2,0,1,15/16,15/16,15/16,15/16,15/16,full;flag;coherent;coset,exact,1,1,15/16,1,1,0,0,18
2,2,1/4,2,1,1,1,1,1,1,1,branch;full;flag;coherent;coset,exact,1,1,1,1,1,0,0,18
2,2,1/4,2,2,1,1,1,1,1,1,branch;full;flag;coherent;coset,exact,1,1,1,1,1,0,0,16
2,2,1/4,2,3,1,1,1,1,1,1,branch;full;flag;coherent;coset,exact,1,1,1,1,1,0,0,16
2,2,1/4,2,4,1,15/16,15/16,15/16,15/16,15/16,full;flag;coherent;coset,exact,1,1,15/16,1,1,0,0,18
2,2,1/4,2,5,1,1,1,1,1,1,branch;full;flag;coherent;coset,exact,1,1,1,1,1,0,0,18
2,2,1/4,2,6,1,1,1,1,1,1,branch;full;flag;coherent;coset,exact,1,1,1,1,1,0,0,16
2,2,1/4,2,7,1,1,1,1,1,1,branch;full;flag;coherent;coset,exact,1,1,1,1,1,0,0,16
2,2,1/4,3,0,1,15/16,15/16,15/16,15/16,15/16,full;flag;coherent;coset,exact,1,1,15/16,1,1,0,0,18
2,2,1/4,3,1,1,1,1,1,1,1,branch;full;flag;coherent;coset,exact,1,1,1,1,1,0,0,18
2,2,1/4,3,2,1,1,1,1,1,1,branch;full;flag;coherent;coset,exact,1,1,1,1,1,0,0,16
2,2,1/4,3,3,1,1,1,1,1,1,branch;full;flag;coherent;coset,exact,1,1,1,1,1,0,0,16
2,2,1/4,3,4,1,15/16,15/16,15/16,15/16,15/16,full;flag;coherent;coset,exact,1,1,15/16,1,1,0,0,18
2,2,1/4,3,5,1,1,1,1,1,1,branch;full;flag;coherent;coset,exact,1,1,1,1,1,0,0,18
2,2,1/4,3,6,1,1,1,1,1,1,branch;full;flag;coherent;coset,exact,1,1,1,1,1,0,0,16
2,2,1/4,3,7,1,1,1,1,1,1,branch;full;flag;coherent;coset,exact,1,1,1,1,1,0,0,16
2,2,1/4,4,0,3/4,3/4,3/4,3/4,3/4,3/4,branch;full;flag;coherent;coset,exact,1,1,3/4,1,1,0,0,19
2,2,1/4,4,1,1,15/16,15/16,15/16,15/16,15/16,full;flag;coherent;coset,exact,1,1,15/16,1,1,0,0,20
2,2,1/4,4,2,1,15/16,15/16,15/16,15/16,15/16,full;flag;coherent;coset,exact,1,1,15/16,1,1,0,0,18
2,2,1/4,4,3,1,15/16,15/16,15/16,15/16,15/16,full;flag;coherent;coset,exact,1,1,15/16,1,1,0,0,18
2,2,1/4,4,4,3/4,3/4,3/4,3/4,3/4,3/4,branch;full;flag;coherent;coset,exact,1,1,3/4,1,1,0,0,19
2,2,1/4,4,5,1,15/16,15/16,15/16,15/16,15/16,full;flag;coherent;coset,exact,1,1,15/16,1,1,0,0,20
2,2,1/4,4,6,1,15/16,15/16,15/16,15/16,15/16,full;flag;coherent;coset,exact,1,1,15/16,1,1,0,0,18
2,2,1/4,4,7,1,15/16,15/16,15/16,15/16,15/16,full;flag;coherent;coset,exact,1,1,15/16,1,1,0,0,18
2,2,1/4,5,0,1,15/16,15/16,15/16,15/16,15/16,full;flag;coherent;coset,exact,1,1,15/16,1,1,0,0,20
2,2,1/4,5,1,1,1,1,1,1,1,branch;full;flag;coherent;coset,exact,1,1,1,1,1,0,0,20
2,2,1/4,5,2,1,1,1,1,1,1,branch;full;flag;coherent;coset,exact,1,1,1,1,1,0,0,18
2,2,1/4,5,3,1,1,1,1,1,1,branch;full;flag;coherent;coset,exact,1,1,1,1,1,0,0,18
2,2,1/4,5,4,1,15/16,15/16,15/16,15/16,15/16,full;flag;coherent;coset,exact,1,1,15/16,1,1,0,0,20
2,2,1/4,5,5,1,1,1,1,1,1,branch;full;flag;coherent;coset,exact,1,1,1,1,1,0,0,20
2,2,1/4,5,6,1,1,1,1,1,1,branch;full;flag;coherent;coset,exact,1,1,1,1,1,0,0,18
2,2,1/4,5,7,1,1,1,1,1,1,branch;full;flag;coherent;coset,exact,1,1,1,1,1,0,0,18
2,2,1/4,6,0,1,15/16,15/16,15/16,15/16,15/16,full;flag;coherent;coset,exact,1,1,15/16,1,1,0,0,18
2,2,1/4,6,1,1,1,1,1,1,1,branch;full;flag;coherent;coset,exact,1,1,1,1,1,0,0,18
2,2,1/4,6,2,1,1,1,1,1,1,branch;full;flag;coherent;coset,exact,1,1,1,1,1,0,0,16
2,2,1/4,6,3,1,1,1,1,1,1,branch;full;flag;coherent;coset,exact,1,1,1,1,1,0,0,16
2,2,1/4,6,4,1,15/16,15/16,15/16,15/16,15/16,full;flag;coherent;coset,exact,1,1,15/16,1,1,0,0,18
2,2,1/4,6,5,1,1,1,1,1,1,branch;full;flag;coherent;coset,exact,1,1,1,1,1,0,0,18
2,2,1/4,6,6,1,1,1,1,1,1,branch;full;flag;coherent;coset,exact,1,1,1,1,1,0,0,16
2,2,1/4,6,7,1,1,1,1,1,1,branch;full;flag;coherent;coset,exact,1,1,1,1,1,0,0,16
2,2,1/4,7,0,1,15/16,15/16,15/16,15/16,15/16,full;flag;coherent;coset,exact,1,1,15/16,1,1,0,0,18
2,2,1/4,7,1,1,1,1,1,1,1,branch;full;flag;coherent;coset,exact,1,1,1,1,1,0,0,18
2,2,1/4,7,2,1,1,1,1,1,1,branch;full;flag;coherent;coset,exact,1,1,1,1,1,0,0,16
2,2,1/4,7,3,1,1,1,1,1,1,branch;full;flag;coherent;coset,exact,1,1,1,1,1,0,0,16
2,2,1/4,7,4,1,15/16,15/16,15/16,15/16,15/16,full;flag;coherent;coset,exact,1,1,15/16,1,1,0,0,18
2,2,1/4,7,5,1,1,1,1,1,1,branch;full;flag;coherent;coset,exact,1,1,1,1,1,0,0,18
2,2,1/4,7,6,1,1,1,1,1,1,branch;full;flag;coherent;coset,exact,1,1,1,1,1,0,0,16
2,2,1/4,7,7,1,1,1,1,1,1,branch;full;flag;coherent;coset,exact,1,1,1,1,1,0,0,16
2,2,1/2,0,0,3/4,3/4,3/4,3/4,3/4,3/4,branch;full;flag;coherent;coset,exact,1,1,3/4,1,1,0,0,13
2,2,1/2,0,1,1,7/8,7/8,7/8,7/8,7/8,full;flag;coherent;coset,exact,1,1,7/8,1,1,0,0,14
2,2,1/2,0,2,1,7/8,7/8,7/8,7/8,7/8,full;flag;coherent;coset,exact,1,1,7/8,1,1,0,0,14
2,2,1/2,0,3,1,7/8,7/8,7/8,7/8,7/8,full;flag;coherent;coset,exact,1,1,7/8,1,1,0,0,14
2,2,1/2,0,4,3/4,3/4,3/4,3/4,3/4,3/4,branch;full;flag;coherent;coset,exact,1,1,3/4,1,1,0,0,13
2,2,1/2,0,5,1,7/8,7/8,7/8,7/8,7/8,full;flag;coherent;coset,exact,1,1,7/8,1,1,0,0,14
2,2,1/2,0,6,1,7/8,7/8,7/8,7/8,7/8,full;flag;coherent;coset,exact,1,1,7/8,1,1,0,0,14
2,2,1/2,0,7,1,7/8,7/8,7/8,7/8,7/8,full;flag;coherent;coset,exact,1,1,7/8,1,1,0,0,14
2,2,1/2,1,0,1,7/8,7/8,7/8,7/8,7/8,full;flag;coherent;coset,exact,1,1,7/8,1,1,0,0,14
2,2,1/2,1,1,1,1,1,1,1,1,branch;full;flag;coherent;coset,exact,1,1,1,1,1,0,0,14
2,2,1/2,1,2,1,1,1,1,1,1,branch;full;flag;coherent;coset,exact,1,1,1,1,1,0,0,14
2,2,1/2,1,3,1,1,1,1,1,1,branch;full;flag;coherent;coset,exact,1,1,1,1,1,0,0,14
2,2,1/2,1,4,1,7/8,7/8,7/8,7/8,7/8,full;flag;coherent;coset,exact,1,1,7/8,1,1,0,0,14
2,2,1/2,1,5,1,1,1,1,1,1,branch;full;flag;coherent;coset,exact,1,1,1,1,1,0,0,14
2,2,1/2,1,6,1,1,1,1,1,1,branch;full;flag;coherent;coset,exact,1,1,1,1,1,0,0,14
2,2,1/2,1,7,1,1,1,1,1,1,branch;full;flag;coherent;coset,exact,1,1,1,1,1,0,0,14
2,2,1/2,2,0,1,7/8,7/8,7/8,7/8,7/8,full;flag;coherent;coset,exact,1,1,7/8,1,1,0,0,14
2,2,1/2,2,1,1,1,1,1,1,1,branch;full;flag;coherent;coset,exact,1,1,1,1,1,0,0,14
2,2,1/2,2,2,1,1,1,1,1,1,branch;full;flag;coherent;coset,exact,1,1,1,1,1,0,0,12
2,2,1/2,2,3,1,1,1,1,1,1,branch;full;flag;coherent;coset,exact,1,1,1,1,1,0,0,12
2,2,1/2,2,4,1,7/8,7/8,7/8,7/8,7/8,full;flag;coherent;coset,exact,1,1,7/8,1,1,0,0,14
2,2,1/2,2,5,1,1,1,1,1,1,branch;full;flag;coherent;coset,exact,1,1,1,1,1,0,0,14
2,2,1/2,2,6,1,1,1,1,1,1,branch;full;flag;coherent;coset,exact,1,1,1,1,1,0,0,12
2,2,1/2,2,7,1,1,1,1,1,1,branch;full;flag;coherent;coset,exact,1,1,1,1,1,0,0,12
2,2,1/2,3,0,1,7/8,7/8,7/8,7/8,7/8,full;flag;coherent;coset,exact,1,1,7/8,1,1,0,0,14
2,2,1/2,3,1,1,1,1,1,1,1,branch;full;flag;coherent;coset,exact,1,1,1,1,1,0,0,14
2,2,1/2,3,2,1,1,1,1,1,1,branch;full;flag;coherent;coset,exact,1,1,1,1,1,0,0,12
2,2,1/2,3,3,1,1,1,1,1,1,branch;full;flag;coherent;coset,exact,1,1,1,1,1,0,0,12
2,2,1/2,3,4,1,7/8,7/8,7/8,7/8,7/8,full;flag;coherent;coset,exact,1,1,7/8,1,1,0,0,14
2,2,1/2,3,5,1,1,1,1,1,1,branch;full;flag;coherent;coset,exact,1,1,1,1,1,0,0,14
2,2,1/2,3,6,1,1,1,1,1,1,branch;full;flag;coherent;coset,exact,1,1,1,1,1,0,0,12
2,2,1/2,3,7,1,1,1,1,1,1,branch;full;flag;coherent;coset,exact,1,1,1,1,1,0,0,12
2,2,1/2,4,0,3/4,3/4,3/4,3/4,3/4,3/4,branch;full;flag;coherent;coset,exact,1,1,3/4,1,1,0,0,13
2,2,1/2,4,1,1,7/8,7/8,7/8,7/8,7/8,full;flag;coherent;coset,exact,1,1,7/8,1,1,0,0,14
2,2,1/2,4,2,1,7/8,7/8,7/8,7/8,7/8,full;flag;coherent;coset,exact,1,1,7/8,1,1,0,0,14
2,2,1/2,4,3,1,7/8,7/8,7/8,7/8,7/8,full;flag;coherent;coset,exact,1,1,7/8,1,1,0,0,14
2,2,1/2,4,4,3/4,3/4,3/4,3/4,3/4,3/4,branch;full;flag;coherent;coset,exact,1,1,3/4,1,1,0,0,13
2,2,1/2,4,5,1,7/8,7/8,7/8,7/8,7/8,full;flag;coherent;coset,exact,1,1,7/8,1,1,0,0,14
2,2,1/2,4,6,1,7/8,7/8,7/8,7/8,7/8,full;flag;coherent;coset,exact,1,1,7/8,1,1,0,0,14
2,2,1/2,4,7,1,7/8,7/8,7/8,7/8,7/8,full;flag;coherent;coset,exact,1,1,7/8,1,1,0,0,14
2,2,1/2,5,0,1,7/8,7/8,7/8,7/8,7/8,full;flag;coherent;coset,exact,1,1,7/8,1,1,0,0,14
2,2,1/2,5,1,1,1,1,1,1,1,branch;full;flag;coherent;coset,exact,1,1,1,1,1,0,0,14
2,2,1/2,5,2,1,1,1,1,1,1,branch;full;flag;coherent;coset,exact,1,1,1,1,1,0,0,14
2,2,1/2,5,3,1,1,1,1,1,1,branch;full;flag;coherent;coset,exact,1,1,1,1,1,0,0,14
2,2,1/2,5,4,1,7/8,7/8,7/8,7/8,7/8,full;flag;coherent;coset,exact,1,1,7/8,1,1,0,0,14
2,2,1/2,5,5,1,1,1,1,1,1,branch;full;flag;coherent;coset,exact,1,1,1,1,1,0,0,14
2,2,1/2,5,6,1,1,1,1,1,1,branch;full;flag;coherent;coset,exact,1,1,1,1,1,0,0,14
2,2,1/2,5,7,1,1,1,1,1,1,branch;full;flag;coherent;coset,exact,1,1,1,1,1,0,0,14
2,2,1/2,6,0,1,7/8,7/8,7/8,7/8,7/8,full;flag;coherent;coset,exact,1,1,7/8,1,1,0,0,14
2,2,1/2,6,1,1,1,1,1,1,1,branch;full;flag;coherent;coset,exact,1,1,1,1,1,0,0,14
2,2,1/2,6,2,1,1,1,1,1,1,branch;full;flag;coherent;coset,exact,1,1,1,1,1,0,0,12
2,2,1/2,6,3,1,1,1,1,1,1,branch;full;flag;coherent;coset,exact,1,1,1,1,1,0,0,12
2,2,1/2,6,4,1,7/8,7/8,7/8,7/8,7/8,full;flag;coherent;coset,exact,1,1,7/8,1,1,0,0,14
2,2,1/2,6,5,1,1,1,1,1,1,branch;full;flag;coherent;coset,exact,1,1,1,1,1,0,0,14
2,2,1/2,6,6,1,1,1,1,1,1,branch;full;flag;coherent;coset,exact,1,1,1,1,1,0,0,12
2,2,1/2,6,7,1,1,1,1,1,1,branch;full;flag;coherent;coset,exact,1,1,1,1,1,0,0,12
2,2,1/2,7,0,1,7/8,7/8,7/8,7/8,7/8,full;flag;coherent;coset,exact,1,1,7/8,1,1,0,0,14
2,2,1/2,7,1,1,1,1,1,1,1,branch;full;flag;coherent;coset,exact,1,1,1,1,1,0,0,14
2,2,1/2,7,2,1,1,1,1,1,1,branch;full;flag;coherent;coset,exact,1,1,1,1,1,0,0,12
2,2,1/2,7,3,1,1,1,1,1,1,branch;full;flag;coherent;coset,exact,1,1,1,1,1,0,0,12
2,2,1/2,7,4,1,7/8,7/8,7/8,7/8,7/8,full;flag;coherent;coset,exact,1,1,7/8,1,1,0,0,14
2,2,1/2,7,5,1,1,1,1,1,1,branch;full;flag;coherent;coset,exact,1,1,1,1,1,0,0,14
2,2,1/2,7,6,1,1,1,1,1,1,branch;full;flag;coherent;coset,exact,1,1,1,1,1,0,0,12
2,2,1/2,7,7,1,1,1,1,1,1,branch;full;flag;coherent;coset,exact,1,1,1,1,1,0,0,12
2,2,3/4,0,0,3/4,3/4,3/4,3/4,3/4,3/4,branch;full;flag;coherent;coset,exact,1,1,3/4,1,1,0,0,19
2,2,3/4,0,1,1,15/16,15/16,15/16,15/16,15/16,full;flag;coherent;coset,exact,1,1,15/16,1,1,0,0,20
2,2,3/4,0,2,1,15/16,15/16,15/16,15/16,15/16,full;flag;coherent;coset,exact,1,1,15/16,1,1,0,0,18
2,2,3/4,0,3,1,15/16,15/16,15/16,15/16,15/16,full;flag;coherent;coset,exact,1,1,15/16,1,1,0,0,18
2,2,3/4,0,4,3/4,3/4,3/4,3/4,3/4,3/4,branch;full;flag;coherent;coset,exact,1,1,3/4,1,1,0,0,19
2,2,3/4,0,5,1,15/16,15/16,15/16,15/16,15/16,full;flag;coherent;coset,exact,1,1,15/16,1,1,0,0,20
2,2,3/4,0,6,1,15/16,15/16,15/16,15/16,15/16,full;flag;coherent;coset,exact,1,1,15/16,1,1,0,0,18
2,2,3/4,0,7,1,15/16,15/16,15/16,15/16,15/16,full;flag;coherent;coset,exact,1,1,15/16,1,1,0,0,18
2,2,3/4,1,0,1,15/16,15/16,15/16,15/16,15/16,full;flag;coherent;coset,exact,1,1,15/16,1,1,0,0,20
2,2,3/4,1,1,1,1,1,1,1,1,branch;full;flag;coherent;coset,exact,1,1,1,1,1,0,0,20
2,2,3/4,1,2,1,1,1,1,1,1,branch;full;flag;coherent;coset,exact,1,1,1,1,1,0,0,18
2,2,3/4,1,3,1,1,1,1,1,1,branch;full;flag;coherent;coset,exact,1,1,1,1,1,0,0,18
2,2,3/4,1,4,1,15/16,15/16,15/16,15/16,15/16,full;flag;coherent;coset,exact,1,1,15/16,1,1,0,0,20
2,2,3/4,1,5,1,1,1,1,1,1,branch;full;flag;coherent;coset,exact,1,1,1,1,1,0,0,20
2,2,3/4,1,6,1,1,1,1,1,1,branch;full;flag;coherent;coset,exact,1,1,1,1,1,0,0,18
2,2,3/4,1,7,1,1,1,1,1,1,branch;full;flag;coherent;coset,exact,1,1,1,1,1,0,0,18
2,2,3/4,2,0,1,15/16,15/16,15/16,15/16,15/16,full;flag;coherent;coset,exact,1,1,15/16,1,1,0,0,18
2,2,3/4,2,1,1,1,1,1,1,1,branch;full;flag;coherent;coset,exact,1,1,1,1,1,0,0,18
2,2,3/4,2,2,1,1,1,1,1,1,branch;full;flag;coherent;coset,exact,1,1,1,1,1,0,0,16
2,2,3/4,2,3,1,1,1,1,1,1,branch;full;flag;coherent;coset,exact,1,1,1,1,1,0,0,16
2,2,3/4,2,4,1,15/16,15/16,15/16,15/16,15/16,full;flag;coherent;coset,exact,1,1,15/16,1,1,0,0,18
2,2,3/4,2,5,1,1,1,1,1,1,branch;full;flag;coherent;coset,exact,1,1,1,1,1,0,0,18
2,2,3/4,2,6,1,1,1,1,1,1,branch;full;flag;coherent;coset,exact,1,1,1,1,1,0,0,16
2,2,3/4,2,7,1,1,1,1,1,1,branch;full;flag;coherent;coset,exact,1,1,1,1,1,0,0,16
2,2,3/4,3,0,1,15/16,15/16,15/16,15/16,15/16,full;flag;coherent;coset,exact,1,1,15/16,1,1,0,0,18
2,2,3/4,3,1,1,1,1,1,1,1,branch;full;flag;coherent;coset,exact,1,1,1,1,1,0,0,18
2,2,3/4,3,2,1,1,1,1,1,1,branch;full;flag;coherent;coset,exact,1,1,1,1,1,0,0,16
2,2,3/4,3,3,1,1,1,1,1,1,branch;full;flag;coherent;coset,exact,1,1,1,1,1,0,0,16
2,2,3/4,3,4,1,15/16,15/16,15/16,15/16,15/16,full;flag;coherent;coset,exact,1,1,15/16,1,1,0,0,18
2,2,3/4,3,5,1,1,1,1,1,1,branch;full;flag;coherent;coset,exact,1,1,1,1,1,0,0,18
2,2,3/4,3,6,1,1,1,1,1,1,branch;full;flag;coherent;coset,exact,1,1,1,1,1,0,0,16
2,2,3/4,3,7,1,1,1,1,1,1,branch;full;flag;coherent;coset,exact,1,1,1,1,1,0,0,16
2,2,3/4,4,0,3/4,3/4,3/4,3/4,3/4,3/4,branch;full;flag;coherent;coset,exact,1,1,3/4,1,1,0,0,19
2,2,3/4,4,1,1,15/16,15/16,15/16,15/16,15/16,full;flag;coherent;coset,exact,1,1,15/16,1,1,0,0,20
2,2,3/4,4,2,1,15/16,15/16,15/16,15/16,15/16,full;flag;coherent;coset,exact,1,1,15/16,1,1,0,0,18
2,2,3/4,4,3,1,15/16,15/16,15/16,15/16,15/16,full;flag;coherent;coset,exact,1,1,15/16,1,1,0,0,18
2,2,3/4,4,4,3/4,3/4,3/4,3/4,3/4,3/4,branch;full;flag;coherent;coset,exact,1,1,3/4,1,1,0,0,19
2,2,3/4,4,5,1,15/16,15/16,15/16,15/16,15/16,full;flag;coherent;coset,exact,1,1,15/16,1,1,0,0,20
2,2,3/4,4,6,1,15/16,15/16,15/16,15/16,15/16,full;flag;coherent;coset,exact,1,1,15/16,1,1,0,0,18
2,2,3/4,4,7,1,15/16,15/16,15/16,15/16,15/16,full;flag;coherent;coset,exact,1,1,15/16,1,1,0,0,18
2,2,3/4,5,0,1,15/16,15/16,15/16,15/16,15/16,full;flag;coherent;coset,exact,1,1,15/16,1,1,0,0,20
2,2,3/4,5,1,1,1,1,1,1,1,branch;full;flag;coherent;coset,exact,1,1,1,1,1,0,0,20
2,2,3/4,5,2,1,1,1,1,1,1,branch;full;flag;coherent;coset,exact,1,1,1,1,1,0,0,18
2,2,3/4,5,3,1,1,1,1,1,1,branch;full;flag;coherent;coset,exact,1,1,1,1,1,0,0,18
2,2,3/4,5,4,1,15/16,15/16,15/16,15/16,15/16,full;flag;coherent;coset,exact,1,1,15/16,1,1,0,0,20
2,2,3/4,5,5,1,1,1,1,1,1,branch;full;flag;coherent;coset,exact,1,1,1,1,1,0,0,20
2,2,3/4,5,6,1,1,1,1,1,1,branch;full;flag;coherent;coset,exact,1,1,1,1,1,0,0,18
2,2,3/4,5,7,1,1,1,1,1,1,branch;full;flag;coherent;coset,exact,1,1,1,1,1,0,0,18
2,2,3/4,6,0,1,15/16,15/16,15/16,15/16,15/16,full;flag;coherent;coset,exact,1,1,15/16,1,1,0,0,18
2,2,3/4,6,1,1,1,1,1,1,1,branch;full;flag;coherent;coset,exact,1,1,1,1,1,0,0,18
2,2,3/4,6,2,1,1,1,1,1,1,branch;full;flag;coherent;coset,exact,1,1,1,1,1,0,0,16
2,2,3/4,6,3,1,1,1,1,1,1,branch;full;flag;coherent;coset,exact,1,1,1,1,1,0,0,16
2,2,3/4,6,4,1,15/16,15/16,15/16,15/16,15/16,full;flag;coherent;coset,exact,1,1,15/16,1,1,0,0,18
2,2,3/4,6,5,1,1,1,1,1,1,branch;full;flag;coherent;coset,exact,1,1,1,1,1,0,0,18
2,2,3/4,6,6,1,1,1,1,1,1,branch;full;flag;coherent;coset,exact,1,1,1,1,1,0,0,16
2,2,3/4,6,7,1,1,1,1,1,1,branch;full;flag;coherent;coset,exact,1,1,1,1,1,0,0,16
2,2,3/4,7,0,1,15/16,15/16,15/16,15/16,15/16,full;flag;coherent;coset,exact,1,1,15/16,1,1,0,0,18
2,2,3/4,7,1,1,1,1,1,1,1,branch;full;flag;coherent;coset,exact,1,1,1,1,1,0,0,18
2,2,3/4,7,2,1,1,1,1,1,1,branch;full;flag;coherent;coset,exact,1,1,1,1,1,0,0,16
2,2,3/4,7,3,1,1,1,1,1,1,branch;full;flag;coherent;coset,exact,1,1,1,1,1,0,0,16
2,2,3/4,7,4,1,15/16,15/16,15/16,15/16,15/16,full;flag;coherent;coset,exact,1,1,15/16,1,1,0,0,18
2,2,3/4,7,5,1,1,1,1,1,1,branch;full;flag;coherent;coset,exact,1,1,1,1,1,0,0,18
2,2,3/4,7,6,1,1,1,1,1,1,branch;full;flag;coherent;coset,exact,1,1,1,1,1,0,0,16
2,2,3/4,7,7,1,1,1,1,1,1,branch;full;flag;coherent;coset,exact,1,1,1,1,1,0,0,16
2,2,1,0,0,3/4,3/4,3/4,3/4,3/4,3/4,branch;full;flag;coherent;coset,exact,1,1,3/4,1,1,0,0,14
2,2,1,0,1,1,1,1,1,1,1,branch;full;flag;coherent;coset,exact,1,1,1,1,1,0,0,14
2,2,1,0,2,1,1,1,1,1,1,branch;full;flag;coherent;coset,exact,1,1,1,1,1,0,0,13
2,2,1,0,3,1,1,1,1,1,1,branch;full;flag;coherent;coset,exact,1,1,1,1,1,0,0,13
2,2,1,0,4,3/4,3/4,3/4,3/4,3/4,3/4,branch;full;flag;coherent;coset,exact,1,1,3/4,1,1,0,0,14
2,2,1,0,5,1,1,1,1,1,1,branch;full;flag;coherent;coset,exact,1,1,1,1,1,0,0,14
2,2,1,0,6,1,1,1,1,1,1,branch;full;flag;coherent;coset,exact,1,1,1,1,1,0,0,13
2,2,1,0,7,1,1,1,1,1,1,branch;full;flag;coherent;coset,exact,1,1,1,1,1,0,0,13
2,2,1,1,0,1,1,1,1,1,1,branch;full;flag;coherent;coset,exact,1,1,1,1,1,0,0,14
2,2,1,1,1,1,1,1,1,1,1,branch;full;flag;coherent;coset,exact,1,1,1,1,1,0,0,14
2,2,1,1,2,1,1,1,1,1,1,branch;full;flag;coherent;coset,exact,1,1,1,1,1,0,0,13
2,2,1,1,3,1,1,1,1,1,1,branch;full;flag;coherent;coset,exact,1,1,1,1,1,0,0,13
2,2,1,1,4,1,1,1,1,1,1,branch;full;flag;coherent;coset,exact,1,1,1,1,1,0,0,14
2,2,1,1,5,1,1,1,1,1,1,branch;full;flag;coherent;coset,exact,1,1,1,1,1,0,0,14
2,2,1,1,6,1,1,1,1,1,1,branch;full;flag;coherent;coset,exact,1,1,1,1,1,0,0,13
2,2,1,1,7,1,1,1,1,1,1,branch;full;flag;coherent;coset,exact,1,1,1,1,1,0,0,13
2,2,1,2,0,1,1,1,1,1,1,branch;full;flag;coherent;coset,exact,1,1,1,1,1,0,0,13
2,2,1,2,1,1,1,1,1,1,1,branch;full;flag;coherent;coset,exact,1,1,1,1,1,0,0,13
2,2,1,2,2,1,1,1,1,1,1,branch;full;flag;coherent;coset,exact,1,1,1,1,1,0,0,12
2,2,1,2,3,1,1,1,1,1,1,branch;full;flag;coherent;coset,exact,1,1,1,1,1,0,0,12
2,2,1,2,4,1,1,1,1,1,1,branch;full;flag;coherent;coset,exact,1,1,1,1,1,0,0,13
2,2,1,2,5,1,1,1,1,1,1,branch;full;flag;coherent;coset,exact,1,1,1,1,1,0,0,13
2,2,1,2,6,1,1,1,1,1,1,branch;full;flag;coherent;coset,exact,1,1,1,1,1,0,0,12
2,2,1,2,7,1,1,1,1,1,1,branch;full;flag;coherent;coset,exact,1,1,1,1,1,0,0,12
2,2,1,3,0,1,1,1,1,1,1,branch;full;flag;coherent;coset,exact,1,1,1,1,1,0,0,13
2,2,1,3,1,1,1,1,1,1,1,branch;full;flag;coherent;coset,exact,1,1,1,1,1,0,0,13
2,2,1,3,2,1,1,1,1,1,1,branch;full;flag;coherent;coset,exact,1,1,1,1,1,0,0,12
2,2,1,3,3,1,1,1,1,1,1,branch;full;flag;coherent;coset,exact,1,1,1,1,1,0,0,12
2,2,1,3,4,1,1,1,1,1,1,branch;full;flag;coherent;coset,exact,1,1,1,1,1,0,0,13
2,2,1,3,5,1,1,1,1,1,1,branch;full;flag;coherent;coset,exact,1,1,1,1,1,0,0,13
2,2,1,3,6,1,1,1,1,1,1,branch;full;flag;coherent;coset,exact,1,1,1,1,1,0,0,12
2,2,1,3,7,1,1,1,1,1,1,branch;full;flag;coherent;coset,exact,1,1,1,1,1,0,0,12
2,2,1,4,0,3/4,3/4,3/4,3/4,3/4,3/4,branch;full;flag;coherent;coset,exact,1,1,3/4,1,1,0,0,14
2,2,1,4,1,1,1,1,1,1,1,branch;full;flag;coherent;coset,exact,1,1,1,1,1,0,0,14
2,2,1,4,2,1,1,1,1,1,1,branch;full;flag;coherent;coset,exact,1,1,1,1,1,0,0,13
2,2,1,4,3,1,1,1,1,1,1,branch;full;flag;coherent;coset,exact,1,1,1,1,1,0,0,13
2,2,1,4,4,3/4,3/4,3/4,3/4,3/4,3/4,branch;full;flag;coherent;coset,exact,1,1,3/4,1,1,0,0,14
2,2,1,4,5,1,1,1,1,1,1,branch;full;flag;coherent;coset,exact,1,1,1,1,1,0,0,14
2,2,1,4,6,1,1,1,1,1,1,branch;full;flag;coherent;coset,exact,1,1,1,1,1,0,0,13
2,2,1,4,7,1,1,1,1,1,1,branch;full;flag;coherent;coset,exact,1,1,1,1,1,0,0,13
2,2,1,5,0,1,1,1,1,1,1,branch;full;flag;coherent;coset,exact,1,1,1,1,1,0,0,14
2,2,1,5,1,1,1,1,1,1,1,branch;full;flag;coherent;coset,exact,1,1,1,1,1,0,0,14
2,2,1,5,2,1,1,1,1,1,1,branch;full;flag;coherent;coset,exact,1,1,1,1,1,0,0,13
2,2,1,5,3,1,1,1,1,1,1,branch;full;flag;coherent;coset,exact,1,1,1,1,1,0,0,13
2,2,1,5,4,1,1,1,1,1,1,branch;full;flag;coherent;coset,exact,1,1,1,1,1,0,0,14
2,2,1,5,5,1,1,1,1,1,1,branch;full;flag;coherent;coset,exact,1,1,1,1,1,0,0,14
2,2,1,5,6,1,1,1,1,1,1,branch;full;flag;coherent;coset,exact,1,1,1,1,1,0,0,13
2,2,1,5,7,1,1,1,1,1,1,branch;full;flag;coherent;coset,exact,1,1,1,1,1,0,0,13
2,2,1,6,0,1,1,1,1,1,1,branch;full;flag;coherent;coset,exact,1,1,1,1,1,0,0,13
2,2,1,6,1,1,1,1,1,1,1,branch;full;flag;coherent;coset,exact,1,1,1,1,1,0,0,13
2,2,1,6,2,1,1,1,1,1,1,branch;full;flag;coherent;coset,exact,1,1,1,1,1,0,0,12
2,2,1,6,3,1,1,1,1,1,1,branch;full;flag;coherent;coset,exact,1,1,1,1,1,0,0,12
2,2,1,6,4,1,1,1,1,1,1,branch;full;flag;coherent;coset,exact,1,1,1,1,1,0,0,13
2,2,1,6,5,1,1,1,1,1,1,branch;full;flag;coherent;coset,exact,1,1,1,1,1,0,0,13
2,2,1,6,6,1,1,1,1,1,1,branch;full;flag;coherent;coset,exact,1,1,1,1,1,0,0,12
2,2,1,6,7,1,1,1,1,1,1,branch;full;flag;coherent;coset,exact,1,1,1,1,1,0,0,12
2,2,1,7,0,1,1,1,1,1,1,branch;full;flag;coherent;coset,exact,1,1,1,1,1,0,0,13
2,2,1,7,1,1,1,1,1,1,1,branch;full;flag;coherent;coset,exact,1,1,1,1,1,0,0,13
2,2,1,7,2,1,1,1,1,1,1,branch;full;flag;coherent;coset,exact,1,1,1,1,1,0,0,12
2,2,1,7,3,1,1,1,1,1,1,branch;full;flag;coherent;coset,exact,1,1,1,1,1,0,0,12
2,2,1,7,4,1,1,1,1,1,1,branch;full;flag;coherent;coset,exact,1,1,1,1,1,0,0,13
2,2,1,7,5,1,1,1,1,1,1,branch;full;flag;coherent;coset,exact,1,1,1,1,1,0,0,13
2,2,1,7,6,1,1,1,1,1,1,branch;full;flag;coherent;coset,exact,1,1,1,1,1,0,0,12
2,2,1,7,7,1,1,1,1,1,1,branch;full;flag;coherent;coset,exact,1,1,1,1,1,0,0,12
2,3,0,0,0,1,1,1,1,1,1,branch;full;flag;coherent;coset,exact,1,1,1,1,1,0,0,12
2,3,0,0,1,1,1,1,1,1,1,branch;full;flag;coherent;coset,exact,1,1,1,1,1,0,0,12
2,3,0,0,2,1,1,1,1,1,1,branch;full;flag;coherent;coset,exact,1,1,1,1,1,0,0,12
2,3,0,0,3,1,1,1,1,1,1,branch;full;flag;coherent;coset,exact,1,1,1,1,1,0,0,12
2,3,0,0,4,1,1,1,1,1,1,branch;full;flag;coherent;coset,exact,1,1,1,1,1,0,0,12
2,3,0,0,5,1,1,1,1,1,1,branch;full;flag;coherent;coset,exact,1,1,1,1,1,0,0,12
2,3,0,0,6,1,1,1,1,1,1,branch;full;flag;coherent;coset,exact,1,1,1,1,1,0,0,12
2,3,0,0,7,1,1,1,1,1,1,branch;full;flag;coherent;coset,exact,1,1,1,1,1,0,0,12
2,3,0,1,0,1,1,1,1,1,1,branch;full;flag;coherent;coset,exact,1,1,1,1,1,0,0,12
2,3,0,1,1,1,1,1,1,1,1,branch;full;flag;coherent;coset,exact,1,1,1,1,1,0,0,12
2,3,0,1,2,1,1,1,1,1,1,branch;full;flag;coherent;coset,exact,1,1,1,1,1,0,0,12
2,3,0,1,3,1,1,1,1,1,1,branch;full;flag;coherent;coset,exact,1,1,1,1,1,0,0,12
2,3,0,1,4,1,1,1,1,1,1,branch;full;flag;coherent;coset,exact,1,1,1,1,1,0,0,12
2,3,0,1,5,1,1,1,1,1,1,branch;full;flag;coherent;coset,exact,1,1,1,1,1,0,0,12
2,3,0,1,6,1,1,1,1,1,1,branch;full;flag;coherent;coset,exact,1,1,1,1,1,0,0,12
2,3,0,1,7,1,1,1,1,1,1,branch;full;flag;coherent;coset,exact,1,1,1,1,1,0,0,12
2,3,0,2,0,1,1,1,1,1,1,branch;full;flag;coherent;coset,exact,1,1,1,1,1,0,0,12
2,3,0,2,1,1,1,1,1,1,1,branch;full;flag;coherent;coset,exact,1,1,1,1,1,0,0,12
2,3,0,2,2,1,1,1,1,1,1,branch;full;flag;coherent;coset,exact,1,1,1,1,1,0,0,12
2,3,0,2,3,1,1,1,1,1,1,branch;full;flag;coherent;coset,exact,1,1,1,1,1,0,0,12
2,3,0,2,4,1,1,1,1,1,1,branch;full;flag;coherent;coset,exact,1,1,1,1,1,0,0,12
2,3,0,2,5,1,1,1,1,1,1,branch;full;flag;coherent;coset,exact,1,1,1,1,1,0,0,12
2,3,0,2,6,1,1,1,1,1,1,branch;full;flag;coherent;coset,exact,1,1,1,1,1,0,0,12
2,3,0,2,7,1,1,1,1,1,1,branch;full;flag;coherent;coset,exact,1,1,1,1,1,0,0,12
2,3,0,3,0,1,1,1,1,1,1,branch;full;flag;coherent;coset,exact,1,1,1,1,1,0,0,12
2,3,0,3,1,1,1,1,1,1,1,branch;full;flag;coherent;coset,exact,1,1,1,1,1,0,0,12
2,3,0,3,2,1,1,1,1,1,1,branch;full;flag;coherent;coset,exact,1,1,1,1,1,0,0,12
2,3,0,3,3,1,1,1,1,1,1,branch;full;flag;coherent;coset,exact,1,1,1,1,1,0,0,12
2,3,0,3,4,1,1,1,1,1,1,branch;full;flag;coherent;coset,exact,1,1,1,1,1,0,0,12
2,3,0,3,5,1,1,1,1,1,1,branch;full;flag;coherent;coset,exact,1,1,1,1,1,0,0,12
2,3,0,3,6,1,1,1,1,1,1,branch;full;flag;coherent;coset,exact,1,1,1,1,1,0,0,12
2,3,0,3,7,1,1,1,1,1,1,branch;full;flag;coherent;coset,exact,1,1,1,1,1,0,0,12
2,3,0,4,0,1,1,1,1,1,1,branch;full;flag;coherent;coset,exact,1,1,1,1,1,0,0,12
2,3,0,4,1,1,1,1,1,1,1,branch;full;flag;coherent;coset,exact,1,1,1,1,1,0,0,12
2,3,0,4,2,1,1,1,1,1,1,branch;full;flag;coherent;coset,exact,1,1,1,1,1,0,0,12
2,3,0,4,3,1,1,1,1,1,1,branch;full;flag;coherent;coset,exact,1,1,1,1,1,0,0,12
2,3,0,4,4,1,1,1,1,1,1,branch;full;flag;coherent;coset,exact,1,1,1,1,1,0,0,12
2,3,0,4,5,1,1,1,1,1,1,branch;full;flag;coherent;coset,exact,1,1,1,1,1,0,0,12
2,3,0,4,6,1,1,1,1,1,1,branch;full;flag;coherent;coset,exact,1,1,1,1,1,0,0,12
2,3,0,4,7,1,1,1,1,1,1,branch;full;flag;coherent;coset,exact,1,1,1,1,1,0,0,12
2,3,0,5,0,1,1,1,1,1,1,branch;full;flag;coherent;coset,exact,1,1,1,1,1,0,0,12
2,3,0,5,1,1,1,1,1,1,1,branch;full;flag;coherent;coset,exact,1,1,1,1,1,0,0,12
2,3,0,5,2,1,1,1,1,1,1,branch;full;flag;coherent;coset,exact,1,1,1,1,1,0,0,12
2,3,0,5,3,1,1,1,1,1,1,branch;full;flag;coherent;coset,exact,1,1,1,1,1,0,0,12
2,3,0,5,4,1,1,1,1,1,1,branch;full;flag;coherent;coset,exact,1,1,1,1,1,0,0,12
2,3,0,5,5,1,1,1,1,1,1,branch;full;flag;coherent;coset,exact,1,1,1,1,1,0,0,12
2,3,0,5,6,1,1,1,1,1,1,branch;full;flag;coherent;coset,exact,1,1,1,1,1,0,0,12
2,3,0,5,7,1,1,1,1,1,1,branch;full;flag;coherent;coset,exact,1,1,1,1,1,0,0,12
2,3,0,6,0,1,1,1,1,1,1,branch;full;flag;coherent;coset,exact,1,1,1,1,1,0,0,12
2,3,0,6,1,1,1,1,1,1,1,branch;full;flag;coherent;coset,exact,1,1,1,1,1,0,0,12
2,3,0,6,2,1,1,1,1,1,1,branch;full;flag;coherent;coset,exact,1,1,1,1,1,0,0,12
2,3,0,6,3,1,1,1,1,1,1,branch;full;flag;coherent;coset,exact,1,1,1,1,1,0,0,12
2,3,0,6,4,1,1,1,1,1,1,branch;full;flag;coherent;coset,exact,1,1,1,1,1,0,0,12
2,3,0,6,5,1,1,1,1,1,1,branch;full;flag;coherent;coset,exact,1,1,1,1,1,0,0,12
2,3,0,6,6,1,1,1,1,1,1,branch;full;flag;coherent;coset,exact,1,1,1,1,1,0,0,12
2,3,0,6,7,1,1,1,1,1,1,branch;full;flag;coherent;coset,exact,1,1,1,1,1,0,0,12
2,3,0,7,0,1,1,1,1,1,1,branch;full;flag;coherent;coset,exact,1,1,1,1,1,0,0,12
2,3,0,7,1,1,1,1,1,1,1,branch;full;flag;coherent;coset,exact,1,1,1,1,1,0,0,12
2,3,0,7,2,1,1,1,1,1,1,branch;full;flag;coherent;coset,exact,1,1,1,1,1,0,0,12
2,3,0,7,3,1,1,1,1,1,1,branch;full;flag;coherent;coset,exact,1,1,1,1,1,0,0,12
2,3,0,7,4,1,1,1,1,1,1,branch;full;flag;coherent;coset,exact,1,1,1,1,1,0,0,12
2,3,0,7,5,1,1,1,1,1,1,branch;full;flag;coherent;coset,exact,1,1,1,1,1,0,0,12
2,3,0,7,6,1,1,1,1,1,1,branch;full;flag;coherent;coset,exact,1,1,1,1,1,0,0,12
2,3,0,7,7,1,1,1,1,1,1,branch;full;flag;coherent;coset,exact,1,1,1,1,1,0,0,12
2,3,1/4,0,0,1,1,7/8,7/8,7/8,7/8,flag;coherent;coset,exact,1,1,7/8,1,1,1,0,19
2,3,1/4,0,1,1,1,15/16,15/16,15/16,15/16,flag;coherent;coset,exact,1,1,15/16,1,1,1,0,20
2,3,1/4,0,2,1,1,15/16,15/16,15/16,15/16,flag;coherent;coset,exact,1,1,15/16,1,1,1,0,18
2,3,1/4,0,3,1,1,15/16,15/16,15/16,15/16,flag;coherent;coset,exact,1,1,15/16,1,1,1,0,18
2,3,1/4,0,4,1,1,7/8,7/8,7/8,7/8,flag;coherent;coset,exact,1,1,7/8,1,1,1,0,19
2,3,1/4,0,5,1,1,15/16,15/16,15/16,15/16,flag;coherent;coset,exact,1,1,15/16,1,1,1,0,20
2,3,1/4,0,6,1,1,15/16,15/16,15/16,15/16,flag;coherent;coset,exact,1,1,15/16,1,1,1,0,18
2,3,1/4,0,7,1,1,15/16,15/16,15/16,15/16,flag;coherent;coset,exact,1,1,15/16,1,1,1,0,18
2,3,1/4,1,0,1,1,15/16,15/16,15/16,15/16,flag;coherent;coset,exact,1,1,15/16,1,1,1,0,20
2,3,1/4,1,1,1,1,1,1,1,1,branch;full;flag;coherent;coset,exact,1,1,1,1,1,0,0,20
2,3,1/4,1,2,1,1,1,1,1,1,branch;full;flag;coherent;coset,exact,1,1,1,1,1,0,0,18
2,3,1/4,1,3,1,1,1,1,1,1,branch;full;flag;coherent;coset,exact,1,1,1,1,1,0,0,18
2,3,1/4,1,4,1,1,15/16,15/16,15/16,15/16,flag;coherent;coset,exact,1,1,15/16,1,1,1,0,20
2,3,1/4,1,5,1,1,1,1,1,1,branch;full;flag;coherent;coset,exact,1,1,1,1,1,0,0,20
2,3,1/4,1,6,1,1,1,1,1,1,branch;full;flag;coherent;coset,exact,1,1,1,1,1,0,0,18
2,3,1/4,1,7,1,1,1,1,1,1,branch;full;flag;coherent;coset,exact,1,1,1,1,1,0,0,18
2,3,1/4,2,0,1,1,15/16,15/16,15/16,15/16,flag;coherent;coset,exact,1,1,15/16,1,1,1,0,18
2,3,1/4,2,1,1,1,1,1,1,1,branch;full;flag;coherent;coset,exact,1,1,1,1,1,0,0,18
2,3,1/4,2,2,1,1,1,1,1,1,branch;full;flag;coherent;coset,exact,1,1,1,1,1,0,0,16
2,3,1/4,2,3,1,1,1,1,1,1,branch;full;flag;coherent;coset,exact,1,1,1,1,1,0,0,16
2,3,1/4,2,4,1,1,15/16,15/16,15/16,15/16,flag;coherent;coset,exact,1,1,15/16,1,1,1,0,18
2,3,1/4,2,5,1,1,1,1,1,1,branch;full;flag;coherent;coset,exact,1,1,1,1,1,0,0,18
2,3,1/4,2,6,1,1,1,1,1,1,branch;full;flag;coherent;coset,exact,1,1,1,1,1,0,0,16
2,3,1/4,2,7,1,1,1,1,1,1,branch;full;flag;coherent;coset,exact,1,1,1,1,1,0,0,16
2,3,1/4,3,0,1,1,15/16,15/16,15/16,15/16,flag;coherent;coset,exact,1,1,15/16,1,1,1,0,18
2,3,1/4,3,1,1,1,1,1,1,1,branch;full;flag;coherent;coset,exact,1,1,1,1,1,0,0,18
2,3,1/4,3,2,1,1,1,1,1,1,branch;full;flag;coherent;coset,exact,1,1,1,1,1,0,0,16
2,3,1/4,3,3,1,1,1,1,1,1,branch;full;flag;coherent;coset,exact,1,1,1,1,1,0,0,16
2,3,1/4,3,4,1,1,15/16,15/16,15/16,15/16,flag;coherent;coset,exact,1,1,15/16,1,1,1,0,18
2,3,1/4,3,5,1,1,1,1,1,1,branch;full;flag;coherent;coset,exact,1,1,1,1,1,0,0,18
2,3,1/4,3,6,1,1,1,1,1,1,branch;full;flag;coherent;coset,exact,1,1,1,1,1,0,0,16
2,3,1/4,3,7,1,1,1,1,1,1,branch;full;flag;coherent;coset,exact,1,1,1,1,1,0,0,16
2,3,1/4,4,0,1,1,7/8,7/8,7/8,7/8,flag;coherent;coset,exact,1,1,7/8,1,1,1,0,19
2,3,1/4,4,1,1,1,15/16,15/16,15/16,15/16,flag;coherent;coset,exact,1,1,15/16,1,1,1,0,20
2,3,1/4,4,2,1,1,15/16,15/16,15/16,15/16,flag;coherent;coset,exact,1,1,15/16,1,1,1,0,18
2,3,1/4,4,3,1,1,15/16,15/16,15/16,15/16,flag;coherent;coset,exact,1,1,15/16,1,1,1,0,18
2,3,1/4,4,4,1,1,7/8,7/8,7/8,7/8,flag;coherent;coset,exact,1,1,7/8,1,1,1,0,19
2,3,1/4,4,5,1,1,15/16,15/16,15/16,15/16,flag;coherent;coset,exact,1,1,15/16,1,1,1,0,20
2,3,1/4,4,6,1,1,15/16,15/16,15/16,15/16,flag;coherent;coset,exact,1,1,15/16,1,1,1,0,18
2,3,1/4,4,7,1,1,15/16,15/16,15/16,15/16,flag;coherent;coset,exact,1,1,15/16,1,1,1,0,18
2,3,1/4,5,0,1,1,15/16,15/16,15/16,15/16,flag;coherent;coset,exact,1,1,15/16,1,1,1,0,20
2,3,1/4,5,1,1,1,1,1,1,1,branch;full;flag;coherent;coset,exact,1,1,1,1,1,0,0,20
2,3,1/4,5,2,1,1,1,1,1,1,branch;full;flag;coherent;coset,exact,1,1,1,1,1,0,0,18
2,3,1/4,5,3,1,1,1,1,1,1,branch;full;flag;coherent;coset,exact,1,1,1,1,1,0,0,18
2,3,1/4,5,4,1,1,15/16,15/16,15/16,15/16,flag;coherent;coset,exact,1,1,15/16,1,1,1,0,20
2,3,1/4,5,5,1,1,1,1,1,1,branch;full;flag;coherent;coset,exact,1,1,1,1,1,0,0,20
2,3,1/4,5,6,1,1,1,1,1,1,branch;full;flag;coherent;coset,exact,1,1,1,1,1,0,0,18
2,3,1/4,5,7,1,1,1,1,1,1,branch;full;flag;coherent;coset,exact,1,1,1,1,1,0,0,18
2,3,1/4,6,0,1,1,15/16,15/16,15/16,15/16,flag;coherent;coset,exact,1,1,15/16,1,1,1,0,18
2,3,1/4,6,1,1,1,1,1,1,1,branch;full;flag;coherent;coset,exact,1,1,1,1,1,0,0,18
2,3,1/4,6,2,1,1,1,1,1,1,branch;full;flag;coherent;coset,exact,1,1,1,1,1,0,0,16
2,3,1/4,6,3,1,1,1,1,1,1,branch;full;flag;coherent;coset,exact,1,1,1,1,1,0,0,16
2,3,1/4,6,4,1,1,15/16,15/16,15/16,15/16,flag;coherent;coset,exact,1,1,15/16,1,1,1,0,18
2,3,1/4,6,5,1,1,1,1,1,1,branch;full;flag;coherent;coset,exact,1,1,1,1,1,0,0,18
2,3,1/4,6,6,1,1,1,1,1,1,branch;full;flag;coherent;coset,exact,1,1,1,1,1,0,0,16
2,3,1/4,6,7,1,1,1,1,1,1,branch;full;flag;coherent;coset,exact,1,1,1,1,1,0,0,16
2,3,1/4,7,0,1,1,15/16,15/16,15/16,15/16,flag;coherent;coset,exact,1,1,15/16,1,1,1,0,18
2,3,1/4,7,1,1,1,1,1,1,1,branch;full;flag;coherent;coset,exact,1,1,1,1,1,0,0,18
2,3,1/4,7,2,1,1,1,1,1,1,branch;full;flag;coherent;coset,exact,1,1,1,1,1,0,0,16
2,3,1/4,7,3,1,1,1,1,1,1,branch;full;flag;coherent;coset,exact,1,1,1,1,1,0,0,16
2,3,1/4,7,4,1,1,15/16,15/16,15/16,15/16,flag;coherent;coset,exact,1,1,15/16,1,1,1,0,18
2,3,1/4,7,5,1,1,1,1,1,1,branch;full;flag;coherent;coset,exact,1,1,1,1,1,0,0,18
2,3,1/4,7,6,1,1,1,1,1,1,branch;full;flag;coherent;coset,exact,1,1,1,1,1,0,0,16
2,3,1/4,7,7,1,1,1,1,1,1,branch;full;flag;coherent;coset,exact,1,1,1,1,1,0,0,16
2,3,1/2,0,0,1,1,3/4,3/4,3/4,3/4,flag;coherent;coset,exact,1,1,3/4,1,1,1,0,13
2,3,1/2,0,1,1,1,7/8,7/8,7/8,7/8,flag;coherent;coset,exact,1,1,7/8,1,1,1,0,14
2,3,1/2,0,2,1,1,7/8,7/8,7/8,7/8,flag;coherent;coset,exact,1,1,7/8,1,1,1,0,14
2,3,1/2,0,3,1,1,7/8,7/8,7/8,7/8,flag;coherent;coset,exact,1,1,7/8,1,1,1,0,14
2,3,1/2,0,4,1,1,3/4,3/4,3/4,3/4,flag;coherent;coset,exact,1,1,3/4,1,1,1,0,13
2,3,1/2,0,5,1,1,7/8,7/8,7/8,7/8,flag;coherent;coset,exact,1,1,7/8,1,1,1,0,14
2,3,1/2,0,6,1,1,7/8,7/8,7/8,7/8,flag;coherent;coset,exact,1,1,7/8,1,1,1,0,14
2,3,1/2,0,7,1,1,7/8,7/8,7/8,7/8,flag;coherent;coset,exact,1,1,7/8,1,1,1,0,14
2,3,1/2,1,0,1,1,7/8,7/8,7/8,7/8,flag;coherent;coset,exact,1,1,7/8,1,1,1,0,14
2,3,1/2,1,1,1,1,1,1,1,1,branch;full;flag;coherent;coset,exact,1,1,1,1,1,0,0,14
2,3,1/2,1,2,1,1,1,1,1,1,branch;full;flag;coherent;coset,exact,1,1,1,1,1,0,0,14
2,3,1/2,1,3,1,1,1,1,1,1,branch;full;flag;coherent;coset,exact,1,1,1,1,1,0,0,14
2,3,1/2,1,4,1,1,7/8,7/8,7/8,7/8,flag;coherent;coset,exact,1,1,7/8,1,1,1,0,14
2,3,1/2,1,5,1,1,1,1,1,1,branch;full;flag;coherent;coset,exact,1,1,1,1,1,0,0,14
2,3,1/2,1,6,1,1,1,1,1,1,branch;full;flag;coherent;coset,exact,1,1,1,1,1,0,0,14
2,3,1/2,1,7,1,1,1,1,1,1,branch;full;flag;coherent;coset,exact,1,1,1,1,1,0,0,14
2,3,1/2,2,0,1,1,7/8,7/8,7/8,7/8,flag;coherent;coset,exact,1,1,7/8,1,1,1,0,14
2,3,1/2,2,1,1,1,1,1,1,1,branch;full;flag;coherent;coset,exact,1,1,1,1,1,0,0,14
2,3,1/2,2,2,1,1,1,1,1,1,branch;full;flag;coherent;coset,exact,1,1,1,1,1,0,0,12
2,3,1/2,2,3,1,1,1,1,1,1,branch;full;flag;coherent;coset,exact,1,1,1,1,1,0,0,12
2,3,1/2,2,4,1,1,7/8,7/8,7/8,7/8,flag;coherent;coset,exact,1,1,7/8,1,1,1,0,14
2,3,1/2,2,5,1,1,1,1,1,1,branch;full;flag;coherent;coset,exact,1,1,1,1,1,0,0,14
2,3,1/2,2,6,1,1,1,1,1,1,branch;full;flag;coherent;coset,exact,1,1,1,1,1,0,0,12
2,3,1/2,2,7,1,1,1,1,1,1,branch;full;flag;coherent;coset,exact,1,1,1,1,1,0,0,12
2,3,1/2,3,0,1,1,7/8,7/8,7/8,7/8,flag;coherent;coset,exact,1,1,7/8,1,1,1,0,14
2,3,1/2,3,1,1,1,1,1,1,1,branch;full;flag;coherent;coset,exact,1,1,1,1,1,0,0,14
2,3,1/2,3,2,1,1,1,1,1,1,branch;full;flag;coherent;coset,exact,1,1,1,1,1,0,0,12
2,3,1/2,3,3,1,1,1,1,1,1,branch;full;flag;coherent;coset,exact,1,1,1,1,1,0,0,12
2,3,1/2,3,4,1,1,7/8,7/8,7/8,7/8,flag;coherent;coset,exact,1,1,7/8,1,1,1,0,14
2,3,1/2,3,5,1,1,1,1,1,1,branch;full;flag;coherent;coset,exact,1,1,1,1,1,0,0,14
2,3,1/2,3,6,1,1,1,1,1,1,branch;full;flag;coherent;coset,exact,1,1,1,1,1,0,0,12
2,3,1/2,3,7,1,1,1,1,1,1,branch;full;flag;coherent;coset,exact,1,1,1,1,1,0,0,12
2,3,1/2,4,0,1,1,3/4,3/4,3/4,3/4,flag;coherent;coset,exact,1,1,3/4,1,1,1,0,13
2,3,1/2,4,1,1,1,7/8,7/8,7/8,7/8,flag;coherent;coset,exact,1,1,7/8,1,1,1,0,14
2,3,1/2,4,2,1,1,7/8,7/8,7/8,7/8,flag;coherent;coset,exact,1,1,7/8,1,1,1,0,14
2,3,1/2,4,3,1,1,7/8,7/8,7/8,7/8,flag;coherent;coset,exact,1,1,7/8,1,1,1,0,14
2,3,1/2,4,4,1,1,3/4,3/4,3/4,3/4,flag;coherent;coset,exact,1,1,3/4,1,1,1,0,13
2,3,1/2,4,5,1,1,7/8,7/8,7/8,7/8,flag;coherent;coset,exact,1,1,7/8,1,1,1,0,14
2,3,1/2,4,6,1,1,7/8,7/8,7/8,7/8,flag;coherent;coset,exact,1,1,7/8,1,1,1,0,14
2,3,1/2,4,7,1,1,7/8,7/8,7/8,7/8,flag;coherent;coset,exact,1,1,7/8,1,1,1,0,14
2,3,1/2,5,0,1,1,7/8,7/8,7/8,7/8,flag;coherent;coset,exact,1,1,7/8,1,1,1,0,14
2,3,1/2,5,1,1,1,1,1,1,1,branch;full;flag;coherent;coset,exact,1,1,1,1,1,0,0,14
2,3,1/2,5,2,1,1,1,1,1,1,branch;full;flag;coherent;coset,exact,1,1,1,1,1,0,0,14
2,3,1/2,5,3,1,1,1,1,1,1,branch;full;flag;coherent;coset,exact,1,1,1,1,1,0,0,14
2,3,1/2,5,4,1,1,7/8,7/8,7/8,7/8,flag;coherent;coset,exact,1,1,7/8,1,1,1,0,14
2,3,1/2,5,5,1,1,1,1,1,1,branch;full;flag;coherent;coset,exact,1,1,1,1,1,0,0,14
2,3,1/2,5,6,1,1,1,1,1,1,branch;full;flag;coherent;coset,exact,1,1,1,1,1,0,0,14
2,3,1/2,5,7,1,1,1,1,1,1,branch;full;flag;coherent;coset,exact,1,1,1,1,1,0,0,14
2,3,1/2,6,0,1,1,7/8,7/8,7/8,7/8,flag;coherent;coset,exact,1,1,7/8,1,1,1,0,14
2,3,1/2,6,1,1,1,1,1,1,1,branch;full;flag;coherent;coset,exact,1,1,1,1,1,0,0,14
2,3,1/2,6,2,1,1,1,1,1,1,branch;full;flag;coherent;coset,exact,1,1,1,1,1,0,0,12
2,3,1/2,6,3,1,1,1,1,1,1,branch;full;flag;coherent;coset,exact,1,1,1,1,1,0,0,12
2,3,1/2,6,4,1,1,7/8,7/8,7/8,7/8,flag;coherent;coset,exact,1,1,7/8,1,1,1,0,14
2,3,1/2,6,5,1,1,1,1,1,1,branch;full;flag;coherent;coset,exact,1,1,1,1,1,0,0,14
2,3,1/2,6,6,1,1,1,1,1,1,branch;full;flag;coherent;coset,exact,1,1,1,1,1,0,0,12
2,3,1/2,6,7,1,1,1,1,1,1,branch;full;flag;coherent;coset,exact,1,1,1,1,1,0,0,12
2,3,1/2,7,0,1,1,7/8,7/8,7/8,7/8,flag;coherent;coset,exact,1,1,7/8,1,1,1,0,14
2,3,1/2,7,1,1,1,1,1,1,1,branch;full;flag;coherent;coset,exact,1,1,1,1,1,0,0,14
2,3,1/2,7,2,1,1,1,1,1,1,branch;full;flag;coherent;coset,exact,1,1,1,1,1,0,0,12
2,3,1/2,7,3,1,1,1,1,1,1,branch;full;flag;coherent;coset,exact,1,1,1,1,1,0,0,12
2,3,1/2,7,4,1,1,7/8,7/8,7/8,7/8,flag;coherent;coset,exact,1,1,7/8,1,1,1,0,14
2,3,1/2,7,5,1,1,1,1,1,1,branch;full;flag;coherent;coset,exact,1,1,1,1,1,0,0,14
2,3,1/2,7,6,1,1,1,1,1,1,branch;full;flag;coherent;coset,exact,1,1,1,1,1,0,0,12
2,3,1/2,7,7,1,1,1,1,1,1,branch;full;flag;coherent;coset,exact,1,1,1,1,1,0,0,12
2,3,3/4,0,0,1,1,7/8,7/8,7/8,7/8,flag;coherent;coset,exact,1,1,7/8,1,1,1,0,19
2,3,3/4,0,1,1,1,15/16,15/16,15/16,15/16,flag;coherent;coset,exact,1,1,15/16,1,1,1,0,20
2,3,3/4,0,2,1,1,15/16,15/16,15/16,15/16,flag;coherent;coset,exact,1,1,15/16,1,1,1,0,18
2,3,3/4,0,3,1,1,15/16,15/16,15/16,15/16,flag;coherent;coset,exact,1,1,15/16,1,1,1,0,18
2,3,3/4,0,4,1,1,7/8,7/8,7/8,7/8,flag;coherent;coset,exact,1,1,7/8,1,1,1,0,19
2,3,3/4,0,5,1,1,15/16,15/16,15/16,15/16,flag;coherent;coset,exact,1,1,15/16,1,1,1,0,20
2,3,3/4,0,6,1,1,15/16,15/16,15/16,15/16,flag;coherent;coset,exact,1,1,15/16,1,1,1,0,18
2,3,3/4,0,7,1,1,15/16,15/16,15/16,15/16,flag;coherent;coset,exact,1,1,15/16,1,1,1,0,18
2,3,3/4,1,0,1,1,15/16,15/16,15/16,15/16,flag;coherent;coset,exact,1,1,15/16,1,1,1,0,20
2,3,3/4,1,1,1,1,1,1,1,1,branch;full;flag;coherent;coset,exact,1,1,1,1,1,0,0,20
2,3,3/4,1,2,1,1,1,1,1,1,branch;full;flag;coherent;coset,exact,1,1,1,1,1,0,0,18
2,3,3/4,1,3,1,1,1,1,1,1,branch;full;flag;coherent;coset,exact,1,1,1,1,1,0,0,18
2,3,3/4,1,4,1,1,15/16,15/16,15/16,15/16,flag;coherent;coset,exact,1,1,15/16,1,1,1,0,20
2,3,3/4,1,5,1,1,1,1,1,1,branch;full;flag;coherent;coset,exact,1,1,1,1,1,0,0,20
2,3,3/4,1,6,1,1,1,1,1,1,branch;full;flag;coherent;coset,exact,1,1,1,1,1,0,0,18
2,3,3/4,1,7,1,1,1,1,1,1,branch;full;flag;coherent;coset,exact,1,1,1,1,1,0,0,18
2,3,3/4,2,0,1,1,15/16,15/16,15/16,15/16,flag;coherent;coset,exact,1,1,15/16,1,1,1,0,18
2,3,3/4,2,1,1,1,1,1,1,1,branch;full;flag;coherent;coset,exact,1,1,1,1,1,0,0,18
2,3,3/4,2,2,1,1,1,1,1,1,branch;full;flag;coherent;coset,exact,1,1,1,1,1,0,0,16
2,3,3/4,2,3,1,1,1,1,1,1,branch;full;flag;coherent;coset,exact,1,1,1,1,1,0,0,16
2,3,3/4,2,4,1,1,15/16,15/16,15/16,15/16,flag;coherent;coset,exact,1,1,15/16,1,1,1,0,18
2,3,3/4,2,5,1,1,1,1,1,1,branch;full;flag;coherent;coset,exact,1,1,1,1,1,0,0,18
2,3,3/4,2,6,1,1,1,1,1,1,branch;full;flag;coherent;coset,exact,1,1,1,1,1,0,0,16
2,3,3/4,2,7,1,1,1,1,1,1,branch;full;flag;coherent;coset,exact,1,1,1,1,1,0,0,16
2,3,3/4,3,0,1,1,15/16,15/16,15/16,15/16,flag;coherent;coset,exact,1,1,15/16,1,1,1,0,18
2,3,3/4,3,1,1,1,1,1,1,1,branch;full;flag;coherent;coset,exact,1,1,1,1,1,0,0,18
2,3,3/4,3,2,1,1,1,1,1,1,branch;full;flag;coherent;coset,exact,1,1,1,1,1,0,0,16
2,3,3/4,3,3,1,1,1,1,1,1,branch;full;flag;coherent;coset,exact,1,1,1,1,1,0,0,16
2,3,3/4,3,4,1,1,15/16,15/16,15/16,15/16,flag;coherent;coset,exact,1,1,15/16,1,1,1,0,18
2,3,3/4,3,5,1,1,1,1,1,1,branch;full;flag;coherent;coset,exact,1,1,1,1,1,0,0,18
2,3,3/4,3,6,1,1,1,1,1,1,branch;full;flag;coherent;coset,exact,1,1,1,1,1,0,0,16
2,3,3/4,3,7,1,1,1,1,1,1,branch;full;flag;coherent;coset,exact,1,1,1,1,1,0,0,16
2,3,3/4,4,0,1,1,7/8,7/8,7/8,7/8,flag;coherent;coset,exact,1,1,7/8,1,1,1,0,19
2,3,3/4,4,1,1,1,15/16,15/16,15/16,15/16,flag;coherent;coset,exact,1,1,15/16,1,1,1,0,20
2,3,3/4,4,2,1,1,15/16,15/16,15/16,15/16,flag;coherent;coset,exact,1,1,15/16,1,1,1,0,18
2,3,3/4,4,3,1,1,15/16,15/16,15/16,15/16,flag;coherent;coset,exact,1,1,15/16,1,1,1,0,18
2,3,3/4,4,4,1,1,7/8,7/8,7/8,7/8,flag;coherent;coset,exact,1,1,7/8,1,1,1,0,19
2,3,3/4,4,5,1,1,15/16,15/16,15/16,15/16,flag;coherent;coset,exact,1,1,15/16,1,1,1,0,20
2,3,3/4,4,6,1,1,15/16,15/16,15/16,15/16,flag;coherent;coset,exact,1,1,15/16,1,1,1,0,18
2,3,3/4,4,7,1,1,15/16,15/16,15/16,15/16,flag;coherent;coset,exact,1,1,15/16,1,1,1,0,18
2,3,3/4,5,0,1,1,15/16,15/16,15/16,15/16,flag;coherent;coset,exact,1,1,15/16,1,1,1,0,20
2,3,3/4,5,1,1,1,1,1,1,1,branch;full;flag;coherent;coset,exact,1,1,1,1,1,0,0,20
2,3,3/4,5,2,1,1,1,1,1,1,branch;full;flag;coherent;coset,exact,1,1,1,1,1,0,0,18
2,3,3/4,5,3,1,1,1,1,1,1,branch;full;flag;coherent;coset,exact,1,1,1,1,1,0,0,18
2,3,3/4,5,4,1,1,15/16,15/16,15/16,15/16,flag;coherent;coset,exact,1,1,15/16,1,1,1,0,20
2,3,3/4,5,5,1,1,1,1,1,1,branch;full;flag;coherent;coset,exact,1,1,1,1,1,0,0,20
2,3,3/4,5,6,1,1,1,1,1,1,branch;full;flag;coherent;coset,exact,1,1,1,1,1,0,0,18
2,3,3/4,5,7,1,1,1,1,1,1,branch;full;flag;coherent;coset,exact,1,1,1,1,1,0,0,18
2,3,3/4,6,0,1,1,15/16,15/16,15/16,15/16,flag;coherent;coset,exact,1,1,15/16,1,1,1,0,18
2,3,3/4,6,1,1,1,1,1,1,1,branch;full;flag;coherent;coset,exact,1,1,1,1,1,0,0,18
2,3,3/4,6,2,1,1,1,1,1,1,branch;full;flag;coherent;coset,exact,1,1,1,1,1,0,0,16
2,3,3/4,6,3,1,1,1,1,1,1,branch;full;flag;coherent;coset,exact,1,1,1,1,1,0,0,16
2,3,3/4,6,4,1,1,15/16,15/16,15/16,15/16,flag;coherent;coset,exact,1,1,15/16,1,1,1,0,18
2,3,3/4,6,5,1,1,1,1,1,1,branch;full;flag;coherent;coset,exact,1,1,1,1,1,0,0,18
2,3,3/4,6,6,1,1,1,1,1,1,branch;full;flag;coherent;coset,exact,1,1,1,1,1,0,0,16
2,3,3/4,6,7,1,1,1,1,1,1,branch;full;flag;coherent;coset,exact,1,1,1,1,1,0,0,16
2,3,3/4,7,0,1,1,15/16,15/16,15/16,15/16,flag;coherent;coset,exact,1,1,15/16,1,1,1,0,18
2,3,3/4,7,1,1,1,1,1,1,1,branch;full;flag;coherent;coset,exact,1,1,1,1,1,0,0,18
2,3,3/4,7,2,1,1,1,1,1,1,branch;full;flag;coherent;coset,exact,1,1,1,1,1,0,0,16
2,3,3/4,7,3,1,1,1,1,1,1,branch;full;flag;coherent;coset,exact,1,1,1,1,1,0,0,16
2,3,3/4,7,4,1,1,15/16,15/16,15/16,15/16,flag;coherent;coset,exact,1,1,15/16,1,1,1,0,18
2,3,3/4,7,5,1,1,1,1,1,1,branch;full;flag;coherent;coset,exact,1,1,1,1,1,0,0,18
2,3,3/4,7,6,1,1,1,1,1,1,branch;full;flag;coherent;coset,exact,1,1,1,1,1,0,0,16
2,3,3/4,7,7,1,1,1,1,1,1,branch;full;flag;coherent;coset,exact,1,1,1,1,1,0,0,16
2,3,1,0,0,1,1,1,1,1,1,branch;full;flag;coherent;coset,exact,1,1,1,1,1,0,0,12
2,3,1,0,1,1,1,1,1,1,1,branch;full;flag;coherent;coset,exact,1,1,1,1,1,0,0,12
2,3,1,0,2,1,1,1,1,1,1,branch;full;flag;coherent;coset,exact,1,1,1,1,1,0,0,12
2,3,1,0,3,1,1,1,1,1,1,branch;full;flag;coherent;coset,exact,1,1,1,1,1,0,0,12
2,3,1,0,4,1,1,1,1,1,1,branch;full;flag;coherent;coset,exact,1,1,1,1,1,0,0,12
2,3,1,0,5,1,1,1,1,1,1,branch;full;flag;coherent;coset,exact,1,1,1,1,1,0,0,12
2,3,1,0,6,1,1,1,1,1,1,branch;full;flag;coherent;coset,exact,1,1,1,1,1,0,0,12
2,3,1,0,7,1,1,1,1,1,1,branch;full;flag;coherent;coset,exact,1,1,1,1,1,0,0,12
2,3,1,1,0,1,1,1,1,1,1,branch;full;flag;coherent;coset,exact,1,1,1,1,1,0,0,12
2,3,1,1,1,1,1,1,1,1,1,branch;full;flag;coherent;coset,exact,1,1,1,1,1,0,0,12
2,3,1,1,2,1,1,1,1,1,1,branch;full;flag;coherent;coset,exact,1,1,1,1,1,0,0,12
2,3,1,1,3,1,1,1,1,1,1,branch;full;flag;coherent;coset,exact,1,1,1,1,1,0,0,12
2,3,1,1,4,1,1,1,1,1,1,branch;full;flag;coherent;coset,exact,1,1,1,1,1,0,0,12
2,3,1,1,5,1,1,1,1,1,1,branch;full;flag;coherent;coset,exact,1,1,1,1,1,0,0,12
2,3,1,1,6,1,1,1,1,1,1,branch;full;flag;coherent;coset,exact,1,1,1,1,1,0,0,12
2,3,1,1,7,1,1,1,1,1,1,branch;full;flag;coherent;coset,exact,1,1,1,1,1,0,0,12
2,3,1,2,0,1,1,1,1,1,1,branch;full;flag;coherent;coset,exact,1,1,1,1,1,0,0,12
2,3,1,2,1,1,1,1,1,1,1,branch;full;flag;coherent;coset,exact,1,1,1,1,1,0,0,12
2,3,1,2,2,1,1,1,1,1,1,branch;full;flag;coherent;coset,exact,1,1,1,1,1,0,0,12
2,3,1,2,3,1,1,1,1,1,1,branch;full;flag;coherent;coset,exact,1,1,1,1,1,0,0,12
2,3,1,2,4,1,1,1,1,1,1,branch;full;flag;coherent;coset,exact,1,1,1,1,1,0,0,12
2,3,1,2,5,1,1,1,1,1,1,branch;full;flag;coherent;coset,exact,1,1,1,1,1,0,0,12
2,3,1,2,6,1,1,1,1,1,1,branch;full;flag;coherent;coset,exact,1,1,1,1,1,0,0,12
2,3,1,2,7,1,1,1,1,1,1,branch;full;flag;coherent;coset,exact,1,1,1,1,1,0,0,12
2,3,1,3,0,1,1,1,1,1,1,branch;full;flag;coherent;coset,exact,1,1,1,1,1,0,0,12
2,3,1,3,1,1,1,1,1,1,1,branch;full;flag;coherent;coset,exact,1,1,1,1,1,0,0,12
2,3,1,3,2,1,1,1,1,1,1,branch;full;flag;coherent;coset,exact,1,1,1,1,1,0,0,12
2,3,1,3,3,1,1,1,1,1,1,branch;full;flag;coherent;coset,exact,1,1,1,1,1,0,0,12
2,3,1,3,4,1,1,1,1,1,1,branch;full;flag;coherent;coset,exact,1,1,1,1,1,0,0,12
2,3,1,3,5,1,1,1,1,1,1,branch;full;flag;coherent;coset,exact,1,1,1,1,1,0,0,12
2,3,1,3,6,1,1,1,1,1,1,branch;full;flag;coherent;coset,exact,1,1,1,1,1,0,0,12
2,3,1,3,7,1,1,1,1,1,1,branch;full;flag;coherent;coset,exact,1,1,1,1,1,0,0,12
2,3,1,4,0,1,1,1,1,1,1,branch;full;flag;coherent;coset,exact,1,1,1,1,1,0,0,12
2,3,1,4,1,1,1,1,1,1,1,branch;full;flag;coherent;coset,exact,1,1,1,1,1,0,0,12
2,3,1,4,2,1,1,1,1,1,1,branch;full;flag;coherent;coset,exact,1,1,1,1,1,0,0,12
2,3,1,4,3,1,1,1,1,1,1,branch;full;flag;coherent;coset,exact,1,1,1,1,1,0,0,12
2,3,1,4,4,1,1,1,1,1,1,branch;full;flag;coherent;coset,exact,1,1,1,1,1,0,0,12
2,3,1,4,5,1,1,1,1,1,1,branch;full;flag;coherent;coset,exact,1,1,1,1,1,0,0,12
2,3,1,4,6,1,1,1,1,1,1,branch;full;flag;coherent;coset,exact,1,1,1,1,1,0,0,12
2,3,1,4,7,1,1,1,1,1,1,branch;full;flag;coherent;coset,exact,1,1,1,1,1,0,0,12
2,3,1,5,0,1,1,1,1,1,1,branch;full;flag;coherent;coset,exact,1,1,1,1,1,0,0,12
2,3,1,5,1,1,1,1,1,1,1,branch;full;flag;coherent;coset,exact,1,1,1,1,1,0,0,12
2,3,1,5,2,1,1,1,1,1,1,branch;full;flag;coherent;coset,exact,1,1,1,1,1,0,0,12
2,3,1,5,3,1,1,1,1,1,1,branch;full;flag;coherent;coset,exact,1,1,1,1,1,0,0,12
2,3,1,5,4,1,1,1,1,1,1,branch;full;flag;coherent;coset,exact,1,1,1,1,1,0,0,12
2,3,1,5,5,1,1,1,1,1,1,branch;full;flag;coherent;coset,exact,1,1,1,1,1,0,0,12
2,3,1,5,6,1,1,1,1,1,1,branch;full;flag;coherent;coset,exact,1,1,1,1,1,0,0,12
2,3,1,5,7,1,1,1,1,1,1,branch;full;flag;coherent;coset,exact,1,1,1,1,1,0,0,12
2,3,1,6,0,1,1,1,1,1,1,branch;full;flag;coherent;coset,exact,1,1,1,1,1,0,0,12
2,3,1,6,1,1,1,1,1,1,1,branch;full;flag;coherent;coset,exact,1,1,1,1,1,0,0,12
2,3,1,6,2,1,1,1,1,1,1,branch;full;flag;coherent;coset,exact,1,1,1,1,1,0,0,12
2,3,1,6,3,1,1,1,1,1,1,branch;full;flag;coherent;coset,exact,1,1,1,1,1,0,0,12
2,3,1,6,4,1,1,1,1,1,1,branch;full;flag;coherent;coset,exact,1,1,1,1,1,0,0,12
2,3,1,6,5,1,1,1,1,1,1,branch;full;flag;coherent;coset,exact,1,1,1,1,1,0,0,12
2,3,1,6,6,1,1,1,1,1,1,branch;full;flag;coherent;coset,exact,1,1,1,1,1,0,0,12
2,3,1,6,7,1,1,1,1,1,1,branch;full;flag;coherent;coset,exact,1,1,1,1,1,0,0,12
2,3,1,7,0,1,1,1,1,1,1,branch;full;flag;coherent;coset,exact,1,1,1,1,1,0,0,12
2,3,1,7,1,1,1,1,1,1,1,branch;full;flag;coherent;coset,exact,1,1,1,1,1,0,0,12
2,3,1,7,2,1,1,1,1,1,1,branch;full;flag;coherent;coset,exact,1,1,1,1,1,0,0,12
2,3,1,7,3,1,1,1,1,1,1,branch;full;flag;coherent;coset,exact,1,1,1,1,1,0,0,12
2,3,1,7,4,1,1,1,1,1,1,branch;full;flag;coherent;coset,exact,1,1,1,1,1,0,0,12
2,3,1,7,5,1,1,1,1,1,1,branch;full;flag;coherent;coset,exact,1,1,1,1,1,0,0,12
2,3,1,7,6,1,1,1,1,1,1,branch;full;flag;coherent;coset,exact,1,1,1,1,1,0,0,12
2,3,1,7,7,1,1,1,1,1,1,branch;full;flag;coherent;coset,exact,1,1,1,1,1,0,0,12
3,0,0,0,0,3/4,3/4,3/4,3/4,3/4,3/4,branch;full;flag;coherent;coset,exact,1,1,3/4,1,1,0,0,13
3,0,0,0,1,1,3/4,3/4,3/4,3/4,3/4,full;flag;coherent;coset,exact,1,1,3/4,1,1,0,0,13
3,0,0,0,2,1,3/4,3/4,3/4,3/4,3/4,full;flag;coherent;coset,exact,1,1,3/4,1,1,0,0,13
3,0,0,0,3,1,3/4,3/4,3/4,3/4,3/4,full;flag;coherent;coset,exact,1,1,3/4,1,1,0,0,13
3,0,0,0,4,3/4,3/4,3/4,3/4,3/4,3/4,branch;full;flag;coherent;coset,exact,1,1,3/4,1,1,0,0,13
3,0,0,0,5,1,3/4,3/4,3/4,3/4,3/4,full;flag;coherent;coset,exact,1,1,3/4,1,1,0,0,13
3,0,0,0,6,1,3/4,3/4,3/4,3/4,3/4,full;flag;coherent;coset,exact,1,1,3/4,1,1,0,0,13
3,0,0,0,7,1,3/4,3/4,3/4,3/4,3/4,full;flag;coherent;coset,exact,1,1,3/4,1,1,0,0,13
3,0,0,1,0,1,1,1,1,1,1,branch;full;flag;coherent;coset,exact,1,1,1,1,1,0,0,13
3,0,0,1,1,1,1,1,1,1,1,branch;full;flag;coherent;coset,exact,1,1,1,1,1,0,0,13
3,0,0,1,2,1,1,1,1,1,1,branch;full;flag;coherent;coset,exact,1,1,1,1,1,0,0,13
3,0,0,1,3,1,1,1,1,1,1,branch;full;flag;coherent;coset,exact,1,1,1,1,1,0,0,13
3,0,0,1,4,1,1,1,1,1,1,branch;full;flag;coherent;coset,exact,1,1,1,1,1,0,0,13
3,0,0,1,5,1,1,1,1,1,1,branch;full;flag;coherent;coset,exact,1,1,1,1,1,0,0,13
3,0,0,1,6,1,1,1,1,1,1,branch;full;flag;coherent;coset,exact,1,1,1,1,1,0,0,13
3,0,0,1,7,1,1,1,1,1,1,branch;full;flag;coherent;coset,exact,1,1,1,1,1,0,0,13
3,0,0,2,0,1,1,1,1,1,1,branch;full;flag;coherent;coset,exact,1,1,1,1,1,0,0,11
3,0,0,2,1,1,1,1,1,1,1,branch;full;flag;coherent;coset,exact,1,1,1,1,1,0,0,11
3,0,0,2,2,1,1,1,1,1,1,branch;full;flag;coherent;coset,exact,1,1,1,1,1,0,0,11
3,0,0,2,3,1,1,1,1,1,1,branch;full;flag;coherent;coset,exact,1,1,1,1,1,0,0,11
3,0,0,2,4,1,1,1,1,1,1,branch;full;flag;coherent;coset,exact,1,1,1,1,1,0,0,11
3,0,0,2,5,1,1,1,1,1,1,branch;full;flag;coherent;coset,exact,1,1,1,1,1,0,0,11
3,0,0,2,6,1,1,1,1,1,1,branch;full;flag;coherent;coset,exact,1,1,1,1,1,0,0,11
3,0,0,2,7,1,1,1,1,1,1,branch;full;flag;coherent;coset,exact,1,1,1,1,1,0,0,11
3,0,0,3,0,1,1,1,1,1,1,branch;full;flag;coherent;coset,exact,1,1,1,1,1,0,0,11
3,0,0,3,1,1,1,1,1,1,1,branch;full;flag;coherent;coset,exact,1,1,1,1,1,0,0,11
3,0,0,3,2,1,1,1,1,1,1,branch;full;flag;coherent;coset,exact,1,1,1,1,1,0,0,11
3,0,0,3,3,1,1,1,1,1,1,branch;full;flag;coherent;coset,exact,1,1,1,1,1,0,0,11
3,0,0,3,4,1,1,1,1,1,1,branch;full;flag;coherent;coset,exact,1,1,1,1,1,0,0,11
3,0,0,3,5,1,1,1,1,1,1,branch;full;flag;coherent;coset,exact,1,1,1,1,1,0,0,11
3,0,0,3,6,1,1,1,1,1,1,branch;full;flag;coherent;coset,exact,1,1,1,1,1,0,0,11
3,0,0,3,7,1,1,1,1,1,1,branch;full;flag;coherent;coset,exact,1,1,1,1,1,0,0,11
3,0,0,4,0,3/4,3/4,3/4,3/4,3/4,3/4,branch;full;flag;coherent;coset,exact,1,1,3/4,1,1,0,0,13
3,0,0,4,1,1,3/4,3/4,3/4,3/4,3/4,full;flag;coherent;coset,exact,1,1,3/4,1,1,0,0,13
3,0,0,4,2,1,3/4,3/4,3/4,3/4,3/4,full;flag;coherent;coset,exact,1,1,3/4,1,1,0,0,13
3,0,0,4,3,1,3/4,3/4,3/4,3/4,3/4,full;flag;coherent;coset,exact,1,1,3/4,1,1,0,0,13
3,0,0,4,4,3/4,3/4,3/4,3/4,3/4,3/4,branch;full;flag;coherent;coset,exact,1,1,3/4,1,1,0,0,13
3,0,0,4,5,1,3/4,3/4,3/4,3/4,3/4,full;flag;coherent;coset,exact,1,1,3/4,1,1,0,0,13
3,0,0,4,6,1,3/4,3/4,3/4,3/4,3/4,full;flag;coherent;coset,exact,1,1,3/4,1,1,0,0,13
3,0,0,4,7,1,3/4,3/4,3/4,3/4,3/4,full;flag;coherent;coset,exact,1,1,3/4,1,1,0,0,13
3,0,0,5,0,1,1,1,1,1,1,branch;full;flag;coherent;coset,exact,1,1,1,1,1,0,0,13
3,0,0,5,1,1,1,1,1,1,1,branch;full;flag;coherent;coset,exact,1,1,1,1,1,0,0,13
3,0,0,5,2,1,1,1,1,1,1,branch;full;flag;coherent;coset,exact,1,1,1,1,1,0,0,13
3,0,0,5,3,1,1,1,1,1,1,branch;full;flag;coherent;coset,exact,1,1,1,1,1,0,0,13
3,0,0,5,4,1,1,1,1,1,1,branch;full;flag;coherent;coset,exact,1,1,1,1,1,0,0,13
3,0,0,5,5,1,1,1,1,1,1,branch;full;flag;coherent;coset,exact,1,1,1,1,1,0,0,13
3,0,0,5,6,1,1,1,1,1,1,branch;full;flag;coherent;coset,exact,1,1,1,1,1,0,0,13
3,0,0,5,7,1,1,1,1,1,1,branch;full;flag;coherent;coset,exact,1,1,1,1,1,0,0,13
3,0,0,6,0,1,1,1,1,1,1,branch;full;flag;coherent;coset,exact,1,1,1,1,1,0,0,11
3,0,0,6,1,1,1,1,1,1,1,branch;full;flag;coherent;coset,exact,1,1,1,1,1,0,0,11
3,0,0,6,2,1,1,1,1,1,1,branch;full;flag;coherent;coset,exact,1,1,1,1,1,0,0,11
3,0,0,6,3,1,1,1,1,1,1,branch;full;flag;coherent;coset,exact,1,1,1,1,1,0,0,11
3,0,0,6,4,1,1,1,1,1,1,branch;full;flag;coherent;coset,exact,1,1,1,1,1,0,0,11
3,0,0,6,5,1,1,1,1,1,1,branch;full;flag;coherent;coset,exact,1,1,1,1,1,0,0,11
3,0,0,6,6,1,1,1,1,1,1,branch;full;flag;coherent;coset,exact,1,1,1,1,1,0,0,11
3,0,0,6,7,1,1,1,1,1,1,branch;full;flag;coherent;coset,exact,1,1,1,1,1,0,0,11
3,0,0,7,0,1,1,1,1,1,1,branch;full;flag;coherent;coset,exact,1,1,1,1,1,0,0,11
3,0,0,7,1,1,1,1,1,1,1,branch;full;flag;coherent;coset,exact,1,1,1,1,1,0,0,11
3,0,0,7,2,1,1,1,1,1,1,branch;full;flag;coherent;coset,exact,1,1,1,1,1,0,0,11
3,0,0,7,3,1,1,1,1,1,1,branch;full;flag;coherent;coset,exact,1,1,1,1,1,0,0,11
3,0,0,7,4,1,1,1,1,1,1,branch;full;flag;coherent;coset,exact,1,1,1,1,1,0,0,11
3,0,0,7,5,1,1,1,1,1,1,branch;full;flag;coherent;coset,exact,1,1,1,1,1,0,0,11
3,0,0,7,6,1,1,1,1,1,1,branch;full;flag;coherent;coset,exact,1,1,1,1,1,0,0,11
3,0,0,7,7,1,1,1,1,1,1,branch;full;flag;coherent;coset,exact,1,1,1,1,1,0,0,11
3,0,1/4,0,0,3/4,3/4,3/4,3/4,3/4,3/4,branch;full;flag;coherent;coset,exact,1,1,3/4,1,1,0,0,19
3,0,1/4,0,1,1,13/16,13/16,13/16,13/16,13/16,full;flag;coherent;coset,exact,1,1,13/16,1,1,0,0,20
3,0,1/4,0,2,1,13/16,13/16,13/16,13/16,13/16,full;flag;coherent;coset,exact,1,1,13/16,1,1,0,0,18
3,0,1/4,0,3,1,13/16,13/16,13/16,13/16,13/16,full;flag;coherent;coset,exact,1,1,13/16,1,1,0,0,18
3,0,1/4,0,4,3/4,3/4,3/4,3/4,3/4,3/4,branch;full;flag;coherent;coset,exact,1,1,3/4,1,1,0,0,19
3,0,1/4,0,5,1,13/16,13/16,13/16,13/16,13/16,full;flag;coherent;coset,exact,1,1,13/16,1,1,0,0,20
3,0,1/4,0,6,1,13/16,13/16,13/16,13/16,13/16,full;flag;coherent;coset,exact,1,1,13/16,1,1,0,0,18
3,0,1/4,0,7,1,13/16,13/16,13/16,13/16,13/16,full;flag;coherent;coset,exact,1,1,13/16,1,1,0,0,18
3,0,1/4,1,0,1,15/16,15/16,15/16,15/16,15/16,full;flag;coherent;coset,exact,1,1,15/16,1,1,0,0,20
3,0,1/4,1,1,1,1,1,1,1,1,branch;full;flag;coherent;coset,exact,1,1,1,1,1,0,0,20
3,0,1/4,1,2,1,1,1,1,1,1,branch;full;flag;coherent;coset,exact,1,1,1,1,1,0,0,18
3,0,1/4,1,3,1,1,1,1,1,1,branch;full;flag;coherent;coset,exact,1,1,1,1,1,0,0,18
3,0,1/4,1,4,1,15/16,15/16,15/16,15/16,15/16,full;flag;coherent;coset,exact,1,1,15/16,1,1,0,0,20
3,0,1/4,1,5,1,1,1,1,1,1,branch;full;flag;coherent;coset,exact,1,1,1,1,1,0,0,20
3,0,1/4,1,6,1,1,1,1,1,1,branch;full;flag;coherent;coset,exact,1,1,1,1,1,0,0,18
3,0,1/4,1,7,1,1,1,1,1,1,branch;full;flag;coherent;coset,exact,1,1,1,1,1,0,0,18
3,0,1/4,2,0,1,15/16,15/16,15/16,15/16,15/16,full;flag;coherent;coset,exact,1,1,15/16,1,1,0,0,18
3,0,1/4,2,1,1,1,1,1,1,1,branch;full;flag;coherent;coset,exact,1,1,1,1,1,0,0,18
3,0,1/4,2,2,1,1,1,1,1,1,branch;full;flag;coherent;coset,exact,1,1,1,1,1,0,0,16
3,0,1/4,2,3,1,1,1,1,1,1,branch;full;flag;coherent;coset,exact,1,1,1,1,1,0,0,16
3,0,1/4,2,4,1,15/16,15/16,15/16,15/16,15/16,full;flag;coherent;coset,exact,1,1,15/16,1,1,0,0,18
3,0,1/4,2,5,1,1,1,1,1,1,branch;full;flag;coherent;coset,exact,1,1,1,1,1,0,0,18
3,0,1/4,2,6,1,1,1,1,1,1,branch;full;flag;coherent;coset,exact,1,1,1,1,1,0,0,16
3,0,1/4,2,7,1,1,1,1,1,1,branch;full;flag;coherent;coset,exact,1,1,1,1,1,0,0,16
3,0,1/4,3,0,1,15/16,15/16,15/16,15/16,15/16,full;flag;coherent;coset,exact,1,1,15/16,1,1,0,0,18
3,0,1/4,3,1,1,1,1,1,1,1,branch;full;flag;coherent;coset,exact,1,1,1,1,1,0,0,18
3,0,1/4,3,2,1,1,1,1,1,1,branch;full;flag;coherent;coset,exact,1,1,1,1,1,0,0,16
3,0,1/4,3,3,1,1,1,1,1,1,branch;full;flag;coherent;coset,exact,1,1,1,1,1,0,0,16
3,0,1/4,3,4,1,15/16,15/16,15/16,15/16,15/16,full;flag;coherent;coset,exact,1,1,15/16,1,1,0,0,18
3,0,1/4,3,5,1,1,1,1,1,1,branch;full;flag;coherent;coset,exact,1,1,1,1,1,0,0,18
3,0,1/4,3,6,1,1,1,1,1,1,branch;full;flag;coherent;coset,exact,1,1,1,1,1,0,0,16
3,0,1/4,3,7,1,1,1,1,1,1,branch;full;flag;coherent;coset,exact,1,1,1,1,1,0,0,16
3,0,1/4,4,0,3/4,3/4,3/4,3/4,3/4,3/4,branch;full;flag;coherent;coset,exact,1,1,3/4,1,1,0,0,19
3,0,1/4,4,1,1,13/16,13/16,13/16,13/16,13/16,full;flag;coherent;coset,exact,1,1,13/16,1,1,0,0,20
3,0,1/4,4,2,1,13/16,13/16,13/16,13/16,13/16,full;flag;coherent;coset,exact,1,1,13/16,1,1,0,0,18
3,0,1/4,4,3,1,13/16,13/16,13/16,13/16,13/16,full;flag;coherent;coset,exact,1,1,13/16,1,1,0,0,18
3,0,1/4,4,4,3/4,3/4,3/4,3/4,3/4,3/4,branch;full;flag;coherent;coset,exact,1,1,3/4,1,1,0,0,19
3,0,1/4,4,5,1,13/16,13/16,13/16,13/16,13/16,full;flag;coherent;coset,exact,1,1,13/16,1,1,0,0,20
3,0,1/4,4,6,1,13/16,13/16,13/16,13/16,13/16,full;flag;coherent;coset,exact,1,1,13/16,1,1,0,0,18
3,0,1/4,4,7,1,13/16,13/16,13/16,13/16,13/16,full;flag;coherent;coset,exact,1,1,13/16,1,1,0,0,18
3,0,1/4,5,0,1,15/16,15/16,15/16,15/16,15/16,full;flag;coherent;coset,exact,1,1,15/16,1,1,0,0,20
3,0,1/4,5,1,1,1,1,1,1,1,branch;full;flag;coherent;coset,exact,1,1,1,1,1,0,0,20
3,0,1/4,5,2,1,1,1,1,1,1,branch;full;flag;coherent;coset,exact,1,1,1,1,1,0,0,18
3,0,1/4,5,3,1,1,1,1,1,1,branch;full;flag;coherent;coset,exact,1,1,1,1,1,0,0,18
3,0,1/4,5,4,1,15/16,15/16,15/16,15/16,15/16,full;flag;coherent;coset,exact,1,1,15/16,1,1,0,0,20
3,0,1/4,5,5,1,1,1,1,1,1,branch;full;flag;coherent;coset,exact,1,1,1,1,1,0,0,20
3,0,1/4,5,6,1,1,1,1,1,1,branch;full;flag;coherent;coset,exact,1,1,1,1,1,0,0,18
3,0,1/4,5,7,1,1,1,1,1,1,branch;full;flag;coherent;coset,exact,1,1,1,1,1,0,0,18
3,0,1/4,6,0,1,15/16,15/16,15/16,15/16,15/16,full;flag;coherent;coset,exact,1,1,15/16,1,1,0,0,18
3,0,1/4,6,1,1,1,1,1,1,1,branch;full;flag;coherent;coset,exact,1,1,1,1,1,0,0,18
3,0,1/4,6,2,1,1,1,1,1,1,branch;full;flag;coherent;coset,exact,1,1,1,1,1,0,0,16
3,0,1/4,6,3,1,1,1,1,1,1,branch;full;flag;coherent;coset,exact,1,1,1,1,1,0,0,16
3,0,1/4,6,4,1,15/16,15/16,15/16,15/16,15/16,full;flag;coherent;coset,exact,1,1,15/16,1,1,0,0,18
3,0,1/4,6,5,1,1,1,1,1,1,branch;full;flag;coherent;coset,exact,1,1,1,1,1,0,0,18
3,0,1/4,6,6,1,1,1,1,1,1,branch;full;flag;coherent;coset,exact,1,1,1,1,1,0,0,16
3,0,1/4,6,7,1,1,1,1,1,1,branch;full;flag;coherent;coset,exact,1,1,1,1,1,0,0,16
3,0,1/4,7,0,1,15/16,15/16,15/16,15/16,15/16,full;flag;coherent;coset,exact,1,1,15/16,1,1,0,0,18
3,0,1/4,7,1,1,1,1,1,1,1,branch;full;flag;coherent;coset,exact,1,1,1,1,1,0,0,18
3,0,1/4,7,2,1,1,1,1,1,1,branch;full;flag;coherent;coset,exact,1,1,1,1,1,0,0,16
3,0,1/4,7,3,1,1,1,1,1,1,branch;full;flag;coherent;coset,exact,1,1,1,1,1,0,0,16
3,0,1/4,7,4,1,15/16,15/16,15/16,15/16,15/16,full;flag;coherent;coset,exact,1,1,15/16,1,1,0,0,18
3,0,1/4,7,5,1,1,1,1,1,1,branch;full;flag;coherent;coset,exact,1,1,1,1,1,0,0,18
3,0,1/4,7,6,1,1,1,1,1,1,branch;full;flag;coherent;coset,exact,1,1,1,1,1,0,0,16
3,0,1/4,7,7,1,1,1,1,1,1,branch;full;flag;coherent;coset,exact,1,1,1,1,1,0,0,16
3,0,1/2,0,0,3/4,3/4,3/4,3/4,3/4,3/4,branch;full;flag;coherent;coset,exact,1,1,3/4,1,1,0,0,13
3,0,1/2,0,1,1,7/8,7/8,7/8,7/8,7/8,full;flag;coherent;coset,exact,1,1,7/8,1,1,0,0,14
3,0,1/2,0,2,1,7/8,7/8,7/8,7/8,7/8,full;flag;coherent;coset,exact,1,1,7/8,1,1,0,0,14
3,0,1/2,0,3,1,7/8,7/8,7/8,7/8,7/8,full;flag;coherent;coset,exact,1,1,7/8,1,1,0,0,14
3,0,1/2,0,4,3/4,3/4,3/4,3/4,3/4,3/4,branch;full;flag;coherent;coset,exact,1,1,3/4,1,1,0,0,13
3,0,1/2,0,5,1,7/8,7/8,7/8,7/8,7/8,full;flag;coherent;coset,exact,1,1,7/8,1,1,0,0,14
3,0,1/2,0,6,1,7/8,7/8,7/8,7/8,7/8,full;flag;coherent;coset,exact,1,1,7/8,1,1,0,0,14
3,0,1/2,0,7,1,7/8,7/8,7/8,7/8,7/8,full;flag;coherent;coset,exact,1,1,7/8,1,1,0,0,14
3,0,1/2,1,0,1,7/8,7/8,7/8,7/8,7/8,full;flag;coherent;coset,exact,1,1,7/8,1,1,0,0,14
3,0,1/2,1,1,1,1,1,1,1,1,branch;full;flag;coherent;coset,exact,1,1,1,1,1,0,0,14
3,0,1/2,1,2,1,1,1,1,1,1,branch;full;flag;coherent;coset,exact,1,1,1,1,1,0,0,14
3,0,1/2,1,3,1,1,1,1,1,1,branch;full;flag;coherent;coset,exact,1,1,1,1,1,0,0,14
3,0,1/2,1,4,1,7/8,7/8,7/8,7/8,7/8,full;flag;coherent;coset,exact,1,1,7/8,1,1,0,0,14
3,0,1/2,1,5,1,1,1,1,1,1,branch;full;flag;coherent;coset,exact,1,1,1,1,1,0,0,14
3,0,1/2,1,6,1,1,1,1,1,1,branch;full;flag;coherent;coset,exact,1,1,1,1,1,0,0,14
3,0,1/2,1,7,1,1,1,1,1,1,branch;full;flag;coherent;coset,exact,1,1,1,1,1,0,0,14
3,0,1/2,2,0,1,7/8,7/8,7/8,7/8,7/8,full;flag;coherent;coset,exact,1,1,7/8,1,1,0,0,14
3,0,1/2,2,1,1,1,1,1,1,1,branch;full;flag;coherent;coset,exact,1,1,1,1,1,0,0,14
3,0,1/2,2,2,1,1,1,1,1,1,branch;full;flag;coherent;coset,exact,1,1,1,1,1,0,0,12
3,0,1/2,2,3,1,1,1,1,1,1,branch;full;flag;coherent;coset,exact,1,1,1,1,1,0,0,12
3,0,1/2,2,4,1,7/8,7/8,7/8,7/8,7/8,full;flag;coherent;coset,exact,1,1,7/8,1,1,0,0,14
3,0,1/2,2,5,1,1,1,1,1,1,branch;full;flag;coherent;coset,exact,1,1,1,1,1,0,0,14
3,0,1/2,2,6,1,1,1,1,1,1,branch;full;flag;coherent;coset,exact,1,1,1,1,1,0,0,12
3,0,1/2,2,7,1,1,1,1,1,1,branch;full;flag;coherent;coset,exact,1,1,1,1,1,0,0,12
3,0,1/2,3,0,1,7/8,7/8,7/8,7/8,7/8,full;flag;coherent;coset,exact,1,1,7/8,1,1,0,0,14
3,0,1/2,3,1,1,1,1,1,1,1,branch;full;flag;coherent;coset,exact,1,1,1,1,1,0,0,14
3,0,1/2,3,2,1,1,1,1,1,1,branch;full;flag;coherent;coset,exact,1,1,1,1,1,0,0,12
3,0,1/2,3,3,1,1,1,1,1,1,branch;full;flag;coherent;coset,exact,1,1,1,1,1,0,0,12
3,0,1/2,3,4,1,7/8,7/8,7/8,7/8,7/8,full;flag;coherent;coset,exact,1,1,7/8,1,1,0,0,14
3,0,1/2,3,5,1,1,1,1,1,1,branch;full;flag;coherent;coset,exact,1,1,1,1,1,0,0,14
3,0,1/2,3,6,1,1,1,1,1,1,branch;full;flag;coherent;coset,exact,1,1,1,1,1,0,0,12
3,0,1/2,3,7,1,1,1,1,1,1,branch;full;flag;coherent;coset,exact,1,1,1,1,1,0,0,12
3,0,1/2,4,0,3/4,3/4,3/4,3/4,3/4,3/4,branch;full;flag;coherent;coset,exact,1,1,3/4,1,1,0,0,13
3,0,1/2,4,1,1,7/8,7/8,7/8,7/8,7/8,full;flag;coherent;coset,exact,1,1,7/8,1,1,0,0,14
3,0,1/2,4,2,1,7/8,7/8,7/8,7/8,7/8,full;flag;coherent;coset,exact,1,1,7/8,1,1,0,0,14
3,0,1/2,4,3,1,7/8,7/8,7/8,7/8,7/8,full;flag;coherent;coset,exact,1,1,7/8,1,1,0,0,14
3,0,1/2,4,4,3/4,3/4,3/4,3/4,3/4,3/4,branch;full;flag;coherent;coset,exact,1,1,3/4,1,1,0,0,13
3,0,1/2,4,5,1,7/8,7/8,7/8,7/8,7/8,full;flag;coherent;coset,exact,1,1,7/8,1,1,0,0,14
3,0,1/2,4,6,1,7/8,7/8,7/8,7/8,7/8,full;flag;coherent;coset,exact,1,1,7/8,1,1,0,0,14
3,0,1/2,4,7,1,7/8,7/8,7/8,7/8,7/8,full;flag;coherent;coset,exact,1,1,7/8,1,1,0,0,14
3,0,1/2,5,0,1,7/8,7/8,7/8,7/8,7/8,full;flag;coherent;coset,exact,1,1,7/8,1,1,0,0,14
3,0,1/2,5,1,1,1,1,1,1,1,branch;full;flag;coherent;coset,exact,1,1,1,1,1,0,0,14
3,0,1/2,5,2,1,1,1,1,1,1,branch;full;flag;coherent;coset,exact,1,1,1,1,1,0,0,14
3,0,1/2,5,3,1,1,1,1,1,1,branch;full;flag;coherent;coset,exact,1,1,1,1,1,0,0,14
3,0,1/2,5,4,1,7/8,7/8,7/8,7/8,7/8,full;flag;coherent;coset,exact,1,1,7/8,1,1,0,0,14
3,0,1/2,5,5,1,1,1,1,1,1,branch;full;flag;coherent;coset,exact,1,1,1,1,1,0,0,14
3,0,1/2,5,6,1,1,1,1,1,1,branch;full;flag;coherent;coset,exact,1,1,1,1,1,0,0,14
3,0,1/2,5,7,1,1,1,1,1,1,branch;full;flag;coherent;coset,exact,1,1,1,1,1,0,0,14
3,0,1/2,6,0,1,7/8,7/8,7/8,7/8,7/8,full;flag;coherent;coset,exact,1,1,7/8,1,1,0,0,14
3,0,1/2,6,1,1,1,1,1,1,1,branch;full;flag;coherent;coset,exact,1,1,1,1,1,0,0,14
3,0,1/2,6,2,1,1,1,1,1,1,branch;full;flag;coherent;coset,exact,1,1,1,1,1,0,0,12
3,0,1/2,6,3,1,1,1,1,1,1,branch;full;flag;coherent;coset,exact,1,1,1,1,1,0,0,12
3,0,1/2,6,4,1,7/8,7/8,7/8,7/8,7/8,full;flag;coherent;coset,exact,1,1,7/8,1,1,0,0,14
3,0,1/2,6,5,1,1,1,1,1,1,branch;full;flag;coherent;coset,exact,1,1,1,1,1,0,0,14
3,0,1/2,6,6,1,1,1,1,1,1,branch;full;flag;coherent;coset,exact,1,1,1,1,1,0,0,12
3,0,1/2,6,7,1,1,1,1,1,1,branch;full;flag;coherent;coset,exact,1,1,1,1,1,0,0,12
3,0,1/2,7,0,1,7/8,7/8,7/8,7/8,7/8,full;flag;coherent;coset,exact,1,1,7/8,1,1,0,0,14
3,0,1/2,7,1,1,1,1,1,1,1,branch;full;flag;coherent;coset,exact,1,1,1,1,1,0,0,14
3,0,1/2,7,2,1,1,1,1,1,1,branch;full;flag;coherent;coset,exact,1,1,1,1,1,0,0,12
3,0,1/2,7,3,1,1,1,1,1,1,branch;full;flag;coherent;coset,exact,1,1,1,1,1,0,0,12
3,0,1/2,7,4,1,7/8,7/8,7/8,7/8,7/8,full;flag;coherent;coset,exact,1,1,7/8,1,1,0,0,14
3,0,1/2,7,5,1,1,1,1,1,1,branch;full;flag;coherent;coset,exact,1,1,1,1,1,0,0,14
3,0,1/2,7,6,1,1,1,1,1,1,branch;full;flag;coherent;coset,exact,1,1,1,1,1,0,0,12
3,0,1/2,7,7,1,1,1,1,1,1,branch;full;flag;coherent;coset,exact,1,1,1,1,1,0,0,12
3,0,3/4,0,0,3/4,3/4,3/4,3/4,3/4,3/4,branch;full;flag;coherent;coset,exact,1,1,3/4,1,1,0,0,19
3,0,3/4,0,1,1,15/16,15/16,15/16,15/16,15/16,full;flag;coherent;coset,exact,1,1,15/16,1,1,0,0,20
3,0,3/4,0,2,1,15/16,15/16,15/16,15/16,15/16,full;flag;coherent;coset,exact,1,1,15/16,1,1,0,0,18
3,0,3/4,0,3,1,15/16,15/16,15/16,15/16,15/16,full;flag;coherent;coset,exact,1,1,15/16,1,1,0,0,18
3,0,3/4,0,4,3/4,3/4,3/4,3/4,3/4,3/4,branch;full;flag;coherent;coset,exact,1,1,3/4,1,1,0,0,19
3,0,3/4,0,5,1,15/16,15/16,15/16,15/16,15/16,full;flag;coherent;coset,exact,1,1,15/16,1,1,0,0,20
3,0,3/4,0,6,1,15/16,15/16,15/16,15/16,15/16,full;flag;coherent;coset,exact,1,1,15/16,1,1,0,0,18
3,0,3/4,0,7,1,15/16,15/16,15/16,15/16,15/16,full;flag;coherent;coset,exact,1,1,15/16,1,1,0,0,18
3,0,3/4,1,0,1,13/16,13/16,13/16,13/16,13/16,full;flag;coherent;coset,exact,1,1,13/16,1,1,0,0,20
3,0,3/4,1,1,1,1,1,1,1,1,branch;full;flag;coherent;coset,exact,1,1,1,1,1,0,0,20
3,0,3/4,1,2,1,1,1,1,1,1,branch;full;flag;coherent;coset,exact,1,1,1,1,1,0,0,18
3,0,3/4,1,3,1,1,1,1,1,1,branch;full;flag;coherent;coset,exact,1,1,1,1,1,0,0,18
3,0,3/4,1,4,1,13/16,13/16,13/16,13/16,13/16,full;flag;coherent;coset,exact,1,1,13/16,1,1,0,0,20
3,0,3/4,1,5,1,1,1,1,1,1,branch;full;flag;coherent;coset,exact,1,1,1,1,1,0,0,20
3,0,3/4,1,6,1,1,1,1,1,1,branch;full;flag;coherent;coset,exact,1,1,1,1,1,0,0,18
3,0,3/4,1,7,1,1,1,1,1,1,branch;full;flag;coherent;coset,exact,1,1,1,1,1,0,0,18
3,0,3/4,2,0,1,13/16,13/16,13/16,13/16,13/16,full;flag;coherent;coset,exact,1,1,13/16,1,1,0,0,18
3,0,3/4,2,1,1,1,1,1,1,1,branch;full;flag;coherent;coset,exact,1,1,1,1,1,0,0,18
3,0,3/4,2,2,1,1,1,1,1,1,branch;full;flag;coherent;coset,exact,1,1,1,1,1,0,0,16
3,0,3/4,2,3,1,1,1,1,1,1,branch;full;flag;coherent;coset,exact,1,1,1,1,1,0,0,16
3,0,3/4,2,4,1,13/16,13/16,13/16,13/16,13/16,full;flag;coherent;coset,exact,1,1,13/16,1,1,0,0,18
3,0,3/4,2,5,1,1,1,1,1,1,branch;full;flag;coherent;coset,exact,1,1,1,1,1,0,0,18
3,0,3/4,2,6,1,1,1,1,1,1,branch;full;flag;coherent;coset,exact,1,1,1,1,1,0,0,16
3,0,3/4,2,7,1,1,1,1,1,1,branch;full;flag;coherent;coset,exact,1,1,1,1,1,0,0,16
3,0,3/4,3,0,1,13/16,13/16,13/16,13/16,13/16,full;flag;coherent;coset,exact,1,1,13/16,1,1,0,0,18
3,0,3/4,3,1,1,1,1,1,1,1,branch;full;flag;coherent;coset,exact,1,1,1,1,1,0,0,18
3,0,3/4,3,2,1,1,1,1,1,1,branch;full;flag;coherent;coset,exact,1,1,1,1,1,0,0,16
3,0,3/4,3,3,1,1,1,1,1,1,branch;full;flag;coherent;coset,exact,1,1,1,1,1,0,0,16
3,0,3/4,3,4,1,13/16,13/16,13/16,13/16,13/16,full;flag;coherent;coset,exact,1,1,13/16,1,1,0,0,18
3,0,3/4,3,5,1,1,1,1,1,1,branch;full;flag;coherent;coset,exact,1,1,1,1,1,0,0,18
3,0,3/4,3,6,1,1,1,1,1,1,branch;full;flag;coherent;coset,exact,1,1,1,1,1,0,0,16
3,0,3/4,3,7,1,1,1,1,1,1,branch;full;flag;coherent;coset,exact,1,1,1,1,1,0,0,16
3,0,3/4,4,0,3/4,3/4,3/4,3/4,3/4,3/4,branch;full;flag;coherent;coset,exact,1,1,3/4,1,1,0,0,19
3,0,3/4,4,1,1,15/16,15/16,15/16,15/16,15/16,full;flag;coherent;coset,exact,1,1,15/16,1,1,0,0,20
3,0,3/4,4,2,1,15/16,15/16,15/16,15/16,15/16,full;flag;coherent;coset,exact,1,1,15/16,1,1,0,0,18
3,0,3/4,4,3,1,15/16,15/16,15/16,15/16,15/16,full;flag;coherent;coset,exact,1,1,15/16,1,1,0,0,18
3,0,3/4,4,4,3/4,3/4,3/4,3/4,3/4,3/4,branch;full;flag;coherent;coset,exact,1,1,3/4,1,1,0,0,19
3,0,3/4,4,5,1,15/16,15/16,15/16,15/16,15/16,full;flag;coherent;coset,exact,1,1,15/16,1,1,0,0,20
3,0,3/4,4,6,1,15/16,15/16,15/16,15/16,15/16,full;flag;coherent;coset,exact,1,1,15/16,1,1,0,0,18
3,0,3/4,4,7,1,15/16,15/16,15/16,15/16,15/16,full;flag;coherent;coset,exact,1,1,15/16,1,1,0,0,18
3,0,3/4,5,0,1,13/16,13/16,13/16,13/16,13/16,full;flag;coherent;coset,exact,1,1,13/16,1,1,0,0,20
3,0,3/4,5,1,1,1,1,1,1,1,branch;full;flag;coherent;coset,exact,1,1,1,1,1,0,0,20
3,0,3/4,5,2,1,1,1,1,1,1,branch;full;flag;coherent;coset,exact,1,1,1,1,1,0,0,18
3,0,3/4,5,3,1,1,1,1,1,1,branch;full;flag;coherent;coset,exact,1,1,1,1,1,0,0,18
3,0,3/4,5,4,1,13/16,13/16,13/16,13/16,13/16,full;flag;coherent;coset,exact,1,1,13/16,1,1,0,0,20
3,0,3/4,5,5,1,1,1,1,1,1,branch;full;flag;coherent;coset,exact,1,1,1,1,1,0,0,20
3,0,3/4,5,6,1,1,1,1,1,1,branch;full;flag;coherent;coset,exact,1,1,1,1,1,0,0,18
3,0,3/4,5,7,1,1,1,1,1,1,branch;full;flag;coherent;coset,exact,1,1,1,1,1,0,0,18
3,0,3/4,6,0,1,13/16,13/16,13/16,13/16,13/16,full;flag;coherent;coset,exact,1,1,13/16,1,1,0,0,18
3,0,3/4,6,1,1,1,1,1,1,1,branch;full;flag;coherent;coset,exact,1,1,1,1,1,0,0,18
3,0,3/4,6,2,1,1,1,1,1,1,branch;full;flag;coherent;coset,exact,1,1,1,1,1,0,0,16
3,0,3/4,6,3,1,1,1,1,1,1,branch;full;flag;coherent;coset,exact,1,1,1,1,1,0,0,16
3,0,3/4,6,4,1,13/16,13/16,13/16,13/16,13/16,full;flag;coherent;coset,exact,1,1,13/16,1,1,0,0,18
3,0,3/4,6,5,1,1,1,1,1,1,branch;full;flag;coherent;coset,exact,1,1,1,1,1,0,0,18
3,0,3/4,6,6,1,1,1,1,1,1,branch;full;flag;coherent;coset,exact,1,1,1,1,1,0,0,16
3,0,3/4,6,7,1,1,1,1,1,1,branch;full;flag;coherent;coset,exact,1,1,1,1,1,0,0,16
3,0,3/4,7,0,1,13/16,13/16,13/16,13/16,13/16,full;flag;coherent;coset,exact,1,1,13/16,1,1,0,0,18
3,0,3/4,7,1,1,1,1,1,1,1,branch;full;flag;coherent;coset,exact,1,1,1,1,1,0,0,18
3,0,3/4,7,2,1,1,1,1,1,1,branch;full;flag;coherent;coset,exact,1,1,1,1,1,0,0,16
3,0,3/4,7,3,1,1,1,1,1,1,branch;full;flag;coherent;coset,exact,1,1,1,1,1,0,0,16
3,0,3/4,7,4,1,13/16,13/16,13/16,13/16,13/16,full;flag;coherent;coset,exact,1,1,13/16,1,1,0,0,18
3,0,3/4,7,5,1,1,1,1,1,1,branch;full;flag;coherent;coset,exact,1,1,1,1,1,0,0,18
3,0,3/4,7,6,1,1,1,1,1,1,branch;full;flag;coherent;coset,exact,1,1,1,1,1,0,0,16
3,0,3/4,7,7,1,1,1,1,1,1,branch;full;flag;coherent;coset,exact,1,1,1,1,1,0,0,16
3,0,1,0,0,3/4,3/4,3/4,3/4,3/4,3/4,branch;full;flag;coherent;coset,exact,1,1,3/4,1,1,0,0,13
3,0,1,0,1,1,1,1,1,1,1,branch;full;flag;coherent;coset,exact,1,1,1,1,1,0,0,13
3,0,1,0,2,1,1,1,1,1,1,branch;full;flag;coherent;coset,exact,1,1,1,1,1,0,0,11
3,0,1,0,3,1,1,1,1,1,1,branch;full;flag;coherent;coset,exact,1,1,1,1,1,0,0,11
3,0,1,0,4,3/4,3/4,3/4,3/4,3/4,3/4,branch;full;flag;coherent;coset,exact,1,1,3/4,1,1,0,0,13
3,0,1,0,5,1,1,1,1,1,1,branch;full;flag;coherent;coset,exact,1,1,1,1,1,0,0,13
3,0,1,0,6,1,1,1,1,1,1,branch;full;flag;coherent;coset,exact,1,1,1,1,1,0,0,11
3,0,1,0,7,1,1,1,1,1,1,branch;full;flag;coherent;coset,exact,1,1,1,1,1,0,0,11
3,0,1,1,0,1,3/4,3/4,3/4,3/4,3/4,full;flag;coherent;coset,exact,1,1,3/4,1,1,0,0,13
3,0,1,1,1,1,1,1,1,1,1,branch;full;flag;coherent;coset,exact,1,1,1,1,1,0,0,13
3,0,1,1,2,1,1,1,1,1,1,branch;full;flag;coherent;coset,exact,1,1,1,1,1,0,0,11
3,0,1,1,3,1,1,1,1,1,1,branch;full;flag;coherent;coset,exact,1,1,1,1,1,0,0,11
3,0,1,1,4,1,3/4,3/4,3/4,3/4,3/4,full;flag;coherent;coset,exact,1,1,3/4,1,1,0,0,13
3,0,1,1,5,1,1,1,1,1,1,branch;full;flag;coherent;coset,exact,1,1,1,1,1,0,0,13
3,0,1,1,6,1,1,1,1,1,1,branch;full;flag;coherent;coset,exact,1,1,1,1,1,0,0,11
3,0,1,1,7,1,1,1,1,1,1,branch;full;flag;coherent;coset,exact,1,1,1,1,1,0,0,11
3,0,1,2,0,1,3/4,3/4,3/4,3/4,3/4,full;flag;coherent;coset,exact,1,1,3/4,1,1,0,0,13
3,0,1,2,1,1,1,1,1,1,1,branch;full;flag;coherent;coset,exact,1,1,1,1,1,0,0,13
3,0,1,2,2,1,1,1,1,1,1,branch;full;flag;coherent;coset,exact,1,1,1,1,1,0,0,11
3,0,1,2,3,1,1,1,1,1,1,branch;full;flag;coherent;coset,exact,1,1,1,1,1,0,0,11
3,0,1,2,4,1,3/4,3/4,3/4,3/4,3/4,full;flag;coherent;coset,exact,1,1,3/4,1,1,0,0,13
3,0,1,2,5,1,1,1,1,1,1,branch;full;flag;coherent;coset,exact,1,1,1,1,1,0,0,13
3,0,1,2,6,1,1,1,1,1,1,branch;full;flag;coherent;coset,exact,1,1,1,1,1,0,0,11
3,0,1,2,7,1,1,1,1,1,1,branch;full;flag;coherent;coset,exact,1,1,1,1,1,0,0,11
3,0,1,3,0,1,3/4,3/4,3/4,3/4,3/4,full;flag;coherent;coset,exact,1,1,3/4,1,1,0,0,13
3,0,1,3,1,1,1,1,1,1,1,branch;full;flag;coherent;coset,exact,1,1,1,1,1,0,0,13
3,0,1,3,2,1,1,1,1,1,1,branch;full;flag;coherent;coset,exact,1,1,1,1,1,0,0,11
3,0,1,3,3,1,1,1,1,1,1,branch;full;flag;coherent;coset,exact,1,1,1,1,1,0,0,11
3,0,1,3,4,1,3/4,3/4,3/4,3/4,3/4,full;flag;coherent;coset,exact,1,1,3/4,1,1,0,0,13
3,0,1,3,5,1,1,1,1,1,1,branch;full;flag;coherent;coset,exact,1,1,1,1,1,0,0,13
3,0,1,3,6,1,1,1,1,1,1,branch;full;flag;coherent;coset,exact,1,1,1,1,1,0,0,11
3,0,1,3,7,1,1,1,1,1,1,branch;full;flag;coherent;coset,exact,1,1,1,1,1,0,0,11
3,0,1,4,0,3/4,3/4,3/4,3/4,3/4,3/4,branch;full;flag;coherent;coset,exact,1,1,3/4,1,1,0,0,13
3,0,1,4,1,1,1,1,1,1,1,branch;full;flag;coherent;coset,exact,1,1,1,1,1,0,0,13
3,0,1,4,2,1,1,1,1,1,1,branch;full;flag;coherent;coset,exact,1,1,1,1,1,0,0,11
3,0,1,4,3,1,1,1,1,1,1,branch;full;flag;coherent;coset,exact,1,1,1,1,1,0,0,11
3,0,1,4,4,3/4,3/4,3/4,3/4,3/4,3/4,branch;full;flag;coherent;coset,exact,1,1,3/4,1,1,0,0,13
3,0,1,4,5,1,1,1,1,1,1,branch;full;flag;coherent;coset,exact,1,1,1,1,1,0,0,13
3,0,1,4,6,1,1,1,1,1,1,branch;full;flag;coherent;coset,exact,1,1,1,1,1,0,0,11
3,0,1,4,7,1,1,1,1,1,1,branch;full;flag;coherent;coset,exact,1,1,1,1,1,0,0,11
3,0,1,5,0,1,3/4,3/4,3/4,3/4,3/4,full;flag;coherent;coset,exact,1,1,3/4,1,1,0,0,13
3,0,1,5,1,1,1,1,1,1,1,branch;full;flag;coherent;coset,exact,1,1,1,1,1,0,0,13
3,0,1,5,2,1,1,1,1,1,1,branch;full;flag;coherent;coset,exact,1,1,1,1,1,0,0,11
3,0,1,5,3,1,1,1,1,1,1,branch;full;flag;coherent;coset,exact,1,1,1,1,1,0,0,11
3,0,1,5,4,1,3/4,3/4,3/4,3/4,3/4,full;flag;coherent;coset,exact,1,1,3/4,1,1,0,0,13
3,0,1,5,5,1,1,1,1,1,1,branch;full;flag;coherent;coset,exact,1,1,1,1,1,0,0,13
3,0,1,5,6,1,1,1,1,1,1,branch;full;flag;coherent;coset,exact,1,1,1,1,1,0,0,11
3,0,1,5,7,1,1,1,1,1,1,branch;full;flag;coherent;coset,exact,1,1,1,1,1,0,0,11
3,0,1,6,0,1,3/4,3/4,3/4,3/4,3/4,full;flag;coherent;coset,exact,1,1,3/4,1,1,0,0,13
3,0,1,6,1,1,1,1,1,1,1,branch;full;flag;coherent;coset,exact,1,1,1,1,1,0,0,13
3,0,1,6,2,1,1,1,1,1,1,branch;full;flag;coherent;coset,exact,1,1,1,1,1,0,0,11
3,0,1,6,3,1,1,1,1,1,1,branch;full;flag;coherent;coset,exact,1,1,1,1,1,0,0,11
3,0,1,6,4,1,3/4,3/4,3/4,3/4,3/4,full;flag;coherent;coset,exact,1,1,3/4,1,1,0,0,13
3,0,1,6,5,1,1,1,1,1,1,branch;full;flag;coherent;coset,exact,1,1,1,1,1,0,0,13
3,0,1,6,6,1,1,1,1,1,1,branch;full;flag;coherent;coset,exact,1,1,1,1,1,0,0,11
3,0,1,6,7,1,1,1,1,1,1,branch;full;flag;coherent;coset,exact,1,1,1,1,1,0,0,11
3,0,1,7,0,1,3/4,3/4,3/4,3/4,3/4,full;flag;coherent;coset,exact,1,1,3/4,1,1,0,0,13
3,0,1,7,1,1,1,1,1,1,1,branch;full;flag;coherent;coset,exact,1,1,1,1,1,0,0,13
3,0,1,7,2,1,1,1,1,1,1,branch;full;flag;coherent;coset,exact,1,1,1,1,1,0,0,11
3,0,1,7,3,1,1,1,1,1,1,branch;full;flag;coherent;coset,exact,1,1,1,1,1,0,0,11
3,0,1,7,4,1,3/4,3/4,3/4,3/4,3/4,full;flag;coherent;coset,exact,1,1,3/4,1,1,0,0,13
3,0,1,7,5,1,1,1,1,1,1,branch;full;flag;coherent;coset,exact,1,1,1,1,1,0,0,13
3,0,1,7,6,1,1,1,1,1,1,branch;full;flag;coherent;coset,exact,1,1,1,1,1,0,0,11
3,0,1,7,7,1,1,1,1,1,1,branch;full;flag;coherent;coset,exact,1,1,1,1,1,0,0,11
3,1,0,0,0,1,1,1,1,1,1,branch;full;flag;coherent;coset,exact,1,1,1,1,1,0,0,12
3,1,0,0,1,1,1,1,1,1,1,branch;full;flag;coherent;coset,exact,1,1,1,1,1,0,0,12
3,1,0,0,2,1,1,1,1,1,1,branch;full;flag;coherent;coset,exact,1,1,1,1,1,0,0,12
3,1,0,0,3,1,1,1,1,1,1,branch;full;flag;coherent;coset,exact,1,1,1,1,1,0,0,12
3,1,0,0,4,1,1,1,1,1,1,branch;full;flag;coherent;coset,exact,1,1,1,1,1,0,0,12
3,1,0,0,5,1,1,1,1,1,1,branch;full;flag;coherent;coset,exact,1,1,1,1,1,0,0,12
3,1,0,0,6,1,1,1,1,1,1,branch;full;flag;coherent;coset,exact,1,1,1,1,1,0,0,12
3,1,0,0,7,1,1,1,1,1,1,branch;full;flag;coherent;coset,exact,1,1,1,1,1,0,0,12
3,1,0,1,0,1,1,1,1,1,1,branch;full;flag;coherent;coset,exact,1,1,1,1,1,0,0,12
3,1,0,1,1,1,1,1,1,1,1,branch;full;flag;coherent;coset,exact,1,1,1,1,1,0,0,12
3,1,0,1,2,1,1,1,1,1,1,branch;full;flag;coherent;coset,exact,1,1,1,1,1,0,0,12
3,1,0,1,3,1,1,1,1,1,1,branch;full;flag;coherent;coset,exact,1,1,1,1,1,0,0,12
3,1,0,1,4,1,1,1,1,1,1,branch;full;flag;coherent;coset,exact,1,1,1,1,1,0,0,12
3,1,0,1,5,1,1,1,1,1,1,branch;full;flag;coherent;coset,exact,1,1,1,1,1,0,0,12
3,1,0,1,6,1,1,1,1,1,1,branch;full;flag;coherent;coset,exact,1,1,1,1,1,0,0,12
3,1,0,1,7,1,1,1,1,1,1,branch;full;flag;coherent;coset,exact,1,1,1,1,1,0,0,12
3,1,0,2,0,1,1,1,1,1,1,branch;full;flag;coherent;coset,exact,1,1,1,1,1,0,0,12
3,1,0,2,1,1,1,1,1,1,1,branch;full;flag;coherent;coset,exact,1,1,1,1,1,0,0,12
3,1,0,2,2,1,1,1,1,1,1,branch;full;flag;coherent;coset,exact,1,1,1,1,1,0,0,12
3,1,0,2,3,1,1,1,1,1,1,branch;full;flag;coherent;coset,exact,1,1,1,1,1,0,0,12
3,1,0,2,4,1,1,1,1,1,1,branch;full;flag;coherent;coset,exact,1,1,1,1,1,0,0,12
3,1,0,2,5,1,1,1,1,1,1,branch;full;flag;coherent;coset,exact,1,1,1,1,1,0,0,12
3,1,0,2,6,1,1,1,1,1,1,branch;full;flag;coherent;coset,exact,1,1,1,1,1,0,0,12
3,1,0,2,7,1,1,1,1,1,1,branch;full;flag;coherent;coset,exact,1,1,1,1,1,0,0,12
3,1,0,3,0,1,1,1,1,1,1,branch;full;flag;coherent;coset,exact,1,1,1,1,1,0,0,12
3,1,0,3,1,1,1,1,1,1,1,branch;full;flag;coherent;coset,exact,1,1,1,1,1,0,0,12
3,1,0,3,2,1,1,1,1,1,1,branch;full;flag;coherent;coset,exact,1,1,1,1,1,0,0,12
3,1,0,3,3,1,1,1,1,1,1,branch;full;flag;coherent;coset,exact,1,1,1,1,1,0,0,12
3,1,0,3,4,1,1,1,1,1,1,branch;full;flag;coherent;coset,exact,1,1,1,1,1,0,0,12
3,1,0,3,5,1,1,1,1,1,1,branch;full;flag;coherent;coset,exact,1,1,1,1,1,0,0,12
3,1,0,3,6,1,1,1,1,1,1,branch;full;flag;coherent;coset,exact,1,1,1,1,1,0,0,12
3,1,0,3,7,1,1,1,1,1,1,branch;full;flag;coherent;coset,exact,1,1,1,1,1,0,0,12
3,1,0,4,0,1,1,1,1,1,1,branch;full;flag;coherent;coset,exact,1,1,1,1,1,0,0,12
3,1,0,4,1,1,1,1,1,1,1,branch;full;flag;coherent;coset,exact,1,1,1,1,1,0,0,12
3,1,0,4,2,1,1,1,1,1,1,branch;full;flag;coherent;coset,exact,1,1,1,1,1,0,0,12
3,1,0,4,3,1,1,1,1,1,1,branch;full;flag;coherent;coset,exact,1,1,1,1,1,0,0,12
3,1,0,4,4,1,1,1,1,1,1,branch;full;flag;coherent;coset,exact,1,1,1,1,1,0,0,12
3,1,0,4,5,1,1,1,1,1,1,branch;full;flag;coherent;coset,exact,1,1,1,1,1,0,0,12
3,1,0,4,6,1,1,1,1,1,1,branch;full;flag;coherent;coset,exact,1,1,1,1,1,0,0,12
3,1,0,4,7,1,1,1,1,1,1,branch;full;flag;coherent;coset,exact,1,1,1,1,1,0,0,12
3,1,0,5,0,1,1,1,1,1,1,branch;full;flag;coherent;coset,exact,1,1,1,1,1,0,0,12
3,1,0,5,1,1,1,1,1,1,1,branch;full;flag;coherent;coset,exact,1,1,1,1,1,0,0,12
3,1,0,5,2,1,1,1,1,1,1,branch;full;flag;coherent;coset,exact,1,1,1,1,1,0,0,12
3,1,0,5,3,1,1,1,1,1,1,branch;full;flag;coherent;coset,exact,1,1,1,1,1,0,0,12
3,1,0,5,4,1,1,1,1,1,1,branch;full;flag;coherent;coset,exact,1,1,1,1,1,0,0,12
3,1,0,5,5,1,1,1,1,1,1,branch;full;flag;coherent;coset,exact,1,1,1,1,1,0,0,12
3,1,0,5,6,1,1,1,1,1,1,branch;full;flag;coherent;coset,exact,1,1,1,1,1,0,0,12
3,1,0,5,7,1,1,1,1,1,1,branch;full;flag;coherent;coset,exact,1,1,1,1,1,0,0,12
3,1,0,6,0,1,1,1,1,1,1,branch;full;flag;coherent;coset,exact,1,1,1,1,1,0,0,12
3,1,0,6,1,1,1,1,1,1,1,branch;full;flag;coherent;coset,exact,1,1,1,1,1,0,0,12
3,1,0,6,2,1,1,1,1,1,1,branch;full;flag;coherent;coset,exact,1,1,1,1,1,0,0,12
3,1,0,6,3,1,1,1,1,1,1,branch;full;flag;coherent;coset,exact,1,1,1,1,1,0,0,12
3,1,0,6,4,1,1,1,1,1,1,branch;full;flag;coherent;coset,exact,1,1,1,1,1,0,0,12
3,1,0,6,5,1,1,1,1,1,1,branch;full;flag;coherent;coset,exact,1,1,1,1,1,0,0,12
3,1,0,6,6,1,1,1,1,1,1,branch;full;flag;coherent;coset,exact,1,1,1,1,1,0,0,12
3,1,0,6,7,1,1,1,1,1,1,branch;full;flag;coherent;coset,exact,1,1,1,1,1,0,0,12
3,1,0,7,0,1,1,1,1,1,1,branch;full;flag;coherent;coset,exact,1,1,1,1,1,0,0,12
3,1,0,7,1,1,1,1,1,1,1,branch;full;flag;coherent;coset,exact,1,1,1,1,1,0,0,12
3,1,0,7,2,1,1,1,1,1,1,branch;full;flag;coherent;coset,exact,1,1,1,1,1,0,0,12
3,1,0,7,3,1,1,1,1,1,1,branch;full;flag;coherent;coset,exact,1,1,1,1,1,0,0,12
3,1,0,7,4,1,1,1,1,1,1,branch;full;flag;coherent;coset,exact,1,1,1,1,1,0,0,12
3,1,0,7,5,1,1,1,1,1,1,branch;full;flag;coherent;coset,exact,1,1,1,1,1,0,0,12
3,1,0,7,6,1,1,1,1,1,1,branch;full;flag;coherent;coset,exact,1,1,1,1,1,0,0,12
3,1,0,7,7,1,1,1,1,1,1,branch;full;flag;coherent;coset,exact,1,1,1,1,1,0,0,12
3,1,1/4,0,0,1,1,7/8,7/8,7/8,7/8,flag;coherent;coset,exact,1,1,7/8,1,1,1,0,19
3,1,1/4,0,1,1,1,15/16,15/16,15/16,15/16,flag;coherent;coset,exact,1,1,15/16,1,1,1,0,20
3,1,1/4,0,2,1,1,15/16,15/16,15/16,15/16,flag;coherent;coset,exact,1,1,15/16,1,1,1,0,18
3,1,1/4,0,3,1,1,15/16,15/16,15/16,15/16,flag;coherent;coset,exact,1,1,15/16,1,1,1,0,18
3,1,1/4,0,4,1,1,7/8,7/8,7/8,7/8,flag;coherent;coset,exact,1,1,7/8,1,1,1,0,19
3,1,1/4,0,5,1,1,15/16,15/16,15/16,15/16,flag;coherent;coset,exact,1,1,15/16,1,1,1,0,20
3,1,1/4,0,6,1,1,15/16,15/16,15/16,15/16,flag;coherent;coset,exact,1,1,15/16,1,1,1,0,18
3,1,1/4,0,7,1,1,15/16,15/16,15/16,15/16,flag;coherent;coset,exact,1,1,15/16,1,1,1,0,18
3,1,1/4,1,0,1,1,15/16,15/16,15/16,15/16,flag;coherent;coset,exact,1,1,15/16,1,1,1,0,20
3,1,1/4,1,1,1,1,1,1,1,1,branch;full;flag;coherent;coset,exact,1,1,1,1,1,0,0,20
3,1,1/4,1,2,1,1,1,1,1,1,branch;full;flag;coherent;coset,exact,1,1,1,1,1,0,0,18
3,1,1/4,1,3,1,1,1,1,1,1,branch;full;flag;coherent;coset,exact,1,1,1,1,1,0,0,18
3,1,1/4,1,4,1,1,15/16,15/16,15/16,15/16,flag;coherent;coset,exact,1,1,15/16,1,1,1,0,20
3,1,1/4,1,5,1,1,1,1,1,1,branch;full;flag;coherent;coset,exact,1,1,1,1,1,0,0,20
3,1,1/4,1,6,1,1,1,1,1,1,branch;full;flag;coherent;coset,exact,1,1,1,1,1,0,0,18
3,1,1/4,1,7,1,1,1,1,1,1,branch;full;flag;coherent;coset,exact,1,1,1,1,1,0,0,18
3,1,1/4,2,0,1,1,15/16,15/16,15/16,15/16,flag;coherent;coset,exact,1,1,15/16,1,1,1,0,18
3,1,1/4,2,1,1,1,1,1,1,1,branch;full;flag;coherent;coset,exact,1,1,1,1,1,0,0,18
3,1,1/4,2,2,1,1,1,1,1,1,branch;full;flag;coherent;coset,exact,1,1,1,1,1,0,0,16
3,1,1/4,2,3,1,1,1,1,1,1,branch;full;flag;coherent;coset,exact,1,1,1,1,1,0,0,16
3,1,1/4,2,4,1,1,15/16,15/16,15/16,15/16,flag;coherent;coset,exact,1,1,15/16,1,1,1,0,18
3,1,1/4,2,5,1,1,1,1,1,1,branch;full;flag;coherent;coset,exact,1,1,1,1,1,0,0,18
3,1,1/4,2,6,1,1,1,1,1,1,branch;full;flag;coherent;coset,exact,1,1,1,1,1,0,0,16
3,1,1/4,2,7,1,1,1,1,1,1,branch;full;flag;coherent;coset,exact,1,1,1,1,1,0,0,16
3,1,1/4,3,0,1,1,15/16,15/16,15/16,15/16,flag;coherent;coset,exact,1,1,15/16,1,1,1,0,18
3,1,1/4,3,1,1,1,1,1,1,1,branch;full;flag;coherent;coset,exact,1,1,1,1,1,0,0,18
3,1,1/4,3,2,1,1,1,1,1,1,branch;full;flag;coherent;coset,exact,1,1,1,1,1,0,0,16
3,1,1/4,3,3,1,1,1,1,1,1,branch;full;flag;coherent;coset,exact,1,1,1,1,1,0,0,16
3,1,1/4,3,4,1,1,15/16,15/16,15/16,15/16,flag;coherent;coset,exact,1,1,15/16,1,1,1,0,18
3,1,1/4,3,5,1,1,1,1,1,1,branch;full;flag;coherent;coset,exact,1,1,1,1,1,0,0,18
3,1,1/4,3,6,1,1,1,1,1,1,branch;full;flag;coherent;coset,exact,1,1,1,1,1,0,0,16
3,1,1/4,3,7,1,1,1,1,1,1,branch;full;flag;coherent;coset,exact,1,1,1,1,1,0,0,16
3,1,1/4,4,0,1,1,7/8,7/8,7/8,7/8,flag;coherent;coset,exact,1,1,7/8,1,1,1,0,19
3,1,1/4,4,1,1,1,15/16,15/16,15/16,15/16,flag;coherent;coset,exact,1,1,15/16,1,1,1,0,20
3,1,1/4,4,2,1,1,15/16,15/16,15/16,15/16,flag;coherent;coset,exact,1,1,15/16,1,1,1,0,18
3,1,1/4,4,3,1,1,15/16,15/16,15/16,15/16,flag;coherent;coset,exact,1,1,15/16,1,1,1,0,18
3,1,1/4,4,4,1,1,7/8,7/8,7/8,7/8,flag;coherent;coset,exact,1,1,7/8,1,1,1,0,19
3,1,1/4,4,5,1,1,15/16,15/16,15/16,15/16,flag;coherent;coset,exact,1,1,15/16,1,1,1,0,20
3,1,1/4,4,6,1,1,15/16,15/16,15/16,15/16,flag;coherent;coset,exact,1,1,15/16,1,1,1,0,18
3,1,1/4,4,7,1,1,15/16,15/16,15/16,15/16,flag;coherent;coset,exact,1,1,15/16,1,1,1,0,18
3,1,1/4,5,0,1,1,15/16,15/16,15/16,15/16,flag;coherent;coset,exact,1,1,15/16,1,1,1,0,20
3,1,1/4,5,1,1,1,1,1,1,1,branch;full;flag;coherent;coset,exact,1,1,1,1,1,0,0,20
3,1,1/4,5,2,1,1,1,1,1,1,branch;full;flag;coherent;coset,exact,1,1,1,1,1,0,0,18
3,1,1/4,5,3,1,1,1,1,1,1,branch;full;flag;coherent;coset,exact,1,1,1,1,1,0,0,18
3,1,1/4,5,4,1,1,15/16,15/16,15/16,15/16,flag;coherent;coset,exact,1,1,15/16,1,1,1,0,20
3,1,1/4,5,5,1,1,1,1,1,1,branch;full;flag;coherent;coset,exact,1,1,1,1,1,0,0,20
3,1,1/4,5,6,1,1,1,1,1,1,branch;full;flag;coherent;coset,exact,1,1,1,1,1,0,0,18
3,1,1/4,5,7,1,1,1,1,1,1,branch;full;flag;coherent;coset,exact,1,1,1,1,1,0,0,18
3,1,1/4,6,0,1,1,15/16,15/16,15/16,15/16,flag;coherent;coset,exact,1,1,15/16,1,1,1,0,18
3,1,1/4,6,1,1,1,1,1,1,1,branch;full;flag;coherent;coset,exact,1,1,1,1,1,0,0,18
3,1,1/4,6,2,1,1,1,1,1,1,branch;full;flag;coherent;coset,exact,1,1,1,1,1,0,0,16
3,1,1/4,6,3,1,1,1,1,1,1,branch;full;flag;coherent;coset,exact,1,1,1,1,1,0,0,16
3,1,1/4,6,4,1,1,15/16,15/16,15/16,15/16,flag;coherent;coset,exact,1,1,15/16,1,1,1,0,18
3,1,1/4,6,5,1,1,1,1,1,1,branch;full;flag;coherent;coset,exact,1,1,1,1,1,0,0,18
3,1,1/4,6,6,1,1,1,1,1,1,branch;full;flag;coherent;coset,exact,1,1,1,1,1,0,0,16
3,1,1/4,6,7,1,1,1,1,1,1,branch;full;flag;coherent;coset,exact,1,1,1,1,1,0,0,16
3,1,1/4,7,0,1,1,15/16,15/16,15/16,15/16,flag;coherent;coset,exact,1,1,15/16,1,1,1,0,18
3,1,1/4,7,1,1,1,1,1,1,1,branch;full;flag;coherent;coset,exact,1,1,1,1,1,0,0,18
3,1,1/4,7,2,1,1,1,1,1,1,branch;full;flag;coherent;coset,exact,1,1,1,1,1,0,0,16
3,1,1/4,7,3,1,1,1,1,1,1,branch;full;flag;coherent;coset,exact,1,1,1,1,1,0,0,16
3,1,1/4,7,4,1,1,15/16,15/16,15/16,15/16,flag;coherent;coset,exact,1,1,15/16,1,1,1,0,18
3,1,1/4,7,5,1,1,1,1,1,1,branch;full;flag;coherent;coset,exact,1,1,1,1,1,0,0,18
3,1,1/4,7,6,1,1,1,1,1,1,branch;full;flag;coherent;coset,exact,1,1,1,1,1,0,0,16
3,1,1/4,7,7,1,1,1,1,1,1,branch;full;flag;coherent;coset,exact,1,1,1,1,1,0,0,16
3,1,1/2,0,0,1,1,3/4,3/4,3/4,3/4,flag;coherent;coset,exact,1,1,3/4,1,1,1,0,13
3,1,1/2,0,1,1,1,7/8,7/8,7/8,7/8,flag;coherent;coset,exact,1,1,7/8,1,1,1,0,14
3,1,1/2,0,2,1,1,7/8,7/8,7/8,7/8,flag;coherent;coset,exact,1,1,7/8,1,1,1,0,14
3,1,1/2,0,3,1,1,7/8,7/8,7/8,7/8,flag;coherent;coset,exact,1,1,7/8,1,1,1,0,14
3,1,1/2,0,4,1,1,3/4,3/4,3/4,3/4,flag;coherent;coset,exact,1,1,3/4,1,1,1,0,13
3,1,1/2,0,5,1,1,7/8,7/8,7/8,7/8,flag;coherent;coset,exact,1,1,7/8,1,1,1,0,14
3,1,1/2,0,6,1,1,7/8,7/8,7/8,7/8,flag;coherent;coset,exact,1,1,7/8,1,1,1,0,14
3,1,1/2,0,7,1,1,7/8,7/8,7/8,7/8,flag;coherent;coset,exact,1,1,7/8,1,1,1,0,14
3,1,1/2,1,0,1,1,7/8,7/8,7/8,7/8,flag;coherent;coset,exact,1,1,7/8,1,1,1,0,14
3,1,1/2,1,1,1,1,1,1,1,1,branch;full;flag;coherent;coset,exact,1,1,1,1,1,0,0,14
3,1,1/2,1,2,1,1,1,1,1,1,branch;full;flag;coherent;coset,exact,1,1,1,1,1,0,0,14
3,1,1/2,1,3,1,1,1,1,1,1,branch;full;flag;coherent;coset,exact,1,1,1,1,1,0,0,14
3,1,1/2,1,4,1,1,7/8,7/8,7/8,7/8,flag;coherent;coset,exact,1,1,7/8,1,1,1,0,14
3,1,1/2,1,5,1,1,1,1,1,1,branch;full;flag;coherent;coset,exact,1,1,1,1,1,0,0,14
3,1,1/2,1,6,1,1,1,1,1,1,branch;full;flag;coherent;coset,exact,1,1,1,1,1,0,0,14
3,1,1/2,1,7,1,1,1,1,1,1,branch;full;flag;coherent;coset,exact,1,1,1,1,1,0,0,14
3,1,1/2,2,0,1,1,7/8,7/8,7/8,7/8,flag;coherent;coset,exact,1,1,7/8,1,1,1,0,14
3,1,1/2,2,1,1,1,1,1,1,1,branch;full;flag;coherent;coset,exact,1,1,1,1,1,0,0,14
3,1,1/2,2,2,1,1,1,1,1,1,branch;full;flag;coherent;coset,exact,1,1,1,1,1,0,0,12
3,1,1/2,2,3,1,1,1,1,1,1,branch;full;flag;coherent;coset,exact,1,1,1,1,1,0,0,12
3,1,1/2,2,4,1,1,7/8,7/8,7/8,7/8,flag;coherent;coset,exact,1,1,7/8,1,1,1,0,14
3,1,1/2,2,5,1,1,1,1,1,1,branch;full;flag;coherent;coset,exact,1,1,1,1,1,0,0,14
3,1,1/2,2,6,1,1,1,1,1,1,branch;full;flag;coherent;coset,exact,1,1,1,1,1,0,0,12
3,1,1/2,2,7,1,1,1,1,1,1,branch;full;flag;coherent;coset,exact,1,1,1,1,1,0,0,12
3,1,1/2,3,0,1,1,7/8,7/8,7/8,7/8,flag;coherent;coset,exact,1,1,7/8,1,1,1,0,14
3,1,1/2,3,1,1,1,1,1,1,1,branch;full;flag;coherent;coset,exact,1,1,1,1,1,0,0,14
3,1,1/2,3,2,1,1,1,1,1,1,branch;full;flag;coherent;coset,exact,1,1,1,1,1,0,0,12
3,1,1/2,3,3,1,1,1,1,1,1,branch;full;flag;coherent;coset,exact,1,1,1,1,1,0,0,12
3,1,1/2,3,4,1,1,7/8,7/8,7/8,7/8,flag;coherent;coset,exact,1,1,7/8,1,1,1,0,14
3,1,1/2,3,5,1,1,1,1,1,1,branch;full;flag;coherent;coset,exact,1,1,1,1,1,0,0,14
3,1,1/2,3,6,1,1,1,1,1,1,branch;full;flag;coherent;coset,exact,1,1,1,1,1,0,0,12
3,1,1/2,3,7,1,1,1,1,1,1,branch;full;flag;coherent;coset,exact,1,1,1,1,1,0,0,12
3,1,1/2,4,0,1,1,3/4,3/4,3/4,3/4,flag;coherent;coset,exact,1,1,3/4,1,1,1,0,13
3,1,1/2,4,1,1,1,7/8,7/8,7/8,7/8,flag;coherent;coset,exact,1,1,7/8,1,1,1,0,14
3,1,1/2,4,2,1,1,7/8,7/8,7/8,7/8,flag;coherent;coset,exact,1,1,7/8,1,1,1,0,14
3,1,1/2,4,3,1,1,7/8,7/8,7/8,7/8,flag;coherent;coset,exact,1,1,7/8,1,1,1,0,14
3,1,1/2,4,4,1,1,3/4,3/4,3/4,3/4,flag;coherent;coset,exact,1,1,3/4,1,1,1,0,13
3,1,1/2,4,5,1,1,7/8,7/8,7/8,7/8,flag;coherent;coset,exact,1,1,7/8,1,1,1,0,14
3,1,1/2,4,6,1,1,7/8,7/8,7/8,7/8,flag;coherent;coset,exact,1,1,7/8,1,1,1,0,14
3,1,1/2,4,7,1,1,7/8,7/8,7/8,7/8,flag;coherent;coset,exact,1,1,7/8,1,1,1,0,14
3,1,1/2,5,0,1,1,7/8,7/8,7/8,7/8,flag;coherent;coset,exact,1,1,7/8,1,1,1,0,14
3,1,1/2,5,1,1,1,1,1,1,1,branch;full;flag;coherent;coset,exact,1,1,1,1,1,0,0,14
3,1,1/2,5,2,1,1,1,1,1,1,branch;full;flag;coherent;coset,exact,1,1,1,1,1,0,0,14
3,1,1/2,5,3,1,1,1,1,1,1,branch;full;flag;coherent;coset,exact,1,1,1,1,1,0,0,14
3,1,1/2,5,4,1,1,7/8,7/8,7/8,7/8,flag;coherent;coset,exact,1,1,7/8,1,1,1,0,14
3,1,1/2,5,5,1,1,1,1,1,1,branch;full;flag;coherent;coset,exact,1,1,1,1,1,0,0,14
3,1,1/2,5,6,1,1,1,1,1,1,branch;full;flag;coherent;coset,exact,1,1,1,1,1,0,0,14
3,1,1/2,5,7,1,1,1,1,1,1,branch;full;flag;coherent;coset,exact,1,1,1,1,1,0,0,14
3,1,1/2,6,0,1,1,7/8,7/8,7/8,7/8,flag;coherent;coset,exact,1,1,7/8,1,1,1,0,14
3,1,1/2,6,1,1,1,1,1,1,1,branch;full;flag;coherent;coset,exact,1,1,1,1,1,0,0,14
3,1,1/2,6,2,1,1,1,1,1,1,branch;full;flag;coherent;coset,exact,1,1,1,1,1,0,0,12
3,1,1/2,6,3,1,1,1,1,1,1,branch;full;flag;coherent;coset,exact,1,1,1,1,1,0,0,12
3,1,1/2,6,4,1,1,7/8,7/8,7/8,7/8,flag;coherent;coset,exact,1,1,7/8,1,1,1,0,14
3,1,1/2,6,5,1,1,1,1,1,1,branch;full;flag;coherent;coset,exact,1,1,1,1,1,0,0,14
3,1,1/2,6,6,1,1,1,1,1,1,branch;full;flag;coherent;coset,exact,1,1,1,1,1,0,0,12
3,1,1/2,6,7,1,1,1,1,1,1,branch;full;flag;coherent;coset,exact,1,1,1,1,1,0,0,12
3,1,1/2,7,0,1,1,7/8,7/8,7/8,7/8,flag;coherent;coset,exact,1,1,7/8,1,1,1,0,14
3,1,1/2,7,1,1,1,1,1,1,1,branch;full;flag;coherent;coset,exact,1,1,1,1,1,0,0,14
3,1,1/2,7,2,1,1,1,1,1,1,branch;full;flag;coherent;coset,exact,1,1,1,1,1,0,0,12
3,1,1/2,7,3,1,1,1,1,1,1,branch;full;flag;coherent;coset,exact,1,1,1,1,1,0,0,12
3,1,1/2,7,4,1,1,7/8,7/8,7/8,7/8,flag;coherent;coset,exact,1,1,7/8,1,1,1,0,14
3,1,1/2,7,5,1,1,1,1,1,1,branch;full;flag;coherent;coset,exact,1,1,1,1,1,0,0,14
3,1,1/2,7,6,1,1,1,1,1,1,branch;full;flag;coherent;coset,exact,1,1,1,1,1,0,0,12
3,1,1/2,7,7,1,1,1,1,1,1,branch;full;flag;coherent;coset,exact,1,1,1,1,1,0,0,12
3,1,3/4,0,0,1,1,7/8,7/8,7/8,7/8,flag;coherent;coset,exact,1,1,7/8,1,1,1,0,19
3,1,3/4,0,1,1,1,15/16,15/16,15/16,15/16,flag;coherent;coset,exact,1,1,15/16,1,1,1,0,20
3,1,3/4,0,2,1,1,15/16,15/16,15/16,15/16,flag;coherent;coset,exact,1,1,15/16,1,1,1,0,18
3,1,3/4,0,3,1,1,15/16,15/16,15/16,15/16,flag;coherent;coset,exact,1,1,15/16,1,1,1,0,18
3,1,3/4,0,4,1,1,7/8,7/8,7/8,7/8,flag;coherent;coset,exact,1,1,7/8,1,1,1,0,19
3,1,3/4,0,5,1,1,15/16,15/16,15/16,15/16,flag;coherent;coset,exact,1,1,15/16,1,1,1,0,20
3,1,3/4,0,6,1,1,15/16,15/16,15/16,15/16,flag;coherent;coset,exact,1,1,15/16,1,1,1,0,18
3,1,3/4,0,7,1,1,15/16,15/16,15/16,15/16,flag;coherent;coset,exact,1,1,15/16,1,1,1,0,18
3,1,3/4,1,0,1,1,15/16,15/16,15/16,15/16,flag;coherent;coset,exact,1,1,15/16,1,1,1,0,20
3,1,3/4,1,1,1,1,1,1,1,1,branch;full;flag;coherent;coset,exact,1,1,1,1,1,0,0,20
3,1,3/4,1,2,1,1,1,1,1,1,branch;full;flag;coherent;coset,exact,1,1,1,1,1,0,0,18
3,1,3/4,1,3,1,1,1,1,1,1,branch;full;flag;coherent;coset,exact,1,1,1,1,1,0,0,18
3,1,3/4,1,4,1,1,15/16,15/16,15/16,15/16,flag;coherent;coset,exact,1,1,15/16,1,1,1,0,20
3,1,3/4,1,5,1,1,1,1,1,1,branch;full;flag;coherent;coset,exact,1,1,1,1,1,0,0,20
3,1,3/4,1,6,1,1,1,1,1,1,branch;full;flag;coherent;coset,exact,1,1,1,1,1,0,0,18
3,1,3/4,1,7,1,1,1,1,1,1,branch;full;flag;coherent;coset,exact,1,1,1,1,1,0,0,18
3,1,3/4,2,0,1,1,15/16,15/16,15/16,15/16,flag;coherent;coset,exact,1,1,15/16,1,1,1,0,18
3,1,3/4,2,1,1,1,1,1,1,1,branch;full;flag;coherent;coset,exact,1,1,1,1,1,0,0,18
3,1,3/4,2,2,1,1,1,1,1,1,branch;full;flag;coherent;coset,exact,1,1,1,1,1,0,0,16
3,1,3/4,2,3,1,1,1,1,1,1,branch;full;flag;coherent;coset,exact,1,1,1,1,1,0,0,16
3,1,3/4,2,4,1,1,15/16,15/16,15/16,15/16,flag;coherent;coset,exact,1,1,15/16,1,1,1,0,18
3,1,3/4,2,5,1,1,1,1,1,1,branch;full;flag;coherent;coset,exact,1,1,1,1,1,0,0,18
3,1,3/4,2,6,1,1,1,1,1,1,branch;full;flag;coherent;coset,exact,1,1,1,1,1,0,0,16
3,1,3/4,2,7,1,1,1,1,1,1,branch;full;flag;coherent;coset,exact,1,1,1,1,1,0,0,16
3,1,3/4,3,0,1,1,15/16,15/16,15/16,15/16,flag;coherent;coset,exact,1,1,15/16,1,1,1,0,18
3,1,3/4,3,1,1,1,1,1,1,1,branch;full;flag;coherent;coset,exact,1,1,1,1,1,0,0,18
3,1,3/4,3,2,1,1,1,1,1,1,branch;full;flag;coherent;coset,exact,1,1,1,1,1,0,0,16
3,1,3/4,3,3,1,1,1,1,1,1,branch;full;flag;coherent;coset,exact,1,1,1,1,1,0,0,16
3,1,3/4,3,4,1,1,15/16,15/16,15/16,15/16,flag;coherent;coset,exact,1,1,15/16,1,1,1,0,18
3,1,3/4,3,5,1,1,1,1,1,1,branch;full;flag;coherent;coset,exact,1,1,1,1,1,0,0,18
3,1,3/4,3,6,1,1,1,1,1,1,branch;full;flag;coherent;coset,exact,1,1,1,1,1,0,0,16
3,1,3/4,3,7,1,1,1,1,1,1,branch;full;flag;coherent;coset,exact,1,1,1,1,1,0,0,16
3,1,3/4,4,0,1,1,7/8,7/8,7/8,7/8,flag;coherent;coset,exact,1,1,7/8,1,1,1,0,19
3,1,3/4,4,1,1,1,15/16,15/16,15/16,15/16,flag;coherent;coset,exact,1,1,15/16,1,1,1,0,20
3,1,3/4,4,2,1,1,15/16,15/16,15/16,15/16,flag;coherent;coset,exact,1,1,15/16,1,1,1,0,18
3,1,3/4,4,3,1,1,15/16,15/16,15/16,15/16,flag;coherent;coset,exact,1,1,15/16,1,1,1,0,18
3,1,3/4,4,4,1,1,7/8,7/8,7/8,7/8,flag;coherent;coset,exact,1,1,7/8,1,1,1,0,19
3,1,3/4,4,5,1,1,15/16,15/16,15/16,15/16,flag;coherent;coset,exact,1,1,15/16,1,1,1,0,20
3,1,3/4,4,6,1,1,15/16,15/16,15/16,15/16,flag;coherent;coset,exact,1,1,15/16,1,1,1,0,18
3,1,3/4,4,7,1,1,15/16,15/16,15/16,15/16,flag;coherent;coset,exact,1,1,15/16,1,1,1,0,18
3,1,3/4,5,0,1,1,15/16,15/16,15/16,15/16,flag;coherent;coset,exact,1,1,15/16,1,1,1,0,20
3,1,3/4,5,1,1,1,1,1,1,1,branch;full;flag;coherent;coset,exact,1,1,1,1,1,0,0,20
3,1,3/4,5,2,1,1,1,1,1,1,branch;full;flag;coherent;coset,exact,1,1,1,1,1,0,0,18
3,1,3/4,5,3,1,1,1,1,1,1,branch;full;flag;coherent;coset,exact,1,1,1,1,1,0,0,18
3,1,3/4,5,4,1,1,15/16,15/16,15/16,15/16,flag;coherent;coset,exact,1,1,15/16,1,1,1,0,20
3,1,3/4,5,5,1,1,1,1,1,1,branch;full;flag;coherent;coset,exact,1,1,1,1,1,0,0,20
3,1,3/4,5,6,1,1,1,1,1,1,branch;full;flag;coherent;coset,exact,1,1,1,1,1,0,0,18
3,1,3/4,5,7,1,1,1,1,1,1,branch;full;flag;coherent;coset,exact,1,1,1,1,1,0,0,18
3,1,3/4,6,0,1,1,15/16,15/16,15/16,15/16,flag;coherent;coset,exact,1,1,15/16,1,1,1,0,18
3,1,3/4,6,1,1,1,1,1,1,1,branch;full;flag;coherent;coset,exact,1,1,1,1,1,0,0,18
3,1,3/4,6,2,1,1,1,1,1,1,branch;full;flag;coherent;coset,exact,1,1,1,1,1,0,0,16
3,1,3/4,6,3,1,1,1,1,1,1,branch;full;flag;coherent;coset,exact,1,1,1,1,1,0,0,16
3,1,3/4,6,4,1,1,15/16,15/16,15/16,15/16,flag;coherent;coset,exact,1,1,15/16,1,1,1,0,18
3,1,3/4,6,5,1,1,1,1,1,1,branch;full;flag;coherent;coset,exact,1,1,1,1,1,0,0,18
3,1,3/4,6,6,1,1,1,1,1,1,branch;full;flag;coherent;coset,exact,1,1,1,1,1,0,0,16
3,1,3/4,6,7,1,1,1,1,1,1,branch;full;flag;coherent;coset,exact,1,1,1,1,1,0,0,16
3,1,3/4,7,0,1,1,15/16,15/16,15/16,15/16,flag;coherent;coset,exact,1,1,15/16,1,1,1,0,18
3,1,3/4,7,1,1,1,1,1,1,1,branch;full;flag;coherent;coset,exact,1,1,1,1,1,0,0,18
3,1,3/4,7,2,1,1,1,1,1,1,branch;full;flag;coherent;coset,exact,1,1,1,1,1,0,0,16
3,1,3/4,7,3,1,1,1,1,1,1,branch;full;flag;coherent;coset,exact,1,1,1,1,1,0,0,16
3,1,3/4,7,4,1,1,15/16,15/16,15/16,15/16,flag;coherent;coset,exact,1,1,15/16,1,1,1,0,18
3,1,3/4,7,5,1,1,1,1,1,1,branch;full;flag;coherent;coset,exact,1,1,1,1,1,0,0,18
3,1,3/4,7,6,1,1,1,1,1,1,branch;full;flag;coherent;coset,exact,1,1,1,1,1,0,0,16
3,1,3/4,7,7,1,1,1,1,1,1,branch;full;flag;coherent;coset,exact,1,1,1,1,1,0,0,16
3,1,1,0,0,1,1,1,1,1,1,branch;full;flag;coherent;coset,exact,1,1,1,1,1,0,0,12
3,1,1,0,1,1,1,1,1,1,1,branch;full;flag;coherent;coset,exact,1,1,1,1,1,0,0,12
3,1,1,0,2,1,1,1,1,1,1,branch;full;flag;coherent;coset,exact,1,1,1,1,1,0,0,12
3,1,1,0,3,1,1,1,1,1,1,branch;full;flag;coherent;coset,exact,1,1,1,1,1,0,0,12
3,1,1,0,4,1,1,1,1,1,1,branch;full;flag;coherent;coset,exact,1,1,1,1,1,0,0,12
3,1,1,0,5,1,1,1,1,1,1,branch;full;flag;coherent;coset,exact,1,1,1,1,1,0,0,12
3,1,1,0,6,1,1,1,1,1,1,branch;full;flag;coherent;coset,exact,1,1,1,1,1,0,0,12
3,1,1,0,7,1,1,1,1,1,1,branch;full;flag;coherent;coset,exact,1,1,1,1,1,0,0,12
3,1,1,1,0,1,1,1,1,1,1,branch;full;flag;coherent;coset,exact,1,1,1,1,1,0,0,12
3,1,1,1,1,1,1,1,1,1,1,branch;full;flag;coherent;coset,exact,1,1,1,1,1,0,0,12
3,1,1,1,2,1,1,1,1,1,1,branch;full;flag;coherent;coset,exact,1,1,1,1,1,0,0,12
3,1,1,1,3,1,1,1,1,1,1,branch;full;flag;coherent;coset,exact,1,1,1,1,1,0,0,12
3,1,1,1,4,1,1,1,1,1,1,branch;full;flag;coherent;coset,exact,1,1,1,1,1,0,0,12
3,1,1,1,5,1,1,1,1,1,1,branch;full;flag;coherent;coset,exact,1,1,1,1,1,0,0,12
3,1,1,1,6,1,1,1,1,1,1,branch;full;flag;coherent;coset,exact,1,1,1,1,1,0,0,12
3,1,1,1,7,1,1,1,1,1,1,branch;full;flag;coherent;coset,exact,1,1,1,1,1,0,0,12
3,1,1,2,0,1,1,1,1,1,1,branch;full;flag;coherent;coset,exact,1,1,1,1,1,0,0,12
3,1,1,2,1,1,1,1,1,1,1,branch;full;flag;coherent;coset,exact,1,1,1,1,1,0,0,12
3,1,1,2,2,1,1,1,1,1,1,branch;full;flag;coherent;coset,exact,1,1,1,1,1,0,0,12
3,1,1,2,3,1,1,1,1,1,1,branch;full;flag;coherent;coset,exact,1,1,1,1,1,0,0,12
3,1,1,2,4,1,1,1,1,1,1,branch;full;flag;coherent;coset,exact,1,1,1,1,1,0,0,12
3,1,1,2,5,1,1,1,1,1,1,branch;full;flag;coherent;coset,exact,1,1,1,1,1,0,0,12
3,1,1,2,6,1,1,1,1,1,1,branch;full;flag;coherent;coset,exact,1,1,1,1,1,0,0,12
3,1,1,2,7,1,1,1,1,1,1,branch;full;flag;coherent;coset,exact,1,1,1,1,1,0,0,12
3,1,1,3,0,1,1,1,1,1,1,branch;full;flag;coherent;coset,exact,1,1,1,1,1,0,0,12
3,1,1,3,1,1,1,1,1,1,1,branch;full;flag;coherent;coset,exact,1,1,1,1,1,0,0,12
3,1,1,3,2,1,1,1,1,1,1,branch;full;flag;coherent;coset,exact,1,1,1,1,1,0,0,12
3,1,1,3,3,1,1,1,1,1,1,branch;full;flag;coherent;coset,exact,1,1,1,1,1,0,0,12
3,1,1,3,4,1,1,1,1,1,1,branch;full;flag;coherent;coset,exact,1,1,1,1,1,0,0,12
3,1,1,3,5,1,1,1,1,1,1,branch;full;flag;coherent;coset,exact,1,1,1,1,1,0,0,12
3,1,1,3,6,1,1,1,1,1,1,branch;full;flag;coherent;coset,exact,1,1,1,1,1,0,0,12
3,1,1,3,7,1,1,1,1,1,1,branch;full;flag;coherent;coset,exact,1,1,1,1,1,0,0,12
3,1,1,4,0,1,1,1,1,1,1,branch;full;flag;coherent;coset,exact,1,1,1,1,1,0,0,12
3,1,1,4,1,1,1,1,1,1,1,branch;full;flag;coherent;coset,exact,1,1,1,1,1,0,0,12
3,1,1,4,2,1,1,1,1,1,1,branch;full;flag;coherent;coset,exact,1,1,1,1,1,0,0,12
3,1,1,4,3,1,1,1,1,1,1,branch;full;flag;coherent;coset,exact,1,1,1,1,1,0,0,12
3,1,1,4,4,1,1,1,1,1,1,branch;full;flag;coherent;coset,exact,1,1,1,1,1,0,0,12
3,1,1,4,5,1,1,1,1,1,1,branch;full;flag;coherent;coset,exact,1,1,1,1,1,0,0,12
3,1,1,4,6,1,1,1,1,1,1,branch;full;flag;coherent;coset,exact,1,1,1,1,1,0,0,12
3,1,1,4,7,1,1,1,1,1,1,branch;full;flag;coherent;coset,exact,1,1,1,1,1,0,0,12
3,1,1,5,0,1,1,1,1,1,1,branch;full;flag;coherent;coset,exact,1,1,1,1,1,0,0,12
3,1,1,5,1,1,1,1,1,1,1,branch;full;flag;coherent;coset,exact,1,1,1,1,1,0,0,12
3,1,1,5,2,1,1,1,1,1,1,branch;full;flag;coherent;coset,exact,1,1,1,1,1,0,0,12
3,1,1,5,3,1,1,1,1,1,1,branch;full;flag;coherent;coset,exact,1,1,1,1,1,0,0,12
3,1,1,5,4,1,1,1,1,1,1,branch;full;flag;coherent;coset,exact,1,1,1,1,1,0,0,12
3,1,1,5,5,1,1,1,1,1,1,branch;full;flag;coherent;coset,exact,1,1,1,1,1,0,0,12
3,1,1,5,6,1,1,1,1,1,1,branch;full;flag;coherent;coset,exact,1,1,1,1,1,0,0,12
3,1,1,5,7,1,1,1,1,1,1,branch;full;flag;coherent;coset,exact,1,1,1,1,1,0,0,12
3,1,1,6,0,1,1,1,1,1,1,branch;full;flag;coherent;coset,exact,1,1,1,1,1,0,0,12
3,1,1,6,1,1,1,1,1,1,1,branch;full;flag;coherent;coset,exact,1,1,1,1,1,0,0,12
3,1,1,6,2,1,1,1,1,1,1,branch;full;flag;coherent;coset,exact,1,1,1,1,1,0,0,12
3,1,1,6,3,1,1,1,1,1,1,branch;full;flag;coherent;coset,exact,1,1,1,1,1,0,0,12
3,1,1,6,4,1,1,1,1,1,1,branch;full;flag;coherent;coset,exact,1,1,1,1,1,0,0,12
3,1,1,6,5,1,1,1,1,1,1,branch;full;flag;coherent;coset,exact,1,1,1,1,1,0,0,12
3,1,1,6,6,1,1,1,1,1,1,branch;full;flag;coherent;coset,exact,1,1,1,1,1,0,0,12
3,1,1,6,7,1,1,1,1,1,1,branch;full;flag;coherent;coset,exact,1,1,1,1,1,0,0,12
3,1,1,7,0,1,1,1,1,1,1,branch;full;flag;coherent;coset,exact,1,1,1,1,1,0,0,12
3,1,1,7,1,1,1,1,1,1,1,branch;full;flag;coherent;coset,exact,1,1,1,1,1,0,0,12
3,1,1,7,2,1,1,1,1,1,1,branch;full;flag;coherent;coset,exact,1,1,1,1,1,0,0,12
3,1,1,7,3,1,1,1,1,1,1,branch;full;flag;coherent;coset,exact,1,1,1,1,1,0,0,12
3,1,1,7,4,1,1,1,1,1,1,branch;full;flag;coherent;coset,exact,1,1,1,1,1,0,0,12
3,1,1,7,5,1,1,1,1,1,1,branch;full;flag;coherent;coset,exact,1,1,1,1,1,0,0,12
3,1,1,7,6,1,1,1,1,1,1,branch;full;flag;coherent;coset,exact,1,1,1,1,1,0,0,12
3,1,1,7,7,1,1,1,1,1,1,branch;full;flag;coherent;coset,exact,1,1,1,1,1,0,0,12
3,2,0,0,0,1,1,1,1,1,1,branch;full;flag;coherent;coset,exact,1,1,1,1,1,0,0,12
3,2,0,0,1,1,1,1,1,1,1,branch;full;flag;coherent;coset,exact,1,1,1,1,1,0,0,12
3,2,0,0,2,1,1,1,1,1,1,branch;full;flag;coherent;coset,exact,1,1,1,1,1,0,0,12
3,2,0,0,3,1,1,1,1,1,1,branch;full;flag;coherent;coset,exact,1,1,1,1,1,0,0,12
3,2,0,0,4,1,1,1,1,1,1,branch;full;flag;coherent;coset,exact,1,1,1,1,1,0,0,12
3,2,0,0,5,1,1,1,1,1,1,branch;full;flag;coherent;coset,exact,1,1,1,1,1,0,0,12
3,2,0,0,6,1,1,1,1,1,1,branch;full;flag;coherent;coset,exact,1,1,1,1,1,0,0,12
3,2,0,0,7,1,1,1,1,1,1,branch;full;flag;coherent;coset,exact,1,1,1,1,1,0,0,12
3,2,0,1,0,1,1,1,1,1,1,branch;full;flag;coherent;coset,exact,1,1,1,1,1,0,0,12
3,2,0,1,1,1,1,1,1,1,1,branch;full;flag;coherent;coset,exact,1,1,1,1,1,0,0,12
3,2,0,1,2,1,1,1,1,1,1,branch;full;flag;coherent;coset,exact,1,1,1,1,1,0,0,12
3,2,0,1,3,1,1,1,1,1,1,branch;full;flag;coherent;coset,exact,1,1,1,1,1,0,0,12
3,2,0,1,4,1,1,1,1,1,1,branch;full;flag;coherent;coset,exact,1,1,1,1,1,0,0,12
3,2,0,1,5,1,1,1,1,1,1,branch;full;flag;coherent;coset,exact,1,1,1,1,1,0,0,12
3,2,0,1,6,1,1,1,1,1,1,branch;full;flag;coherent;coset,exact,1,1,1,1,1,0,0,12
3,2,0,1,7,1,1,1,1,1,1,branch;full;flag;coherent;coset,exact,1,1,1,1,1,0,0,12
3,2,0,2,0,1,1,1,1,1,1,branch;full;flag;coherent;coset,exact,1,1,1,1,1,0,0,12
3,2,0,2,1,1,1,1,1,1,1,branch;full;flag;coherent;coset,exact,1,1,1,1,1,0,0,12
3,2,0,2,2,1,1,1,1,1,1,branch;full;flag;coherent;coset,exact,1,1,1,1,1,0,0,12
3,2,0,2,3,1,1,1,1,1,1,branch;full;flag;coherent;coset,exact,1,1,1,1,1,0,0,12
3,2,0,2,4,1,1,1,1,1,1,branch;full;flag;coherent;coset,exact,1,1,1,1,1,0,0,12
3,2,0,2,5,1,1,1,1,1,1,branch;full;flag;coherent;coset,exact,1,1,1,1,1,0,0,12
3,2,0,2,6,1,1,1,1,1,1,branch;full;flag;coherent;coset,exact,1,1,1,1,1,0,0,12
3,2,0,2,7,1,1,1,1,1,1,branch;full;flag;coherent;coset,exact,1,1,1,1,1,0,0,12
3,2,0,3,0,1,1,1,1,1,1,branch;full;flag;coherent;coset,exact,1,1,1,1,1,0,0,12
3,2,0,3,1,1,1,1,1,1,1,branch;full;flag;coherent;coset,exact,1,1,1,1,1,0,0,12
3,2,0,3,2,1,1,1,1,1,1,branch;full;flag;coherent;coset,exact,1,1,1,1,1,0,0,12
3,2,0,3,3,1,1,1,1,1,1,branch;full;flag;coherent;coset,exact,1,1,1,1,1,0,0,12
3,2,0,3,4,1,1,1,1,1,1,branch;full;flag;coherent;coset,exact,1,1,1,1,1,0,0,12
3,2,0,3,5,1,1,1,1,1,1,branch;full;flag;coherent;coset,exact,1,1,1,1,1,0,0,12
3,2,0,3,6,1,1,1,1,1,1,branch;full;flag;coherent;coset,exact,1,1,1,1,1,0,0,12
3,2,0,3,7,1,1,1,1,1,1,branch;full;flag;coherent;coset,exact,1,1,1,1,1,0,0,12
3,2,0,4,0,1,1,1,1,1,1,branch;full;flag;coherent;coset,exact,1,1,1,1,1,0,0,12
3,2,0,4,1,1,1,1,1,1,1,branch;full;flag;coherent;coset,exact,1,1,1,1,1,0,0,12
3,2,0,4,2,1,1,1,1,1,1,branch;full;flag;coherent;coset,exact,1,1,1,1,1,0,0,12
3,2,0,4,3,1,1,1,1,1,1,branch;full;flag;coherent;coset,exact,1,1,1,1,1,0,0,12
3,2,0,4,4,1,1,1,1,1,1,branch;full;flag;coherent;coset,exact,1,1,1,1,1,0,0,12
3,2,0,4,5,1,1,1,1,1,1,branch;full;flag;coherent;coset,exact,1,1,1,1,1,0,0,12
3,2,0,4,6,1,1,1,1,1,1,branch;full;flag;coherent;coset,exact,1,1,1,1,1,0,0,12
3,2,0,4,7,1,1,1,1,1,1,branch;full;flag;coherent;coset,exact,1,1,1,1,1,0,0,12
3,2,0,5,0,1,1,1,1,1,1,branch;full;flag;coherent;coset,exact,1,1,1,1,1,0,0,12
3,2,0,5,1,1,1,1,1,1,1,branch;full;flag;coherent;coset,exact,1,1,1,1,1,0,0,12
3,2,0,5,2,1,1,1,1,1,1,branch;full;flag;coherent;coset,exact,1,1,1,1,1,0,0,12
3,2,0,5,3,1,1,1,1,1,1,branch;full;flag;coherent;coset,exact,1,1,1,1,1,0,0,12
3,2,0,5,4,1,1,1,1,1,1,branch;full;flag;coherent;coset,exact,1,1,1,1,1,0,0,12
3,2,0,5,5,1,1,1,1,1,1,branch;full;flag;coherent;coset,exact,1,1,1,1,1,0,0,12
3,2,0,5,6,1,1,1,1,1,1,branch;full;flag;coherent;coset,exact,1,1,1,1,1,0,0,12
3,2,0,5,7,1,1,1,1,1,1,branch;full;flag;coherent;coset,exact,1,1,1,1,1,0,0,12
3,2,0,6,0,1,1,1,1,1,1,branch;full;flag;coherent;coset,exact,1,1,1,1,1,0,0,12
3,2,0,6,1,1,1,1,1,1,1,branch;full;flag;coherent;coset,exact,1,1,1,1,1,0,0,12
3,2,0,6,2,1,1,1,1,1,1,branch;full;flag;coherent;coset,exact,1,1,1,1,1,0,0,12
3,2,0,6,3,1,1,1,1,1,1,branch;full;flag;coherent;coset,exact,1,1,1,1,1,0,0,12
3,2,0,6,4,1,1,1,1,1,1,branch;full;flag;coherent;coset,exact,1,1,1,1,1,0,0,12
3,2,0,6,5,1,1,1,1,1,1,branch;full;flag;coherent;coset,exact,1,1,1,1,1,0,0,12
3,2,0,6,6,1,1,1,1,1,1,branch;full;flag;coherent;coset,exact,1,1,1,1,1,0,0,12
3,2,0,6,7,1,1,1,1,1,1,branch;full;flag;coherent;coset,exact,1,1,1,1,1,0,0,12
3,2,0,7,0,1,1,1,1,1,1,branch;full;flag;coherent;coset,exact,1,1,1,1,1,0,0,12
3,2,0,7,1,1,1,1,1,1,1,branch;full;flag;coherent;coset,exact,1,1,1,1,1,0,0,12
3,2,0,7,2,1,1,1,1,1,1,branch;full;flag;coherent;coset,exact,1,1,1,1,1,0,0,12
3,2,0,7,3,1,1,1,1,1,1,branch;full;flag;coherent;coset,exact,1,1,1,1,1,0,0,12
3,2,0,7,4,1,1,1,1,1,1,branch;full;flag;coherent;coset,exact,1,1,1,1,1,0,0,12
3,2,0,7,5,1,1,1,1,1,1,branch;full;flag;coherent;coset,exact,1,1,1,1,1,0,0,12
3,2,0,7,6,1,1,1,1,1,1,branch;full;flag;coherent;coset,exact,1,1,1,1,1,0,0,12
3,2,0,7,7,1,1,1,1,1,1,branch;full;flag;coherent;coset,exact,1,1,1,1,1,0,0,12
3,2,1/4,0,0,1,1,7/8,7/8,7/8,7/8,flag;coherent;coset,exact,1,1,7/8,1,1,1,0,19
3,2,1/4,0,1,1,1,15/16,15/16,15/16,15/16,flag;coherent;coset,exact,1,1,15/16,1,1,1,0,20
3,2,1/4,0,2,1,1,15/16,15/16,15/16,15/16,flag;coherent;coset,exact,1,1,15/16,1,1,1,0,18
3,2,1/4,0,3,1,1,15/16,15/16,15/16,15/16,flag;coherent;coset,exact,1,1,15/16,1,1,1,0,18
3,2,1/4,0,4,1,1,7/8,7/8,7/8,7/8,flag;coherent;coset,exact,1,1,7/8,1,1,1,0,19
3,2,1/4,0,5,1,1,15/16,15/16,15/16,15/16,flag;coherent;coset,exact,1,1,15/16,1,1,1,0,20
3,2,1/4,0,6,1,1,15/16,15/16,15/16,15/16,flag;coherent;coset,exact,1,1,15/16,1,1,1,0,18
3,2,1/4,0,7,1,1,15/16,15/16,15/16,15/16,flag;coherent;coset,exact,1,1,15/16,1,1,1,0,18
3,2,1/4,1,0,1,1,15/16,15/16,15/16,15/16,flag;coherent;coset,exact,1,1,15/16,1,1,1,0,20
3,2,1/4,1,1,1,1,1,1,1,1,branch;full;flag;coherent;coset,exact,1,1,1,1,1,0,0,20
3,2,1/4,1,2,1,1,1,1,1,1,branch;full;flag;coherent;coset,exact,1,1,1,1,1,0,0,18
3,2,1/4,1,3,1,1,1,1,1,1,branch;full;flag;coherent;coset,exact,1,1,1,1,1,0,0,18
3,2,1/4,1,4,1,1,15/16,15/16,15/16,15/16,flag;coherent;coset,exact,1,1,15/16,1,1,1,0,20
3,2,1/4,1,5,1,1,1,1,1,1,branch;full;flag;coherent;coset,exact,1,1,1,1,1,0,0,20
3,2,1/4,1,6,1,1,1,1,1,1,branch;full;flag;coherent;coset,exact,1,1,1,1,1,0,0,18
3,2,1/4,1,7,1,1,1,1,1,1,branch;full;flag;coherent;coset,exact,1,1,1,1,1,0,0,18
3,2,1/4,2,0,1,1,15/16,15/16,15/16,15/16,flag;coherent;coset,exact,1,1,15/16,1,1,1,0,18
3,2,1/4,2,1,1,1,1,1,1,1,branch;full;flag;coherent;coset,exact,1,1,1,1,1,0,0,18
3,2,1/4,2,2,1,1,1,1,1,1,branch;full;flag;coherent;coset,exact,1,1,1,1,1,0,0,16
3,2,1/4,2,3,1,1,1,1,1,1,branch;full;flag;coherent;coset,exact,1,1,1,1,1,0,0,16
3,2,1/4,2,4,1,1,15/16,15/16,15/16,15/16,flag;coherent;coset,exact,1,1,15/16,1,1,1,0,18
3,2,1/4,2,5,1,1,1,1,1,1,branch;full;flag;coherent;coset,exact,1,1,1,1,1,0,0,18
3,2,1/4,2,6,1,1,1,1,1,1,branch;full;flag;coherent;coset,exact,1,1,1,1,1,0,0,16
3,2,1/4,2,7,1,1,1,1,1,1,branch;full;flag;coherent;coset,exact,1,1,1,1,1,0,0,16
3,2,1/4,3,0,1,1,15/16,15/16,15/16,15/16,flag;coherent;coset,exact,1,1,15/16,1,1,1,0,18
3,2,1/4,3,1,1,1,1,1,1,1,branch;full;flag;coherent;coset,exact,1,1,1,1,1,0,0,18
3,2,1/4,3,2,1,1,1,1,1,1,branch;full;flag;coherent;coset,exact,1,1,1,1,1,0,0,16
3,2,1/4,3,3,1,1,1,1,1,1,branch;full;flag;coherent;coset,exact,1,1,1,1,1,0,0,16
3,2,1/4,3,4,1,1,15/16,15/16,15/16,15/16,flag;coherent;coset,exact,1,1,15/16,1,1,1,0,18
3,2,1/4,3,5,1,1,1,1,1,1,branch;full;flag;coherent;coset,exact,1,1,1,1,1,0,0,18
3,2,1/4,3,6,1,1,1,1,1,1,branch;full;flag;coherent;coset,exact,1,1,1,1,1,0,0,16
3,2,1/4,3,7,1,1,1,1,1,1,branch;full;flag;coherent;coset,exact,1,1,1,1,1,0,0,16
3,2,1/4,4,0,1,1,7/8,7/8,7/8,7/8,flag;coherent;coset,exact,1,1,7/8,1,1,1,0,19
3,2,1/4,4,1,1,1,15/16,15/16,15/16,15/16,flag;coherent;coset,exact,1,1,15/16,1,1,1,0,20
3,2,1/4,4,2,1,1,15/16,15/16,15/16,15/16,flag;coherent;coset,exact,1,1,15/16,1,1,1,0,18
3,2,1/4,4,3,1,1,15/16,15/16,15/16,15/16,flag;coherent;coset,exact,1,1,15/16,1,1,1,0,18
3,2,1/4,4,4,1,1,7/8,7/8,7/8,7/8,flag;coherent;coset,exact,1,1,7/8,1,1,1,0,19
3,2,1/4,4,5,1,1,15/16,15/16,15/16,15/16,flag;coherent;coset,exact,1,1,15/16,1,1,1,0,20
3,2,1/4,4,6,1,1,15/16,15/16,15/16,15/16,flag;coherent;coset,exact,1,1,15/16,1,1,1,0,18
3,2,1/4,4,7,1,1,15/16,15/16,15/16,15/16,flag;coherent;coset,exact,1,1,15/16,1,1,1,0,18
3,2,1/4,5,0,1,1,15/16,15/16,15/16,15/16,flag;coherent;coset,exact,1,1,15/16,1,1,1,0,20
3,2,1/4,5,1,1,1,1,1,1,1,branch;full;flag;coherent;coset,exact,1,1,1,1,1,0,0,20
3,2,1/4,5,2,1,1,1,1,1,1,branch;full;flag;coherent;coset,exact,1,1,1,1,1,0,0,18
3,2,1/4,5,3,1,1,1,1,1,1,branch;full;flag;coherent;coset,exact,1,1,1,1,1,0,0,18
3,2,1/4,5,4,1,1,15/16,15/16,15/16,15/16,flag;coherent;coset,exact,1,1,15/16,1,1,1,0,20
3,2,1/4,5,5,1,1,1,1,1,1,branch;full;flag;coherent;coset,exact,1,1,1,1,1,0,0,20
3,2,1/4,5,6,1,1,1,1,1,1,branch;full;flag;coherent;coset,exact,1,1,1,1,1,0,0,18
3,2,1/4,5,7,1,1,1,1,1,1,branch;full;flag;coherent;coset,exact,1,1,1,1,1,0,0,18
3,2,1/4,6,0,1,1,15/16,15/16,15/16,15/16,flag;coherent;coset,exact,1,1,15/16,1,1,1,0,18
3,2,1/4,6,1,1,1,1,1,1,1,branch;full;flag;coherent;coset,exact,1,1,1,1,1,0,0,18
3,2,1/4,6,2,1,1,1,1,1,1,branch;full;flag;coherent;coset,exact,1,1,1,1,1,0,0,16
3,2,1/4,6,3,1,1,1,1,1,1,branch;full;flag;coherent;coset,exact,1,1,1,1,1,0,0,16
3,2,1/4,6,4,1,1,15/16,15/16,15/16,15/16,flag;coherent;coset,exact,1,1,15/16,1,1,1,0,18
3,2,1/4,6,5,1,1,1,1,1,1,branch;full;flag;coherent;coset,exact,1,1,1,1,1,0,0,18
3,2,1/4,6,6,1,1,1,1,1,1,branch;full;flag;coherent;coset,exact,1,1,1,1,1,0,0,16
3,2,1/4,6,7,1,1,1,1,1,1,branch;full;flag;coherent;coset,exact,1,1,1,1,1,0,0,16
3,2,1/4,7,0,1,1,15/16,15/16,15/16,15/16,flag;coherent;coset,exact,1,1,15/16,1,1,1,0,18
3,2,1/4,7,1,1,1,1,1,1,1,branch;full;flag;coherent;coset,exact,1,1,1,1,1,0,0,18
3,2,1/4,7,2,1,1,1,1,1,1,branch;full;flag;coherent;coset,exact,1,1,1,1,1,0,0,16
3,2,1/4,7,3,1,1,1,1,1,1,branch;full;flag;coherent;coset,exact,1,1,1,1,1,0,0,16
3,2,1/4,7,4,1,1,15/16,15/16,15/16,15/16,flag;coherent;coset,exact,1,1,15/16,1,1,1,0,18
3,2,1/4,7,5,1,1,1,1,1,1,branch;full;flag;coherent;coset,exact,1,1,1,1,1,0,0,18
3,2,1/4,7,6,1,1,1,1,1,1,branch;full;flag;coherent;coset,exact,1,1,1,1,1,0,0,16
3,2,1/4,7,7,1,1,1,1,1,1,branch;full;flag;coherent;coset,exact,1,1,1,1,1,0,0,16
3,2,1/2,0,0,1,1,3/4,3/4,3/4,3/4,flag;coherent;coset,exact,1,1,3/4,1,1,1,0,13
3,2,1/2,0,1,1,1,7/8,7/8,7/8,7/8,flag;coherent;coset,exact,1,1,7/8,1,1,1,0,14
3,2,1/2,0,2,1,1,7/8,7/8,7/8,7/8,flag;coherent;coset,exact,1,1,7/8,1,1,1,0,14
3,2,1/2,0,3,1,1,7/8,7/8,7/8,7/8,flag;coherent;coset,exact,1,1,7/8,1,1,1,0,14
3,2,1/2,0,4,1,1,3/4,3/4,3/4,3/4,flag;coherent;coset,exact,1,1,3/4,1,1,1,0,13
3,2,1/2,0,5,1,1,7/8,7/8,7/8,7/8,flag;coherent;coset,exact,1,1,7/8,1,1,1,0,14
3,2,1/2,0,6,1,1,7/8,7/8,7/8,7/8,flag;coherent;coset,exact,1,1,7/8,1,1,1,0,14
3,2,1/2,0,7,1,1,7/8,7/8,7/8,7/8,flag;coherent;coset,exact,1,1,7/8,1,1,1,0,14
3,2,1/2,1,0,1,1,7/8,7/8,7/8,7/8,flag;coherent;coset,exact,1,1,7/8,1,1,1,0,14
3,2,1/2,1,1,1,1,1,1,1,1,branch;full;flag;coherent;coset,exact,1,1,1,1,1,0,0,14
3,2,1/2,1,2,1,1,1,1,1,1,branch;full;flag;coherent;coset,exact,1,1,1,1,1,0,0,14
3,2,1/2,1,3,1,1,1,1,1,1,branch;full;flag;coherent;coset,exact,1,1,1,1,1,0,0,14
3,2,1/2,1,4,1,1,7/8,7/8,7/8,7/8,flag;coherent;coset,exact,1,1,7/8,1,1,1,0,14
3,2,1/2,1,5,1,1,1,1,1,1,branch;full;flag;coherent;coset,exact,1,1,1,1,1,0,0,14
3,2,1/2,1,6,1,1,1,1,1,1,branch;full;flag;coherent;coset,exact,1,1,1,1,1,0,0,14
3,2,1/2,1,7,1,1,1,1,1,1,branch;full;flag;coherent;coset,exact,1,1,1,1,1,0,0,14
3,2,1/2,2,0,1,1,7/8,7/8,7/8,7/8,flag;coherent;coset,exact,1,1,7/8,1,1,1,0,14
3,2,1/2,2,1,1,1,1,1,1,1,branch;full;flag;coherent;coset,exact,1,1,1,1,1,0,0,14
3,2,1/2,2,2,1,1,1,1,1,1,branch;full;flag;coherent;coset,exact,1,1,1,1,1,0,0,12
3,2,1/2,2,3,1,1,1,1,1,1,branch;full;flag;coherent;coset,exact,1,1,1,1,1,0,0,12
3,2,1/2,2,4,1,1,7/8,7/8,7/8,7/8,flag;coherent;coset,exact,1,1,7/8,1,1,1,0,14
3,2,1/2,2,5,1,1,1,1,1,1,branch;full;flag;coherent;coset,exact,1,1,1,1,1,0,0,14
3,2,1/2,2,6,1,1,1,1,1,1,branch;full;flag;coherent;coset,exact,1,1,1,1,1,0,0,12
3,2,1/2,2,7,1,1,1,1,1,1,branch;full;flag;coherent;coset,exact,1,1,1,1,1,0,0,12
3,2,1/2,3,0,1,1,7/8,7/8,7/8,7/8,flag;coherent;coset,exact,1,1,7/8,1,1,1,0,14
3,2,1/2,3,1,1,1,1,1,1,1,branch;full;flag;coherent;coset,exact,1,1,1,1,1,0,0,14
3,2,1/2,3,2,1,1,1,1,1,1,branch;full;flag;coherent;coset,exact,1,1,1,1,1,0,0,12
3,2,1/2,3,3,1,1,1,1,1,1,branch;full;flag;coherent;coset,exact,1,1,1,1,1,0,0,12
3,2,1/2,3,4,1,1,7/8,7/8,7/8,7/8,flag;coherent;coset,exact,1,1,7/8,1,1,1,0,14
3,2,1/2,3,5,1,1,1,1,1,1,branch;full;flag;coherent;coset,exact,1,1,1,1,1,0,0,14
3,2,1/2,3,6,1,1,1,1,1,1,branch;full;flag;coherent;coset,exact,1,1,1,1,1,0,0,12
3,2,1/2,3,7,1,1,1,1,1,1,branch;full;flag;coherent;coset,exact,1,1,1,1,1,0,0,12
3,2,1/2,4,0,1,1,3/4,3/4,3/4,3/4,flag;coherent;coset,exact,1,1,3/4,1,1,1,0,13
3,2,1/2,4,1,1,1,7/8,7/8,7/8,7/8,flag;coherent;coset,exact,1,1,7/8,1,1,1,0,14
3,2,1/2,4,2,1,1,7/8,7/8,7/8,7/8,flag;coherent;coset,exact,1,1,7/8,1,1,1,0,14
3,2,1/2,4,3,1,1,7/8,7/8,7/8,7/8,flag;coherent;coset,exact,1,1,7/8,1,1,1,0,14
3,2,1/2,4,4,1,1,3/4,3/4,3/4,3/4,flag;coherent;coset,exact,1,1,3/4,1,1,1,0,13
3,2,1/2,4,5,1,1,7/8,7/8,7/8,7/8,flag;coherent;coset,exact,1,1,7/8,1,1,1,0,14
3,2,1/2,4,6,1,1,7/8,7/8,7/8,7/8,flag;coherent;coset,exact,1,1,7/8,1,1,1,0,14
3,2,1/2,4,7,1,1,7/8,7/8,7/8,7/8,flag;coherent;coset,exact,1,1,7/8,1,1,1,0,14
3,2,1/2,5,0,1,1,7/8,7/8,7/8,7/8,flag;coherent;coset,exact,1,1,7/8,1,1,1,0,14
3,2,1/2,5,1,1,1,1,1,1,1,branch;full;flag;coherent;coset,exact,1,1,1,1,1,0,0,14
3,2,1/2,5,2,1,1,1,1,1,1,branch;full;flag;coherent;coset,exact,1,1,1,1,1,0,0,14
3,2,1/2,5,3,1,1,1,1,1,1,branch;full;flag;coherent;coset,exact,1,1,1,1,1,0,0,14
3,2,1/2,5,4,1,1,7/8,7/8,7/8,7/8,flag;coherent;coset,exact,1,1,7/8,1,1,1,0,14
3,2,1/2,5,5,1,1,1,1,1,1,branch;full;flag;coherent;coset,exact,1,1,1,1,1,0,0,14
3,2,1/2,5,6,1,1,1,1,1,1,branch;full;flag;coherent;coset,exact,1,1,1,1,1,0,0,14
3,2,1/2,5,7,1,1,1,1,1,1,branch;full;flag;coherent;coset,exact,1,1,1,1,1,0,0,14
3,2,1/2,6,0,1,1,7/8,7/8,7/8,7/8,flag;coherent;coset,exact,1,1,7/8,1,1,1,0,14
3,2,1/2,6,1,1,1,1,1,1,1,branch;full;flag;coherent;coset,exact,1,1,1,1,1,0,0,14
3,2,1/2,6,2,1,1,1,1,1,1,branch;full;flag;coherent;coset,exact,1,1,1,1,1,0,0,12
3,2,1/2,6,3,1,1,1,1,1,1,branch;full;flag;coherent;coset,exact,1,1,1,1,1,0,0,12
3,2,1/2,6,4,1,1,7/8,7/8,7/8,7/8,flag;coherent;coset,exact,1,1,7/8,1,1,1,0,14
3,2,1/2,6,5,1,1,1,1,1,1,branch;full;flag;coherent;coset,exact,1,1,1,1,1,0,0,14
3,2,1/2,6,6,1,1,1,1,1,1,branch;full;flag;coherent;coset,exact,1,1,1,1,1,0,0,12
3,2,1/2,6,7,1,1,1,1,1,1,branch;full;flag;coherent;coset,exact,1,1,1,1,1,0,0,12
3,2,1/2,7,0,1,1,7/8,7/8,7/8,7/8,flag;coherent;coset,exact,1,1,7/8,1,1,1,0,14
3,2,1/2,7,1,1,1,1,1,1,1,branch;full;flag;coherent;coset,exact,1,1,1,1,1,0,0,14
3,2,1/2,7,2,1,1,1,1,1,1,branch;full;flag;coherent;coset,exact,1,1,1,1,1,0,0,12
3,2,1/2,7,3,1,1,1,1,1,1,branch;full;flag;coherent;coset,exact,1,1,1,1,1,0,0,12
3,2,1/2,7,4,1,1,7/8,7/8,7/8,7/8,flag;coherent;coset,exact,1,1,7/8,1,1,1,0,14
3,2,1/2,7,5,1,1,1,1,1,1,branch;full;flag;coherent;coset,exact,1,1,1,1,1,0,0,14
3,2,1/2,7,6,1,1,1,1,1,1,branch;full;flag;coherent;coset,exact,1,1,1,1,1,0,0,12
3,2,1/2,7,7,1,1,1,1,1,1,branch;full;flag;coherent;coset,exact,1,1,1,1,1,0,0,12
3,2,3/4,0,0,1,1,7/8,7/8,7/8,7/8,flag;coherent;coset,exact,1,1,7/8,1,1,1,0,19
3,2,3/4,0,1,1,1,15/16,15/16,15/16,15/16,flag;coherent;coset,exact,1,1,15/16,1,1,1,0,20
3,2,3/4,0,2,1,1,15/16,15/16,15/16,15/16,flag;coherent;coset,exact,1,1,15/16,1,1,1,0,18
3,2,3/4,0,3,1,1,15/16,15/16,15/16,15/16,flag;coherent;coset,exact,1,1,15/16,1,1,1,0,18
3,2,3/4,0,4,1,1,7/8,7/8,7/8,7/8,flag;coherent;coset,exact,1,1,7/8,1,1,1,0,19
3,2,3/4,0,5,1,1,15/16,15/16,15/16,15/16,flag;coherent;coset,exact,1,1,15/16,1,1,1,0,20
3,2,3/4,0,6,1,1,15/16,15/16,15/16,15/16,flag;coherent;coset,exact,1,1,15/16,1,1,1,0,18
3,2,3/4,0,7,1,1,15/16,15/16,15/16,15/16,flag;coherent;coset,exact,1,1,15/16,1,1,1,0,18
3,2,3/4,1,0,1,1,15/16,15/16,15/16,15/16,flag;coherent;coset,exact,1,1,15/16,1,1,1,0,20
3,2,3/4,1,1,1,1,1,1,1,1,branch;full;flag;coherent;coset,exact,1,1,1,1,1,0,0,20
3,2,3/4,1,2,1,1,1,1,1,1,branch;full;flag;coherent;coset,exact,1,1,1,1,1,0,0,18
3,2,3/4,1,3,1,1,1,1,1,1,branch;full;flag;coherent;coset,exact,1,1,1,1,1,0,0,18
3,2,3/4,1,4,1,1,15/16,15/16,15/16,15/16,flag;coherent;coset,exact,1,1,15/16,1,1,1,0,20
3,2,3/4,1,5,1,1,1,1,1,1,branch;full;flag;coherent;coset,exact,1,1,1,1,1,0,0,20
3,2,3/4,1,6,1,1,1,1,1,1,branch;full;flag;coherent;coset,exact,1,1,1,1,1,0,0,18
3,2,3/4,1,7,1,1,1,1,1,1,branch;full;flag;coherent;coset,exact,1,1,1,1,1,0,0,18
3,2,3/4,2,0,1,1,15/16,15/16,15/16,15/16,flag;coherent;coset,exact,1,1,15/16,1,1,1,0,18
3,2,3/4,2,1,1,1,1,1,1,1,branch;full;flag;coherent;coset,exact,1,1,1,1,1,0,0,18
3,2,3/4,2,2,1,1,1,1,1,1,branch;full;flag;coherent;coset,exact,1,1,1,1,1,0,0,16
3,2,3/4,2,3,1,1,1,1,1,1,branch;full;flag;coherent;coset,exact,1,1,1,1,1,0,0,16
3,2,3/4,2,4,1,1,15/16,15/16,15/16,15/16,flag;coherent;coset,exact,1,1,15/16,1,1,1,0,18
3,2,3/4,2,5,1,1,1,1,1,1,branch;full;flag;coherent;coset,exact,1,1,1,1,1,0,0,18
3,2,3/4,2,6,1,1,1,1,1,1,branch;full;flag;coherent;coset,exact,1,1,1,1,1,0,0,16
3,2,3/4,2,7,1,1,1,1,1,1,branch;full;flag;coherent;coset,exact,1,1,1,1,1,0,0,16
3,2,3/4,3,0,1,1,15/16,15/16,15/16,15/16,flag;coherent;coset,exact,1,1,15/16,1,1,1,0,18
3,2,3/4,3,1,1,1,1,1,1,1,branch;full;flag;coherent;coset,exact,1,1,1,1,1,0,0,18
3,2,3/4,3,2,1,1,1,1,1,1,branch;full;flag;coherent;coset,exact,1,1,1,1,1,0,0,16
3,2,3/4,3,3,1,1,1,1,1,1,branch;full;flag;coherent;coset,exact,1,1,1,1,1,0,0,16
3,2,3/4,3,4,1,1,15/16,15/16,15/16,15/16,flag;coherent;coset,exact,1,1,15/16,1,1,1,0,18
3,2,3/4,3,5,1,1,1,1,1,1,branch;full;flag;coherent;coset,exact,1,1,1,1,1,0,0,18
3,2,3/4,3,6,1,1,1,1,1,1,branch;full;flag;coherent;coset,exact,1,1,1,1,1,0,0,16
3,2,3/4,3,7,1,1,1,1,1,1,branch;full;flag;coherent;coset,exact,1,1,1,1,1,0,0,16
3,2,3/4,4,0,1,1,7/8,7/8,7/8,7/8,flag;coherent;coset,exact,1,1,7/8,1,1,1,0,19
3,2,3/4,4,1,1,1,15/16,15/16,15/16,15/16,flag;coherent;coset,exact,1,1,15/16,1,1,1,0,20
3,2,3/4,4,2,1,1,15/16,15/16,15/16,15/16,flag;coherent;coset,exact,1,1,15/16,1,1,1,0,18
3,2,3/4,4,3,1,1,15/16,15/16,15/16,15/16,flag;coherent;coset,exact,1,1,15/16,1,1,1,0,18
3,2,3/4,4,4,1,1,7/8,7/8,7/8,7/8,flag;coherent;coset,exact,1,1,7/8,1,1,1,0,19
3,2,3/4,4,5,1,1,15/16,15/16,15/16,15/16,flag;coherent;coset,exact,1,1,15/16,1,1,1,0,20
3,2,3/4,4,6,1,1,15/16,15/16,15/16,15/16,flag;coherent;coset,exact,1,1,15/16,1,1,1,0,18
3,2,3/4,4,7,1,1,15/16,15/16,15/16,15/16,flag;coherent;coset,exact,1,1,15/16,1,1,1,0,18
3,2,3/4,5,0,1,1,15/16,15/16,15/16,15/16,flag;coherent;coset,exact,1,1,15/16,1,1,1,0,20
3,2,3/4,5,1,1,1,1,1,1,1,branch;full;flag;coherent;coset,exact,1,1,1,1,1,0,0,20
3,2,3/4,5,2,1,1,1,1,1,1,branch;full;flag;coherent;coset,exact,1,1,1,1,1,0,0,18
3,2,3/4,5,3,1,1,1,1,1,1,branch;full;flag;coherent;coset,exact,1,1,1,1,1,0,0,18
3,2,3/4,5,4,1,1,15/16,15/16,15/16,15/16,flag;coherent;coset,exact,1,1,15/16,1,1,1,0,20
3,2,3/4,5,5,1,1,1,1,1,1,branch;full;flag;coherent;coset,exact,1,1,1,1,1,0,0,20
3,2,3/4,5,6,1,1,1,1,1,1,branch;full;flag;coherent;coset,exact,1,1,1,1,1,0,0,18
3,2,3/4,5,7,1,1,1,1,1,1,branch;full;flag;coherent;coset,exact,1,1,1,1,1,0,0,18
3,2,3/4,6,0,1,1,15/16,15/16,15/16,15/16,flag;coherent;coset,exact,1,1,15/16,1,1,1,0,18
3,2,3/4,6,1,1,1,1,1,1,1,branch;full;flag;coherent;coset,exact,1,1,1,1,1,0,0,18
3,2,3/4,6,2,1,1,1,1,1,1,branch;full;flag;coherent;coset,exact,1,1,1,1,1,0,0,16
3,2,3/4,6,3,1,1,1,1,1,1,branch;full;flag;coherent;coset,exact,1,1,1,1,1,0,0,16
3,2,3/4,6,4,1,1,15/16,15/16,15/16,15/16,flag;coherent;coset,exact,1,1,15/16,1,1,1,0,18
3,2,3/4,6,5,1,1,1,1,1,1,branch;full;flag;coherent;coset,exact,1,1,1,1,1,0,0,18
3,2,3/4,6,6,1,1,1,1,1,1,branch;full;flag;coherent;coset,exact,1,1,1,1,1,0,0,16
3,2,3/4,6,7,1,1,1,1,1,1,branch;full;flag;coherent;coset,exact,1,1,1,1,1,0,0,16
3,2,3/4,7,0,1,1,15/16,15/16,15/16,15/16,flag;coherent;coset,exact,1,1,15/16,1,1,1,0,18
3,2,3/4,7,1,1,1,1,1,1,1,branch;full;flag;coherent;coset,exact,1,1,1,1,1,0,0,18
3,2,3/4,7,2,1,1,1,1,1,1,branch;full;flag;coherent;coset,exact,1,1,1,1,1,0,0,16
3,2,3/4,7,3,1,1,1,1,1,1,branch;full;flag;coherent;coset,exact,1,1,1,1,1,0,0,16
3,2,3/4,7,4,1,1,15/16,15/16,15/16,15/16,flag;coherent;coset,exact,1,1,15/16,1,1,1,0,18
3,2,3/4,7,5,1,1,1,1,1,1,branch;full;flag;coherent;coset,exact,1,1,1,1,1,0,0,18
3,2,3/4,7,6,1,1,1,1,1,1,branch;full;flag;coherent;coset,exact,1,1,1,1,1,0,0,16
3,2,3/4,7,7,1,1,1,1,1,1,branch;full;flag;coherent;coset,exact,1,1,1,1,1,0,0,16
3,2,1,0,0,1,1,1,1,1,1,branch;full;flag;coherent;coset,exact,1,1,1,1,1,0,0,12
3,2,1,0,1,1,1,1,1,1,1,branch;full;flag;coherent;coset,exact,1,1,1,1,1,0,0,12
3,2,1,0,2,1,1,1,1,1,1,branch;full;flag;coherent;coset,exact,1,1,1,1,1,0,0,12
3,2,1,0,3,1,1,1,1,1,1,branch;full;flag;coherent;coset,exact,1,1,1,1,1,0,0,12
3,2,1,0,4,1,1,1,1,1,1,branch;full;flag;coherent;coset,exact,1,1,1,1,1,0,0,12
3,2,1,0,5,1,1,1,1,1,1,branch;full;flag;coherent;coset,exact,1,1,1,1,1,0,0,12
3,2,1,0,6,1,1,1,1,1,1,branch;full;flag;coherent;coset,exact,1,1,1,1,1,0,0,12
3,2,1,0,7,1,1,1,1,1,1,branch;full;flag;coherent;coset,exact,1,1,1,1,1,0,0,12
3,2,1,1,0,1,1,1,1,1,1,branch;full;flag;coherent;coset,exact,1,1,1,1,1,0,0,12
3,2,1,1,1,1,1,1,1,1,1,branch;full;flag;coherent;coset,exact,1,1,1,1,1,0,0,12
3,2,1,1,2,1,1,1,1,1,1,branch;full;flag;coherent;coset,exact,1,1,1,1,1,0,0,12
3,2,1,1,3,1,1,1,1,1,1,branch;full;flag;coherent;coset,exact,1,1,1,1,1,0,0,12
3,2,1,1,4,1,1,1,1,1,1,branch;full;flag;coherent;coset,exact,1,1,1,1,1,0,0,12
3,2,1,1,5,1,1,1,1,1,1,branch;full;flag;coherent;coset,exact,1,1,1,1,1,0,0,12
3,2,1,1,6,1,1,1,1,1,1,branch;full;flag;coherent;coset,exact,1,1,1,1,1,0,0,12
3,2,1,1,7,1,1,1,1,1,1,branch;full;flag;coherent;coset,exact,1,1,1,1,1,0,0,12
3,2,1,2,0,1,1,1,1,1,1,branch;full;flag;coherent;coset,exact,1,1,1,1,1,0,0,12
3,2,1,2,1,1,1,1,1,1,1,branch;full;flag;coherent;coset,exact,1,1,1,1,1,0,0,12
3,2,1,2,2,1,1,1,1,1,1,branch;full;flag;coherent;coset,exact,1,1,1,1,1,0,0,12
3,2,1,2,3,1,1,1,1,1,1,branch;full;flag;coherent;coset,exact,1,1,1,1,1,0,0,12
3,2,1,2,4,1,1,1,1,1,1,branch;full;flag;coherent;coset,exact,1,1,1,1,1,0,0,12
3,2,1,2,5,1,1,1,1,1,1,branch;full;flag;coherent;coset,exact,1,1,1,1,1,0,0,12
3,2,1,2,6,1,1,1,1,1,1,branch;full;flag;coherent;coset,exact,1,1,1,1,1,0,0,12
3,2,1,2,7,1,1,1,1,1,1,branch;full;flag;coherent;coset,exact,1,1,1,1,1,0,0,12
3,2,1,3,0,1,1,1,1,1,1,branch;full;flag;coherent;coset,exact,1,1,1,1,1,0,0,12
3,2,1,3,1,1,1,1,1,1,1,branch;full;flag;coherent;coset,exact,1,1,1,1,1,0,0,12
3,2,1,3,2,1,1,1,1,1,1,branch;full;flag;coherent;coset,exact,1,1,1,1,1,0,0,12
3,2,1,3,3,1,1,1,1,1,1,branch;full;flag;coherent;coset,exact,1,1,1,1,1,0,0,12
3,2,1,3,4,1,1,1,1,1,1,branch;full;flag;coherent;coset,exact,1,1,1,1,1,0,0,12
3,2,1,3,5,1,1,1,1,1,1,branch;full;flag;coherent;coset,exact,1,1,1,1,1,0,0,12
3,2,1,3,6,1,1,1,1,1,1,branch;full;flag;coherent;coset,exact,1,1,1,1,1,0,0,12
3,2,1,3,7,1,1,1,1,1,1,branch;full;flag;coherent;coset,exact,1,1,1,1,1,0,0,12
3,2,1,4,0,1,1,1,1,1,1,branch;full;flag;coherent;coset,exact,1,1,1,1,1,0,0,12
3,2,1,4,1,1,1,1,1,1,1,branch;full;flag;coherent;coset,exact,1,1,1,1,1,0,0,12
3,2,1,4,2,1,1,1,1,1,1,branch;full;flag;coherent;coset,exact,1,1,1,1,1,0,0,12
3,2,1,4,3,1,1,1,1,1,1,branch;full;flag;coherent;coset,exact,1,1,1,1,1,0,0,12
3,2,1,4,4,1,1,1,1,1,1,branch;full;flag;coherent;coset,exact,1,1,1,1,1,0,0,12
3,2,1,4,5,1,1,1,1,1,1,branch;full;flag;coherent;coset,exact,1,1,1,1,1,0,0,12
3,2,1,4,6,1,1,1,1,1,1,branch;full;flag;coherent;coset,exact,1,1,1,1,1,0,0,12
3,2,1,4,7,1,1,1,1,1,1,branch;full;flag;coherent;coset,exact,1,1,1,1,1,0,0,12
3,2,1,5,0,1,1,1,1,1,1,branch;full;flag;coherent;coset,exact,1,1,1,1,1,0,0,12
3,2,1,5,1,1,1,1,1,1,1,branch;full;flag;coherent;coset,exact,1,1,1,1,1,0,0,12
3,2,1,5,2,1,1,1,1,1,1,branch;full;flag;coherent;coset,exact,1,1,1,1,1,0,0,12
3,2,1,5,3,1,1,1,1,1,1,branch;full;flag;coherent;coset,exact,1,1,1,1,1,0,0,12
3,2,1,5,4,1,1,1,1,1,1,branch;full;flag;coherent;coset,exact,1,1,1,1,1,0,0,12
3,2,1,5,5,1,1,1,1,1,1,branch;full;flag;coherent;coset,exact,1,1,1,1,1,0,0,12
3,2,1,5,6,1,1,1,1,1,1,branch;full;flag;coherent;coset,exact,1,1,1,1,1,0,0,12
3,2,1,5,7,1,1,1,1,1,1,branch;full;flag;coherent;coset,exact,1,1,1,1,1,0,0,12
3,2,1,6,0,1,1,1,1,1,1,branch;full;flag;coherent;coset,exact,1,1,1,1,1,0,0,12
3,2,1,6,1,1,1,1,1,1,1,branch;full;flag;coherent;coset,exact,1,1,1,1,1,0,0,12
3,2,1,6,2,1,1,1,1,1,1,branch;full;flag;coherent;coset,exact,1,1,1,1,1,0,0,12
3,2,1,6,3,1,1,1,1,1,1,branch;full;flag;coherent;coset,exact,1,1,1,1,1,0,0,12
3,2,1,6,4,1,1,1,1,1,1,branch;full;flag;coherent;coset,exact,1,1,1,1,1,0,0,12
3,2,1,6,5,1,1,1,1,1,1,branch;full;flag;coherent;coset,exact,1,1,1,1,1,0,0,12
3,2,1,6,6,1,1,1,1,1,1,branch;full;flag;coherent;coset,exact,1,1,1,1,1,0,0,12
3,2,1,6,7,1,1,1,1,1,1,branch;full;flag;coherent;coset,exact,1,1,1,1,1,0,0,12
3,2,1,7,0,1,1,1,1,1,1,branch;full;flag;coherent;coset,exact,1,1,1,1,1,0,0,12
3,2,1,7,1,1,1,1,1,1,1,branch;full;flag;coherent;coset,exact,1,1,1,1,1,0,0,12
3,2,1,7,2,1,1,1,1,1,1,branch;full;flag;coherent;coset,exact,1,1,1,1,1,0,0,12
3,2,1,7,3,1,1,1,1,1,1,branch;full;flag;coherent;coset,exact,1,1,1,1,1,0,0,12
3,2,1,7,4,1,1,1,1,1,1,branch;full;flag;coherent;coset,exact,1,1,1,1,1,0,0,12
3,2,1,7,5,1,1,1,1,1,1,branch;full;flag;coherent;coset,exact,1,1,1,1,1,0,0,12
3,2,1,7,6,1,1,1,1,1,1,branch;full;flag;coherent;coset,exact,1,1,1,1,1,0,0,12
3,2,1,7,7,1,1,1,1,1,1,branch;full;flag;coherent;coset,exact,1,1,1,1,1,0,0,12
3,3,0,0,0,3/4,3/4,3/4,3/4,3/4,3/4,branch;full;flag;coherent;coset,exact,1,1,3/4,1,1,0,0,14
3,3,0,0,1,1,1,1,1,1,1,branch;full;flag;coherent;coset,exact,1,1,1,1,1,0,0,14
3,3,0,0,2,1,1,1,1,1,1,branch;full;flag;coherent;coset,exact,1,1,1,1,1,0,0,13
3,3,0,0,3,1,1,1,1,1,1,branch;full;flag;coherent;coset,exact,1,1,1,1,1,0,0,13
3,3,0,0,4,3/4,3/4,3/4,3/4,3/4,3/4,branch;full;flag;coherent;coset,exact,1,1,3/4,1,1,0,0,14
3,3,0,0,5,1,1,1,1,1,1,branch;full;flag;coherent;coset,exact,1,1,1,1,1,0,0,14
3,3,0,0,6,1,1,1,1,1,1,branch;full;flag;coherent;coset,exact,1,1,1,1,1,0,0,13
3,3,0,0,7,1,1,1,1,1,1,branch;full;flag;coherent;coset,exact,1,1,1,1,1,0,0,13
3,3,0,1,0,1,1,1,1,1,1,branch;full;flag;coherent;coset,exact,1,1,1,1,1,0,0,14
3,3,0,1,1,1,1,1,1,1,1,branch;full;flag;coherent;coset,exact,1,1,1,1,1,0,0,14
3,3,0,1,2,1,1,1,1,1,1,branch;full;flag;coherent;coset,exact,1,1,1,1,1,0,0,13
3,3,0,1,3,1,1,1,1,1,1,branch;full;flag;coherent;coset,exact,1,1,1,1,1,0,0,13
3,3,0,1,4,1,1,1,1,1,1,branch;full;flag;coherent;coset,exact,1,1,1,1,1,0,0,14
3,3,0,1,5,1,1,1,1,1,1,branch;full;flag;coherent;coset,exact,1,1,1,1,1,0,0,14
3,3,0,1,6,1,1,1,1,1,1,branch;full;flag;coherent;coset,exact,1,1,1,1,1,0,0,13
3,3,0,1,7,1,1,1,1,1,1,branch;full;flag;coherent;coset,exact,1,1,1,1,1,0,0,13
3,3,0,2,0,1,1,1,1,1,1,branch;full;flag;coherent;coset,exact,1,1,1,1,1,0,0,13
3,3,0,2,1,1,1,1,1,1,1,branch;full;flag;coherent;coset,exact,1,1,1,1,1,0,0,13
3,3,0,2,2,1,1,1,1,1,1,branch;full;flag;coherent;coset,exact,1,1,1,1,1,0,0,12
3,3,0,2,3,1,1,1,1,1,1,branch;full;flag;coherent;coset,exact,1,1,1,1,1,0,0,12
3,3,0,2,4,1,1,1,1,1,1,branch;full;flag;coherent;coset,exact,1,1,1,1,1,0,0,13
3,3,0,2,5,1,1,1,1,1,1,branch;full;flag;coherent;coset,exact,1,1,1,1,1,0,0,13
3,3,0,2,6,1,1,1,1,1,1,branch;full;flag;coherent;coset,exact,1,1,1,1,1,0,0,12
3,3,0,2,7,1,1,1,1,1,1,branch;full;flag;coherent;coset,exact,1,1,1,1,1,0,0,12
3,3,0,3,0,1,1,1,1,1,1,branch;full;flag;coherent;coset,exact,1,1,1,1,1,0,0,13
3,3,0,3,1,1,1,1,1,1,1,branch;full;flag;coherent;coset,exact,1,1,1,1,1,0,0,13
3,3,0,3,2,1,1,1,1,1,1,branch;full;flag;coherent;coset,exact,1,1,1,1,1,0,0,12
3,3,0,3,3,1,1,1,1,1,1,branch;full;flag;coherent;coset,exact,1,1,1,1,1,0,0,12
3,3,0,3,4,1,1,1,1,1,1,branch;full;flag;coherent;coset,exact,1,1,1,1,1,0,0,13
3,3,0,3,5,1,1,1,1,1,1,branch;full;flag;coherent;coset,exact,1,1,1,1,1,0,0,13
3,3,0,3,6,1,1,1,1,1,1,branch;full;flag;coherent;coset,exact,1,1,1,1,1,0,0,12
3,3,0,3,7,1,1,1,1,1,1,branch;full;flag;coherent;coset,exact,1,1,1,1,1,0,0,12
3,3,0,4,0,3/4,3/4,3/4,3/4,3/4,3/4,branch;full;flag;coherent;coset,exact,1,1,3/4,1,1,0,0,14
3,3,0,4,1,1,1,1,1,1,1,branch;full;flag;coherent;coset,exact,1,1,1,1,1,0,0,14
3,3,0,4,2,1,1,1,1,1,1,branch;full;flag;coherent;coset,exact,1,1,1,1,1,0,0,13
3,3,0,4,3,1,1,1,1,1,1,branch;full;flag;coherent;coset,exact,1,1,1,1,1,0,0,13
3,3,0,4,4,3/4,3/4,3/4,3/4,3/4,3/4,branch;full;flag;coherent;coset,exact,1,1,3/4,1,1,0,0,14
3,3,0,4,5,1,1,1,1,1,1,branch;full;flag;coherent;coset,exact,1,1,1,1,1,0,0,14
3,3,0,4,6,1,1,1,1,1,1,branch;full;flag;coherent;coset,exact,1,1,1,1,1,0,0,13
3,3,0,4,7,1,1,1,1,1,1,branch;full;flag;coherent;coset,exact,1,1,1,1,1,0,0,13
3,3,0,5,0,1,1,1,1,1,1,branch;full;flag;coherent;coset,exact,1,1,1,1,1,0,0,14
3,3,0,5,1,1,1,1,1,1,1,branch;full;flag;coherent;coset,exact,1,1,1,1,1,0,0,14
3,3,0,5,2,1,1,1,1,1,1,branch;full;flag;coherent;coset,exact,1,1,1,1,1,0,0,13
3,3,0,5,3,1,1,1,1,1,1,branch;full;flag;coherent;coset,exact,1,1,1,1,1,0,0,13
3,3,0,5,4,1,1,1,1,1,1,branch;full;flag;coherent;coset,exact,1,1,1,1,1,0,0,14
3,3,0,5,5,1,1,1,1,1,1,branch;full;flag;coherent;coset,exact,1,1,1,1,1,0,0,14
3,3,0,5,6,1,1,1,1,1,1,branch;full;flag;coherent;coset,exact,1,1,1,1,1,0,0,13
3,3,0,5,7,1,1,1,1,1,1,branch;full;flag;coherent;coset,exact,1,1,1,1,1,0,0,13
3,3,0,6,0,1,1,1,1,1,1,branch;full;flag;coherent;coset,exact,1,1,1,1,1,0,0,13
3,3,0,6,1,1,1,1,1,1,1,branch;full;flag;coherent;coset,exact,1,1,1,1,1,0,0,13
3,3,0,6,2,1,1,1,1,1,1,branch;full;flag;coherent;coset,exact,1,1,1,1,1,0,0,12
3,3,0,6,3,1,1,1,1,1,1,branch;full;flag;coherent;coset,exact,1,1,1,1,1,0,0,12
3,3,0,6,4,1,1,1,1,1,1,branch;full;flag;coherent;coset,exact,1,1,1,1,1,0,0,13
3,3,0,6,5,1,1,1,1,1,1,branch;full;flag;coherent;coset,exact,1,1,1,1,1,0,0,13
3,3,0,6,6,1,1,1,1,1,1,branch;full;flag;coherent;coset,exact,1,1,1,1,1,0,0,12
3,3,0,6,7,1,1,1,1,1,1,branch;full;flag;coherent;coset,exact,1,1,1,1,1,0,0,12
3,3,0,7,0,1,1,1,1,1,1,branch;full;flag;coherent;coset,exact,1,1,1,1,1,0,0,13
3,3,0,7,1,1,1,1,1,1,1,branch;full;flag;coherent;coset,exact,1,1,1,1,1,0,0,13
3,3,0,7,2,1,1,1,1,1,1,branch;full;flag;coherent;coset,exact,1,1,1,1,1,0,0,12
3,3,0,7,3,1,1,1,1,1,1,branch;full;flag;coherent;coset,exact,1,1,1,1,1,0,0,12
3,3,0,7,4,1,1,1,1,1,1,branch;full;flag;coherent;coset,exact,1,1,1,1,1,0,0,13
3,3,0,7,5,1,1,1,1,1,1,branch;full;flag;coherent;coset,exact,1,1,1,1,1,0,0,13
3,3,0,7,6,1,1,1,1,1,1,branch;full;flag;coherent;coset,exact,1,1,1,1,1,0,0,12
3,3,0,7,7,1,1,1,1,1,1,branch;full;flag;coherent;coset,exact,1,1,1,1,1,0,0,12
3,3,1/4,0,0,3/4,3/4,3/4,3/4,3/4,3/4,branch;full;flag;coherent;coset,exact,1,1,3/4,1,1,0,0,19
3,3,1/4,0,1,1,15/16,15/16,15/16,15/16,15/16,full;flag;coherent;coset,exact,1,1,15/16,1,1,0,0,20
3,3,1/4,0,2,1,15/16,15/16,15/16,15/16,15/16,full;flag;coherent;coset,exact,1,1,15/16,1,1,0,0,18
3,3,1/4,0,3,1,15/16,15/16,15/16,15/16,15/16,full;flag;coherent;coset,exact,1,1,15/16,1,1,0,0,18
3,3,1/4,0,4,3/4,3/4,3/4,3/4,3/4,3/4,branch;full;flag;coherent;coset,exact,1,1,3/4,1,1,0,0,19
3,3,1/4,0,5,1,15/16,15/16,15/16,15/16,15/16,full;flag;coherent;coset,exact,1,1,15/16,1,1,0,0,20
3,3,1/4,0,6,1,15/16,15/16,15/16,15/16,15/16,full;flag;coherent;coset,exact,1,1,15/16,1,1,0,0,18
3,3,1/4,0,7,1,15/16,15/16,15/16,15/16,15/16,full;flag;coherent;coset,exact,1,1,15/16,1,1,0,0,18
3,3,1/4,1,0,1,15/16,15/16,15/16,15/16,15/16,full;flag;coherent;coset,exact,1,1,15/16,1,1,0,0,20
3,3,1/4,1,1,1,1,1,1,1,1,branch;full;flag;coherent;coset,exact,1,1,1,1,1,0,0,20
3,3,1/4,1,2,1,1,1,1,1,1,branch;full;flag;coherent;coset,exact,1,1,1,1,1,0,0,18
3,3,1/4,1,3,1,1,1,1,1,1,branch;full;flag;coherent;coset,exact,1,1,1,1,1,0,0,18
3,3,1/4,1,4,1,15/16,15/16,15/16,15/16,15/16,full;flag;coherent;coset,exact,1,1,15/16,1,1,0,0,20
3,3,1/4,1,5,1,1,1,1,1,1,branch;full;flag;coherent;coset,exact,1,1,1,1,1,0,0,20
3,3,1/4,1,6,1,1,1,1,1,1,branch;full;flag;coherent;coset,exact,1,1,1,1,1,0,0,18
3,3,1/4,1,7,1,1,1,1,1,1,branch;full;flag;coherent;coset,exact,1,1,1,1,1,0,0,18
3,3,1/4,2,0,1,15/16,15/16,15/16,15/16,15/16,full;flag;coherent;coset,exact,1,1,15/16,1,1,0,0,18
3,3,1/4,2,1,1,1,1,1,1,1,branch;full;flag;coherent;coset,exact,1,1,1,1,1,0,0,18
3,3,1/4,2,2,1,1,1,1,1,1,branch;full;flag;coherent;coset,exact,1,1,1,1,1,0,0,16
3,3,1/4,2,3,1,1,1,1,1,1,branch;full;flag;coherent;coset,exact,1,1,1,1,1,0,0,16
3,3,1/4,2,4,1,15/16,15/16,15/16,15/16,15/16,full;flag;coherent;coset,exact,1,1,15/16,1,1,0,0,18
3,3,1/4,2,5,1,1,1,1,1,1,branch;full;flag;coherent;coset,exact,1,1,1,1,1,0,0,18
3,3,1/4,2,6,1,1,1,1,1,1,branch;full;flag;coherent;coset,exact,1,1,1,1,1,0,0,16
3,3,1/4,2,7,1,1,1,1,1,1,branch;full;flag;coherent;coset,exact,1,1,1,1,1,0,0,16
3,3,1/4,3,0,1,15/16,15/16,15/16,15/16,15/16,full;flag;coherent;coset,exact,1,1,15/16,1,1,0,0,18
3,3,1/4,3,1,1,1,1,1,1,1,branch;full;flag;coherent;coset,exact,1,1,1,1,1,0,0,18
3,3,1/4,3,2,1,1,1,1,1,1,branch;full;flag;coherent;coset,exact,1,1,1,1,1,0,0,16
3,3,1/4,3,3,1,1,1,1,1,1,branch;full;flag;coherent;coset,exact,1,1,1,1,1,0,0,16
3,3,1/4,3,4,1,15/16,15/16,15/16,15/16,15/16,full;flag;coherent;coset,exact,1,1,15/16,1,1,0,0,18
3,3,1/4,3,5,1,1,1,1,1,1,branch;full;flag;coherent;coset,exact,1,1,1,1,1,0,0,18
3,3,1/4,3,6,1,1,1,1,1,1,branch;full;flag;coherent;coset,exact,1,1,1,1,1,0,0,16
3,3,1/4,3,7,1,1,1,1,1,1,branch;full;flag;coherent;coset,exact,1,1,1,1,1,0,0,16
3,3,1/4,4,0,3/4,3/4,3/4,3/4,3/4,3/4,branch;full;flag;coherent;coset,exact,1,1,3/4,1,1,0,0,19
3,3,1/4,4,1,1,15/16,15/16,15/16,15/16,15/16,full;flag;coherent;coset,exact,1,1,15/16,1,1,0,0,20
3,3,1/4,4,2,1,15/16,15/16,15/16,15/16,15/16,full;flag;coherent;coset,exact,1,1,15/16,1,1,0,0,18
3,3,1/4,4,3,1,15/16,15/16,15/16,15/16,15/16,full;flag;coherent;coset,exact,1,1,15/16,1,1,0,0,18
3,3,1/4,4,4,3/4,3/4,3/4,3/4,3/4,3/4,branch;full;flag;coherent;coset,exact,1,1,3/4,1,1,0,0,19
3,3,1/4,4,5,1,15/16,15/16,15/16,15/16,15/16,full;flag;coherent;coset,exact,1,1,15/16,1,1,0,0,20
3,3,1/4,4,6,1,15/16,15/16,15/16,15/16,15/16,full;flag;coherent;coset,exact,1,1,15/16,1,1,0,0,18
3,3,1/4,4,7,1,15/16,15/16,15/16,15/16,15/16,full;flag;coherent;coset,exact,1,1,15/16,1,1,0,0,18
3,3,1/4,5,0,1,15/16,15/16,15/16,15/16,15/16,full;flag;coherent;coset,exact,1,1,15/16,1,1,0,0,20
3,3,1/4,5,1,1,1,1,1,1,1,branch;full;flag;coherent;coset,exact,1,1,1,1,1,0,0,20
3,3,1/4,5,2,1,1,1,1,1,1,branch;full;flag;coherent;coset,exact,1,1,1,1,1,0,0,18
3,3,1/4,5,3,1,1,1,1,1,1,branch;full;flag;coherent;coset,exact,1,1,1,1,1,0,0,18
3,3,1/4,5,4,1,15/16,15/16,15/16,15/16,15/16,full;flag;coherent;coset,exact,1,1,15/16,1,1,0,0,20
3,3,1/4,5,5,1,1,1,1,1,1,branch;full;flag;coherent;coset,exact,1,1,1,1,1,0,0,20
3,3,1/4,5,6,1,1,1,1,1,1,branch;full;flag;coherent;coset,exact,1,1,1,1,1,0,0,18
3,3,1/4,5,7,1,1,1,1,1,1,branch;full;flag;coherent;coset,exact,1,1,1,1,1,0,0,18
3,3,1/4,6,0,1,15/16,15/16,15/16,15/16,15/16,full;flag;coherent;coset,exact,1,1,15/16,1,1,0,0,18
3,3,1/4,6,1,1,1,1,1,1,1,branch;full;flag;coherent;coset,exact,1,1,1,1,1,0,0,18
3,3,1/4,6,2,1,1,1,1,1,1,branch;full;flag;coherent;coset,exact,1,1,1,1,1,0,0,16
3,3,1/4,6,3,1,1,1,1,1,1,branch;full;flag;coherent;coset,exact,1,1,1,1,1,0,0,16
3,3,1/4,6,4,1,15/16,15/16,15/16,15/16,15/16,full;flag;coherent;coset,exact,1,1,15/16,1,1,0,0,18
3,3,1/4,6,5,1,1,1,1,1,1,branch;full;flag;coherent;coset,exact,1,1,1,1,1,0,0,18
3,3,1/4,6,6,1,1,1,1,1,1,branch;full;flag;coherent;coset,exact,1,1,1,1,1,0,0,16
3,3,1/4,6,7,1,1,1,1,1,1,branch;full;flag;coherent;coset,exact,1,1,1,1,1,0,0,16
3,3,1/4,7,0,1,15/16,15/16,15/16,15/16,15/16,full;flag;coherent;coset,exact,1,1,15/16,1,1,0,0,18
3,3,1/4,7,1,1,1,1,1,1,1,branch;full;flag;coherent;coset,exact,1,1,1,1,1,0,0,18
3,3,1/4,7,2,1,1,1,1,1,1,branch;full;flag;coherent;coset,exact,1,1,1,1,1,0,0,16
3,3,1/4,7,3,1,1,1,1,1,1,branch;full;flag;coherent;coset,exact,1,1,1,1,1,0,0,16
3,3,1/4,7,4,1,15/16,15/16,15/16,15/16,15/16,full;flag;coherent;coset,exact,1,1,15/16,1,1,0,0,18
3,3,1/4,7,5,1,1,1,1,1,1,branch;full;flag;coherent;coset,exact,1,1,1,1,1,0,0,18
3,3,1/4,7,6,1,1,1,1,1,1,branch;full;flag;coherent;coset,exact,1,1,1,1,1,0,0,16
3,3,1/4,7,7,1,1,1,1,1,1,branch;full;flag;coherent;coset,exact,1,1,1,1,1,0,0,16
3,3,1/2,0,0,3/4,3/4,3/4,3/4,3/4,3/4,branch;full;flag;coherent;coset,exact,1,1,3/4,1,1,0,0,13
3,3,1/2,0,1,1,7/8,7/8,7/8,7/8,7/8,full;flag;coherent;coset,exact,1,1,7/8,1,1,0,0,14
3,3,1/2,0,2,1,7/8,7/8,7/8,7/8,7/8,full;flag;coherent;coset,exact,1,1,7/8,1,1,0,0,14
3,3,1/2,0,3,1,7/8,7/8,7/8,7/8,7/8,full;flag;coherent;coset,exact,1,1,7/8,1,1,0,0,14
3,3,1/2,0,4,3/4,3/4,3/4,3/4,3/4,3/4,branch;full;flag;coherent;coset,exact,1,1,3/4,1,1,0,0,13
3,3,1/2,0,5,1,7/8,7/8,7/8,7/8,7/8,full;flag;coherent;coset,exact,1,1,7/8,1,1,0,0,14
3,3,1/2,0,6,1,7/8,7/8,7/8,7/8,7/8,full;flag;coherent;coset,exact,1,1,7/8,1,1,0,0,14
3,3,1/2,0,7,1,7/8,7/8,7/8,7/8,7/8,full;flag;coherent;coset,exact,1,1,7/8,1,1,0,0,14
3,3,1/2,1,0,1,7/8,7/8,7/8,7/8,7/8,full;flag;coherent;coset,exact,1,1,7/8,1,1,0,0,14
3,3,1/2,1,1,1,1,1,1,1,1,branch;full;flag;coherent;coset,exact,1,1,1,1,1,0,0,14
3,3,1/2,1,2,1,1,1,1,1,1,branch;full;flag;coherent;coset,exact,1,1,1,1,1,0,0,14
3,3,1/2,1,3,1,1,1,1,1,1,branch;full;flag;coherent;coset,exact,1,1,1,1,1,0,0,14
3,3,1/2,1,4,1,7/8,7/8,7/8,7/8,7/8,full;flag;coherent;coset,exact,1,1,7/8,1,1,0,0,14
3,3,1/2,1,5,1,1,1,1,1,1,branch;full;flag;coherent;coset,exact,1,1,1,1,1,0,0,14
3,3,1/2,1,6,1,1,1,1,1,1,branch;full;flag;coherent;coset,exact,1,1,1,1,1,0,0,14
3,3,1/2,1,7,1,1,1,1,1,1,branch;full;flag;coherent;coset,exact,1,1,1,1,1,0,0,14
3,3,1/2,2,0,1,7/8,7/8,7/8,7/8,7/8,full;flag;coherent;coset,exact,1,1,7/8,1,1,0,0,14
3,3,1/2,2,1,1,1,1,1,1,1,branch;full;flag;coherent;coset,exact,1,1,1,1,1,0,0,14
3,3,1/2,2,2,1,1,1,1,1,1,branch;full;flag;coherent;coset,exact,1,1,1,1,1,0,0,12
3,3,1/2,2,3,1,1,1,1,1,1,branch;full;flag;coherent;coset,exact,1,1,1,1,1,0,0,12
3,3,1/2,2,4,1,7/8,7/8,7/8,7/8,7/8,full;flag;coherent;coset,exact,1,1,7/8,1,1,0,0,14
3,3,1/2,2,5,1,1,1,1,1,1,branch;full;flag;coherent;coset,exact,1,1,1,1,1,0,0,14
3,3,1/2,2,6,1,1,1,1,1,1,branch;full;flag;coherent;coset,exact,1,1,1,1,1,0,0,12
3,3,1/2,2,7,1,1,1,1,1,1,branch;full;flag;coherent;coset,exact,1,1,1,1,1,0,0,12
3,3,1/2,3,0,1,7/8,7/8,7/8,7/8,7/8,full;flag;coherent;coset,exact,1,1,7/8,1,1,0,0,14
3,3,1/2,3,1,1,1,1,1,1,1,branch;full;flag;coherent;coset,exact,1,1,1,1,1,0,0,14
3,3,1/2,3,2,1,1,1,1,1,1,branch;full;flag;coherent;coset,exact,1,1,1,1,1,0,0,12
3,3,1/2,3,3,1,1,1,1,1,1,branch;full;flag;coherent;coset,exact,1,1,1,1,1,0,0,12
3,3,1/2,3,4,1,7/8,7/8,7/8,7/8,7/8,full;flag;coherent;coset,exact,1,1,7/8,1,1,0,0,14
3,3,1/2,3,5,1,1,1,1,1,1,branch;full;flag;coherent;coset,exact,1,1,1,1,1,0,0,14
3,3,1/2,3,6,1,1,1,1,1,1,branch;full;flag;coherent;coset,exact,1,1,1,1,1,0,0,12
3,3,1/2,3,7,1,1,1,1,1,1,branch;full;flag;coherent;coset,exact,1,1,1,1,1,0,0,12
3,3,1/2,4,0,3/4,3/4,3/4,3/4,3/4,3/4,branch;full;flag;coherent;coset,exact,1,1,3/4,1,1,0,0,13
3,3,1/2,4,1,1,7/8,7/8,7/8,7/8,7/8,full;flag;coherent;coset,exact,1,1,7/8,1,1,0,0,14
3,3,1/2,4,2,1,7/8,7/8,7/8,7/8,7/8,full;flag;coherent;coset,exact,1,1,7/8,1,1,0,0,14
3,3,1/2,4,3,1,7/8,7/8,7/8,7/8,7/8,full;flag;coherent;coset,exact,1,1,7/8,1,1,0,0,14
3,3,1/2,4,4,3/4,3/4,3/4,3/4,3/4,3/4,branch;full;flag;coherent;coset,exact,1,1,3/4,1,1,0,0,13
3,3,1/2,4,5,1,7/8,7/8,7/8,7/8,7/8,full;flag;coherent;coset,exact,1,1,7/8,1,1,0,0,14
3,3,1/2,4,6,1,7/8,7/8,7/8,7/8,7/8,full;flag;coherent;coset,exact,1,1,7/8,1,1,0,0,14
3,3,1/2,4,7,1,7/8,7/8,7/8,7/8,7/8,full;flag;coherent;coset,exact,1,1,7/8,1,1,0,0,14
3,3,1/2,5,0,1,7/8,7/8,7/8,7/8,7/8,full;flag;coherent;coset,exact,1,1,7/8,1,1,0,0,14
3,3,1/2,5,1,1,1,1,1,1,1,branch;full;flag;coherent;coset,exact,1,1,1,1,1,0,0,14
3,3,1/2,5,2,1,1,1,1,1,1,branch;full;flag;coherent;coset,exact,1,1,1,1,1,0,0,14
3,3,1/2,5,3,1,1,1,1,1,1,branch;full;flag;coherent;coset,exact,1,1,1,1,1,0,0,14
3,3,1/2,5,4,1,7/8,7/8,7/8,7/8,7/8,full;flag;coherent;coset,exact,1,1,7/8,1,1,0,0,14
3,3,1/2,5,5,1,1,1,1,1,1,branch;full;flag;coherent;coset,exact,1,1,1,1,1,0,0,14
3,3,1/2,5,6,1,1,1,1,1,1,branch;full;flag;coherent;coset,exact,1,1,1,1,1,0,0,14
3,3,1/2,5,7,1,1,1,1,1,1,branch;full;flag;coherent;coset,exact,1,1,1,1,1,0,0,14
3,3,1/2,6,0,1,7/8,7/8,7/8,7/8,7/8,full;flag;coherent;coset,exact,1,1,7/8,1,1,0,0,14
3,3,1/2,6,1,1,1,1,1,1,1,branch;full;flag;coherent;coset,exact,1,1,1,1,1,0,0,14
3,3,1/2,6,2,1,1,1,1,1,1,branch;full;flag;coherent;coset,exact,1,1,1,1,1,0,0,12
3,3,1/2,6,3,1,1,1,1,1,1,branch;full;flag;coherent;coset,exact,1,1,1,1,1,0,0,12
3,3,1/2,6,4,1,7/8,7/8,7/8,7/8,7/8,full;flag;coherent;coset,exact,1,1,7/8,1,1,0,0,14
3,3,1/2,6,5,1,1,1,1,1,1,branch;full;flag;coherent;coset,exact,1,1,1,1,1,0,0,14
3,3,1/2,6,6,1,1,1,1,1,1,branch;full;flag;coherent;coset,exact,1,1,1,1,1,0,0,12
3,3,1/2,6,7,1,1,1,1,1,1,branch;full;flag;coherent;coset,exact,1,1,1,1,1,0,0,12
3,3,1/2,7,0,1,7/8,7/8,7/8,7/8,7/8,full;flag;coherent;coset,exact,1,1,7/8,1,1,0,0,14
3,3,1/2,7,1,1,1,1,1,1,1,branch;full;flag;coherent;coset,exact,1,1,1,1,1,0,0,14
3,3,1/2,7,2,1,1,1,1,1,1,branch;full;flag;coherent;coset,exact,1,1,1,1,1,0,0,12
3,3,1/2,7,3,1,1,1,1,1,1,branch;full;flag;coherent;coset,exact,1,1,1,1,1,0,0,12
3,3,1/2,7,4,1,7/8,7/8,7/8,7/8,7/8,full;flag;coherent;coset,exact,1,1,7/8,1,1,0,0,14
3,3,1/2,7,5,1,1,1,1,1,1,branch;full;flag;coherent;coset,exact,1,1,1,1,1,0,0,14
3,3,1/2,7,6,1,1,1,1,1,1,branch;full;flag;coherent;coset,exact,1,1,1,1,1,0,0,12
3,3,1/2,7,7,1,1,1,1,1,1,branch;full;flag;coherent;coset,exact,1,1,1,1,1,0,0,12
3,3,3/4,0,0,3/4,3/4,3/4,3/4,3/4,3/4,branch;full;flag;coherent;coset,exact,1,1,3/4,1,1,0,0,19
3,3,3/4,0,1,1,15/16,15/16,15/16,15/16,15/16,full;flag;coherent;coset,exact,1,1,15/16,1,1,0,0,20
3,3,3/4,0,2,1,15/16,15/16,15/16,15/16,15/16,full;flag;coherent;coset,exact,1,1,15/16,1,1,0,0,18
3,3,3/4,0,3,1,15/16,15/16,15/16,15/16,15/16,full;flag;coherent;coset,exact,1,1,15/16,1,1,0,0,18
3,3,3/4,0,4,3/4,3/4,3/4,3/4,3/4,3/4,branch;full;flag;coherent;coset,exact,1,1,3/4,1,1,0,0,19
3,3,3/4,0,5,1,15/16,15/16,15/16,15/16,15/16,full;flag;coherent;coset,exact,1,1,15/16,1,1,0,0,20
3,3,3/4,0,6,1,15/16,15/16,15/16,15/16,15/16,full;flag;coherent;coset,exact,1,1,15/16,1,1,0,0,18
3,3,3/4,0,7,1,15/16,15/16,15/16,15/16,15/16,full;flag;coherent;coset,exact,1,1,15/16,1,1,0,0,18
3,3,3/4,1,0,1,15/16,15/16,15/16,15/16,15/16,full;flag;coherent;coset,exact,1,1,15/16,1,1,0,0,20
3,3,3/4,1,1,1,1,1,1,1,1,branch;full;flag;coherent;coset,exact,1,1,1,1,1,0,0,20
3,3,3/4,1,2,1,1,1,1,1,1,branch;full;flag;coherent;coset,exact,1,1,1,1,1,0,0,18
3,3,3/4,1,3,1,1,1,1,1,1,branch;full;flag;coherent;coset,exact,1,1,1,1,1,0,0,18
3,3,3/4,1,4,1,15/16,15/16,15/16,15/16,15/16,full;flag;coherent;coset,exact,1,1,15/16,1,1,0,0,20
3,3,3/4,1,5,1,1,1,1,1,1,branch;full;flag;coherent;coset,exact,1,1,1,1,1,0,0,20
3,3,3/4,1,6,1,1,1,1,1,1,branch;full;flag;coherent;coset,exact,1,1,1,1,1,0,0,18
3,3,3/4,1,7,1,1,1,1,1,1,branch;full;flag;coherent;coset,exact,1,1,1,1,1,0,0,18
3,3,3/4,2,0,1,15/16,15/16,15/16,15/16,15/16,full;flag;coherent;coset,exact,1,1,15/16,1,1,0,0,18
3,3,3/4,2,1,1,1,1,1,1,1,branch;full;flag;coherent;coset,exact,1,1,1,1,1,0,0,18
3,3,3/4,2,2,1,1,1,1,1,1,branch;full;flag;coherent;coset,exact,1,1,1,1,1,0,0,16
3,3,3/4,2,3,1,1,1,1,1,1,branch;full;flag;coherent;coset,exact,1,1,1,1,1,0,0,16
3,3,3/4,2,4,1,15/16,15/16,15/16,15/16,15/16,full;flag;coherent;coset,exact,1,1,15/16,1,1,0,0,18
3,3,3/4,2,5,1,1,1,1,1,1,branch;full;flag;coherent;coset,exact,1,1,1,1,1,0,0,18
3,3,3/4,2,6,1,1,1,1,1,1,branch;full;flag;coherent;coset,exact,1,1,1,1,1,0,0,16
3,3,3/4,2,7,1,1,1,1,1,1,branch;full;flag;coherent;coset,exact,1,1,1,1,1,0,0,16
3,3,3/4,3,0,1,15/16,15/16,15/16,15/16,15/16,full;flag;coherent;coset,exact,1,1,15/16,1,1,0,0,18
3,3,3/4,3,1,1,1,1,1,1,1,branch;full;flag;coherent;coset,exact,1,1,1,1,1,0,0,18
3,3,3/4,3,2,1,1,1,1,1,1,branch;full;flag;coherent;coset,exact,1,1,1,1,1,0,0,16
3,3,3/4,3,3,1,1,1,1,1,1,branch;full;flag;coherent;coset,exact,1,1,1,1,1,0,0,16
3,3,3/4,3,4,1,15/16,15/16,15/16,15/16,15/16,full;flag;coherent;coset,exact,1,1,15/16,1,1,0,0,18
3,3,3/4,3,5,1,1,1,1,1,1,branch;full;flag;coherent;coset,exact,1,1,1,1,1,0,0,18
3,3,3/4,3,6,1,1,1,1,1,1,branch;full;flag;coherent;coset,exact,1,1,1,1,1,0,0,16
3,3,3/4,3,7,1,1,1,1,1,1,branch;full;flag;coherent;coset,exact,1,1,1,1,1,0,0,16
3,3,3/4,4,0,3/4,3/4,3/4,3/4,3/4,3/4,branch;full;flag;coherent;coset,exact,1,1,3/4,1,1,0,0,19
3,3,3/4,4,1,1,15/16,15/16,15/16,15/16,15/16,full;flag;coherent;coset,exact,1,1,15/16,1,1,0,0,20
3,3,3/4,4,2,1,15/16,15/16,15/16,15/16,15/16,full;flag;coherent;coset,exact,1,1,15/16,1,1,0,0,18
3,3,3/4,4,3,1,15/16,15/16,15/16,15/16,15/16,full;flag;coherent;coset,exact,1,1,15/16,1,1,0,0,18
3,3,3/4,4,4,3/4,3/4,3/4,3/4,3/4,3/4,branch;full;flag;coherent;coset,exact,1,1,3/4,1,1,0,0,19
3,3,3/4,4,5,1,15/16,15/16,15/16,15/16,15/16,full;flag;coherent;coset,exact,1,1,15/16,1,1,0,0,20
3,3,3/4,4,6,1,15/16,15/16,15/16,15/16,15/16,full;flag;coherent;coset,exact,1,1,15/16,1,1,0,0,18
3,3,3/4,4,7,1,15/16,15/16,15/16,15/16,15/16,full;flag;coherent;coset,exact,1,1,15/16,1,1,0,0,18
3,3,3/4,5,0,1,15/16,15/16,15/16,15/16,15/16,full;flag;coherent;coset,exact,1,1,15/16,1,1,0,0,20
3,3,3/4,5,1,1,1,1,1,1,1,branch;full;flag;coherent;coset,exact,1,1,1,1,1,0,0,20
3,3,3/4,5,2,1,1,1,1,1,1,branch;full;flag;coherent;coset,exact,1,1,1,1,1,0,0,18
3,3,3/4,5,3,1,1,1,1,1,1,branch;full;flag;coherent;coset,exact,1,1,1,1,1,0,0,18
3,3,3/4,5,4,1,15/16,15/16,15/16,15/16,15/16,full;flag;coherent;coset,exact,1,1,15/16,1,1,0,0,20
3,3,3/4,5,5,1,1,1,1,1,1,branch;full;flag;coherent;coset,exact,1,1,1,1,1,0,0,20
3,3,3/4,5,6,1,1,1,1,1,1,branch;full;flag;coherent;coset,exact,1,1,1,1,1,0,0,18
3,3,3/4,5,7,1,1,1,1,1,1,branch;full;flag;coherent;coset,exact,1,1,1,1,1,0,0,18
3,3,3/4,6,0,1,15/16,15/16,15/16,15/16,15/16,full;flag;coherent;coset,exact,1,1,15/16,1,1,0,0,18
3,3,3/4,6,1,1,1,1,1,1,1,branch;full;flag;coherent;coset,exact,1,1,1,1,1,0,0,18
3,3,3/4,6,2,1,1,1,1,1,1,branch;full;flag;coherent;coset,exact,1,1,1,1,1,0,0,16
3,3,3/4,6,3,1,1,1,1,1,1,branch;full;flag;coherent;coset,exact,1,1,1,1,1,0,0,16
3,3,3/4,6,4,1,15/16,15/16,15/16,15/16,15/16,full;flag;coherent;coset,exact,1,1,15/16,1,1,0,0,18
3,3,3/4,6,5,1,1,1,1,1,1,branch;full;flag;coherent;coset,exact,1,1,1,1,1,0,0,18
3,3,3/4,6,6,1,1,1,1,1,1,branch;full;flag;coherent;coset,exact,1,1,1,1,1,0,0,16
3,3,3/4,6,7,1,1,1,1,1,1,branch;full;flag;coherent;coset,exact,1,1,1,1,1,0,0,16
3,3,3/4,7,0,1,15/16,15/16,15/16,15/16,15/16,full;flag;coherent;coset,exact,1,1,15/16,1,1,0,0,18
3,3,3/4,7,1,1,1,1,1,1,1,branch;full;flag;coherent;coset,exact,1,1,1,1,1,0,0,18
3,3,3/4,7,2,1,1,1,1,1,1,branch;full;flag;coherent;coset,exact,1,1,1,1,1,0,0,16
3,3,3/4,7,3,1,1,1,1,1,1,branch;full;flag;coherent;coset,exact,1,1,1,1,1,0,0,16
3,3,3/4,7,4,1,15/16,15/16,15/16,15/16,15/16,full;flag;coherent;coset,exact,1,1,15/16,1,1,0,0,18
3,3,3/4,7,5,1,1,1,1,1,1,branch;full;flag;coherent;coset,exact,1,1,1,1,1,0,0,18
3,3,3/4,7,6,1,1,1,1,1,1,branch;full;flag;coherent;coset,exact,1,1,1,1,1,0,0,16
3,3,3/4,7,7,1,1,1,1,1,1,branch;full;flag;coherent;coset,exact,1,1,1,1,1,0,0,16
3,3,1,0,0,3/4,3/4,3/4,3/4,3/4,3/4,branch;full;flag;coherent;coset,exact,1,1,3/4,1,1,0,0,14
3,3,1,0,1,1,1,1,1,1,1,branch;full;flag;coherent;coset,exact,1,1,1,1,1,0,0,14
3,3,1,0,2,1,1,1,1,1,1,branch;full;flag;coherent;coset,exact,1,1,1,1,1,0,0,13
3,3,1,0,3,1,1,1,1,1,1,branch;full;flag;coherent;coset,exact,1,1,1,1,1,0,0,13
3,3,1,0,4,3/4,3/4,3/4,3/4,3/4,3/4,branch;full;flag;coherent;coset,exact,1,1,3/4,1,1,0,0,14
3,3,1,0,5,1,1,1,1,1,1,branch;full;flag;coherent;coset,exact,1,1,1,1,1,0,0,14
3,3,1,0,6,1,1,1,1,1,1,branch;full;flag;coherent;coset,exact,1,1,1,1,1,0,0,13
3,3,1,0,7,1,1,1,1,1,1,branch;full;flag;coherent;coset,exact,1,1,1,1,1,0,0,13
3,3,1,1,0,1,1,1,1,1,1,branch;full;flag;coherent;coset,exact,1,1,1,1,1,0,0,14
3,3,1,1,1,1,1,1,1,1,1,branch;full;flag;coherent;coset,exact,1,1,1,1,1,0,0,14
3,3,1,1,2,1,1,1,1,1,1,branch;full;flag;coherent;coset,exact,1,1,1,1,1,0,0,13
3,3,1,1,3,1,1,1,1,1,1,branch;full;flag;coherent;coset,exact,1,1,1,1,1,0,0,13
3,3,1,1,4,1,1,1,1,1,1,branch;full;flag;coherent;coset,exact,1,1,1,1,1,0,0,14
3,3,1,1,5,1,1,1,1,1,1,branch;full;flag;coherent;coset,exact,1,1,1,1,1,0,0,14
3,3,1,1,6,1,1,1,1,1,1,branch;full;flag;coherent;coset,exact,1,1,1,1,1,0,0,13
3,3,1,1,7,1,1,1,1,1,1,branch;full;flag;coherent;coset,exact,1,1,1,1,1,0,0,13
3,3,1,2,0,1,1,1,1,1,1,branch;full;flag;coherent;coset,exact,1,1,1,1,1,0,0,13
3,3,1,2,1,1,1,1,1,1,1,branch;full;flag;coherent;coset,exact,1,1,1,1,1,0,0,13
3,3,1,2,2,1,1,1,1,1,1,branch;full;flag;coherent;coset,exact,1,1,1,1,1,0,0,12
3,3,1,2,3,1,1,1,1,1,1,branch;full;flag;coherent;coset,exact,1,1,1,1,1,0,0,12
3,3,1,2,4,1,1,1,1,1,1,branch;full;flag;coherent;coset,exact,1,1,1,1,1,0,0,13
3,3,1,2,5,1,1,1,1,1,1,branch;full;flag;coherent;coset,exact,1,1,1,1,1,0,0,13
3,3,1,2,6,1,1,1,1,1,1,branch;full;flag;coherent;coset,exact,1,1,1,1,1,0,0,12
3,3,1,2,7,1,1,1,1,1,1,branch;full;flag;coherent;coset,exact,1,1,1,1,1,0,0,12
3,3,1,3,0,1,1,1,1,1,1,branch;full;flag;coherent;coset,exact,1,1,1,1,1,0,0,13
3,3,1,3,1,1,1,1,1,1,1,branch;full;flag;coherent;coset,exact,1,1,1,1,1,0,0,13
3,3,1,3,2,1,1,1,1,1,1,branch;full;flag;coherent;coset,exact,1,1,1,1,1,0,0,12
3,3,1,3,3,1,1,1,1,1,1,branch;full;flag;coherent;coset,exact,1,1,1,1,1,0,0,12
3,3,1,3,4,1,1,1,1,1,1,branch;full;flag;coherent;coset,exact,1,1,1,1,1,0,0,13
3,3,1,3,5,1,1,1,1,1,1,branch;full;flag;coherent;coset,exact,1,1,1,1,1,0,0,13
3,3,1,3,6,1,1,1,1,1,1,branch;full;flag;coherent;coset,exact,1,1,1,1,1,0,0,12
3,3,1,3,7,1,1,1,1,1,1,branch;full;flag;coherent;coset,exact,1,1,1,1,1,0,0,12
3,3,1,4,0,3/4,3/4,3/4,3/4,3/4,3/4,branch;full;flag;coherent;coset,exact,1,1,3/4,1,1,0,0,14
3,3,1,4,1,1,1,1,1,1,1,branch;full;flag;coherent;coset,exact,1,1,1,1,1,0,0,14
3,3,1,4,2,1,1,1,1,1,1,branch;full;flag;coherent;coset,exact,1,1,1,1,1,0,0,13
3,3,1,4,3,1,1,1,1,1,1,branch;full;flag;coherent;coset,exact,1,1,1,1,1,0,0,13
3,3,1,4,4,3/4,3/4,3/4,3/4,3/4,3/4,branch;full;flag;coherent;coset,exact,1,1,3/4,1,1,0,0,14
3,3,1,4,5,1,1,1,1,1,1,branch;full;flag;coherent;coset,exact,1,1,1,1,1,0,0,14
3,3,1,4,6,1,1,1,1,1,1,branch;full;flag;coherent;coset,exact,1,1,1,1,1,0,0,13
3,3,1,4,7,1,1,1,1,1,1,branch;full;flag;coherent;coset,exact,1,1,1,1,1,0,0,13
3,3,1,5,0,1,1,1,1,1,1,branch;full;flag;coherent;coset,exact,1,1,1,1,1,0,0,14
3,3,1,5,1,1,1,1,1,1,1,branch;full;flag;coherent;coset,exact,1,1,1,1,1,0,0,14
3,3,1,5,2,1,1,1,1,1,1,branch;full;flag;coherent;coset,exact,1,1,1,1,1,0,0,13
3,3,1,5,3,1,1,1,1,1,1,branch;full;flag;coherent;coset,exact,1,1,1,1,1,0,0,13
3,3,1,5,4,1,1,1,1,1,1,branch;full;flag;coherent;coset,exact,1,1,1,1,1,0,0,14
3,3,1,5,5,1,1,1,1,1,1,branch;full;flag;coherent;coset,exact,1,1,1,1,1,0,0,14
3,3,1,5,6,1,1,1,1,1,1,branch;full;flag;coherent;coset,exact,1,1,1,1,1,0,0,13
3,3,1,5,7,1,1,1,1,1,1,branch;full;flag;coherent;coset,exact,1,1,1,1,1,0,0,13
3,3,1,6,0,1,1,1,1,1,1,branch;full;flag;coherent;coset,exact,1,1,1,1,1,0,0,13
3,3,1,6,1,1,1,1,1,1,1,branch;full;flag;coherent;coset,exact,1,1,1,1,1,0,0,13
3,3,1,6,2,1,1,1,1,1,1,branch;full;flag;coherent;coset,exact,1,1,1,1,1,0,0,12
3,3,1,6,3,1,1,1,1,1,1,branch;full;flag;coherent;coset,exact,1,1,1,1,1,0,0,12
3,3,1,6,4,1,1,1,1,1,1,branch;full;flag;coherent;coset,exact,1,1,1,1,1,0,0,13
3,3,1,6,5,1,1,1,1,1,1,branch;full;flag;coherent;coset,exact,1,1,1,1,1,0,0,13
3,3,1,6,6,1,1,1,1,1,1,branch;full;flag;coherent;coset,exact,1,1,1,1,1,0,0,12
3,3,1,6,7,1,1,1,1,1,1,branch;full;flag;coherent;coset,exact,1,1,1,1,1,0,0,12
3,3,1,7,0,1,1,1,1,1,1,branch;full;flag;coherent;coset,exact,1,1,1,1,1,0,0,13
3,3,1,7,1,1,1,1,1,1,1,branch;full;flag;coherent;coset,exact,1,1,1,1,1,0,0,13
3,3,1,7,2,1,1,1,1,1,1,branch;full;flag;coherent;coset,exact,1,1,1,1,1,0,0,12
3,3,1,7,3,1,1,1,1,1,1,branch;full;flag;coherent;coset,exact,1,1,1,1,1,0,0,12
3,3,1,7,4,1,1,1,1,1,1,branch;full;flag;coherent;coset,exact,1,1,1,1,1,0,0,13
3,3,1,7,5,1,1,1,1,1,1,branch;full;flag;coherent;coset,exact,1,1,1,1,1,0,0,13
3,3,1,7,6,1,1,1,1,1,1,branch;full;flag;coherent;coset,exact,1,1,1,1,1,0,0,12
3,3,1,7,7,1,1,1,1,1,1,branch;full;flag;coherent;coset,exact,1,1,1,1,1,0,0,12
