map1,radius1,guesses1,map2,radius2,guesses2,branch,full,flag,coherent,coset,issued,issued_methods,coverage_mode,hierarchy_applicable,hierarchy_holds,oracle,sound,exact,improves_full,improves_simple_min,oracle_states
0,0,1,0,0,1,1,1,1,1,1,1,branch;full;flag;coherent;coset,exact,1,1,1,1,1,0,0,5
0,0,1,0,0,2,1,1,1,1,1,1,branch;full;flag;coherent;coset,exact,1,1,1,1,1,0,0,5
0,0,1,0,1,1,1,1,1,1,1,1,branch;full;flag;coherent;coset,exact,1,1,1,1,1,0,0,5
0,0,1,0,1,2,1,1,1,1,1,1,branch;full;flag;coherent;coset,exact,1,1,1,1,1,0,0,5
0,0,2,0,0,1,1,1,1,1,1,1,branch;full;flag;coherent;coset,exact,1,1,1,1,1,0,0,5
0,0,2,0,0,2,1,1,1,1,1,1,branch;full;flag;coherent;coset,exact,1,1,1,1,1,0,0,5
0,0,2,0,1,1,1,1,1,1,1,1,branch;full;flag;coherent;coset,exact,1,1,1,1,1,0,0,5
0,0,2,0,1,2,1,1,1,1,1,1,branch;full;flag;coherent;coset,exact,1,1,1,1,1,0,0,5
0,1,1,0,0,1,1,1,1,1,1,1,branch;full;flag;coherent;coset,exact,1,1,1,1,1,0,0,5
0,1,1,0,0,2,1,1,1,1,1,1,branch;full;flag;coherent;coset,exact,1,1,1,1,1,0,0,5
0,1,1,0,1,1,1,1,1,1,1,1,branch;full;flag;coherent;coset,exact,1,1,1,1,1,0,0,5
0,1,1,0,1,2,1,1,1,1,1,1,branch;full;flag;coherent;coset,exact,1,1,1,1,1,0,0,5
0,1,2,0,0,1,1,1,1,1,1,1,branch;full;flag;coherent;coset,exact,1,1,1,1,1,0,0,5
0,1,2,0,0,2,1,1,1,1,1,1,branch;full;flag;coherent;coset,exact,1,1,1,1,1,0,0,5
0,1,2,0,1,1,1,1,1,1,1,1,branch;full;flag;coherent;coset,exact,1,1,1,1,1,0,0,5
0,1,2,0,1,2,1,1,1,1,1,1,branch;full;flag;coherent;coset,exact,1,1,1,1,1,0,0,5
0,0,1,1,0,1,1,1,1,1,1,1,branch;full;flag;coherent;coset,exact,1,1,1,1,1,0,0,7
0,0,1,1,0,2,1,1,1,1,1,1,branch;full;flag;coherent;coset,exact,1,1,1,1,1,0,0,7
0,0,1,1,1,1,1,1,1,1,1,1,branch;full;flag;coherent;coset,exact,1,1,1,1,1,0,0,6
0,0,1,1,1,2,1,1,1,1,1,1,branch;full;flag;coherent;coset,exact,1,1,1,1,1,0,0,6
0,0,2,1,0,1,1,1,1,1,1,1,branch;full;flag;coherent;coset,exact,1,1,1,1,1,0,0,7
0,0,2,1,0,2,1,1,1,1,1,1,branch;full;flag;coherent;coset,exact,1,1,1,1,1,0,0,7
0,0,2,1,1,1,1,1,1,1,1,1,branch;full;flag;coherent;coset,exact,1,1,1,1,1,0,0,6
0,0,2,1,1,2,1,1,1,1,1,1,branch;full;flag;coherent;coset,exact,1,1,1,1,1,0,0,6
0,1,1,1,0,1,1,1,1,1,1,1,branch;full;flag;coherent;coset,exact,1,1,1,1,1,0,0,7
0,1,1,1,0,2,1,1,1,1,1,1,branch;full;flag;coherent;coset,exact,1,1,1,1,1,0,0,7
0,1,1,1,1,1,1,1,1,1,1,1,branch;full;flag;coherent;coset,exact,1,1,1,1,1,0,0,6
0,1,1,1,1,2,1,1,1,1,1,1,branch;full;flag;coherent;coset,exact,1,1,1,1,1,0,0,6
0,1,2,1,0,1,1,1,1,1,1,1,branch;full;flag;coherent;coset,exact,1,1,1,1,1,0,0,7
0,1,2,1,0,2,1,1,1,1,1,1,branch;full;flag;coherent;coset,exact,1,1,1,1,1,0,0,7
0,1,2,1,1,1,1,1,1,1,1,1,branch;full;flag;coherent;coset,exact,1,1,1,1,1,0,0,6
0,1,2,1,1,2,1,1,1,1,1,1,branch;full;flag;coherent;coset,exact,1,1,1,1,1,0,0,6
0,0,1,2,0,1,1,1,1,1,1,1,branch;full;flag;coherent;coset,exact,1,1,1,1,1,0,0,7
0,0,1,2,0,2,1,1,1,1,1,1,branch;full;flag;coherent;coset,exact,1,1,1,1,1,0,0,7
0,0,1,2,1,1,1,1,1,1,1,1,branch;full;flag;coherent;coset,exact,1,1,1,1,1,0,0,6
0,0,1,2,1,2,1,1,1,1,1,1,branch;full;flag;coherent;coset,exact,1,1,1,1,1,0,0,6
0,0,2,2,0,1,1,1,1,1,1,1,branch;full;flag;coherent;coset,exact,1,1,1,1,1,0,0,7
0,0,2,2,0,2,1,1,1,1,1,1,branch;full;flag;coherent;coset,exact,1,1,1,1,1,0,0,7
0,0,2,2,1,1,1,1,1,1,1,1,branch;full;flag;coherent;coset,exact,1,1,1,1,1,0,0,6
0,0,2,2,1,2,1,1,1,1,1,1,branch;full;flag;coherent;coset,exact,1,1,1,1,1,0,0,6
0,1,1,2,0,1,1,1,1,1,1,1,branch;full;flag;coherent;coset,exact,1,1,1,1,1,0,0,7
0,1,1,2,0,2,1,1,1,1,1,1,branch;full;flag;coherent;coset,exact,1,1,1,1,1,0,0,7
0,1,1,2,1,1,1,1,1,1,1,1,branch;full;flag;coherent;coset,exact,1,1,1,1,1,0,0,6
0,1,1,2,1,2,1,1,1,1,1,1,branch;full;flag;coherent;coset,exact,1,1,1,1,1,0,0,6
0,1,2,2,0,1,1,1,1,1,1,1,branch;full;flag;coherent;coset,exact,1,1,1,1,1,0,0,7
0,1,2,2,0,2,1,1,1,1,1,1,branch;full;flag;coherent;coset,exact,1,1,1,1,1,0,0,7
0,1,2,2,1,1,1,1,1,1,1,1,branch;full;flag;coherent;coset,exact,1,1,1,1,1,0,0,6
0,1,2,2,1,2,1,1,1,1,1,1,branch;full;flag;coherent;coset,exact,1,1,1,1,1,0,0,6
0,0,1,3,0,1,1,1,1,1,1,1,branch;full;flag;coherent;coset,exact,1,1,1,1,1,0,0,7
0,0,1,3,0,2,1,1,1,1,1,1,branch;full;flag;coherent;coset,exact,1,1,1,1,1,0,0,7
0,0,1,3,1,1,1,1,1,1,1,1,branch;full;flag;coherent;coset,exact,1,1,1,1,1,0,0,6
0,0,1,3,1,2,1,1,1,1,1,1,branch;full;flag;coherent;coset,exact,1,1,1,1,1,0,0,6
0,0,2,3,0,1,1,1,1,1,1,1,branch;full;flag;coherent;coset,exact,1,1,1,1,1,0,0,7
0,0,2,3,0,2,1,1,1,1,1,1,branch;full;flag;coherent;coset,exact,1,1,1,1,1,0,0,7
0,0,2,3,1,1,1,1,1,1,1,1,branch;full;flag;coherent;coset,exact,1,1,1,1,1,0,0,6
0,0,2,3,1,2,1,1,1,1,1,1,branch;full;flag;coherent;coset,exact,1,1,1,1,1,0,0,6
0,1,1,3,0,1,1,1,1,1,1,1,branch;full;flag;coherent;coset,exact,1,1,1,1,1,0,0,7
0,1,1,3,0,2,1,1,1,1,1,1,branch;full;flag;coherent;coset,exact,1,1,1,1,1,0,0,7
0,1,1,3,1,1,1,1,1,1,1,1,branch;full;flag;coherent;coset,exact,1,1,1,1,1,0,0,6
0,1,1,3,1,2,1,1,1,1,1,1,branch;full;flag;coherent;coset,exact,1,1,1,1,1,0,0,6
0,1,2,3,0,1,1,1,1,1,1,1,branch;full;flag;coherent;coset,exact,1,1,1,1,1,0,0,7
0,1,2,3,0,2,1,1,1,1,1,1,branch;full;flag;coherent;coset,exact,1,1,1,1,1,0,0,7
0,1,2,3,1,1,1,1,1,1,1,1,branch;full;flag;coherent;coset,exact,1,1,1,1,1,0,0,6
0,1,2,3,1,2,1,1,1,1,1,1,branch;full;flag;coherent;coset,exact,1,1,1,1,1,0,0,6
0,0,1,4,0,1,1,1,1,1,1,1,branch;full;flag;coherent;coset,exact,1,1,1,1,1,0,0,7
0,0,1,4,0,2,1,1,1,1,1,1,branch;full;flag;coherent;coset,exact,1,1,1,1,1,0,0,7
0,0,1,4,1,1,1,1,1,1,1,1,branch;full;flag;coherent;coset,exact,1,1,1,1,1,0,0,6
0,0,1,4,1,2,1,1,1,1,1,1,branch;full;flag;coherent;coset,exact,1,1,1,1,1,0,0,6
0,0,2,4,0,1,1,1,1,1,1,1,branch;full;flag;coherent;coset,exact,1,1,1,1,1,0,0,7
0,0,2,4,0,2,1,1,1,1,1,1,branch;full;flag;coherent;coset,exact,1,1,1,1,1,0,0,7
0,0,2,4,1,1,1,1,1,1,1,1,branch;full;flag;coherent;coset,exact,1,1,1,1,1,0,0,6
0,0,2,4,1,2,1,1,1,1,1,1,branch;full;flag;coherent;coset,exact,1,1,1,1,1,0,0,6
0,1,1,4,0,1,1,1,1,1,1,1,branch;full;flag;coherent;coset,exact,1,1,1,1,1,0,0,7
0,1,1,4,0,2,1,1,1,1,1,1,branch;full;flag;coherent;coset,exact,1,1,1,1,1,0,0,7
0,1,1,4,1,1,1,1,1,1,1,1,branch;full;flag;coherent;coset,exact,1,1,1,1,1,0,0,6
0,1,1,4,1,2,1,1,1,1,1,1,branch;full;flag;coherent;coset,exact,1,1,1,1,1,0,0,6
0,1,2,4,0,1,1,1,1,1,1,1,branch;full;flag;coherent;coset,exact,1,1,1,1,1,0,0,7
0,1,2,4,0,2,1,1,1,1,1,1,branch;full;flag;coherent;coset,exact,1,1,1,1,1,0,0,7
0,1,2,4,1,1,1,1,1,1,1,1,branch;full;flag;coherent;coset,exact,1,1,1,1,1,0,0,6
0,1,2,4,1,2,1,1,1,1,1,1,branch;full;flag;coherent;coset,exact,1,1,1,1,1,0,0,6
0,0,1,5,0,1,1,1,1,1,1,1,branch;full;flag;coherent;coset,exact,1,1,1,1,1,0,0,7
0,0,1,5,0,2,1,1,1,1,1,1,branch;full;flag;coherent;coset,exact,1,1,1,1,1,0,0,7
0,0,1,5,1,1,1,1,1,1,1,1,branch;full;flag;coherent;coset,exact,1,1,1,1,1,0,0,6
0,0,1,5,1,2,1,1,1,1,1,1,branch;full;flag;coherent;coset,exact,1,1,1,1,1,0,0,6
0,0,2,5,0,1,1,1,1,1,1,1,branch;full;flag;coherent;coset,exact,1,1,1,1,1,0,0,7
0,0,2,5,0,2,1,1,1,1,1,1,branch;full;flag;coherent;coset,exact,1,1,1,1,1,0,0,7
0,0,2,5,1,1,1,1,1,1,1,1,branch;full;flag;coherent;coset,exact,1,1,1,1,1,0,0,6
0,0,2,5,1,2,1,1,1,1,1,1,branch;full;flag;coherent;coset,exact,1,1,1,1,1,0,0,6
0,1,1,5,0,1,1,1,1,1,1,1,branch;full;flag;coherent;coset,exact,1,1,1,1,1,0,0,7
0,1,1,5,0,2,1,1,1,1,1,1,branch;full;flag;coherent;coset,exact,1,1,1,1,1,0,0,7
0,1,1,5,1,1,1,1,1,1,1,1,branch;full;flag;coherent;coset,exact,1,1,1,1,1,0,0,6
0,1,1,5,1,2,1,1,1,1,1,1,branch;full;flag;coherent;coset,exact,1,1,1,1,1,0,0,6
0,1,2,5,0,1,1,1,1,1,1,1,branch;full;flag;coherent;coset,exact,1,1,1,1,1,0,0,7
0,1,2,5,0,2,1,1,1,1,1,1,branch;full;flag;coherent;coset,exact,1,1,1,1,1,0,0,7
0,1,2,5,1,1,1,1,1,1,1,1,branch;full;flag;coherent;coset,exact,1,1,1,1,1,0,0,6
0,1,2,5,1,2,1,1,1,1,1,1,branch;full;flag;coherent;coset,exact,1,1,1,1,1,0,0,6
0,0,1,6,0,1,1,1,1,1,1,1,branch;full;flag;coherent;coset,exact,1,1,1,1,1,0,0,8
0,0,1,6,0,2,1,1,1,1,1,1,branch;full;flag;coherent;coset,exact,1,1,1,1,1,0,0,14
0,0,1,6,1,1,1,1,1,1,1,1,branch;full;flag;coherent;coset,exact,1,1,1,1,1,0,0,8
0,0,1,6,1,2,1,1,1,1,1,1,branch;full;flag;coherent;coset,exact,1,1,1,1,1,0,0,8
0,0,2,6,0,1,1,1,1,1,1,1,branch;full;flag;coherent;coset,exact,1,1,1,1,1,0,0,8
0,0,2,6,0,2,1,1,1,1,1,1,branch;full;flag;coherent;coset,exact,1,1,1,1,1,0,0,14
0,0,2,6,1,1,1,1,1,1,1,1,branch;full;flag;coherent;coset,exact,1,1,1,1,1,0,0,8
0,0,2,6,1,2,1,1,1,1,1,1,branch;full;flag;coherent;coset,exact,1,1,1,1,1,0,0,8
0,1,1,6,0,1,1,1,1,1,1,1,branch;full;flag;coherent;coset,exact,1,1,1,1,1,0,0,8
0,1,1,6,0,2,1,1,1,1,1,1,branch;full;flag;coherent;coset,exact,1,1,1,1,1,0,0,14
0,1,1,6,1,1,1,1,1,1,1,1,branch;full;flag;coherent;coset,exact,1,1,1,1,1,0,0,8
0,1,1,6,1,2,1,1,1,1,1,1,branch;full;flag;coherent;coset,exact,1,1,1,1,1,0,0,8
0,1,2,6,0,1,1,1,1,1,1,1,branch;full;flag;coherent;coset,exact,1,1,1,1,1,0,0,8
0,1,2,6,0,2,1,1,1,1,1,1,branch;full;flag;coherent;coset,exact,1,1,1,1,1,0,0,14
0,1,2,6,1,1,1,1,1,1,1,1,branch;full;flag;coherent;coset,exact,1,1,1,1,1,0,0,8
0,1,2,6,1,2,1,1,1,1,1,1,branch;full;flag;coherent;coset,exact,1,1,1,1,1,0,0,8
0,0,1,7,0,1,1,1,1,1,1,1,branch;full;flag;coherent;coset,exact,1,1,1,1,1,0,0,8
0,0,1,7,0,2,1,1,1,1,1,1,branch;full;flag;coherent;coset,exact,1,1,1,1,1,0,0,14
0,0,1,7,1,1,1,1,1,1,1,1,branch;full;flag;coherent;coset,exact,1,1,1,1,1,0,0,8
0,0,1,7,1,2,1,1,1,1,1,1,branch;full;flag;coherent;coset,exact,1,1,1,1,1,0,0,8
0,0,2,7,0,1,1,1,1,1,1,1,branch;full;flag;coherent;coset,exact,1,1,1,1,1,0,0,8
0,0,2,7,0,2,1,1,1,1,1,1,branch;full;flag;coherent;coset,exact,1,1,1,1,1,0,0,14
0,0,2,7,1,1,1,1,1,1,1,1,branch;full;flag;coherent;coset,exact,1,1,1,1,1,0,0,8
0,0,2,7,1,2,1,1,1,1,1,1,branch;full;flag;coherent;coset,exact,1,1,1,1,1,0,0,8
0,1,1,7,0,1,1,1,1,1,1,1,branch;full;flag;coherent;coset,exact,1,1,1,1,1,0,0,8
0,1,1,7,0,2,1,1,1,1,1,1,branch;full;flag;coherent;coset,exact,1,1,1,1,1,0,0,14
0,1,1,7,1,1,1,1,1,1,1,1,branch;full;flag;coherent;coset,exact,1,1,1,1,1,0,0,8
0,1,1,7,1,2,1,1,1,1,1,1,branch;full;flag;coherent;coset,exact,1,1,1,1,1,0,0,8
0,1,2,7,0,1,1,1,1,1,1,1,branch;full;flag;coherent;coset,exact,1,1,1,1,1,0,0,8
0,1,2,7,0,2,1,1,1,1,1,1,branch;full;flag;coherent;coset,exact,1,1,1,1,1,0,0,14
0,1,2,7,1,1,1,1,1,1,1,1,branch;full;flag;coherent;coset,exact,1,1,1,1,1,0,0,8
0,1,2,7,1,2,1,1,1,1,1,1,branch;full;flag;coherent;coset,exact,1,1,1,1,1,0,0,8
0,0,1,8,0,1,1,1,1,1,1,1,branch;full;flag;coherent;coset,exact,1,1,1,1,1,0,0,7
0,0,1,8,0,2,1,1,1,1,1,1,branch;full;flag;coherent;coset,exact,1,1,1,1,1,0,0,7
0,0,1,8,1,1,1,1,1,1,1,1,branch;full;flag;coherent;coset,exact,1,1,1,1,1,0,0,6
0,0,1,8,1,2,1,1,1,1,1,1,branch;full;flag;coherent;coset,exact,1,1,1,1,1,0,0,6
0,0,2,8,0,1,1,1,1,1,1,1,branch;full;flag;coherent;coset,exact,1,1,1,1,1,0,0,7
0,0,2,8,0,2,1,1,1,1,1,1,branch;full;flag;coherent;coset,exact,1,1,1,1,1,0,0,7
0,0,2,8,1,1,1,1,1,1,1,1,branch;full;flag;coherent;coset,exact,1,1,1,1,1,0,0,6
0,0,2,8,1,2,1,1,1,1,1,1,branch;full;flag;coherent;coset,exact,1,1,1,1,1,0,0,6
0,1,1,8,0,1,1,1,1,1,1,1,branch;full;flag;coherent;coset,exact,1,1,1,1,1,0,0,7
0,1,1,8,0,2,1,1,1,1,1,1,branch;full;flag;coherent;coset,exact,1,1,1,1,1,0,0,7
0,1,1,8,1,1,1,1,1,1,1,1,branch;full;flag;coherent;coset,exact,1,1,1,1,1,0,0,6
0,1,1,8,1,2,1,1,1,1,1,1,branch;full;flag;coherent;coset,exact,1,1,1,1,1,0,0,6
0,1,2,8,0,1,1,1,1,1,1,1,branch;full;flag;coherent;coset,exact,1,1,1,1,1,0,0,7
0,1,2,8,0,2,1,1,1,1,1,1,branch;full;flag;coherent;coset,exact,1,1,1,1,1,0,0,7
0,1,2,8,1,1,1,1,1,1,1,1,branch;full;flag;coherent;coset,exact,1,1,1,1,1,0,0,6
0,1,2,8,1,2,1,1,1,1,1,1,branch;full;flag;coherent;coset,exact,1,1,1,1,1,0,0,6
0,0,1,9,0,1,1,1,1,1,1,1,branch;full;flag;coherent;coset,exact,1,1,1,1,1,0,0,8
0,0,1,9,0,2,1,1,1,1,1,1,branch;full;flag;coherent;coset,exact,1,1,1,1,1,0,0,14
0,0,1,9,1,1,1,1,1,1,1,1,branch;full;flag;coherent;coset,exact,1,1,1,1,1,0,0,8
0,0,1,9,1,2,1,1,1,1,1,1,branch;full;flag;coherent;coset,exact,1,1,1,1,1,0,0,8
0,0,2,9,0,1,1,1,1,1,1,1,branch;full;flag;coherent;coset,exact,1,1,1,1,1,0,0,8
0,0,2,9,0,2,1,1,1,1,1,1,branch;full;flag;coherent;coset,exact,1,1,1,1,1,0,0,14
0,0,2,9,1,1,1,1,1,1,1,1,branch;full;flag;coherent;coset,exact,1,1,1,1,1,0,0,8
0,0,2,9,1,2,1,1,1,1,1,1,branch;full;flag;coherent;coset,exact,1,1,1,1,1,0,0,8
0,1,1,9,0,1,1,1,1,1,1,1,branch;full;flag;coherent;coset,exact,1,1,1,1,1,0,0,8
0,1,1,9,0,2,1,1,1,1,1,1,branch;full;flag;coherent;coset,exact,1,1,1,1,1,0,0,14
0,1,1,9,1,1,1,1,1,1,1,1,branch;full;flag;coherent;coset,exact,1,1,1,1,1,0,0,8
0,1,1,9,1,2,1,1,1,1,1,1,branch;full;flag;coherent;coset,exact,1,1,1,1,1,0,0,8
0,1,2,9,0,1,1,1,1,1,1,1,branch;full;flag;coherent;coset,exact,1,1,1,1,1,0,0,8
0,1,2,9,0,2,1,1,1,1,1,1,branch;full;flag;coherent;coset,exact,1,1,1,1,1,0,0,14
0,1,2,9,1,1,1,1,1,1,1,1,branch;full;flag;coherent;coset,exact,1,1,1,1,1,0,0,8
0,1,2,9,1,2,1,1,1,1,1,1,branch;full;flag;coherent;coset,exact,1,1,1,1,1,0,0,8
0,0,1,10,0,1,1,1,1,1,1,1,branch;full;flag;coherent;coset,exact,1,1,1,1,1,0,0,7
0,0,1,10,0,2,1,1,1,1,1,1,branch;full;flag;coherent;coset,exact,1,1,1,1,1,0,0,7
0,0,1,10,1,1,1,1,1,1,1,1,branch;full;flag;coherent;coset,exact,1,1,1,1,1,0,0,6
0,0,1,10,1,2,1,1,1,1,1,1,branch;full;flag;coherent;coset,exact,1,1,1,1,1,0,0,6
0,0,2,10,0,1,1,1,1,1,1,1,branch;full;flag;coherent;coset,exact,1,1,1,1,1,0,0,7
0,0,2,10,0,2,1,1,1,1,1,1,branch;full;flag;coherent;coset,exact,1,1,1,1,1,0,0,7
0,0,2,10,1,1,1,1,1,1,1,1,branch;full;flag;coherent;coset,exact,1,1,1,1,1,0,0,6
0,0,2,10,1,2,1,1,1,1,1,1,branch;full;flag;coherent;coset,exact,1,1,1,1,1,0,0,6
0,1,1,10,0,1,1,1,1,1,1,1,branch;full;flag;coherent;coset,exact,1,1,1,1,1,0,0,7
0,1,1,10,0,2,1,1,1,1,1,1,branch;full;flag;coherent;coset,exact,1,1,1,1,1,0,0,7
0,1,1,10,1,1,1,1,1,1,1,1,branch;full;flag;coherent;coset,exact,1,1,1,1,1,0,0,6
0,1,1,10,1,2,1,1,1,1,1,1,branch;full;flag;coherent;coset,exact,1,1,1,1,1,0,0,6
0,1,2,10,0,1,1,1,1,1,1,1,branch;full;flag;coherent;coset,exact,1,1,1,1,1,0,0,7
0,1,2,10,0,2,1,1,1,1,1,1,branch;full;flag;coherent;coset,exact,1,1,1,1,1,0,0,7
0,1,2,10,1,1,1,1,1,1,1,1,branch;full;flag;coherent;coset,exact,1,1,1,1,1,0,0,6
0,1,2,10,1,2,1,1,1,1,1,1,branch;full;flag;coherent;coset,exact,1,1,1,1,1,0,0,6
0,0,1,11,0,1,1,1,1,1,1,1,branch;full;flag;coherent;coset,exact,1,1,1,1,1,0,0,8
0,0,1,11,0,2,1,1,1,1,1,1,branch;full;flag;coherent;coset,exact,1,1,1,1,1,0,0,14
0,0,1,11,1,1,1,1,1,1,1,1,branch;full;flag;coherent;coset,exact,1,1,1,1,1,0,0,8
0,0,1,11,1,2,1,1,1,1,1,1,branch;full;flag;coherent;coset,exact,1,1,1,1,1,0,0,8
0,0,2,11,0,1,1,1,1,1,1,1,branch;full;flag;coherent;coset,exact,1,1,1,1,1,0,0,8
0,0,2,11,0,2,1,1,1,1,1,1,branch;full;flag;coherent;coset,exact,1,1,1,1,1,0,0,14
0,0,2,11,1,1,1,1,1,1,1,1,branch;full;flag;coherent;coset,exact,1,1,1,1,1,0,0,8
0,0,2,11,1,2,1,1,1,1,1,1,branch;full;flag;coherent;coset,exact,1,1,1,1,1,0,0,8
0,1,1,11,0,1,1,1,1,1,1,1,branch;full;flag;coherent;coset,exact,1,1,1,1,1,0,0,8
0,1,1,11,0,2,1,1,1,1,1,1,branch;full;flag;coherent;coset,exact,1,1,1,1,1,0,0,14
0,1,1,11,1,1,1,1,1,1,1,1,branch;full;flag;coherent;coset,exact,1,1,1,1,1,0,0,8
0,1,1,11,1,2,1,1,1,1,1,1,branch;full;flag;coherent;coset,exact,1,1,1,1,1,0,0,8
0,1,2,11,0,1,1,1,1,1,1,1,branch;full;flag;coherent;coset,exact,1,1,1,1,1,0,0,8
0,1,2,11,0,2,1,1,1,1,1,1,branch;full;flag;coherent;coset,exact,1,1,1,1,1,0,0,14
0,1,2,11,1,1,1,1,1,1,1,1,branch;full;flag;coherent;coset,exact,1,1,1,1,1,0,0,8
0,1,2,11,1,2,1,1,1,1,1,1,branch;full;flag;coherent;coset,exact,1,1,1,1,1,0,0,8
0,0,1,12,0,1,1,1,1,1,1,1,branch;full;flag;coherent;coset,exact,1,1,1,1,1,0,0,7
0,0,1,12,0,2,1,1,1,1,1,1,branch;full;flag;coherent;coset,exact,1,1,1,1,1,0,0,7
0,0,1,12,1,1,1,1,1,1,1,1,branch;full;flag;coherent;coset,exact,1,1,1,1,1,0,0,6
0,0,1,12,1,2,1,1,1,1,1,1,branch;full;flag;coherent;coset,exact,1,1,1,1,1,0,0,6
0,0,2,12,0,1,1,1,1,1,1,1,branch;full;flag;coherent;coset,exact,1,1,1,1,1,0,0,7
0,0,2,12,0,2,1,1,1,1,1,1,branch;full;flag;coherent;coset,exact,1,1,1,1,1,0,0,7
0,0,2,12,1,1,1,1,1,1,1,1,branch;full;flag;coherent;coset,exact,1,1,1,1,1,0,0,6
0,0,2,12,1,2,1,1,1,1,1,1,branch;full;flag;coherent;coset,exact,1,1,1,1,1,0,0,6
0,1,1,12,0,1,1,1,1,1,1,1,branch;full;flag;coherent;coset,exact,1,1,1,1,1,0,0,7
0,1,1,12,0,2,1,1,1,1,1,1,branch;full;flag;coherent;coset,exact,1,1,1,1,1,0,0,7
0,1,1,12,1,1,1,1,1,1,1,1,branch;full;flag;coherent;coset,exact,1,1,1,1,1,0,0,6
0,1,1,12,1,2,1,1,1,1,1,1,branch;full;flag;coherent;coset,exact,1,1,1,1,1,0,0,6
0,1,2,12,0,1,1,1,1,1,1,1,branch;full;flag;coherent;coset,exact,1,1,1,1,1,0,0,7
0,1,2,12,0,2,1,1,1,1,1,1,branch;full;flag;coherent;coset,exact,1,1,1,1,1,0,0,7
0,1,2,12,1,1,1,1,1,1,1,1,branch;full;flag;coherent;coset,exact,1,1,1,1,1,0,0,6
0,1,2,12,1,2,1,1,1,1,1,1,branch;full;flag;coherent;coset,exact,1,1,1,1,1,0,0,6
0,0,1,13,0,1,1,1,1,1,1,1,branch;full;flag;coherent;coset,exact,1,1,1,1,1,0,0,8
0,0,1,13,0,2,1,1,1,1,1,1,branch;full;flag;coherent;coset,exact,1,1,1,1,1,0,0,14
0,0,1,13,1,1,1,1,1,1,1,1,branch;full;flag;coherent;coset,exact,1,1,1,1,1,0,0,8
0,0,1,13,1,2,1,1,1,1,1,1,branch;full;flag;coherent;coset,exact,1,1,1,1,1,0,0,8
0,0,2,13,0,1,1,1,1,1,1,1,branch;full;flag;coherent;coset,exact,1,1,1,1,1,0,0,8
0,0,2,13,0,2,1,1,1,1,1,1,branch;full;flag;coherent;coset,exact,1,1,1,1,1,0,0,14
0,0,2,13,1,1,1,1,1,1,1,1,branch;full;flag;coherent;coset,exact,1,1,1,1,1,0,0,8
0,0,2,13,1,2,1,1,1,1,1,1,branch;full;flag;coherent;coset,exact,1,1,1,1,1,0,0,8
0,1,1,13,0,1,1,1,1,1,1,1,branch;full;flag;coherent;coset,exact,1,1,1,1,1,0,0,8
0,1,1,13,0,2,1,1,1,1,1,1,branch;full;flag;coherent;coset,exact,1,1,1,1,1,0,0,14
0,1,1,13,1,1,1,1,1,1,1,1,branch;full;flag;coherent;coset,exact,1,1,1,1,1,0,0,8
0,1,1,13,1,2,1,1,1,1,1,1,branch;full;flag;coherent;coset,exact,1,1,1,1,1,0,0,8
0,1,2,13,0,1,1,1,1,1,1,1,branch;full;flag;coherent;coset,exact,1,1,1,1,1,0,0,8
0,1,2,13,0,2,1,1,1,1,1,1,branch;full;flag;coherent;coset,exact,1,1,1,1,1,0,0,14
0,1,2,13,1,1,1,1,1,1,1,1,branch;full;flag;coherent;coset,exact,1,1,1,1,1,0,0,8
0,1,2,13,1,2,1,1,1,1,1,1,branch;full;flag;coherent;coset,exact,1,1,1,1,1,0,0,8
0,0,1,14,0,1,1,1,1,1,1,1,branch;full;flag;coherent;coset,exact,1,1,1,1,1,0,0,8
0,0,1,14,0,2,1,1,1,1,1,1,branch;full;flag;coherent;coset,exact,1,1,1,1,1,0,0,14
0,0,1,14,1,1,1,1,1,1,1,1,branch;full;flag;coherent;coset,exact,1,1,1,1,1,0,0,8
0,0,1,14,1,2,1,1,1,1,1,1,branch;full;flag;coherent;coset,exact,1,1,1,1,1,0,0,8
0,0,2,14,0,1,1,1,1,1,1,1,branch;full;flag;coherent;coset,exact,1,1,1,1,1,0,0,8
0,0,2,14,0,2,1,1,1,1,1,1,branch;full;flag;coherent;coset,exact,1,1,1,1,1,0,0,14
0,0,2,14,1,1,1,1,1,1,1,1,branch;full;flag;coherent;coset,exact,1,1,1,1,1,0,0,8
0,0,2,14,1,2,1,1,1,1,1,1,branch;full;flag;coherent;coset,exact,1,1,1,1,1,0,0,8
0,1,1,14,0,1,1,1,1,1,1,1,branch;full;flag;coherent;coset,exact,1,1,1,1,1,0,0,8
0,1,1,14,0,2,1,1,1,1,1,1,branch;full;flag;coherent;coset,exact,1,1,1,1,1,0,0,14
0,1,1,14,1,1,1,1,1,1,1,1,branch;full;flag;coherent;coset,exact,1,1,1,1,1,0,0,8
0,1,1,14,1,2,1,1,1,1,1,1,branch;full;flag;coherent;coset,exact,1,1,1,1,1,0,0,8
0,1,2,14,0,1,1,1,1,1,1,1,branch;full;flag;coherent;coset,exact,1,1,1,1,1,0,0,8
0,1,2,14,0,2,1,1,1,1,1,1,branch;full;flag;coherent;coset,exact,1,1,1,1,1,0,0,14
0,1,2,14,1,1,1,1,1,1,1,1,branch;full;flag;coherent;coset,exact,1,1,1,1,1,0,0,8
0,1,2,14,1,2,1,1,1,1,1,1,branch;full;flag;coherent;coset,exact,1,1,1,1,1,0,0,8
0,0,1,15,0,1,1,1,1,1,1,1,branch;full;flag;coherent;coset,exact,1,1,1,1,1,0,0,7
0,0,1,15,0,2,1,1,1,1,1,1,branch;full;flag;coherent;coset,exact,1,1,1,1,1,0,0,7
0,0,1,15,1,1,1,1,1,1,1,1,branch;full;flag;coherent;coset,exact,1,1,1,1,1,0,0,6
0,0,1,15,1,2,1,1,1,1,1,1,branch;full;flag;coherent;coset,exact,1,1,1,1,1,0,0,6
0,0,2,15,0,1,1,1,1,1,1,1,branch;full;flag;coherent;coset,exact,1,1,1,1,1,0,0,7
0,0,2,15,0,2,1,1,1,1,1,1,branch;full;flag;coherent;coset,exact,1,1,1,1,1,0,0,7
0,0,2,15,1,1,1,1,1,1,1,1,branch;full;flag;coherent;coset,exact,1,1,1,1,1,0,0,6
0,0,2,15,1,2,1,1,1,1,1,1,branch;full;flag;coherent;coset,exact,1,1,1,1,1,0,0,6
0,1,1,15,0,1,1,1,1,1,1,1,branch;full;flag;coherent;coset,exact,1,1,1,1,1,0,0,7
0,1,1,15,0,2,1,1,1,1,1,1,branch;full;flag;coherent;coset,exact,1,1,1,1,1,0,0,7
0,1,1,15,1,1,1,1,1,1,1,1,branch;full;flag;coherent;coset,exact,1,1,1,1,1,0,0,6
0,1,1,15,1,2,1,1,1,1,1,1,branch;full;flag;coherent;coset,exact,1,1,1,1,1,0,0,6
0,1,2,15,0,1,1,1,1,1,1,1,branch;full;flag;coherent;coset,exact,1,1,1,1,1,0,0,7
0,1,2,15,0,2,1,1,1,1,1,1,branch;full;flag;coherent;coset,exact,1,1,1,1,1,0,0,7
0,1,2,15,1,1,1,1,1,1,1,1,branch;full;flag;coherent;coset,exact,1,1,1,1,1,0,0,6
0,1,2,15,1,2,1,1,1,1,1,1,branch;full;flag;coherent;coset,exact,1,1,1,1,1,0,0,6
1,0,1,0,0,1,1,1,1,1,1,1,branch;full;flag;coherent;coset,exact,1,1,1,1,1,0,0,8
1,0,1,0,0,2,1,1,1,1,1,1,branch;full;flag;coherent;coset,exact,1,1,1,1,1,0,0,8
1,0,1,0,1,1,1,1,1,1,1,1,branch;full;flag;coherent;coset,exact,1,1,1,1,1,0,0,8
1,0,1,0,1,2,1,1,1,1,1,1,branch;full;flag;coherent;coset,exact,1,1,1,1,1,0,0,8
1,0,2,0,0,1,1,1,1,1,1,1,branch;full;flag;coherent;coset,exact,1,1,1,1,1,0,0,9
1,0,2,0,0,2,1,1,1,1,1,1,branch;full;flag;coherent;coset,exact,1,1,1,1,1,0,0,9
1,0,2,0,1,1,1,1,1,1,1,1,branch;full;flag;coherent;coset,exact,1,1,1,1,1,0,0,9
1,0,2,0,1,2,1,1,1,1,1,1,branch;full;flag;coherent;coset,exact,1,1,1,1,1,0,0,9
1,1,1,0,0,1,1,1,1,1,1,1,branch;full;flag;coherent;coset,exact,1,1,1,1,1,0,0,7
1,1,1,0,0,2,1,1,1,1,1,1,branch;full;flag;coherent;coset,exact,1,1,1,1,1,0,0,7
1,1,1,0,1,1,1,1,1,1,1,1,branch;full;flag;coherent;coset,exact,1,1,1,1,1,0,0,7
1,1,1,0,1,2,1,1,1,1,1,1,branch;full;flag;coherent;coset,exact,1,1,1,1,1,0,0,7
1,1,2,0,0,1,1,1,1,1,1,1,branch;full;flag;coherent;coset,exact,1,1,1,1,1,0,0,7
1,1,2,0,0,2,1,1,1,1,1,1,branch;full;flag;coherent;coset,exact,1,1,1,1,1,0,0,7
1,1,2,0,1,1,1,1,1,1,1,1,branch;full;flag;coherent;coset,exact,1,1,1,1,1,0,0,7
1,1,2,0,1,2,1,1,1,1,1,1,branch;full;flag;coherent;coset,exact,1,1,1,1,1,0,0,7
1,0,1,1,0,1,1,1,1,1,1,1,branch;full;flag;coherent;coset,exact,1,1,1,1,1,0,0,8
1,0,1,1,0,2,1,1,1,1,1,1,branch;full;flag;coherent;coset,exact,1,1,1,1,1,0,0,8
1,0,1,1,1,1,1,1,1,1,1,1,branch;full;flag;coherent;coset,exact,1,1,1,1,1,0,0,7
1,0,1,1,1,2,1,1,1,1,1,1,branch;full;flag;coherent;coset,exact,1,1,1,1,1,0,0,7
1,0,2,1,0,1,1,1,1,1,1,1,branch;full;flag;coherent;coset,exact,1,1,1,1,1,0,0,9
1,0,2,1,0,2,1,1,1,1,1,1,branch;full;flag;coherent;coset,exact,1,1,1,1,1,0,0,9
1,0,2,1,1,1,1,1,1,1,1,1,branch;full;flag;coherent;coset,exact,1,1,1,1,1,0,0,8
1,0,2,1,1,2,1,1,1,1,1,1,branch;full;flag;coherent;coset,exact,1,1,1,1,1,0,0,8
1,1,1,1,0,1,1,1,1,1,1,1,branch;full;flag;coherent;coset,exact,1,1,1,1,1,0,0,7
1,1,1,1,0,2,1,1,1,1,1,1,branch;full;flag;coherent;coset,exact,1,1,1,1,1,0,0,7
1,1,1,1,1,1,1,1,1,1,1,1,branch;full;flag;coherent;coset,exact,1,1,1,1,1,0,0,7
1,1,1,1,1,2,1,1,1,1,1,1,branch;full;flag;coherent;coset,exact,1,1,1,1,1,0,0,7
1,1,2,1,0,1,1,1,1,1,1,1,branch;full;flag;coherent;coset,exact,1,1,1,1,1,0,0,7
1,1,2,1,0,2,1,1,1,1,1,1,branch;full;flag;coherent;coset,exact,1,1,1,1,1,0,0,7
1,1,2,1,1,1,1,1,1,1,1,1,branch;full;flag;coherent;coset,exact,1,1,1,1,1,0,0,7
1,1,2,1,1,2,1,1,1,1,1,1,branch;full;flag;coherent;coset,exact,1,1,1,1,1,0,0,7
1,0,1,2,0,1,3/4,3/4,3/4,3/4,3/4,3/4,branch;full;flag;coherent;coset,exact,1,1,3/4,1,1,0,0,13
1,0,1,2,0,2,1,1,1,1,1,1,branch;full;flag;coherent;coset,exact,1,1,1,1,1,0,0,14
1,0,1,2,1,1,1,1,1,1,1,1,branch;full;flag;coherent;coset,exact,1,1,1,1,1,0,0,11
1,0,1,2,1,2,1,1,1,1,1,1,branch;full;flag;coherent;coset,exact,1,1,1,1,1,0,0,11
1,0,2,2,0,1,1,1,1,1,1,1,branch;full;flag;coherent;coset,exact,1,1,1,1,1,0,0,15
1,0,2,2,0,2,1,1,1,1,1,1,branch;full;flag;coherent;coset,exact,1,1,1,1,1,0,0,15
1,0,2,2,1,1,1,1,1,1,1,1,branch;full;flag;coherent;coset,exact,1,1,1,1,1,0,0,12
1,0,2,2,1,2,1,1,1,1,1,1,branch;full;flag;coherent;coset,exact,1,1,1,1,1,0,0,12
1,1,1,2,0,1,1,1,1,1,1,1,branch;full;flag;coherent;coset,exact,1,1,1,1,1,0,0,11
1,1,1,2,0,2,1,1,1,1,1,1,branch;full;flag;coherent;coset,exact,1,1,1,1,1,0,0,11
1,1,1,2,1,1,1,1,1,1,1,1,branch;full;flag;coherent;coset,exact,1,1,1,1,1,0,0,9
1,1,1,2,1,2,1,1,1,1,1,1,branch;full;flag;coherent;coset,exact,1,1,1,1,1,0,0,9
1,1,2,2,0,1,1,1,1,1,1,1,branch;full;flag;coherent;coset,exact,1,1,1,1,1,0,0,11
1,1,2,2,0,2,1,1,1,1,1,1,branch;full;flag;coherent;coset,exact,1,1,1,1,1,0,0,11
1,1,2,2,1,1,1,1,1,1,1,1,branch;full;flag;coherent;coset,exact,1,1,1,1,1,0,0,9
1,1,2,2,1,2,1,1,1,1,1,1,branch;full;flag;coherent;coset,exact,1,1,1,1,1,0,0,9
1,0,1,3,0,1,3/4,3/4,3/4,3/4,3/4,3/4,branch;full;flag;coherent;coset,exact,1,1,3/4,1,1,0,0,13
1,0,1,3,0,2,1,1,1,1,1,1,branch;full;flag;coherent;coset,exact,1,1,1,1,1,0,0,14
1,0,1,3,1,1,1,1,1,1,1,1,branch;full;flag;coherent;coset,exact,1,1,1,1,1,0,0,11
1,0,1,3,1,2,1,1,1,1,1,1,branch;full;flag;coherent;coset,exact,1,1,1,1,1,0,0,11
1,0,2,3,0,1,1,1,1,1,1,1,branch;full;flag;coherent;coset,exact,1,1,1,1,1,0,0,15
1,0,2,3,0,2,1,1,1,1,1,1,branch;full;flag;coherent;coset,exact,1,1,1,1,1,0,0,15
1,0,2,3,1,1,1,1,1,1,1,1,branch;full;flag;coherent;coset,exact,1,1,1,1,1,0,0,12
1,0,2,3,1,2,1,1,1,1,1,1,branch;full;flag;coherent;coset,exact,1,1,1,1,1,0,0,12
1,1,1,3,0,1,1,1,1,1,1,1,branch;full;flag;coherent;coset,exact,1,1,1,1,1,0,0,11
1,1,1,3,0,2,1,1,1,1,1,1,branch;full;flag;coherent;coset,exact,1,1,1,1,1,0,0,11
1,1,1,3,1,1,1,1,1,1,1,1,branch;full;flag;coherent;coset,exact,1,1,1,1,1,0,0,9
1,1,1,3,1,2,1,1,1,1,1,1,branch;full;flag;coherent;coset,exact,1,1,1,1,1,0,0,9
1,1,2,3,0,1,1,1,1,1,1,1,branch;full;flag;coherent;coset,exact,1,1,1,1,1,0,0,11
1,1,2,3,0,2,1,1,1,1,1,1,branch;full;flag;coherent;coset,exact,1,1,1,1,1,0,0,11
1,1,2,3,1,1,1,1,1,1,1,1,branch;full;flag;coherent;coset,exact,1,1,1,1,1,0,0,9
1,1,2,3,1,2,1,1,1,1,1,1,branch;full;flag;coherent;coset,exact,1,1,1,1,1,0,0,9
1,0,1,4,0,1,1,1,1,1,1,1,branch;full;flag;coherent;coset,exact,1,1,1,1,1,0,0,8
1,0,1,4,0,2,1,1,1,1,1,1,branch;full;flag;coherent;coset,exact,1,1,1,1,1,0,0,8
1,0,1,4,1,1,1,1,1,1,1,1,branch;full;flag;coherent;coset,exact,1,1,1,1,1,0,0,7
1,0,1,4,1,2,1,1,1,1,1,1,branch;full;flag;coherent;coset,exact,1,1,1,1,1,0,0,7
1,0,2,4,0,1,1,1,1,1,1,1,branch;full;flag;coherent;coset,exact,1,1,1,1,1,0,0,9
1,0,2,4,0,2,1,1,1,1,1,1,branch;full;flag;coherent;coset,exact,1,1,1,1,1,0,0,9
1,0,2,4,1,1,1,1,1,1,1,1,branch;full;flag;coherent;coset,exact,1,1,1,1,1,0,0,8
1,0,2,4,1,2,1,1,1,1,1,1,branch;full;flag;coherent;coset,exact,1,1,1,1,1,0,0,8
1,1,1,4,0,1,1,1,1,1,1,1,branch;full;flag;coherent;coset,exact,1,1,1,1,1,0,0,7
1,1,1,4,0,2,1,1,1,1,1,1,branch;full;flag;coherent;coset,exact,1,1,1,1,1,0,0,7
1,1,1,4,1,1,1,1,1,1,1,1,branch;full;flag;coherent;coset,exact,1,1,1,1,1,0,0,7
1,1,1,4,1,2,1,1,1,1,1,1,branch;full;flag;coherent;coset,exact,1,1,1,1,1,0,0,7
1,1,2,4,0,1,1,1,1,1,1,1,branch;full;flag;coherent;coset,exact,1,1,1,1,1,0,0,7
1,1,2,4,0,2,1,1,1,1,1,1,branch;full;flag;coherent;coset,exact,1,1,1,1,1,0,0,7
1,1,2,4,1,1,1,1,1,1,1,1,branch;full;flag;coherent;coset,exact,1,1,1,1,1,0,0,7
1,1,2,4,1,2,1,1,1,1,1,1,branch;full;flag;coherent;coset,exact,1,1,1,1,1,0,0,7
1,0,1,5,0,1,1,1,1,1,1,1,branch;full;flag;coherent;coset,exact,1,1,1,1,1,0,0,8
1,0,1,5,0,2,1,1,1,1,1,1,branch;full;flag;coherent;coset,exact,1,1,1,1,1,0,0,8
1,0,1,5,1,1,1,1,1,1,1,1,branch;full;flag;coherent;coset,exact,1,1,1,1,1,0,0,7
1,0,1,5,1,2,1,1,1,1,1,1,branch;full;flag;coherent;coset,exact,1,1,1,1,1,0,0,7
1,0,2,5,0,1,1,1,1,1,1,1,branch;full;flag;coherent;coset,exact,1,1,1,1,1,0,0,9
1,0,2,5,0,2,1,1,1,1,1,1,branch;full;flag;coherent;coset,exact,1,1,1,1,1,0,0,9
1,0,2,5,1,1,1,1,1,1,1,1,branch;full;flag;coherent;coset,exact,1,1,1,1,1,0,0,8
1,0,2,5,1,2,1,1,1,1,1,1,branch;full;flag;coherent;coset,exact,1,1,1,1,1,0,0,8
1,1,1,5,0,1,1,1,1,1,1,1,branch;full;flag;coherent;coset,exact,1,1,1,1,1,0,0,7
1,1,1,5,0,2,1,1,1,1,1,1,branch;full;flag;coherent;coset,exact,1,1,1,1,1,0,0,7
1,1,1,5,1,1,1,1,1,1,1,1,branch;full;flag;coherent;coset,exact,1,1,1,1,1,0,0,7
1,1,1,5,1,2,1,1,1,1,1,1,branch;full;flag;coherent;coset,exact,1,1,1,1,1,0,0,7
1,1,2,5,0,1,1,1,1,1,1,1,branch;full;flag;coherent;coset,exact,1,1,1,1,1,0,0,7
1,1,2,5,0,2,1,1,1,1,1,1,branch;full;flag;coherent;coset,exact,1,1,1,1,1,0,0,7
1,1,2,5,1,1,1,1,1,1,1,1,branch;full;flag;coherent;coset,exact,1,1,1,1,1,0,0,7
1,1,2,5,1,2,1,1,1,1,1,1,branch;full;flag;coherent;coset,exact,1,1,1,1,1,0,0,7
1,0,1,6,0,1,3/4,3/4,3/4,3/4,3/4,3/4,branch;full;flag;coherent;coset,exact,1,1,3/4,1,1,0,0,14
1,0,1,6,0,2,1,1,1,1,1,1,branch;full;flag;coherent;coset,exact,1,1,1,1,1,0,0,19
1,0,1,6,1,1,1,1,1,1,1,1,branch;full;flag;coherent;coset,exact,1,1,1,1,1,0,0,9
1,0,1,6,1,2,1,1,1,1,1,1,branch;full;flag;coherent;coset,exact,1,1,1,1,1,0,0,9
1,0,2,6,0,1,1,1,1,1,1,1,branch;full;flag;coherent;coset,exact,1,1,1,1,1,0,0,16
1,0,2,6,0,2,1,1,1,1,1,1,branch;full;flag;coherent;coset,exact,1,1,1,1,1,0,0,20
1,0,2,6,1,1,1,1,1,1,1,1,branch;full;flag;coherent;coset,exact,1,1,1,1,1,0,0,10
1,0,2,6,1,2,1,1,1,1,1,1,branch;full;flag;coherent;coset,exact,1,1,1,1,1,0,0,10
1,1,1,6,0,1,1,1,1,1,1,1,branch;full;flag;coherent;coset,exact,1,1,1,1,1,0,0,11
1,1,1,6,0,2,1,1,1,1,1,1,branch;full;flag;coherent;coset,exact,1,1,1,1,1,0,0,11
1,1,1,6,1,1,1,1,1,1,1,1,branch;full;flag;coherent;coset,exact,1,1,1,1,1,0,0,9
1,1,1,6,1,2,1,1,1,1,1,1,branch;full;flag;coherent;coset,exact,1,1,1,1,1,0,0,9
1,1,2,6,0,1,1,1,1,1,1,1,branch;full;flag;coherent;coset,exact,1,1,1,1,1,0,0,11
1,1,2,6,0,2,1,1,1,1,1,1,branch;full;flag;coherent;coset,exact,1,1,1,1,1,0,0,11
1,1,2,6,1,1,1,1,1,1,1,1,branch;full;flag;coherent;coset,exact,1,1,1,1,1,0,0,9
1,1,2,6,1,2,1,1,1,1,1,1,branch;full;flag;coherent;coset,exact,1,1,1,1,1,0,0,9
1,0,1,7,0,1,3/4,3/4,3/4,3/4,3/4,3/4,branch;full;flag;coherent;coset,exact,1,1,3/4,1,1,0,0,14
1,0,1,7,0,2,1,1,1,1,1,1,branch;full;flag;coherent;coset,exact,1,1,1,1,1,0,0,19
1,0,1,7,1,1,1,1,1,1,1,1,branch;full;flag;coherent;coset,exact,1,1,1,1,1,0,0,9
1,0,1,7,1,2,1,1,1,1,1,1,branch;full;flag;coherent;coset,exact,1,1,1,1,1,0,0,9
1,0,2,7,0,1,1,1,1,1,1,1,branch;full;flag;coherent;coset,exact,1,1,1,1,1,0,0,16
1,0,2,7,0,2,1,1,1,1,1,1,branch;full;flag;coherent;coset,exact,1,1,1,1,1,0,0,20
1,0,2,7,1,1,1,1,1,1,1,1,branch;full;flag;coherent;coset,exact,1,1,1,1,1,0,0,10
1,0,2,7,1,2,1,1,1,1,1,1,branch;full;flag;coherent;coset,exact,1,1,1,1,1,0,0,10
1,1,1,7,0,1,1,1,1,1,1,1,branch;full;flag;coherent;coset,exact,1,1,1,1,1,0,0,11
1,1,1,7,0,2,1,1,1,1,1,1,branch;full;flag;coherent;coset,exact,1,1,1,1,1,0,0,11
1,1,1,7,1,1,1,1,1,1,1,1,branch;full;flag;coherent;coset,exact,1,1,1,1,1,0,0,9
1,1,1,7,1,2,1,1,1,1,1,1,branch;full;flag;coherent;coset,exact,1,1,1,1,1,0,0,9
1,1,2,7,0,1,1,1,1,1,1,1,branch;full;flag;coherent;coset,exact,1,1,1,1,1,0,0,11
1,1,2,7,0,2,1,1,1,1,1,1,branch;full;flag;coherent;coset,exact,1,1,1,1,1,0,0,11
1,1,2,7,1,1,1,1,1,1,1,1,branch;full;flag;coherent;coset,exact,1,1,1,1,1,0,0,9
1,1,2,7,1,2,1,1,1,1,1,1,branch;full;flag;coherent;coset,exact,1,1,1,1,1,0,0,9
1,0,1,8,0,1,3/4,3/4,3/4,3/4,3/4,3/4,branch;full;flag;coherent;coset,exact,1,1,3/4,1,1,0,0,13
1,0,1,8,0,2,1,1,1,1,1,1,branch;full;flag;coherent;coset,exact,1,1,1,1,1,0,0,14
1,0,1,8,1,1,1,1,1,1,1,1,branch;full;flag;coherent;coset,exact,1,1,1,1,1,0,0,11
1,0,1,8,1,2,1,1,1,1,1,1,branch;full;flag;coherent;coset,exact,1,1,1,1,1,0,0,11
1,0,2,8,0,1,1,1,1,1,1,1,branch;full;flag;coherent;coset,exact,1,1,1,1,1,0,0,15
1,0,2,8,0,2,1,1,1,1,1,1,branch;full;flag;coherent;coset,exact,1,1,1,1,1,0,0,15
1,0,2,8,1,1,1,1,1,1,1,1,branch;full;flag;coherent;coset,exact,1,1,1,1,1,0,0,12
1,0,2,8,1,2,1,1,1,1,1,1,branch;full;flag;coherent;coset,exact,1,1,1,1,1,0,0,12
1,1,1,8,0,1,1,1,1,1,1,1,branch;full;flag;coherent;coset,exact,1,1,1,1,1,0,0,11
1,1,1,8,0,2,1,1,1,1,1,1,branch;full;flag;coherent;coset,exact,1,1,1,1,1,0,0,11
1,1,1,8,1,1,1,1,1,1,1,1,branch;full;flag;coherent;coset,exact,1,1,1,1,1,0,0,9
1,1,1,8,1,2,1,1,1,1,1,1,branch;full;flag;coherent;coset,exact,1,1,1,1,1,0,0,9
1,1,2,8,0,1,1,1,1,1,1,1,branch;full;flag;coherent;coset,exact,1,1,1,1,1,0,0,11
1,1,2,8,0,2,1,1,1,1,1,1,branch;full;flag;coherent;coset,exact,1,1,1,1,1,0,0,11
1,1,2,8,1,1,1,1,1,1,1,1,branch;full;flag;coherent;coset,exact,1,1,1,1,1,0,0,9
1,1,2,8,1,2,1,1,1,1,1,1,branch;full;flag;coherent;coset,exact,1,1,1,1,1,0,0,9
1,0,1,9,0,1,3/4,3/4,3/4,3/4,3/4,3/4,branch;full;flag;coherent;coset,exact,1,1,3/4,1,1,0,0,14
1,0,1,9,0,2,1,1,1,1,1,1,branch;full;flag;coherent;coset,exact,1,1,1,1,1,0,0,19
1,0,1,9,1,1,1,1,1,1,1,1,branch;full;flag;coherent;coset,exact,1,1,1,1,1,0,0,9
1,0,1,9,1,2,1,1,1,1,1,1,branch;full;flag;coherent;coset,exact,1,1,1,1,1,0,0,9
1,0,2,9,0,1,1,1,1,1,1,1,branch;full;flag;coherent;coset,exact,1,1,1,1,1,0,0,16
1,0,2,9,0,2,1,1,1,1,1,1,branch;full;flag;coherent;coset,exact,1,1,1,1,1,0,0,20
1,0,2,9,1,1,1,1,1,1,1,1,branch;full;flag;coherent;coset,exact,1,1,1,1,1,0,0,10
1,0,2,9,1,2,1,1,1,1,1,1,branch;full;flag;coherent;coset,exact,1,1,1,1,1,0,0,10
1,1,1,9,0,1,1,1,1,1,1,1,branch;full;flag;coherent;coset,exact,1,1,1,1,1,0,0,11
1,1,1,9,0,2,1,1,1,1,1,1,branch;full;flag;coherent;coset,exact,1,1,1,1,1,0,0,11
1,1,1,9,1,1,1,1,1,1,1,1,branch;full;flag;coherent;coset,exact,1,1,1,1,1,0,0,9
1,1,1,9,1,2,1,1,1,1,1,1,branch;full;flag;coherent;coset,exact,1,1,1,1,1,0,0,9
1,1,2,9,0,1,1,1,1,1,1,1,branch;full;flag;coherent;coset,exact,1,1,1,1,1,0,0,11
1,1,2,9,0,2,1,1,1,1,1,1,branch;full;flag;coherent;coset,exact,1,1,1,1,1,0,0,11
1,1,2,9,1,1,1,1,1,1,1,1,branch;full;flag;coherent;coset,exact,1,1,1,1,1,0,0,9
1,1,2,9,1,2,1,1,1,1,1,1,branch;full;flag;coherent;coset,exact,1,1,1,1,1,0,0,9
1,0,1,10,0,1,3/4,3/4,3/4,3/4,3/4,3/4,branch;full;flag;coherent;coset,exact,1,1,3/4,1,1,0,0,13
1,0,1,10,0,2,1,1,1,1,1,1,branch;full;flag;coherent;coset,exact,1,1,1,1,1,0,0,14
1,0,1,10,1,1,1,1,1,1,1,1,branch;full;flag;coherent;coset,exact,1,1,1,1,1,0,0,11
1,0,1,10,1,2,1,1,1,1,1,1,branch;full;flag;coherent;coset,exact,1,1,1,1,1,0,0,11
1,0,2,10,0,1,1,1,1,1,1,1,branch;full;flag;coherent;coset,exact,1,1,1,1,1,0,0,15
1,0,2,10,0,2,1,1,1,1,1,1,branch;full;flag;coherent;coset,exact,1,1,1,1,1,0,0,15
1,0,2,10,1,1,1,1,1,1,1,1,branch;full;flag;coherent;coset,exact,1,1,1,1,1,0,0,12
1,0,2,10,1,2,1,1,1,1,1,1,branch;full;flag;coherent;coset,exact,1,1,1,1,1,0,0,12
1,1,1,10,0,1,1,1,1,1,1,1,branch;full;flag;coherent;coset,exact,1,1,1,1,1,0,0,11
1,1,1,10,0,2,1,1,1,1,1,1,branch;full;flag;coherent;coset,exact,1,1,1,1,1,0,0,11
1,1,1,10,1,1,1,1,1,1,1,1,branch;full;flag;coherent;coset,exact,1,1,1,1,1,0,0,9
1,1,1,10,1,2,1,1,1,1,1,1,branch;full;flag;coherent;coset,exact,1,1,1,1,1,0,0,9
1,1,2,10,0,1,1,1,1,1,1,1,branch;full;flag;coherent;coset,exact,1,1,1,1,1,0,0,11
1,1,2,10,0,2,1,1,1,1,1,1,branch;full;flag;coherent;coset,exact,1,1,1,1,1,0,0,11
1,1,2,10,1,1,1,1,1,1,1,1,branch;full;flag;coherent;coset,exact,1,1,1,1,1,0,0,9
1,1,2,10,1,2,1,1,1,1,1,1,branch;full;flag;coherent;coset,exact,1,1,1,1,1,0,0,9
1,0,1,11,0,1,3/4,3/4,3/4,3/4,3/4,3/4,branch;full;flag;coherent;coset,exact,1,1,3/4,1,1,0,0,14
1,0,1,11,0,2,1,1,1,1,1,1,branch;full;flag;coherent;coset,exact,1,1,1,1,1,0,0,19
1,0,1,11,1,1,1,1,1,1,1,1,branch;full;flag;coherent;coset,exact,1,1,1,1,1,0,0,9
1,0,1,11,1,2,1,1,1,1,1,1,branch;full;flag;coherent;coset,exact,1,1,1,1,1,0,0,9
1,0,2,11,0,1,1,1,1,1,1,1,branch;full;flag;coherent;coset,exact,1,1,1,1,1,0,0,16
1,0,2,11,0,2,1,1,1,1,1,1,branch;full;flag;coherent;coset,exact,1,1,1,1,1,0,0,20
1,0,2,11,1,1,1,1,1,1,1,1,branch;full;flag;coherent;coset,exact,1,1,1,1,1,0,0,10
1,0,2,11,1,2,1,1,1,1,1,1,branch;full;flag;coherent;coset,exact,1,1,1,1,1,0,0,10
1,1,1,11,0,1,1,1,1,1,1,1,branch;full;flag;coherent;coset,exact,1,1,1,1,1,0,0,11
1,1,1,11,0,2,1,1,1,1,1,1,branch;full;flag;coherent;coset,exact,1,1,1,1,1,0,0,11
1,1,1,11,1,1,1,1,1,1,1,1,branch;full;flag;coherent;coset,exact,1,1,1,1,1,0,0,9
1,1,1,11,1,2,1,1,1,1,1,1,branch;full;flag;coherent;coset,exact,1,1,1,1,1,0,0,9
1,1,2,11,0,1,1,1,1,1,1,1,branch;full;flag;coherent;coset,exact,1,1,1,1,1,0,0,11
1,1,2,11,0,2,1,1,1,1,1,1,branch;full;flag;coherent;coset,exact,1,1,1,1,1,0,0,11
1,1,2,11,1,1,1,1,1,1,1,1,branch;full;flag;coherent;coset,exact,1,1,1,1,1,0,0,9
1,1,2,11,1,2,1,1,1,1,1,1,branch;full;flag;coherent;coset,exact,1,1,1,1,1,0,0,9
1,0,1,12,0,1,3/4,3/4,3/4,3/4,3/4,3/4,branch;full;flag;coherent;coset,exact,1,1,3/4,1,1,0,0,13
1,0,1,12,0,2,1,1,1,1,1,1,branch;full;flag;coherent;coset,exact,1,1,1,1,1,0,0,14
1,0,1,12,1,1,1,1,1,1,1,1,branch;full;flag;coherent;coset,exact,1,1,1,1,1,0,0,11
1,0,1,12,1,2,1,1,1,1,1,1,branch;full;flag;coherent;coset,exact,1,1,1,1,1,0,0,11
1,0,2,12,0,1,1,1,1,1,1,1,branch;full;flag;coherent;coset,exact,1,1,1,1,1,0,0,15
1,0,2,12,0,2,1,1,1,1,1,1,branch;full;flag;coherent;coset,exact,1,1,1,1,1,0,0,15
1,0,2,12,1,1,1,1,1,1,1,1,branch;full;flag;coherent;coset,exact,1,1,1,1,1,0,0,12
1,0,2,12,1,2,1,1,1,1,1,1,branch;full;flag;coherent;coset,exact,1,1,1,1,1,0,0,12
1,1,1,12,0,1,1,1,1,1,1,1,branch;full;flag;coherent;coset,exact,1,1,1,1,1,0,0,11
1,1,1,12,0,2,1,1,1,1,1,1,branch;full;flag;coherent;coset,exact,1,1,1,1,1,0,0,11
1,1,1,12,1,1,1,1,1,1,1,1,branch;full;flag;coherent;coset,exact,1,1,1,1,1,0,0,9
1,1,1,12,1,2,1,1,1,1,1,1,branch;full;flag;coherent;coset,exact,1,1,1,1,1,0,0,9
1,1,2,12,0,1,1,1,1,1,1,1,branch;full;flag;coherent;coset,exact,1,1,1,1,1,0,0,11
1,1,2,12,0,2,1,1,1,1,1,1,branch;full;flag;coherent;coset,exact,1,1,1,1,1,0,0,11
1,1,2,12,1,1,1,1,1,1,1,1,branch;full;flag;coherent;coset,exact,1,1,1,1,1,0,0,9
1,1,2,12,1,2,1,1,1,1,1,1,branch;full;flag;coherent;coset,exact,1,1,1,1,1,0,0,9
1,0,1,13,0,1,3/4,3/4,3/4,3/4,3/4,3/4,branch;full;flag;coherent;coset,exact,1,1,3/4,1,1,0,0,14
1,0,1,13,0,2,1,1,1,1,1,1,branch;full;flag;coherent;coset,exact,1,1,1,1,1,0,0,19
1,0,1,13,1,1,1,1,1,1,1,1,branch;full;flag;coherent;coset,exact,1,1,1,1,1,0,0,9
1,0,1,13,1,2,1,1,1,1,1,1,branch;full;flag;coherent;coset,exact,1,1,1,1,1,0,0,9
1,0,2,13,0,1,1,1,1,1,1,1,branch;full;flag;coherent;coset,exact,1,1,1,1,1,0,0,16
1,0,2,13,0,2,1,1,1,1,1,1,branch;full;flag;coherent;coset,exact,1,1,1,1,1,0,0,20
1,0,2,13,1,1,1,1,1,1,1,1,branch;full;flag;coherent;coset,exact,1,1,1,1,1,0,0,10
1,0,2,13,1,2,1,1,1,1,1,1,branch;full;flag;coherent;coset,exact,1,1,1,1,1,0,0,10
1,1,1,13,0,1,1,1,1,1,1,1,branch;full;flag;coherent;coset,exact,1,1,1,1,1,0,0,11
1,1,1,13,0,2,1,1,1,1,1,1,branch;full;flag;coherent;coset,exact,1,1,1,1,1,0,0,11
1,1,1,13,1,1,1,1,1,1,1,1,branch;full;flag;coherent;coset,exact,1,1,1,1,1,0,0,9
1,1,1,13,1,2,1,1,1,1,1,1,branch;full;flag;coherent;coset,exact,1,1,1,1,1,0,0,9
1,1,2,13,0,1,1,1,1,1,1,1,branch;full;flag;coherent;coset,exact,1,1,1,1,1,0,0,11
1,1,2,13,0,2,1,1,1,1,1,1,branch;full;flag;coherent;coset,exact,1,1,1,1,1,0,0,11
1,1,2,13,1,1,1,1,1,1,1,1,branch;full;flag;coherent;coset,exact,1,1,1,1,1,0,0,9
1,1,2,13,1,2,1,1,1,1,1,1,branch;full;flag;coherent;coset,exact,1,1,1,1,1,0,0,9
1,0,1,14,0,1,3/4,3/4,3/4,3/4,3/4,3/4,branch;full;flag;coherent;coset,exact,1,1,3/4,1,1,0,0,14
1,0,1,14,0,2,1,1,1,1,1,1,branch;full;flag;coherent;coset,exact,1,1,1,1,1,0,0,19
1,0,1,14,1,1,1,1,1,1,1,1,branch;full;flag;coherent;coset,exact,1,1,1,1,1,0,0,9
1,0,1,14,1,2,1,1,1,1,1,1,branch;full;flag;coherent;coset,exact,1,1,1,1,1,0,0,9
1,0,2,14,0,1,1,1,1,1,1,1,branch;full;flag;coherent;coset,exact,1,1,1,1,1,0,0,16
1,0,2,14,0,2,1,1,1,1,1,1,branch;full;flag;coherent;coset,exact,1,1,1,1,1,0,0,20
1,0,2,14,1,1,1,1,1,1,1,1,branch;full;flag;coherent;coset,exact,1,1,1,1,1,0,0,10
1,0,2,14,1,2,1,1,1,1,1,1,branch;full;flag;coherent;coset,exact,1,1,1,1,1,0,0,10
1,1,1,14,0,1,1,1,1,1,1,1,branch;full;flag;coherent;coset,exact,1,1,1,1,1,0,0,11
1,1,1,14,0,2,1,1,1,1,1,1,branch;full;flag;coherent;coset,exact,1,1,1,1,1,0,0,11
1,1,1,14,1,1,1,1,1,1,1,1,branch;full;flag;coherent;coset,exact,1,1,1,1,1,0,0,9
1,1,1,14,1,2,1,1,1,1,1,1,branch;full;flag;coherent;coset,exact,1,1,1,1,1,0,0,9
1,1,2,14,0,1,1,1,1,1,1,1,branch;full;flag;coherent;coset,exact,1,1,1,1,1,0,0,11
1,1,2,14,0,2,1,1,1,1,1,1,branch;full;flag;coherent;coset,exact,1,1,1,1,1,0,0,11
1,1,2,14,1,1,1,1,1,1,1,1,branch;full;flag;coherent;coset,exact,1,1,1,1,1,0,0,9
1,1,2,14,1,2,1,1,1,1,1,1,branch;full;flag;coherent;coset,exact,1,1,1,1,1,0,0,9
1,0,1,15,0,1,3/4,3/4,3/4,3/4,3/4,3/4,branch;full;flag;coherent;coset,exact,1,1,3/4,1,1,0,0,13
1,0,1,15,0,2,1,1,1,1,1,1,branch;full;flag;coherent;coset,exact,1,1,1,1,1,0,0,14
1,0,1,15,1,1,1,1,1,1,1,1,branch;full;flag;coherent;coset,exact,1,1,1,1,1,0,0,11
1,0,1,15,1,2,1,1,1,1,1,1,branch;full;flag;coherent;coset,exact,1,1,1,1,1,0,0,11
1,0,2,15,0,1,1,1,1,1,1,1,branch;full;flag;coherent;coset,exact,1,1,1,1,1,0,0,15
1,0,2,15,0,2,1,1,1,1,1,1,branch;full;flag;coherent;coset,exact,1,1,1,1,1,0,0,15
1,0,2,15,1,1,1,1,1,1,1,1,branch;full;flag;coherent;coset,exact,1,1,1,1,1,0,0,12
1,0,2,15,1,2,1,1,1,1,1,1,branch;full;flag;coherent;coset,exact,1,1,1,1,1,0,0,12
1,1,1,15,0,1,1,1,1,1,1,1,branch;full;flag;coherent;coset,exact,1,1,1,1,1,0,0,11
1,1,1,15,0,2,1,1,1,1,1,1,branch;full;flag;coherent;coset,exact,1,1,1,1,1,0,0,11
1,1,1,15,1,1,1,1,1,1,1,1,branch;full;flag;coherent;coset,exact,1,1,1,1,1,0,0,9
1,1,1,15,1,2,1,1,1,1,1,1,branch;full;flag;coherent;coset,exact,1,1,1,1,1,0,0,9
1,1,2,15,0,1,1,1,1,1,1,1,branch;full;flag;coherent;coset,exact,1,1,1,1,1,0,0,11
1,1,2,15,0,2,1,1,1,1,1,1,branch;full;flag;coherent;coset,exact,1,1,1,1,1,0,0,11
1,1,2,15,1,1,1,1,1,1,1,1,branch;full;flag;coherent;coset,exact,1,1,1,1,1,0,0,9
1,1,2,15,1,2,1,1,1,1,1,1,branch;full;flag;coherent;coset,exact,1,1,1,1,1,0,0,9
2,0,1,0,0,1,1,1,1,1,1,1,branch;full;flag;coherent;coset,exact,1,1,1,1,1,0,0,8
2,0,1,0,0,2,1,1,1,1,1,1,branch;full;flag;coherent;coset,exact,1,1,1,1,1,0,0,8
2,0,1,0,1,1,1,1,1,1,1,1,branch;full;flag;coherent;coset,exact,1,1,1,1,1,0,0,8
2,0,1,0,1,2,1,1,1,1,1,1,branch;full;flag;coherent;coset,exact,1,1,1,1,1,0,0,8
2,0,2,0,0,1,1,1,1,1,1,1,branch;full;flag;coherent;coset,exact,1,1,1,1,1,0,0,9
2,0,2,0,0,2,1,1,1,1,1,1,branch;full;flag;coherent;coset,exact,1,1,1,1,1,0,0,9
2,0,2,0,1,1,1,1,1,1,1,1,branch;full;flag;coherent;coset,exact,1,1,1,1,1,0,0,9
2,0,2,0,1,2,1,1,1,1,1,1,branch;full;flag;coherent;coset,exact,1,1,1,1,1,0,0,9
2,1,1,0,0,1,1,1,1,1,1,1,branch;full;flag;coherent;coset,exact,1,1,1,1,1,0,0,7
2,1,1,0,0,2,1,1,1,1,1,1,branch;full;flag;coherent;coset,exact,1,1,1,1,1,0,0,7
2,1,1,0,1,1,1,1,1,1,1,1,branch;full;flag;coherent;coset,exact,1,1,1,1,1,0,0,7
2,1,1,0,1,2,1,1,1,1,1,1,branch;full;flag;coherent;coset,exact,1,1,1,1,1,0,0,7
2,1,2,0,0,1,1,1,1,1,1,1,branch;full;flag;coherent;coset,exact,1,1,1,1,1,0,0,7
2,1,2,0,0,2,1,1,1,1,1,1,branch;full;flag;coherent;coset,exact,1,1,1,1,1,0,0,7
2,1,2,0,1,1,1,1,1,1,1,1,branch;full;flag;coherent;coset,exact,1,1,1,1,1,0,0,7
2,1,2,0,1,2,1,1,1,1,1,1,branch;full;flag;coherent;coset,exact,1,1,1,1,1,0,0,7
2,0,1,1,0,1,3/4,3/4,3/4,3/4,3/4,3/4,branch;full;flag;coherent;coset,exact,1,1,3/4,1,1,0,0,13
2,0,1,1,0,2,1,1,1,1,1,1,branch;full;flag;coherent;coset,exact,1,1,1,1,1,0,0,14
2,0,1,1,1,1,1,1,1,1,1,1,branch;full;flag;coherent;coset,exact,1,1,1,1,1,0,0,11
2,0,1,1,1,2,1,1,1,1,1,1,branch;full;flag;coherent;coset,exact,1,1,1,1,1,0,0,11
2,0,2,1,0,1,1,1,1,1,1,1,branch;full;flag;coherent;coset,exact,1,1,1,1,1,0,0,15
2,0,2,1,0,2,1,1,1,1,1,1,branch;full;flag;coherent;coset,exact,1,1,1,1,1,0,0,15
2,0,2,1,1,1,1,1,1,1,1,1,branch;full;flag;coherent;coset,exact,1,1,1,1,1,0,0,12
2,0,2,1,1,2,1,1,1,1,1,1,branch;full;flag;coherent;coset,exact,1,1,1,1,1,0,0,12
2,1,1,1,0,1,1,1,1,1,1,1,branch;full;flag;coherent;coset,exact,1,1,1,1,1,0,0,11
2,1,1,1,0,2,1,1,1,1,1,1,branch;full;flag;coherent;coset,exact,1,1,1,1,1,0,0,11
2,1,1,1,1,1,1,1,1,1,1,1,branch;full;flag;coherent;coset,exact,1,1,1,1,1,0,0,9
2,1,1,1,1,2,1,1,1,1,1,1,branch;full;flag;coherent;coset,exact,1,1,1,1,1,0,0,9
2,1,2,1,0,1,1,1,1,1,1,1,branch;full;flag;coherent;coset,exact,1,1,1,1,1,0,0,11
2,1,2,1,0,2,1,1,1,1,1,1,branch;full;flag;coherent;coset,exact,1,1,1,1,1,0,0,11
2,1,2,1,1,1,1,1,1,1,1,1,branch;full;flag;coherent;coset,exact,1,1,1,1,1,0,0,9
2,1,2,1,1,2,1,1,1,1,1,1,branch;full;flag;coherent;coset,exact,1,1,1,1,1,0,0,9
2,0,1,2,0,1,1,1,1,1,1,1,branch;full;flag;coherent;coset,exact,1,1,1,1,1,0,0,8
2,0,1,2,0,2,1,1,1,1,1,1,branch;full;flag;coherent;coset,exact,1,1,1,1,1,0,0,8
2,0,1,2,1,1,1,1,1,1,1,1,branch;full;flag;coherent;coset,exact,1,1,1,1,1,0,0,7
2,0,1,2,1,2,1,1,1,1,1,1,branch;full;flag;coherent;coset,exact,1,1,1,1,1,0,0,7
2,0,2,2,0,1,1,1,1,1,1,1,branch;full;flag;coherent;coset,exact,1,1,1,1,1,0,0,9
2,0,2,2,0,2,1,1,1,1,1,1,branch;full;flag;coherent;coset,exact,1,1,1,1,1,0,0,9
2,0,2,2,1,1,1,1,1,1,1,1,branch;full;flag;coherent;coset,exact,1,1,1,1,1,0,0,8
2,0,2,2,1,2,1,1,1,1,1,1,branch;full;flag;coherent;coset,exact,1,1,1,1,1,0,0,8
2,1,1,2,0,1,1,1,1,1,1,1,branch;full;flag;coherent;coset,exact,1,1,1,1,1,0,0,7
2,1,1,2,0,2,1,1,1,1,1,1,branch;full;flag;coherent;coset,exact,1,1,1,1,1,0,0,7
2,1,1,2,1,1,1,1,1,1,1,1,branch;full;flag;coherent;coset,exact,1,1,1,1,1,0,0,7
2,1,1,2,1,2,1,1,1,1,1,1,branch;full;flag;coherent;coset,exact,1,1,1,1,1,0,0,7
2,1,2,2,0,1,1,1,1,1,1,1,branch;full;flag;coherent;coset,exact,1,1,1,1,1,0,0,7
2,1,2,2,0,2,1,1,1,1,1,1,branch;full;flag;coherent;coset,exact,1,1,1,1,1,0,0,7
2,1,2,2,1,1,1,1,1,1,1,1,branch;full;flag;coherent;coset,exact,1,1,1,1,1,0,0,7
2,1,2,2,1,2,1,1,1,1,1,1,branch;full;flag;coherent;coset,exact,1,1,1,1,1,0,0,7
2,0,1,3,0,1,3/4,3/4,3/4,3/4,3/4,3/4,branch;full;flag;coherent;coset,exact,1,1,3/4,1,1,0,0,13
2,0,1,3,0,2,1,1,1,1,1,1,branch;full;flag;coherent;coset,exact,1,1,1,1,1,0,0,14
2,0,1,3,1,1,1,1,1,1,1,1,branch;full;flag;coherent;coset,exact,1,1,1,1,1,0,0,11
2,0,1,3,1,2,1,1,1,1,1,1,branch;full;flag;coherent;coset,exact,1,1,1,1,1,0,0,11
2,0,2,3,0,1,1,1,1,1,1,1,branch;full;flag;coherent;coset,exact,1,1,1,1,1,0,0,15
2,0,2,3,0,2,1,1,1,1,1,1,branch;full;flag;coherent;coset,exact,1,1,1,1,1,0,0,15
2,0,2,3,1,1,1,1,1,1,1,1,branch;full;flag;coherent;coset,exact,1,1,1,1,1,0,0,12
2,0,2,3,1,2,1,1,1,1,1,1,branch;full;flag;coherent;coset,exact,1,1,1,1,1,0,0,12
2,1,1,3,0,1,1,1,1,1,1,1,branch;full;flag;coherent;coset,exact,1,1,1,1,1,0,0,11
2,1,1,3,0,2,1,1,1,1,1,1,branch;full;flag;coherent;coset,exact,1,1,1,1,1,0,0,11
2,1,1,3,1,1,1,1,1,1,1,1,branch;full;flag;coherent;coset,exact,1,1,1,1,1,0,0,9
2,1,1,3,1,2,1,1,1,1,1,1,branch;full;flag;coherent;coset,exact,1,1,1,1,1,0,0,9
2,1,2,3,0,1,1,1,1,1,1,1,branch;full;flag;coherent;coset,exact,1,1,1,1,1,0,0,11
2,1,2,3,0,2,1,1,1,1,1,1,branch;full;flag;coherent;coset,exact,1,1,1,1,1,0,0,11
2,1,2,3,1,1,1,1,1,1,1,1,branch;full;flag;coherent;coset,exact,1,1,1,1,1,0,0,9
2,1,2,3,1,2,1,1,1,1,1,1,branch;full;flag;coherent;coset,exact,1,1,1,1,1,0,0,9
2,0,1,4,0,1,3/4,3/4,3/4,3/4,3/4,3/4,branch;full;flag;coherent;coset,exact,1,1,3/4,1,1,0,0,13
2,0,1,4,0,2,1,1,1,1,1,1,branch;full;flag;coherent;coset,exact,1,1,1,1,1,0,0,14
2,0,1,4,1,1,1,1,1,1,1,1,branch;full;flag;coherent;coset,exact,1,1,1,1,1,0,0,11
2,0,1,4,1,2,1,1,1,1,1,1,branch;full;flag;coherent;coset,exact,1,1,1,1,1,0,0,11
2,0,2,4,0,1,1,1,1,1,1,1,branch;full;flag;coherent;coset,exact,1,1,1,1,1,0,0,15
2,0,2,4,0,2,1,1,1,1,1,1,branch;full;flag;coherent;coset,exact,1,1,1,1,1,0,0,15
2,0,2,4,1,1,1,1,1,1,1,1,branch;full;flag;coherent;coset,exact,1,1,1,1,1,0,0,12
2,0,2,4,1,2,1,1,1,1,1,1,branch;full;flag;coherent;coset,exact,1,1,1,1,1,0,0,12
2,1,1,4,0,1,1,1,1,1,1,1,branch;full;flag;coherent;coset,exact,1,1,1,1,1,0,0,11
2,1,1,4,0,2,1,1,1,1,1,1,branch;full;flag;coherent;coset,exact,1,1,1,1,1,0,0,11
2,1,1,4,1,1,1,1,1,1,1,1,branch;full;flag;coherent;coset,exact,1,1,1,1,1,0,0,9
2,1,1,4,1,2,1,1,1,1,1,1,branch;full;flag;coherent;coset,exact,1,1,1,1,1,0,0,9
2,1,2,4,0,1,1,1,1,1,1,1,branch;full;flag;coherent;coset,exact,1,1,1,1,1,0,0,11
2,1,2,4,0,2,1,1,1,1,1,1,branch;full;flag;coherent;coset,exact,1,1,1,1,1,0,0,11
2,1,2,4,1,1,1,1,1,1,1,1,branch;full;flag;coherent;coset,exact,1,1,1,1,1,0,0,9
2,1,2,4,1,2,1,1,1,1,1,1,branch;full;flag;coherent;coset,exact,1,1,1,1,1,0,0,9
2,0,1,5,0,1,3/4,3/4,3/4,3/4,3/4,3/4,branch;full;flag;coherent;coset,exact,1,1,3/4,1,1,0,0,13
2,0,1,5,0,2,1,1,1,1,1,1,branch;full;flag;coherent;coset,exact,1,1,1,1,1,0,0,14
2,0,1,5,1,1,1,1,1,1,1,1,branch;full;flag;coherent;coset,exact,1,1,1,1,1,0,0,11
2,0,1,5,1,2,1,1,1,1,1,1,branch;full;flag;coherent;coset,exact,1,1,1,1,1,0,0,11
2,0,2,5,0,1,1,1,1,1,1,1,branch;full;flag;coherent;coset,exact,1,1,1,1,1,0,0,15
2,0,2,5,0,2,1,1,1,1,1,1,branch;full;flag;coherent;coset,exact,1,1,1,1,1,0,0,15
2,0,2,5,1,1,1,1,1,1,1,1,branch;full;flag;coherent;coset,exact,1,1,1,1,1,0,0,12
2,0,2,5,1,2,1,1,1,1,1,1,branch;full;flag;coherent;coset,exact,1,1,1,1,1,0,0,12
2,1,1,5,0,1,1,1,1,1,1,1,branch;full;flag;coherent;coset,exact,1,1,1,1,1,0,0,11
2,1,1,5,0,2,1,1,1,1,1,1,branch;full;flag;coherent;coset,exact,1,1,1,1,1,0,0,11
2,1,1,5,1,1,1,1,1,1,1,1,branch;full;flag;coherent;coset,exact,1,1,1,1,1,0,0,9
2,1,1,5,1,2,1,1,1,1,1,1,branch;full;flag;coherent;coset,exact,1,1,1,1,1,0,0,9
2,1,2,5,0,1,1,1,1,1,1,1,branch;full;flag;coherent;coset,exact,1,1,1,1,1,0,0,11
2,1,2,5,0,2,1,1,1,1,1,1,branch;full;flag;coherent;coset,exact,1,1,1,1,1,0,0,11
2,1,2,5,1,1,1,1,1,1,1,1,branch;full;flag;coherent;coset,exact,1,1,1,1,1,0,0,9
2,1,2,5,1,2,1,1,1,1,1,1,branch;full;flag;coherent;coset,exact,1,1,1,1,1,0,0,9
2,0,1,6,0,1,3/4,3/4,3/4,3/4,3/4,3/4,branch;full;flag;coherent;coset,exact,1,1,3/4,1,1,0,0,14
2,0,1,6,0,2,1,1,1,1,1,1,branch;full;flag;coherent;coset,exact,1,1,1,1,1,0,0,19
2,0,1,6,1,1,1,1,1,1,1,1,branch;full;flag;coherent;coset,exact,1,1,1,1,1,0,0,9
2,0,1,6,1,2,1,1,1,1,1,1,branch;full;flag;coherent;coset,exact,1,1,1,1,1,0,0,9
2,0,2,6,0,1,1,1,1,1,1,1,branch;full;flag;coherent;coset,exact,1,1,1,1,1,0,0,16
2,0,2,6,0,2,1,1,1,1,1,1,branch;full;flag;coherent;coset,exact,1,1,1,1,1,0,0,20
2,0,2,6,1,1,1,1,1,1,1,1,branch;full;flag;coherent;coset,exact,1,1,1,1,1,0,0,10
2,0,2,6,1,2,1,1,1,1,1,1,branch;full;flag;coherent;coset,exact,1,1,1,1,1,0,0,10
2,1,1,6,0,1,1,1,1,1,1,1,branch;full;flag;coherent;coset,exact,1,1,1,1,1,0,0,11
2,1,1,6,0,2,1,1,1,1,1,1,branch;full;flag;coherent;coset,exact,1,1,1,1,1,0,0,11
2,1,1,6,1,1,1,1,1,1,1,1,branch;full;flag;coherent;coset,exact,1,1,1,1,1,0,0,9
2,1,1,6,1,2,1,1,1,1,1,1,branch;full;flag;coherent;coset,exact,1,1,1,1,1,0,0,9
2,1,2,6,0,1,1,1,1,1,1,1,branch;full;flag;coherent;coset,exact,1,1,1,1,1,0,0,11
2,1,2,6,0,2,1,1,1,1,1,1,branch;full;flag;coherent;coset,exact,1,1,1,1,1,0,0,11
2,1,2,6,1,1,1,1,1,1,1,1,branch;full;flag;coherent;coset,exact,1,1,1,1,1,0,0,9
2,1,2,6,1,2,1,1,1,1,1,1,branch;full;flag;coherent;coset,exact,1,1,1,1,1,0,0,9
2,0,1,7,0,1,3/4,3/4,3/4,3/4,3/4,3/4,branch;full;flag;coherent;coset,exact,1,1,3/4,1,1,0,0,14
2,0,1,7,0,2,1,1,1,1,1,1,branch;full;flag;coherent;coset,exact,1,1,1,1,1,0,0,19
2,0,1,7,1,1,1,1,1,1,1,1,branch;full;flag;coherent;coset,exact,1,1,1,1,1,0,0,9
2,0,1,7,1,2,1,1,1,1,1,1,branch;full;flag;coherent;coset,exact,1,1,1,1,1,0,0,9
2,0,2,7,0,1,1,1,1,1,1,1,branch;full;flag;coherent;coset,exact,1,1,1,1,1,0,0,16
2,0,2,7,0,2,1,1,1,1,1,1,branch;full;flag;coherent;coset,exact,1,1,1,1,1,0,0,20
2,0,2,7,1,1,1,1,1,1,1,1,branch;full;flag;coherent;coset,exact,1,1,1,1,1,0,0,10
2,0,2,7,1,2,1,1,1,1,1,1,branch;full;flag;coherent;coset,exact,1,1,1,1,1,0,0,10
2,1,1,7,0,1,1,1,1,1,1,1,branch;full;flag;coherent;coset,exact,1,1,1,1,1,0,0,11
2,1,1,7,0,2,1,1,1,1,1,1,branch;full;flag;coherent;coset,exact,1,1,1,1,1,0,0,11
2,1,1,7,1,1,1,1,1,1,1,1,branch;full;flag;coherent;coset,exact,1,1,1,1,1,0,0,9
2,1,1,7,1,2,1,1,1,1,1,1,branch;full;flag;coherent;coset,exact,1,1,1,1,1,0,0,9
2,1,2,7,0,1,1,1,1,1,1,1,branch;full;flag;coherent;coset,exact,1,1,1,1,1,0,0,11
2,1,2,7,0,2,1,1,1,1,1,1,branch;full;flag;coherent;coset,exact,1,1,1,1,1,0,0,11
2,1,2,7,1,1,1,1,1,1,1,1,branch;full;flag;coherent;coset,exact,1,1,1,1,1,0,0,9
2,1,2,7,1,2,1,1,1,1,1,1,branch;full;flag;coherent;coset,exact,1,1,1,1,1,0,0,9
2,0,1,8,0,1,1,1,1,1,1,1,branch;full;flag;coherent;coset,exact,1,1,1,1,1,0,0,8
2,0,1,8,0,2,1,1,1,1,1,1,branch;full;flag;coherent;coset,exact,1,1,1,1,1,0,0,8
2,0,1,8,1,1,1,1,1,1,1,1,branch;full;flag;coherent;coset,exact,1,1,1,1,1,0,0,7
2,0,1,8,1,2,1,1,1,1,1,1,branch;full;flag;coherent;coset,exact,1,1,1,1,1,0,0,7
2,0,2,8,0,1,1,1,1,1,1,1,branch;full;flag;coherent;coset,exact,1,1,1,1,1,0,0,9
2,0,2,8,0,2,1,1,1,1,1,1,branch;full;flag;coherent;coset,exact,1,1,1,1,1,0,0,9
2,0,2,8,1,1,1,1,1,1,1,1,branch;full;flag;coherent;coset,exact,1,1,1,1,1,0,0,8
2,0,2,8,1,2,1,1,1,1,1,1,branch;full;flag;coherent;coset,exact,1,1,1,1,1,0,0,8
2,1,1,8,0,1,1,1,1,1,1,1,branch;full;flag;coherent;coset,exact,1,1,1,1,1,0,0,7
2,1,1,8,0,2,1,1,1,1,1,1,branch;full;flag;coherent;coset,exact,1,1,1,1,1,0,0,7
2,1,1,8,1,1,1,1,1,1,1,1,branch;full;flag;coherent;coset,exact,1,1,1,1,1,0,0,7
2,1,1,8,1,2,1,1,1,1,1,1,branch;full;flag;coherent;coset,exact,1,1,1,1,1,0,0,7
2,1,2,8,0,1,1,1,1,1,1,1,branch;full;flag;coherent;coset,exact,1,1,1,1,1,0,0,7
2,1,2,8,0,2,1,1,1,1,1,1,branch;full;flag;coherent;coset,exact,1,1,1,1,1,0,0,7
2,1,2,8,1,1,1,1,1,1,1,1,branch;full;flag;coherent;coset,exact,1,1,1,1,1,0,0,7
2,1,2,8,1,2,1,1,1,1,1,1,branch;full;flag;coherent;coset,exact,1,1,1,1,1,0,0,7
2,0,1,9,0,1,3/4,3/4,3/4,3/4,3/4,3/4,branch;full;flag;coherent;coset,exact,1,1,3/4,1,1,0,0,14
2,0,1,9,0,2,1,1,1,1,1,1,branch;full;flag;coherent;coset,exact,1,1,1,1,1,0,0,19
2,0,1,9,1,1,1,1,1,1,1,1,branch;full;flag;coherent;coset,exact,1,1,1,1,1,0,0,9
2,0,1,9,1,2,1,1,1,1,1,1,branch;full;flag;coherent;coset,exact,1,1,1,1,1,0,0,9
2,0,2,9,0,1,1,1,1,1,1,1,branch;full;flag;coherent;coset,exact,1,1,1,1,1,0,0,16
2,0,2,9,0,2,1,1,1,1,1,1,branch;full;flag;coherent;coset,exact,1,1,1,1,1,0,0,20
2,0,2,9,1,1,1,1,1,1,1,1,branch;full;flag;coherent;coset,exact,1,1,1,1,1,0,0,10
2,0,2,9,1,2,1,1,1,1,1,1,branch;full;flag;coherent;coset,exact,1,1,1,1,1,0,0,10
2,1,1,9,0,1,1,1,1,1,1,1,branch;full;flag;coherent;coset,exact,1,1,1,1,1,0,0,11
2,1,1,9,0,2,1,1,1,1,1,1,branch;full;flag;coherent;coset,exact,1,1,1,1,1,0,0,11
2,1,1,9,1,1,1,1,1,1,1,1,branch;full;flag;coherent;coset,exact,1,1,1,1,1,0,0,9
2,1,1,9,1,2,1,1,1,1,1,1,branch;full;flag;coherent;coset,exact,1,1,1,1,1,0,0,9
2,1,2,9,0,1,1,1,1,1,1,1,branch;full;flag;coherent;coset,exact,1,1,1,1,1,0,0,11
2,1,2,9,0,2,1,1,1,1,1,1,branch;full;flag;coherent;coset,exact,1,1,1,1,1,0,0,11
2,1,2,9,1,1,1,1,1,1,1,1,branch;full;flag;coherent;coset,exact,1,1,1,1,1,0,0,9
2,1,2,9,1,2,1,1,1,1,1,1,branch;full;flag;coherent;coset,exact,1,1,1,1,1,0,0,9
2,0,1,10,0,1,1,1,1,1,1,1,branch;full;flag;coherent;coset,exact,1,1,1,1,1,0,0,8
2,0,1,10,0,2,1,1,1,1,1,1,branch;full;flag;coherent;coset,exact,1,1,1,1,1,0,0,8
2,0,1,10,1,1,1,1,1,1,1,1,branch;full;flag;coherent;coset,exact,1,1,1,1,1,0,0,7
2,0,1,10,1,2,1,1,1,1,1,1,branch;full;flag;coherent;coset,exact,1,1,1,1,1,0,0,7
2,0,2,10,0,1,1,1,1,1,1,1,branch;full;flag;coherent;coset,exact,1,1,1,1,1,0,0,9
2,0,2,10,0,2,1,1,1,1,1,1,branch;full;flag;coherent;coset,exact,1,1,1,1,1,0,0,9
2,0,2,10,1,1,1,1,1,1,1,1,branch;full;flag;coherent;coset,exact,1,1,1,1,1,0,0,8
2,0,2,10,1,2,1,1,1,1,1,1,branch;full;flag;coherent;coset,exact,1,1,1,1,1,0,0,8
2,1,1,10,0,1,1,1,1,1,1,1,branch;full;flag;coherent;coset,exact,1,1,1,1,1,0,0,7
2,1,1,10,0,2,1,1,1,1,1,1,branch;full;flag;coherent;coset,exact,1,1,1,1,1,0,0,7
2,1,1,10,1,1,1,1,1,1,1,1,branch;full;flag;coherent;coset,exact,1,1,1,1,1,0,0,7
2,1,1,10,1,2,1,1,1,1,1,1,branch;full;flag;coherent;coset,exact,1,1,1,1,1,0,0,7
2,1,2,10,0,1,1,1,1,1,1,1,branch;full;flag;coherent;coset,exact,1,1,1,1,1,0,0,7
2,1,2,10,0,2,1,1,1,1,1,1,branch;full;flag;coherent;coset,exact,1,1,1,1,1,0,0,7
2,1,2,10,1,1,1,1,1,1,1,1,branch;full;flag;coherent;coset,exact,1,1,1,1,1,0,0,7
2,1,2,10,1,2,1,1,1,1,1,1,branch;full;flag;coherent;coset,exact,1,1,1,1,1,0,0,7
2,0,1,11,0,1,3/4,3/4,3/4,3/4,3/4,3/4,branch;full;flag;coherent;coset,exact,1,1,3/4,1,1,0,0,14
2,0,1,11,0,2,1,1,1,1,1,1,branch;full;flag;coherent;coset,exact,1,1,1,1,1,0,0,19
2,0,1,11,1,1,1,1,1,1,1,1,branch;full;flag;coherent;coset,exact,1,1,1,1,1,0,0,9
2,0,1,11,1,2,1,1,1,1,1,1,branch;full;flag;coherent;coset,exact,1,1,1,1,1,0,0,9
2,0,2,11,0,1,1,1,1,1,1,1,branch;full;flag;coherent;coset,exact,1,1,1,1,1,0,0,16
2,0,2,11,0,2,1,1,1,1,1,1,branch;full;flag;coherent;coset,exact,1,1,1,1,1,0,0,20
2,0,2,11,1,1,1,1,1,1,1,1,branch;full;flag;coherent;coset,exact,1,1,1,1,1,0,0,10
2,0,2,11,1,2,1,1,1,1,1,1,branch;full;flag;coherent;coset,exact,1,1,1,1,1,0,0,10
2,1,1,11,0,1,1,1,1,1,1,1,branch;full;flag;coherent;coset,exact,1,1,1,1,1,0,0,11
2,1,1,11,0,2,1,1,1,1,1,1,branch;full;flag;coherent;coset,exact,1,1,1,1,1,0,0,11
2,1,1,11,1,1,1,1,1,1,1,1,branch;full;flag;coherent;coset,exact,1,1,1,1,1,0,0,9
2,1,1,11,1,2,1,1,1,1,1,1,branch;full;flag;coherent;coset,exact,1,1,1,1,1,0,0,9
2,1,2,11,0,1,1,1,1,1,1,1,branch;full;flag;coherent;coset,exact,1,1,1,1,1,0,0,11
2,1,2,11,0,2,1,1,1,1,1,1,branch;full;flag;coherent;coset,exact,1,1,1,1,1,0,0,11
2,1,2,11,1,1,1,1,1,1,1,1,branch;full;flag;coherent;coset,exact,1,1,1,1,1,0,0,9
2,1,2,11,1,2,1,1,1,1,1,1,branch;full;flag;coherent;coset,exact,1,1,1,1,1,0,0,9
2,0,1,12,0,1,3/4,3/4,3/4,3/4,3/4,3/4,branch;full;flag;coherent;coset,exact,1,1,3/4,1,1,0,0,13
2,0,1,12,0,2,1,1,1,1,1,1,branch;full;flag;coherent;coset,exact,1,1,1,1,1,0,0,14
2,0,1,12,1,1,1,1,1,1,1,1,branch;full;flag;coherent;coset,exact,1,1,1,1,1,0,0,11
2,0,1,12,1,2,1,1,1,1,1,1,branch;full;flag;coherent;coset,exact,1,1,1,1,1,0,0,11
2,0,2,12,0,1,1,1,1,1,1,1,branch;full;flag;coherent;coset,exact,1,1,1,1,1,0,0,15
2,0,2,12,0,2,1,1,1,1,1,1,branch;full;flag;coherent;coset,exact,1,1,1,1,1,0,0,15
2,0,2,12,1,1,1,1,1,1,1,1,branch;full;flag;coherent;coset,exact,1,1,1,1,1,0,0,12
2,0,2,12,1,2,1,1,1,1,1,1,branch;full;flag;coherent;coset,exact,1,1,1,1,1,0,0,12
2,1,1,12,0,1,1,1,1,1,1,1,branch;full;flag;coherent;coset,exact,1,1,1,1,1,0,0,11
2,1,1,12,0,2,1,1,1,1,1,1,branch;full;flag;coherent;coset,exact,1,1,1,1,1,0,0,11
2,1,1,12,1,1,1,1,1,1,1,1,branch;full;flag;coherent;coset,exact,1,1,1,1,1,0,0,9
2,1,1,12,1,2,1,1,1,1,1,1,branch;full;flag;coherent;coset,exact,1,1,1,1,1,0,0,9
2,1,2,12,0,1,1,1,1,1,1,1,branch;full;flag;coherent;coset,exact,1,1,1,1,1,0,0,11
2,1,2,12,0,2,1,1,1,1,1,1,branch;full;flag;coherent;coset,exact,1,1,1,1,1,0,0,11
2,1,2,12,1,1,1,1,1,1,1,1,branch;full;flag;coherent;coset,exact,1,1,1,1,1,0,0,9
2,1,2,12,1,2,1,1,1,1,1,1,branch;full;flag;coherent;coset,exact,1,1,1,1,1,0,0,9
2,0,1,13,0,1,3/4,3/4,3/4,3/4,3/4,3/4,branch;full;flag;coherent;coset,exact,1,1,3/4,1,1,0,0,14
2,0,1,13,0,2,1,1,1,1,1,1,branch;full;flag;coherent;coset,exact,1,1,1,1,1,0,0,19
2,0,1,13,1,1,1,1,1,1,1,1,branch;full;flag;coherent;coset,exact,1,1,1,1,1,0,0,9
2,0,1,13,1,2,1,1,1,1,1,1,branch;full;flag;coherent;coset,exact,1,1,1,1,1,0,0,9
2,0,2,13,0,1,1,1,1,1,1,1,branch;full;flag;coherent;coset,exact,1,1,1,1,1,0,0,16
2,0,2,13,0,2,1,1,1,1,1,1,branch;full;flag;coherent;coset,exact,1,1,1,1,1,0,0,20
2,0,2,13,1,1,1,1,1,1,1,1,branch;full;flag;coherent;coset,exact,1,1,1,1,1,0,0,10
2,0,2,13,1,2,1,1,1,1,1,1,branch;full;flag;coherent;coset,exact,1,1,1,1,1,0,0,10
2,1,1,13,0,1,1,1,1,1,1,1,branch;full;flag;coherent;coset,exact,1,1,1,1,1,0,0,11
2,1,1,13,0,2,1,1,1,1,1,1,branch;full;flag;coherent;coset,exact,1,1,1,1,1,0,0,11
2,1,1,13,1,1,1,1,1,1,1,1,branch;full;flag;coherent;coset,exact,1,1,1,1,1,0,0,9
2,1,1,13,1,2,1,1,1,1,1,1,branch;full;flag;coherent;coset,exact,1,1,1,1,1,0,0,9
2,1,2,13,0,1,1,1,1,1,1,1,branch;full;flag;coherent;coset,exact,1,1,1,1,1,0,0,11
2,1,2,13,0,2,1,1,1,1,1,1,branch;full;flag;coherent;coset,exact,1,1,1,1,1,0,0,11
2,1,2,13,1,1,1,1,1,1,1,1,branch;full;flag;coherent;coset,exact,1,1,1,1,1,0,0,9
2,1,2,13,1,2,1,1,1,1,1,1,branch;full;flag;coherent;coset,exact,1,1,1,1,1,0,0,9
2,0,1,14,0,1,3/4,3/4,3/4,3/4,3/4,3/4,branch;full;flag;coherent;coset,exact,1,1,3/4,1,1,0,0,14
2,0,1,14,0,2,1,1,1,1,1,1,branch;full;flag;coherent;coset,exact,1,1,1,1,1,0,0,19
2,0,1,14,1,1,1,1,1,1,1,1,branch;full;flag;coherent;coset,exact,1,1,1,1,1,0,0,9
2,0,1,14,1,2,1,1,1,1,1,1,branch;full;flag;coherent;coset,exact,1,1,1,1,1,0,0,9
2,0,2,14,0,1,1,1,1,1,1,1,branch;full;flag;coherent;coset,exact,1,1,1,1,1,0,0,16
2,0,2,14,0,2,1,1,1,1,1,1,branch;full;flag;coherent;coset,exact,1,1,1,1,1,0,0,20
2,0,2,14,1,1,1,1,1,1,1,1,branch;full;flag;coherent;coset,exact,1,1,1,1,1,0,0,10
2,0,2,14,1,2,1,1,1,1,1,1,branch;full;flag;coherent;coset,exact,1,1,1,1,1,0,0,10
2,1,1,14,0,1,1,1,1,1,1,1,branch;full;flag;coherent;coset,exact,1,1,1,1,1,0,0,11
2,1,1,14,0,2,1,1,1,1,1,1,branch;full;flag;coherent;coset,exact,1,1,1,1,1,0,0,11
2,1,1,14,1,1,1,1,1,1,1,1,branch;full;flag;coherent;coset,exact,1,1,1,1,1,0,0,9
2,1,1,14,1,2,1,1,1,1,1,1,branch;full;flag;coherent;coset,exact,1,1,1,1,1,0,0,9
2,1,2,14,0,1,1,1,1,1,1,1,branch;full;flag;coherent;coset,exact,1,1,1,1,1,0,0,11
2,1,2,14,0,2,1,1,1,1,1,1,branch;full;flag;coherent;coset,exact,1,1,1,1,1,0,0,11
2,1,2,14,1,1,1,1,1,1,1,1,branch;full;flag;coherent;coset,exact,1,1,1,1,1,0,0,9
2,1,2,14,1,2,1,1,1,1,1,1,branch;full;flag;coherent;coset,exact,1,1,1,1,1,0,0,9
2,0,1,15,0,1,3/4,3/4,3/4,3/4,3/4,3/4,branch;full;flag;coherent;coset,exact,1,1,3/4,1,1,0,0,13
2,0,1,15,0,2,1,1,1,1,1,1,branch;full;flag;coherent;coset,exact,1,1,1,1,1,0,0,14
2,0,1,15,1,1,1,1,1,1,1,1,branch;full;flag;coherent;coset,exact,1,1,1,1,1,0,0,11
2,0,1,15,1,2,1,1,1,1,1,1,branch;full;flag;coherent;coset,exact,1,1,1,1,1,0,0,11
2,0,2,15,0,1,1,1,1,1,1,1,branch;full;flag;coherent;coset,exact,1,1,1,1,1,0,0,15
2,0,2,15,0,2,1,1,1,1,1,1,branch;full;flag;coherent;coset,exact,1,1,1,1,1,0,0,15
2,0,2,15,1,1,1,1,1,1,1,1,branch;full;flag;coherent;coset,exact,1,1,1,1,1,0,0,12
2,0,2,15,1,2,1,1,1,1,1,1,branch;full;flag;coherent;coset,exact,1,1,1,1,1,0,0,12
2,1,1,15,0,1,1,1,1,1,1,1,branch;full;flag;coherent;coset,exact,1,1,1,1,1,0,0,11
2,1,1,15,0,2,1,1,1,1,1,1,branch;full;flag;coherent;coset,exact,1,1,1,1,1,0,0,11
2,1,1,15,1,1,1,1,1,1,1,1,branch;full;flag;coherent;coset,exact,1,1,1,1,1,0,0,9
2,1,1,15,1,2,1,1,1,1,1,1,branch;full;flag;coherent;coset,exact,1,1,1,1,1,0,0,9
2,1,2,15,0,1,1,1,1,1,1,1,branch;full;flag;coherent;coset,exact,1,1,1,1,1,0,0,11
2,1,2,15,0,2,1,1,1,1,1,1,branch;full;flag;coherent;coset,exact,1,1,1,1,1,0,0,11
2,1,2,15,1,1,1,1,1,1,1,1,branch;full;flag;coherent;coset,exact,1,1,1,1,1,0,0,9
2,1,2,15,1,2,1,1,1,1,1,1,branch;full;flag;coherent;coset,exact,1,1,1,1,1,0,0,9
3,0,1,0,0,1,1,1,1,1,1,1,branch;full;flag;coherent;coset,exact,1,1,1,1,1,0,0,8
3,0,1,0,0,2,1,1,1,1,1,1,branch;full;flag;coherent;coset,exact,1,1,1,1,1,0,0,8
3,0,1,0,1,1,1,1,1,1,1,1,branch;full;flag;coherent;coset,exact,1,1,1,1,1,0,0,8
3,0,1,0,1,2,1,1,1,1,1,1,branch;full;flag;coherent;coset,exact,1,1,1,1,1,0,0,8
3,0,2,0,0,1,1,1,1,1,1,1,branch;full;flag;coherent;coset,exact,1,1,1,1,1,0,0,9
3,0,2,0,0,2,1,1,1,1,1,1,branch;full;flag;coherent;coset,exact,1,1,1,1,1,0,0,9
3,0,2,0,1,1,1,1,1,1,1,1,branch;full;flag;coherent;coset,exact,1,1,1,1,1,0,0,9
3,0,2,0,1,2,1,1,1,1,1,1,branch;full;flag;coherent;coset,exact,1,1,1,1,1,0,0,9
3,1,1,0,0,1,1,1,1,1,1,1,branch;full;flag;coherent;coset,exact,1,1,1,1,1,0,0,7
3,1,1,0,0,2,1,1,1,1,1,1,branch;full;flag;coherent;coset,exact,1,1,1,1,1,0,0,7
3,1,1,0,1,1,1,1,1,1,1,1,branch;full;flag;coherent;coset,exact,1,1,1,1,1,0,0,7
3,1,1,0,1,2,1,1,1,1,1,1,branch;full;flag;coherent;coset,exact,1,1,1,1,1,0,0,7
3,1,2,0,0,1,1,1,1,1,1,1,branch;full;flag;coherent;coset,exact,1,1,1,1,1,0,0,7
3,1,2,0,0,2,1,1,1,1,1,1,branch;full;flag;coherent;coset,exact,1,1,1,1,1,0,0,7
3,1,2,0,1,1,1,1,1,1,1,1,branch;full;flag;coherent;coset,exact,1,1,1,1,1,0,0,7
3,1,2,0,1,2,1,1,1,1,1,1,branch;full;flag;coherent;coset,exact,1,1,1,1,1,0,0,7
3,0,1,1,0,1,3/4,3/4,3/4,3/4,3/4,3/4,branch;full;flag;coherent;coset,exact,1,1,3/4,1,1,0,0,13
3,0,1,1,0,2,1,1,1,1,1,1,branch;full;flag;coherent;coset,exact,1,1,1,1,1,0,0,14
3,0,1,1,1,1,1,1,1,1,1,1,branch;full;flag;coherent;coset,exact,1,1,1,1,1,0,0,11
3,0,1,1,1,2,1,1,1,1,1,1,branch;full;flag;coherent;coset,exact,1,1,1,1,1,0,0,11
3,0,2,1,0,1,1,1,1,1,1,1,branch;full;flag;coherent;coset,exact,1,1,1,1,1,0,0,15
3,0,2,1,0,2,1,1,1,1,1,1,branch;full;flag;coherent;coset,exact,1,1,1,1,1,0,0,15
3,0,2,1,1,1,1,1,1,1,1,1,branch;full;flag;coherent;coset,exact,1,1,1,1,1,0,0,12
3,0,2,1,1,2,1,1,1,1,1,1,branch;full;flag;coherent;coset,exact,1,1,1,1,1,0,0,12
3,1,1,1,0,1,1,1,1,1,1,1,branch;full;flag;coherent;coset,exact,1,1,1,1,1,0,0,11
3,1,1,1,0,2,1,1,1,1,1,1,branch;full;flag;coherent;coset,exact,1,1,1,1,1,0,0,11
3,1,1,1,1,1,1,1,1,1,1,1,branch;full;flag;coherent;coset,exact,1,1,1,1,1,0,0,9
3,1,1,1,1,2,1,1,1,1,1,1,branch;full;flag;coherent;coset,exact,1,1,1,1,1,0,0,9
3,1,2,1,0,1,1,1,1,1,1,1,branch;full;flag;coherent;coset,exact,1,1,1,1,1,0,0,11
3,1,2,1,0,2,1,1,1,1,1,1,branch;full;flag;coherent;coset,exact,1,1,1,1,1,0,0,11
3,1,2,1,1,1,1,1,1,1,1,1,branch;full;flag;coherent;coset,exact,1,1,1,1,1,0,0,9
3,1,2,1,1,2,1,1,1,1,1,1,branch;full;flag;coherent;coset,exact,1,1,1,1,1,0,0,9
3,0,1,2,0,1,3/4,3/4,3/4,3/4,3/4,3/4,branch;full;flag;coherent;coset,exact,1,1,3/4,1,1,0,0,13
3,0,1,2,0,2,1,1,1,1,1,1,branch;full;flag;coherent;coset,exact,1,1,1,1,1,0,0,14
3,0,1,2,1,1,1,1,1,1,1,1,branch;full;flag;coherent;coset,exact,1,1,1,1,1,0,0,11
3,0,1,2,1,2,1,1,1,1,1,1,branch;full;flag;coherent;coset,exact,1,1,1,1,1,0,0,11
3,0,2,2,0,1,1,1,1,1,1,1,branch;full;flag;coherent;coset,exact,1,1,1,1,1,0,0,15
3,0,2,2,0,2,1,1,1,1,1,1,branch;full;flag;coherent;coset,exact,1,1,1,1,1,0,0,15
3,0,2,2,1,1,1,1,1,1,1,1,branch;full;flag;coherent;coset,exact,1,1,1,1,1,0,0,12
3,0,2,2,1,2,1,1,1,1,1,1,branch;full;flag;coherent;coset,exact,1,1,1,1,1,0,0,12
3,1,1,2,0,1,1,1,1,1,1,1,branch;full;flag;coherent;coset,exact,1,1,1,1,1,0,0,11
3,1,1,2,0,2,1,1,1,1,1,1,branch;full;flag;coherent;coset,exact,1,1,1,1,1,0,0,11
3,1,1,2,1,1,1,1,1,1,1,1,branch;full;flag;coherent;coset,exact,1,1,1,1,1,0,0,9
3,1,1,2,1,2,1,1,1,1,1,1,branch;full;flag;coherent;coset,exact,1,1,1,1,1,0,0,9
3,1,2,2,0,1,1,1,1,1,1,1,branch;full;flag;coherent;coset,exact,1,1,1,1,1,0,0,11
3,1,2,2,0,2,1,1,1,1,1,1,branch;full;flag;coherent;coset,exact,1,1,1,1,1,0,0,11
3,1,2,2,1,1,1,1,1,1,1,1,branch;full;flag;coherent;coset,exact,1,1,1,1,1,0,0,9
3,1,2,2,1,2,1,1,1,1,1,1,branch;full;flag;coherent;coset,exact,1,1,1,1,1,0,0,9
3,0,1,3,0,1,1,1,1,1,1,1,branch;full;flag;coherent;coset,exact,1,1,1,1,1,0,0,8
3,0,1,3,0,2,1,1,1,1,1,1,branch;full;flag;coherent;coset,exact,1,1,1,1,1,0,0,8
3,0,1,3,1,1,1,1,1,1,1,1,branch;full;flag;coherent;coset,exact,1,1,1,1,1,0,0,7
3,0,1,3,1,2,1,1,1,1,1,1,branch;full;flag;coherent;coset,exact,1,1,1,1,1,0,0,7
3,0,2,3,0,1,1,1,1,1,1,1,branch;full;flag;coherent;coset,exact,1,1,1,1,1,0,0,9
3,0,2,3,0,2,1,1,1,1,1,1,branch;full;flag;coherent;coset,exact,1,1,1,1,1,0,0,9
3,0,2,3,1,1,1,1,1,1,1,1,branch;full;flag;coherent;coset,exact,1,1,1,1,1,0,0,8
3,0,2,3,1,2,1,1,1,1,1,1,branch;full;flag;coherent;coset,exact,1,1,1,1,1,0,0,8
3,1,1,3,0,1,1,1,1,1,1,1,branch;full;flag;coherent;coset,exact,1,1,1,1,1,0,0,7
3,1,1,3,0,2,1,1,1,1,1,1,branch;full;flag;coherent;coset,exact,1,1,1,1,1,0,0,7
3,1,1,3,1,1,1,1,1,1,1,1,branch;full;flag;coherent;coset,exact,1,1,1,1,1,0,0,7
3,1,1,3,1,2,1,1,1,1,1,1,branch;full;flag;coherent;coset,exact,1,1,1,1,1,0,0,7
3,1,2,3,0,1,1,1,1,1,1,1,branch;full;flag;coherent;coset,exact,1,1,1,1,1,0,0,7
3,1,2,3,0,2,1,1,1,1,1,1,branch;full;flag;coherent;coset,exact,1,1,1,1,1,0,0,7
3,1,2,3,1,1,1,1,1,1,1,1,branch;full;flag;coherent;coset,exact,1,1,1,1,1,0,0,7
3,1,2,3,1,2,1,1,1,1,1,1,branch;full;flag;coherent;coset,exact,1,1,1,1,1,0,0,7
3,0,1,4,0,1,3/4,3/4,3/4,3/4,3/4,3/4,branch;full;flag;coherent;coset,exact,1,1,3/4,1,1,0,0,13
3,0,1,4,0,2,1,1,1,1,1,1,branch;full;flag;coherent;coset,exact,1,1,1,1,1,0,0,14
3,0,1,4,1,1,1,1,1,1,1,1,branch;full;flag;coherent;coset,exact,1,1,1,1,1,0,0,11
3,0,1,4,1,2,1,1,1,1,1,1,branch;full;flag;coherent;coset,exact,1,1,1,1,1,0,0,11
3,0,2,4,0,1,1,1,1,1,1,1,branch;full;flag;coherent;coset,exact,1,1,1,1,1,0,0,15
3,0,2,4,0,2,1,1,1,1,1,1,branch;full;flag;coherent;coset,exact,1,1,1,1,1,0,0,15
3,0,2,4,1,1,1,1,1,1,1,1,branch;full;flag;coherent;coset,exact,1,1,1,1,1,0,0,12
3,0,2,4,1,2,1,1,1,1,1,1,branch;full;flag;coherent;coset,exact,1,1,1,1,1,0,0,12
3,1,1,4,0,1,1,1,1,1,1,1,branch;full;flag;coherent;coset,exact,1,1,1,1,1,0,0,11
3,1,1,4,0,2,1,1,1,1,1,1,branch;full;flag;coherent;coset,exact,1,1,1,1,1,0,0,11
3,1,1,4,1,1,1,1,1,1,1,1,branch;full;flag;coherent;coset,exact,1,1,1,1,1,0,0,9
3,1,1,4,1,2,1,1,1,1,1,1,branch;full;flag;coherent;coset,exact,1,1,1,1,1,0,0,9
3,1,2,4,0,1,1,1,1,1,1,1,branch;full;flag;coherent;coset,exact,1,1,1,1,1,0,0,11
3,1,2,4,0,2,1,1,1,1,1,1,branch;full;flag;coherent;coset,exact,1,1,1,1,1,0,0,11
3,1,2,4,1,1,1,1,1,1,1,1,branch;full;flag;coherent;coset,exact,1,1,1,1,1,0,0,9
3,1,2,4,1,2,1,1,1,1,1,1,branch;full;flag;coherent;coset,exact,1,1,1,1,1,0,0,9
3,0,1,5,0,1,3/4,3/4,3/4,3/4,3/4,3/4,branch;full;flag;coherent;coset,exact,1,1,3/4,1,1,0,0,13
3,0,1,5,0,2,1,1,1,1,1,1,branch;full;flag;coherent;coset,exact,1,1,1,1,1,0,0,14
3,0,1,5,1,1,1,1,1,1,1,1,branch;full;flag;coherent;coset,exact,1,1,1,1,1,0,0,11
3,0,1,5,1,2,1,1,1,1,1,1,branch;full;flag;coherent;coset,exact,1,1,1,1,1,0,0,11
3,0,2,5,0,1,1,1,1,1,1,1,branch;full;flag;coherent;coset,exact,1,1,1,1,1,0,0,15
3,0,2,5,0,2,1,1,1,1,1,1,branch;full;flag;coherent;coset,exact,1,1,1,1,1,0,0,15
3,0,2,5,1,1,1,1,1,1,1,1,branch;full;flag;coherent;coset,exact,1,1,1,1,1,0,0,12
3,0,2,5,1,2,1,1,1,1,1,1,branch;full;flag;coherent;coset,exact,1,1,1,1,1,0,0,12
3,1,1,5,0,1,1,1,1,1,1,1,branch;full;flag;coherent;coset,exact,1,1,1,1,1,0,0,11
3,1,1,5,0,2,1,1,1,1,1,1,branch;full;flag;coherent;coset,exact,1,1,1,1,1,0,0,11
3,1,1,5,1,1,1,1,1,1,1,1,branch;full;flag;coherent;coset,exact,1,1,1,1,1,0,0,9
3,1,1,5,1,2,1,1,1,1,1,1,branch;full;flag;coherent;coset,exact,1,1,1,1,1,0,0,9
3,1,2,5,0,1,1,1,1,1,1,1,branch;full;flag;coherent;coset,exact,1,1,1,1,1,0,0,11
3,1,2,5,0,2,1,1,1,1,1,1,branch;full;flag;coherent;coset,exact,1,1,1,1,1,0,0,11
3,1,2,5,1,1,1,1,1,1,1,1,branch;full;flag;coherent;coset,exact,1,1,1,1,1,0,0,9
3,1,2,5,1,2,1,1,1,1,1,1,branch;full;flag;coherent;coset,exact,1,1,1,1,1,0,0,9
3,0,1,6,0,1,3/4,3/4,3/4,3/4,3/4,3/4,branch;full;flag;coherent;coset,exact,1,1,3/4,1,1,0,0,14
3,0,1,6,0,2,1,1,1,1,1,1,branch;full;flag;coherent;coset,exact,1,1,1,1,1,0,0,19
3,0,1,6,1,1,1,1,1,1,1,1,branch;full;flag;coherent;coset,exact,1,1,1,1,1,0,0,9
3,0,1,6,1,2,1,1,1,1,1,1,branch;full;flag;coherent;coset,exact,1,1,1,1,1,0,0,9
3,0,2,6,0,1,1,1,1,1,1,1,branch;full;flag;coherent;coset,exact,1,1,1,1,1,0,0,16
3,0,2,6,0,2,1,1,1,1,1,1,branch;full;flag;coherent;coset,exact,1,1,1,1,1,0,0,20
3,0,2,6,1,1,1,1,1,1,1,1,branch;full;flag;coherent;coset,exact,1,1,1,1,1,0,0,10
3,0,2,6,1,2,1,1,1,1,1,1,branch;full;flag;coherent;coset,exact,1,1,1,1,1,0,0,10
3,1,1,6,0,1,1,1,1,1,1,1,branch;full;flag;coherent;coset,exact,1,1,1,1,1,0,0,11
3,1,1,6,0,2,1,1,1,1,1,1,branch;full;flag;coherent;coset,exact,1,1,1,1,1,0,0,11
3,1,1,6,1,1,1,1,1,1,1,1,branch;full;flag;coherent;coset,exact,1,1,1,1,1,0,0,9
3,1,1,6,1,2,1,1,1,1,1,1,branch;full;flag;coherent;coset,exact,1,1,1,1,1,0,0,9
3,1,2,6,0,1,1,1,1,1,1,1,branch;full;flag;coherent;coset,exact,1,1,1,1,1,0,0,11
3,1,2,6,0,2,1,1,1,1,1,1,branch;full;flag;coherent;coset,exact,1,1,1,1,1,0,0,11
3,1,2,6,1,1,1,1,1,1,1,1,branch;full;flag;coherent;coset,exact,1,1,1,1,1,0,0,9
3,1,2,6,1,2,1,1,1,1,1,1,branch;full;flag;coherent;coset,exact,1,1,1,1,1,0,0,9
3,0,1,7,0,1,3/4,3/4,3/4,3/4,3/4,3/4,branch;full;flag;coherent;coset,exact,1,1,3/4,1,1,0,0,14
3,0,1,7,0,2,1,1,1,1,1,1,branch;full;flag;coherent;coset,exact,1,1,1,1,1,0,0,19
3,0,1,7,1,1,1,1,1,1,1,1,branch;full;flag;coherent;coset,exact,1,1,1,1,1,0,0,9
3,0,1,7,1,2,1,1,1,1,1,1,branch;full;flag;coherent;coset,exact,1,1,1,1,1,0,0,9
3,0,2,7,0,1,1,1,1,1,1,1,branch;full;flag;coherent;coset,exact,1,1,1,1,1,0,0,16
3,0,2,7,0,2,1,1,1,1,1,1,branch;full;flag;coherent;coset,exact,1,1,1,1,1,0,0,20
3,0,2,7,1,1,1,1,1,1,1,1,branch;full;flag;coherent;coset,exact,1,1,1,1,1,0,0,10
3,0,2,7,1,2,1,1,1,1,1,1,branch;full;flag;coherent;coset,exact,1,1,1,1,1,0,0,10
3,1,1,7,0,1,1,1,1,1,1,1,branch;full;flag;coherent;coset,exact,1,1,1,1,1,0,0,11
3,1,1,7,0,2,1,1,1,1,1,1,branch;full;flag;coherent;coset,exact,1,1,1,1,1,0,0,11
3,1,1,7,1,1,1,1,1,1,1,1,branch;full;flag;coherent;coset,exact,1,1,1,1,1,0,0,9
3,1,1,7,1,2,1,1,1,1,1,1,branch;full;flag;coherent;coset,exact,1,1,1,1,1,0,0,9
3,1,2,7,0,1,1,1,1,1,1,1,branch;full;flag;coherent;coset,exact,1,1,1,1,1,0,0,11
3,1,2,7,0,2,1,1,1,1,1,1,branch;full;flag;coherent;coset,exact,1,1,1,1,1,0,0,11
3,1,2,7,1,1,1,1,1,1,1,1,branch;full;flag;coherent;coset,exact,1,1,1,1,1,0,0,9
3,1,2,7,1,2,1,1,1,1,1,1,branch;full;flag;coherent;coset,exact,1,1,1,1,1,0,0,9
3,0,1,8,0,1,3/4,3/4,3/4,3/4,3/4,3/4,branch;full;flag;coherent;coset,exact,1,1,3/4,1,1,0,0,13
3,0,1,8,0,2,1,1,1,1,1,1,branch;full;flag;coherent;coset,exact,1,1,1,1,1,0,0,14
3,0,1,8,1,1,1,1,1,1,1,1,branch;full;flag;coherent;coset,exact,1,1,1,1,1,0,0,11
3,0,1,8,1,2,1,1,1,1,1,1,branch;full;flag;coherent;coset,exact,1,1,1,1,1,0,0,11
3,0,2,8,0,1,1,1,1,1,1,1,branch;full;flag;coherent;coset,exact,1,1,1,1,1,0,0,15
3,0,2,8,0,2,1,1,1,1,1,1,branch;full;flag;coherent;coset,exact,1,1,1,1,1,0,0,15
3,0,2,8,1,1,1,1,1,1,1,1,branch;full;flag;coherent;coset,exact,1,1,1,1,1,0,0,12
3,0,2,8,1,2,1,1,1,1,1,1,branch;full;flag;coherent;coset,exact,1,1,1,1,1,0,0,12
3,1,1,8,0,1,1,1,1,1,1,1,branch;full;flag;coherent;coset,exact,1,1,1,1,1,0,0,11
3,1,1,8,0,2,1,1,1,1,1,1,branch;full;flag;coherent;coset,exact,1,1,1,1,1,0,0,11
3,1,1,8,1,1,1,1,1,1,1,1,branch;full;flag;coherent;coset,exact,1,1,1,1,1,0,0,9
3,1,1,8,1,2,1,1,1,1,1,1,branch;full;flag;coherent;coset,exact,1,1,1,1,1,0,0,9
3,1,2,8,0,1,1,1,1,1,1,1,branch;full;flag;coherent;coset,exact,1,1,1,1,1,0,0,11
3,1,2,8,0,2,1,1,1,1,1,1,branch;full;flag;coherent;coset,exact,1,1,1,1,1,0,0,11
3,1,2,8,1,1,1,1,1,1,1,1,branch;full;flag;coherent;coset,exact,1,1,1,1,1,0,0,9
3,1,2,8,1,2,1,1,1,1,1,1,branch;full;flag;coherent;coset,exact,1,1,1,1,1,0,0,9
3,0,1,9,0,1,3/4,3/4,3/4,3/4,3/4,3/4,branch;full;flag;coherent;coset,exact,1,1,3/4,1,1,0,0,14
3,0,1,9,0,2,1,1,1,1,1,1,branch;full;flag;coherent;coset,exact,1,1,1,1,1,0,0,19
3,0,1,9,1,1,1,1,1,1,1,1,branch;full;flag;coherent;coset,exact,1,1,1,1,1,0,0,9
3,0,1,9,1,2,1,1,1,1,1,1,branch;full;flag;coherent;coset,exact,1,1,1,1,1,0,0,9
3,0,2,9,0,1,1,1,1,1,1,1,branch;full;flag;coherent;coset,exact,1,1,1,1,1,0,0,16
3,0,2,9,0,2,1,1,1,1,1,1,branch;full;flag;coherent;coset,exact,1,1,1,1,1,0,0,20
3,0,2,9,1,1,1,1,1,1,1,1,branch;full;flag;coherent;coset,exact,1,1,1,1,1,0,0,10
3,0,2,9,1,2,1,1,1,1,1,1,branch;full;flag;coherent;coset,exact,1,1,1,1,1,0,0,10
3,1,1,9,0,1,1,1,1,1,1,1,branch;full;flag;coherent;coset,exact,1,1,1,1,1,0,0,11
3,1,1,9,0,2,1,1,1,1,1,1,branch;full;flag;coherent;coset,exact,1,1,1,1,1,0,0,11
3,1,1,9,1,1,1,1,1,1,1,1,branch;full;flag;coherent;coset,exact,1,1,1,1,1,0,0,9
3,1,1,9,1,2,1,1,1,1,1,1,branch;full;flag;coherent;coset,exact,1,1,1,1,1,0,0,9
3,1,2,9,0,1,1,1,1,1,1,1,branch;full;flag;coherent;coset,exact,1,1,1,1,1,0,0,11
3,1,2,9,0,2,1,1,1,1,1,1,branch;full;flag;coherent;coset,exact,1,1,1,1,1,0,0,11
3,1,2,9,1,1,1,1,1,1,1,1,branch;full;flag;coherent;coset,exact,1,1,1,1,1,0,0,9
3,1,2,9,1,2,1,1,1,1,1,1,branch;full;flag;coherent;coset,exact,1,1,1,1,1,0,0,9
3,0,1,10,0,1,3/4,3/4,3/4,3/4,3/4,3/4,branch;full;flag;coherent;coset,exact,1,1,3/4,1,1,0,0,13
3,0,1,10,0,2,1,1,1,1,1,1,branch;full;flag;coherent;coset,exact,1,1,1,1,1,0,0,14
3,0,1,10,1,1,1,1,1,1,1,1,branch;full;flag;coherent;coset,exact,1,1,1,1,1,0,0,11
3,0,1,10,1,2,1,1,1,1,1,1,branch;full;flag;coherent;coset,exact,1,1,1,1,1,0,0,11
3,0,2,10,0,1,1,1,1,1,1,1,branch;full;flag;coherent;coset,exact,1,1,1,1,1,0,0,15
3,0,2,10,0,2,1,1,1,1,1,1,branch;full;flag;coherent;coset,exact,1,1,1,1,1,0,0,15
3,0,2,10,1,1,1,1,1,1,1,1,branch;full;flag;coherent;coset,exact,1,1,1,1,1,0,0,12
3,0,2,10,1,2,1,1,1,1,1,1,branch;full;flag;coherent;coset,exact,1,1,1,1,1,0,0,12
3,1,1,10,0,1,1,1,1,1,1,1,branch;full;flag;coherent;coset,exact,1,1,1,1,1,0,0,11
3,1,1,10,0,2,1,1,1,1,1,1,branch;full;flag;coherent;coset,exact,1,1,1,1,1,0,0,11
3,1,1,10,1,1,1,1,1,1,1,1,branch;full;flag;coherent;coset,exact,1,1,1,1,1,0,0,9
3,1,1,10,1,2,1,1,1,1,1,1,branch;full;flag;coherent;coset,exact,1,1,1,1,1,0,0,9
3,1,2,10,0,1,1,1,1,1,1,1,branch;full;flag;coherent;coset,exact,1,1,1,1,1,0,0,11
3,1,2,10,0,2,1,1,1,1,1,1,branch;full;flag;coherent;coset,exact,1,1,1,1,1,0,0,11
3,1,2,10,1,1,1,1,1,1,1,1,branch;full;flag;coherent;coset,exact,1,1,1,1,1,0,0,9
3,1,2,10,1,2,1,1,1,1,1,1,branch;full;flag;coherent;coset,exact,1,1,1,1,1,0,0,9
3,0,1,11,0,1,3/4,3/4,3/4,3/4,3/4,3/4,branch;full;flag;coherent;coset,exact,1,1,3/4,1,1,0,0,14
3,0,1,11,0,2,1,1,1,1,1,1,branch;full;flag;coherent;coset,exact,1,1,1,1,1,0,0,19
3,0,1,11,1,1,1,1,1,1,1,1,branch;full;flag;coherent;coset,exact,1,1,1,1,1,0,0,9
3,0,1,11,1,2,1,1,1,1,1,1,branch;full;flag;coherent;coset,exact,1,1,1,1,1,0,0,9
3,0,2,11,0,1,1,1,1,1,1,1,branch;full;flag;coherent;coset,exact,1,1,1,1,1,0,0,16
3,0,2,11,0,2,1,1,1,1,1,1,branch;full;flag;coherent;coset,exact,1,1,1,1,1,0,0,20
3,0,2,11,1,1,1,1,1,1,1,1,branch;full;flag;coherent;coset,exact,1,1,1,1,1,0,0,10
3,0,2,11,1,2,1,1,1,1,1,1,branch;full;flag;coherent;coset,exact,1,1,1,1,1,0,0,10
3,1,1,11,0,1,1,1,1,1,1,1,branch;full;flag;coherent;coset,exact,1,1,1,1,1,0,0,11
3,1,1,11,0,2,1,1,1,1,1,1,branch;full;flag;coherent;coset,exact,1,1,1,1,1,0,0,11
3,1,1,11,1,1,1,1,1,1,1,1,branch;full;flag;coherent;coset,exact,1,1,1,1,1,0,0,9
3,1,1,11,1,2,1,1,1,1,1,1,branch;full;flag;coherent;coset,exact,1,1,1,1,1,0,0,9
3,1,2,11,0,1,1,1,1,1,1,1,branch;full;flag;coherent;coset,exact,1,1,1,1,1,0,0,11
3,1,2,11,0,2,1,1,1,1,1,1,branch;full;flag;coherent;coset,exact,1,1,1,1,1,0,0,11
3,1,2,11,1,1,1,1,1,1,1,1,branch;full;flag;coherent;coset,exact,1,1,1,1,1,0,0,9
3,1,2,11,1,2,1,1,1,1,1,1,branch;full;flag;coherent;coset,exact,1,1,1,1,1,0,0,9
3,0,1,12,0,1,1,1,1,1,1,1,branch;full;flag;coherent;coset,exact,1,1,1,1,1,0,0,8
3,0,1,12,0,2,1,1,1,1,1,1,branch;full;flag;coherent;coset,exact,1,1,1,1,1,0,0,8
3,0,1,12,1,1,1,1,1,1,1,1,branch;full;flag;coherent;coset,exact,1,1,1,1,1,0,0,7
3,0,1,12,1,2,1,1,1,1,1,1,branch;full;flag;coherent;coset,exact,1,1,1,1,1,0,0,7
3,0,2,12,0,1,1,1,1,1,1,1,branch;full;flag;coherent;coset,exact,1,1,1,1,1,0,0,9
3,0,2,12,0,2,1,1,1,1,1,1,branch;full;flag;coherent;coset,exact,1,1,1,1,1,0,0,9
3,0,2,12,1,1,1,1,1,1,1,1,branch;full;flag;coherent;coset,exact,1,1,1,1,1,0,0,8
3,0,2,12,1,2,1,1,1,1,1,1,branch;full;flag;coherent;coset,exact,1,1,1,1,1,0,0,8
3,1,1,12,0,1,1,1,1,1,1,1,branch;full;flag;coherent;coset,exact,1,1,1,1,1,0,0,7
3,1,1,12,0,2,1,1,1,1,1,1,branch;full;flag;coherent;coset,exact,1,1,1,1,1,0,0,7
3,1,1,12,1,1,1,1,1,1,1,1,branch;full;flag;coherent;coset,exact,1,1,1,1,1,0,0,7
3,1,1,12,1,2,1,1,1,1,1,1,branch;full;flag;coherent;coset,exact,1,1,1,1,1,0,0,7
3,1,2,12,0,1,1,1,1,1,1,1,branch;full;flag;coherent;coset,exact,1,1,1,1,1,0,0,7
3,1,2,12,0,2,1,1,1,1,1,1,branch;full;flag;coherent;coset,exact,1,1,1,1,1,0,0,7
3,1,2,12,1,1,1,1,1,1,1,1,branch;full;flag;coherent;coset,exact,1,1,1,1,1,0,0,7
3,1,2,12,1,2,1,1,1,1,1,1,branch;full;flag;coherent;coset,exact,1,1,1,1,1,0,0,7
3,0,1,13,0,1,3/4,3/4,3/4,3/4,3/4,3/4,branch;full;flag;coherent;coset,exact,1,1,3/4,1,1,0,0,14
3,0,1,13,0,2,1,1,1,1,1,1,branch;full;flag;coherent;coset,exact,1,1,1,1,1,0,0,19
3,0,1,13,1,1,1,1,1,1,1,1,branch;full;flag;coherent;coset,exact,1,1,1,1,1,0,0,9
3,0,1,13,1,2,1,1,1,1,1,1,branch;full;flag;coherent;coset,exact,1,1,1,1,1,0,0,9
3,0,2,13,0,1,1,1,1,1,1,1,branch;full;flag;coherent;coset,exact,1,1,1,1,1,0,0,16
3,0,2,13,0,2,1,1,1,1,1,1,branch;full;flag;coherent;coset,exact,1,1,1,1,1,0,0,20
3,0,2,13,1,1,1,1,1,1,1,1,branch;full;flag;coherent;coset,exact,1,1,1,1,1,0,0,10
3,0,2,13,1,2,1,1,1,1,1,1,branch;full;flag;coherent;coset,exact,1,1,1,1,1,0,0,10
3,1,1,13,0,1,1,1,1,1,1,1,branch;full;flag;coherent;coset,exact,1,1,1,1,1,0,0,11
3,1,1,13,0,2,1,1,1,1,1,1,branch;full;flag;coherent;coset,exact,1,1,1,1,1,0,0,11
3,1,1,13,1,1,1,1,1,1,1,1,branch;full;flag;coherent;coset,exact,1,1,1,1,1,0,0,9
3,1,1,13,1,2,1,1,1,1,1,1,branch;full;flag;coherent;coset,exact,1,1,1,1,1,0,0,9
3,1,2,13,0,1,1,1,1,1,1,1,branch;full;flag;coherent;coset,exact,1,1,1,1,1,0,0,11
3,1,2,13,0,2,1,1,1,1,1,1,branch;full;flag;coherent;coset,exact,1,1,1,1,1,0,0,11
3,1,2,13,1,1,1,1,1,1,1,1,branch;full;flag;coherent;coset,exact,1,1,1,1,1,0,0,9
3,1,2,13,1,2,1,1,1,1,1,1,branch;full;flag;coherent;coset,exact,1,1,1,1,1,0,0,9
3,0,1,14,0,1,3/4,3/4,3/4,3/4,3/4,3/4,branch;full;flag;coherent;coset,exact,1,1,3/4,1,1,0,0,14
3,0,1,14,0,2,1,1,1,1,1,1,branch;full;flag;coherent;coset,exact,1,1,1,1,1,0,0,19
3,0,1,14,1,1,1,1,1,1,1,1,branch;full;flag;coherent;coset,exact,1,1,1,1,1,0,0,9
3,0,1,14,1,2,1,1,1,1,1,1,branch;full;flag;coherent;coset,exact,1,1,1,1,1,0,0,9
3,0,2,14,0,1,1,1,1,1,1,1,branch;full;flag;coherent;coset,exact,1,1,1,1,1,0,0,16
3,0,2,14,0,2,1,1,1,1,1,1,branch;full;flag;coherent;coset,exact,1,1,1,1,1,0,0,20
3,0,2,14,1,1,1,1,1,1,1,1,branch;full;flag;coherent;coset,exact,1,1,1,1,1,0,0,10
3,0,2,14,1,2,1,1,1,1,1,1,branch;full;flag;coherent;coset,exact,1,1,1,1,1,0,0,10
3,1,1,14,0,1,1,1,1,1,1,1,branch;full;flag;coherent;coset,exact,1,1,1,1,1,0,0,11
3,1,1,14,0,2,1,1,1,1,1,1,branch;full;flag;coherent;coset,exact,1,1,1,1,1,0,0,11
3,1,1,14,1,1,1,1,1,1,1,1,branch;full;flag;coherent;coset,exact,1,1,1,1,1,0,0,9
3,1,1,14,1,2,1,1,1,1,1,1,branch;full;flag;coherent;coset,exact,1,1,1,1,1,0,0,9
3,1,2,14,0,1,1,1,1,1,1,1,branch;full;flag;coherent;coset,exact,1,1,1,1,1,0,0,11
3,1,2,14,0,2,1,1,1,1,1,1,branch;full;flag;coherent;coset,exact,1,1,1,1,1,0,0,11
3,1,2,14,1,1,1,1,1,1,1,1,branch;full;flag;coherent;coset,exact,1,1,1,1,1,0,0,9
3,1,2,14,1,2,1,1,1,1,1,1,branch;full;flag;coherent;coset,exact,1,1,1,1,1,0,0,9
3,0,1,15,0,1,1,1,1,1,1,1,branch;full;flag;coherent;coset,exact,1,1,1,1,1,0,0,8
3,0,1,15,0,2,1,1,1,1,1,1,branch;full;flag;coherent;coset,exact,1,1,1,1,1,0,0,8
3,0,1,15,1,1,1,1,1,1,1,1,branch;full;flag;coherent;coset,exact,1,1,1,1,1,0,0,7
3,0,1,15,1,2,1,1,1,1,1,1,branch;full;flag;coherent;coset,exact,1,1,1,1,1,0,0,7
3,0,2,15,0,1,1,1,1,1,1,1,branch;full;flag;coherent;coset,exact,1,1,1,1,1,0,0,9
3,0,2,15,0,2,1,1,1,1,1,1,branch;full;flag;coherent;coset,exact,1,1,1,1,1,0,0,9
3,0,2,15,1,1,1,1,1,1,1,1,branch;full;flag;coherent;coset,exact,1,1,1,1,1,0,0,8
3,0,2,15,1,2,1,1,1,1,1,1,branch;full;flag;coherent;coset,exact,1,1,1,1,1,0,0,8
3,1,1,15,0,1,1,1,1,1,1,1,branch;full;flag;coherent;coset,exact,1,1,1,1,1,0,0,7
3,1,1,15,0,2,1,1,1,1,1,1,branch;full;flag;coherent;coset,exact,1,1,1,1,1,0,0,7
3,1,1,15,1,1,1,1,1,1,1,1,branch;full;flag;coherent;coset,exact,1,1,1,1,1,0,0,7
3,1,1,15,1,2,1,1,1,1,1,1,branch;full;flag;coherent;coset,exact,1,1,1,1,1,0,0,7
3,1,2,15,0,1,1,1,1,1,1,1,branch;full;flag;coherent;coset,exact,1,1,1,1,1,0,0,7
3,1,2,15,0,2,1,1,1,1,1,1,branch;full;flag;coherent;coset,exact,1,1,1,1,1,0,0,7
3,1,2,15,1,1,1,1,1,1,1,1,branch;full;flag;coherent;coset,exact,1,1,1,1,1,0,0,7
3,1,2,15,1,2,1,1,1,1,1,1,branch;full;flag;coherent;coset,exact,1,1,1,1,1,0,0,7
4,0,1,0,0,1,1,1,1,1,1,1,branch;full;flag;coherent;coset,exact,1,1,1,1,1,0,0,8
4,0,1,0,0,2,1,1,1,1,1,1,branch;full;flag;coherent;coset,exact,1,1,1,1,1,0,0,8
4,0,1,0,1,1,1,1,1,1,1,1,branch;full;flag;coherent;coset,exact,1,1,1,1,1,0,0,8
4,0,1,0,1,2,1,1,1,1,1,1,branch;full;flag;coherent;coset,exact,1,1,1,1,1,0,0,8
4,0,2,0,0,1,1,1,1,1,1,1,branch;full;flag;coherent;coset,exact,1,1,1,1,1,0,0,9
4,0,2,0,0,2,1,1,1,1,1,1,branch;full;flag;coherent;coset,exact,1,1,1,1,1,0,0,9
4,0,2,0,1,1,1,1,1,1,1,1,branch;full;flag;coherent;coset,exact,1,1,1,1,1,0,0,9
4,0,2,0,1,2,1,1,1,1,1,1,branch;full;flag;coherent;coset,exact,1,1,1,1,1,0,0,9
4,1,1,0,0,1,1,1,1,1,1,1,branch;full;flag;coherent;coset,exact,1,1,1,1,1,0,0,7
4,1,1,0,0,2,1,1,1,1,1,1,branch;full;flag;coherent;coset,exact,1,1,1,1,1,0,0,7
4,1,1,0,1,1,1,1,1,1,1,1,branch;full;flag;coherent;coset,exact,1,1,1,1,1,0,0,7
4,1,1,0,1,2,1,1,1,1,1,1,branch;full;flag;coherent;coset,exact,1,1,1,1,1,0,0,7
4,1,2,0,0,1,1,1,1,1,1,1,branch;full;flag;coherent;coset,exact,1,1,1,1,1,0,0,7
4,1,2,0,0,2,1,1,1,1,1,1,branch;full;flag;coherent;coset,exact,1,1,1,1,1,0,0,7
4,1,2,0,1,1,1,1,1,1,1,1,branch;full;flag;coherent;coset,exact,1,1,1,1,1,0,0,7
4,1,2,0,1,2,1,1,1,1,1,1,branch;full;flag;coherent;coset,exact,1,1,1,1,1,0,0,7
4,0,1,1,0,1,1,1,1,1,1,1,branch;full;flag;coherent;coset,exact,1,1,1,1,1,0,0,8
4,0,1,1,0,2,1,1,1,1,1,1,branch;full;flag;coherent;coset,exact,1,1,1,1,1,0,0,8
4,0,1,1,1,1,1,1,1,1,1,1,branch;full;flag;coherent;coset,exact,1,1,1,1,1,0,0,7
4,0,1,1,1,2,1,1,1,1,1,1,branch;full;flag;coherent;coset,exact,1,1,1,1,1,0,0,7
4,0,2,1,0,1,1,1,1,1,1,1,branch;full;flag;coherent;coset,exact,1,1,1,1,1,0,0,9
4,0,2,1,0,2,1,1,1,1,1,1,branch;full;flag;coherent;coset,exact,1,1,1,1,1,0,0,9
4,0,2,1,1,1,1,1,1,1,1,1,branch;full;flag;coherent;coset,exact,1,1,1,1,1,0,0,8
4,0,2,1,1,2,1,1,1,1,1,1,branch;full;flag;coherent;coset,exact,1,1,1,1,1,0,0,8
4,1,1,1,0,1,1,1,1,1,1,1,branch;full;flag;coherent;coset,exact,1,1,1,1,1,0,0,7
4,1,1,1,0,2,1,1,1,1,1,1,branch;full;flag;coherent;coset,exact,1,1,1,1,1,0,0,7
4,1,1,1,1,1,1,1,1,1,1,1,branch;full;flag;coherent;coset,exact,1,1,1,1,1,0,0,7
4,1,1,1,1,2,1,1,1,1,1,1,branch;full;flag;coherent;coset,exact,1,1,1,1,1,0,0,7
4,1,2,1,0,1,1,1,1,1,1,1,branch;full;flag;coherent;coset,exact,1,1,1,1,1,0,0,7
4,1,2,1,0,2,1,1,1,1,1,1,branch;full;flag;coherent;coset,exact,1,1,1,1,1,0,0,7
4,1,2,1,1,1,1,1,1,1,1,1,branch;full;flag;coherent;coset,exact,1,1,1,1,1,0,0,7
4,1,2,1,1,2,1,1,1,1,1,1,branch;full;flag;coherent;coset,exact,1,1,1,1,1,0,0,7
4,0,1,2,0,1,3/4,3/4,3/4,3/4,3/4,3/4,branch;full;flag;coherent;coset,exact,1,1,3/4,1,1,0,0,13
4,0,1,2,0,2,1,1,1,1,1,1,branch;full;flag;coherent;coset,exact,1,1,1,1,1,0,0,14
4,0,1,2,1,1,1,1,1,1,1,1,branch;full;flag;coherent;coset,exact,1,1,1,1,1,0,0,11
4,0,1,2,1,2,1,1,1,1,1,1,branch;full;flag;coherent;coset,exact,1,1,1,1,1,0,0,11
4,0,2,2,0,1,1,1,1,1,1,1,branch;full;flag;coherent;coset,exact,1,1,1,1,1,0,0,15
4,0,2,2,0,2,1,1,1,1,1,1,branch;full;flag;coherent;coset,exact,1,1,1,1,1,0,0,15
4,0,2,2,1,1,1,1,1,1,1,1,branch;full;flag;coherent;coset,exact,1,1,1,1,1,0,0,12
4,0,2,2,1,2,1,1,1,1,1,1,branch;full;flag;coherent;coset,exact,1,1,1,1,1,0,0,12
4,1,1,2,0,1,1,1,1,1,1,1,branch;full;flag;coherent;coset,exact,1,1,1,1,1,0,0,11
4,1,1,2,0,2,1,1,1,1,1,1,branch;full;flag;coherent;coset,exact,1,1,1,1,1,0,0,11
4,1,1,2,1,1,1,1,1,1,1,1,branch;full;flag;coherent;coset,exact,1,1,1,1,1,0,0,9
4,1,1,2,1,2,1,1,1,1,1,1,branch;full;flag;coherent;coset,exact,1,1,1,1,1,0,0,9
4,1,2,2,0,1,1,1,1,1,1,1,branch;full;flag;coherent;coset,exact,1,1,1,1,1,0,0,11
4,1,2,2,0,2,1,1,1,1,1,1,branch;full;flag;coherent;coset,exact,1,1,1,1,1,0,0,11
4,1,2,2,1,1,1,1,1,1,1,1,branch;full;flag;coherent;coset,exact,1,1,1,1,1,0,0,9
4,1,2,2,1,2,1,1,1,1,1,1,branch;full;flag;coherent;coset,exact,1,1,1,1,1,0,0,9
4,0,1,3,0,1,3/4,3/4,3/4,3/4,3/4,3/4,branch;full;flag;coherent;coset,exact,1,1,3/4,1,1,0,0,13
4,0,1,3,0,2,1,1,1,1,1,1,branch;full;flag;coherent;coset,exact,1,1,1,1,1,0,0,14
4,0,1,3,1,1,1,1,1,1,1,1,branch;full;flag;coherent;coset,exact,1,1,1,1,1,0,0,11
4,0,1,3,1,2,1,1,1,1,1,1,branch;full;flag;coherent;coset,exact,1,1,1,1,1,0,0,11
4,0,2,3,0,1,1,1,1,1,1,1,branch;full;flag;coherent;coset,exact,1,1,1,1,1,0,0,15
4,0,2,3,0,2,1,1,1,1,1,1,branch;full;flag;coherent;coset,exact,1,1,1,1,1,0,0,15
4,0,2,3,1,1,1,1,1,1,1,1,branch;full;flag;coherent;coset,exact,1,1,1,1,1,0,0,12
4,0,2,3,1,2,1,1,1,1,1,1,branch;full;flag;coherent;coset,exact,1,1,1,1,1,0,0,12
4,1,1,3,0,1,1,1,1,1,1,1,branch;full;flag;coherent;coset,exact,1,1,1,1,1,0,0,11
4,1,1,3,0,2,1,1,1,1,1,1,branch;full;flag;coherent;coset,exact,1,1,1,1,1,0,0,11
4,1,1,3,1,1,1,1,1,1,1,1,branch;full;flag;coherent;coset,exact,1,1,1,1,1,0,0,9
4,1,1,3,1,2,1,1,1,1,1,1,branch;full;flag;coherent;coset,exact,1,1,1,1,1,0,0,9
4,1,2,3,0,1,1,1,1,1,1,1,branch;full;flag;coherent;coset,exact,1,1,1,1,1,0,0,11
4,1,2,3,0,2,1,1,1,1,1,1,branch;full;flag;coherent;coset,exact,1,1,1,1,1,0,0,11
4,1,2,3,1,1,1,1,1,1,1,1,branch;full;flag;coherent;coset,exact,1,1,1,1,1,0,0,9
4,1,2,3,1,2,1,1,1,1,1,1,branch;full;flag;coherent;coset,exact,1,1,1,1,1,0,0,9
4,0,1,4,0,1,1,1,1,1,1,1,branch;full;flag;coherent;coset,exact,1,1,1,1,1,0,0,8
4,0,1,4,0,2,1,1,1,1,1,1,branch;full;flag;coherent;coset,exact,1,1,1,1,1,0,0,8
4,0,1,4,1,1,1,1,1,1,1,1,branch;full;flag;coherent;coset,exact,1,1,1,1,1,0,0,7
4,0,1,4,1,2,1,1,1,1,1,1,branch;full;flag;coherent;coset,exact,1,1,1,1,1,0,0,7
4,0,2,4,0,1,1,1,1,1,1,1,branch;full;flag;coherent;coset,exact,1,1,1,1,1,0,0,9
4,0,2,4,0,2,1,1,1,1,1,1,branch;full;flag;coherent;coset,exact,1,1,1,1,1,0,0,9
4,0,2,4,1,1,1,1,1,1,1,1,branch;full;flag;coherent;coset,exact,1,1,1,1,1,0,0,8
4,0,2,4,1,2,1,1,1,1,1,1,branch;full;flag;coherent;coset,exact,1,1,1,1,1,0,0,8
4,1,1,4,0,1,1,1,1,1,1,1,branch;full;flag;coherent;coset,exact,1,1,1,1,1,0,0,7
4,1,1,4,0,2,1,1,1,1,1,1,branch;full;flag;coherent;coset,exact,1,1,1,1,1,0,0,7
4,1,1,4,1,1,1,1,1,1,1,1,branch;full;flag;coherent;coset,exact,1,1,1,1,1,0,0,7
4,1,1,4,1,2,1,1,1,1,1,1,branch;full;flag;coherent;coset,exact,1,1,1,1,1,0,0,7
4,1,2,4,0,1,1,1,1,1,1,1,branch;full;flag;coherent;coset,exact,1,1,1,1,1,0,0,7
4,1,2,4,0,2,1,1,1,1,1,1,branch;full;flag;coherent;coset,exact,1,1,1,1,1,0,0,7
4,1,2,4,1,1,1,1,1,1,1,1,branch;full;flag;coherent;coset,exact,1,1,1,1,1,0,0,7
4,1,2,4,1,2,1,1,1,1,1,1,branch;full;flag;coherent;coset,exact,1,1,1,1,1,0,0,7
4,0,1,5,0,1,1,1,1,1,1,1,branch;full;flag;coherent;coset,exact,1,1,1,1,1,0,0,8
4,0,1,5,0,2,1,1,1,1,1,1,branch;full;flag;coherent;coset,exact,1,1,1,1,1,0,0,8
4,0,1,5,1,1,1,1,1,1,1,1,branch;full;flag;coherent;coset,exact,1,1,1,1,1,0,0,7
4,0,1,5,1,2,1,1,1,1,1,1,branch;full;flag;coherent;coset,exact,1,1,1,1,1,0,0,7
4,0,2,5,0,1,1,1,1,1,1,1,branch;full;flag;coherent;coset,exact,1,1,1,1,1,0,0,9
4,0,2,5,0,2,1,1,1,1,1,1,branch;full;flag;coherent;coset,exact,1,1,1,1,1,0,0,9
4,0,2,5,1,1,1,1,1,1,1,1,branch;full;flag;coherent;coset,exact,1,1,1,1,1,0,0,8
4,0,2,5,1,2,1,1,1,1,1,1,branch;full;flag;coherent;coset,exact,1,1,1,1,1,0,0,8
4,1,1,5,0,1,1,1,1,1,1,1,branch;full;flag;coherent;coset,exact,1,1,1,1,1,0,0,7
4,1,1,5,0,2,1,1,1,1,1,1,branch;full;flag;coherent;coset,exact,1,1,1,1,1,0,0,7
4,1,1,5,1,1,1,1,1,1,1,1,branch;full;flag;coherent;coset,exact,1,1,1,1,1,0,0,7
4,1,1,5,1,2,1,1,1,1,1,1,branch;full;flag;coherent;coset,exact,1,1,1,1,1,0,0,7
4,1,2,5,0,1,1,1,1,1,1,1,branch;full;flag;coherent;coset,exact,1,1,1,1,1,0,0,7
4,1,2,5,0,2,1,1,1,1,1,1,branch;full;flag;coherent;coset,exact,1,1,1,1,1,0,0,7
4,1,2,5,1,1,1,1,1,1,1,1,branch;full;flag;coherent;coset,exact,1,1,1,1,1,0,0,7
4,1,2,5,1,2,1,1,1,1,1,1,branch;full;flag;coherent;coset,exact,1,1,1,1,1,0,0,7
4,0,1,6,0,1,3/4,3/4,3/4,3/4,3/4,3/4,branch;full;flag;coherent;coset,exact,1,1,3/4,1,1,0,0,14
4,0,1,6,0,2,1,1,1,1,1,1,branch;full;flag;coherent;coset,exact,1,1,1,1,1,0,0,19
4,0,1,6,1,1,1,1,1,1,1,1,branch;full;flag;coherent;coset,exact,1,1,1,1,1,0,0,9
4,0,1,6,1,2,1,1,1,1,1,1,branch;full;flag;coherent;coset,exact,1,1,1,1,1,0,0,9
4,0,2,6,0,1,1,1,1,1,1,1,branch;full;flag;coherent;coset,exact,1,1,1,1,1,0,0,16
4,0,2,6,0,2,1,1,1,1,1,1,branch;full;flag;coherent;coset,exact,1,1,1,1,1,0,0,20
4,0,2,6,1,1,1,1,1,1,1,1,branch;full;flag;coherent;coset,exact,1,1,1,1,1,0,0,10
4,0,2,6,1,2,1,1,1,1,1,1,branch;full;flag;coherent;coset,exact,1,1,1,1,1,0,0,10
4,1,1,6,0,1,1,1,1,1,1,1,branch;full;flag;coherent;coset,exact,1,1,1,1,1,0,0,11
4,1,1,6,0,2,1,1,1,1,1,1,branch;full;flag;coherent;coset,exact,1,1,1,1,1,0,0,11
4,1,1,6,1,1,1,1,1,1,1,1,branch;full;flag;coherent;coset,exact,1,1,1,1,1,0,0,9
4,1,1,6,1,2,1,1,1,1,1,1,branch;full;flag;coherent;coset,exact,1,1,1,1,1,0,0,9
4,1,2,6,0,1,1,1,1,1,1,1,branch;full;flag;coherent;coset,exact,1,1,1,1,1,0,0,11
4,1,2,6,0,2,1,1,1,1,1,1,branch;full;flag;coherent;coset,exact,1,1,1,1,1,0,0,11
4,1,2,6,1,1,1,1,1,1,1,1,branch;full;flag;coherent;coset,exact,1,1,1,1,1,0,0,9
4,1,2,6,1,2,1,1,1,1,1,1,branch;full;flag;coherent;coset,exact,1,1,1,1,1,0,0,9
4,0,1,7,0,1,3/4,3/4,3/4,3/4,3/4,3/4,branch;full;flag;coherent;coset,exact,1,1,3/4,1,1,0,0,14
4,0,1,7,0,2,1,1,1,1,1,1,branch;full;flag;coherent;coset,exact,1,1,1,1,1,0,0,19
4,0,1,7,1,1,1,1,1,1,1,1,branch;full;flag;coherent;coset,exact,1,1,1,1,1,0,0,9
4,0,1,7,1,2,1,1,1,1,1,1,branch;full;flag;coherent;coset,exact,1,1,1,1,1,0,0,9
4,0,2,7,0,1,1,1,1,1,1,1,branch;full;flag;coherent;coset,exact,1,1,1,1,1,0,0,16
4,0,2,7,0,2,1,1,1,1,1,1,branch;full;flag;coherent;coset,exact,1,1,1,1,1,0,0,20
4,0,2,7,1,1,1,1,1,1,1,1,branch;full;flag;coherent;coset,exact,1,1,1,1,1,0,0,10
4,0,2,7,1,2,1,1,1,1,1,1,branch;full;flag;coherent;coset,exact,1,1,1,1,1,0,0,10
4,1,1,7,0,1,1,1,1,1,1,1,branch;full;flag;coherent;coset,exact,1,1,1,1,1,0,0,11
4,1,1,7,0,2,1,1,1,1,1,1,branch;full;flag;coherent;coset,exact,1,1,1,1,1,0,0,11
4,1,1,7,1,1,1,1,1,1,1,1,branch;full;flag;coherent;coset,exact,1,1,1,1,1,0,0,9
4,1,1,7,1,2,1,1,1,1,1,1,branch;full;flag;coherent;coset,exact,1,1,1,1,1,0,0,9
4,1,2,7,0,1,1,1,1,1,1,1,branch;full;flag;coherent;coset,exact,1,1,1,1,1,0,0,11
4,1,2,7,0,2,1,1,1,1,1,1,branch;full;flag;coherent;coset,exact,1,1,1,1,1,0,0,11
4,1,2,7,1,1,1,1,1,1,1,1,branch;full;flag;coherent;coset,exact,1,1,1,1,1,0,0,9
4,1,2,7,1,2,1,1,1,1,1,1,branch;full;flag;coherent;coset,exact,1,1,1,1,1,0,0,9
4,0,1,8,0,1,3/4,3/4,3/4,3/4,3/4,3/4,branch;full;flag;coherent;coset,exact,1,1,3/4,1,1,0,0,13
4,0,1,8,0,2,1,1,1,1,1,1,branch;full;flag;coherent;coset,exact,1,1,1,1,1,0,0,14
4,0,1,8,1,1,1,1,1,1,1,1,branch;full;flag;coherent;coset,exact,1,1,1,1,1,0,0,11
4,0,1,8,1,2,1,1,1,1,1,1,branch;full;flag;coherent;coset,exact,1,1,1,1,1,0,0,11
4,0,2,8,0,1,1,1,1,1,1,1,branch;full;flag;coherent;coset,exact,1,1,1,1,1,0,0,15
4,0,2,8,0,2,1,1,1,1,1,1,branch;full;flag;coherent;coset,exact,1,1,1,1,1,0,0,15
4,0,2,8,1,1,1,1,1,1,1,1,branch;full;flag;coherent;coset,exact,1,1,1,1,1,0,0,12
4,0,2,8,1,2,1,1,1,1,1,1,branch;full;flag;coherent;coset,exact,1,1,1,1,1,0,0,12
4,1,1,8,0,1,1,1,1,1,1,1,branch;full;flag;coherent;coset,exact,1,1,1,1,1,0,0,11
4,1,1,8,0,2,1,1,1,1,1,1,branch;full;flag;coherent;coset,exact,1,1,1,1,1,0,0,11
4,1,1,8,1,1,1,1,1,1,1,1,branch;full;flag;coherent;coset,exact,1,1,1,1,1,0,0,9
4,1,1,8,1,2,1,1,1,1,1,1,branch;full;flag;coherent;coset,exact,1,1,1,1,1,0,0,9
4,1,2,8,0,1,1,1,1,1,1,1,branch;full;flag;coherent;coset,exact,1,1,1,1,1,0,0,11
4,1,2,8,0,2,1,1,1,1,1,1,branch;full;flag;coherent;coset,exact,1,1,1,1,1,0,0,11
4,1,2,8,1,1,1,1,1,1,1,1,branch;full;flag;coherent;coset,exact,1,1,1,1,1,0,0,9
4,1,2,8,1,2,1,1,1,1,1,1,branch;full;flag;coherent;coset,exact,1,1,1,1,1,0,0,9
4,0,1,9,0,1,3/4,3/4,3/4,3/4,3/4,3/4,branch;full;flag;coherent;coset,exact,1,1,3/4,1,1,0,0,14
4,0,1,9,0,2,1,1,1,1,1,1,branch;full;flag;coherent;coset,exact,1,1,1,1,1,0,0,19
4,0,1,9,1,1,1,1,1,1,1,1,branch;full;flag;coherent;coset,exact,1,1,1,1,1,0,0,9
4,0,1,9,1,2,1,1,1,1,1,1,branch;full;flag;coherent;coset,exact,1,1,1,1,1,0,0,9
4,0,2,9,0,1,1,1,1,1,1,1,branch;full;flag;coherent;coset,exact,1,1,1,1,1,0,0,16
4,0,2,9,0,2,1,1,1,1,1,1,branch;full;flag;coherent;coset,exact,1,1,1,1,1,0,0,20
4,0,2,9,1,1,1,1,1,1,1,1,branch;full;flag;coherent;coset,exact,1,1,1,1,1,0,0,10
4,0,2,9,1,2,1,1,1,1,1,1,branch;full;flag;coherent;coset,exact,1,1,1,1,1,0,0,10
4,1,1,9,0,1,1,1,1,1,1,1,branch;full;flag;coherent;coset,exact,1,1,1,1,1,0,0,11
4,1,1,9,0,2,1,1,1,1,1,1,branch;full;flag;coherent;coset,exact,1,1,1,1,1,0,0,11
4,1,1,9,1,1,1,1,1,1,1,1,branch;full;flag;coherent;coset,exact,1,1,1,1,1,0,0,9
4,1,1,9,1,2,1,1,1,1,1,1,branch;full;flag;coherent;coset,exact,1,1,1,1,1,0,0,9
4,1,2,9,0,1,1,1,1,1,1,1,branch;full;flag;coherent;coset,exact,1,1,1,1,1,0,0,11
4,1,2,9,0,2,1,1,1,1,1,1,branch;full;flag;coherent;coset,exact,1,1,1,1,1,0,0,11
4,1,2,9,1,1,1,1,1,1,1,1,branch;full;flag;coherent;coset,exact,1,1,1,1,1,0,0,9
4,1,2,9,1,2,1,1,1,1,1,1,branch;full;flag;coherent;coset,exact,1,1,1,1,1,0,0,9
4,0,1,10,0,1,3/4,3/4,3/4,3/4,3/4,3/4,branch;full;flag;coherent;coset,exact,1,1,3/4,1,1,0,0,13
4,0,1,10,0,2,1,1,1,1,1,1,branch;full;flag;coherent;coset,exact,1,1,1,1,1,0,0,14
4,0,1,10,1,1,1,1,1,1,1,1,branch;full;flag;coherent;coset,exact,1,1,1,1,1,0,0,11
4,0,1,10,1,2,1,1,1,1,1,1,branch;full;flag;coherent;coset,exact,1,1,1,1,1,0,0,11
4,0,2,10,0,1,1,1,1,1,1,1,branch;full;flag;coherent;coset,exact,1,1,1,1,1,0,0,15
4,0,2,10,0,2,1,1,1,1,1,1,branch;full;flag;coherent;coset,exact,1,1,1,1,1,0,0,15
4,0,2,10,1,1,1,1,1,1,1,1,branch;full;flag;coherent;coset,exact,1,1,1,1,1,0,0,12
4,0,2,10,1,2,1,1,1,1,1,1,branch;full;flag;coherent;coset,exact,1,1,1,1,1,0,0,12
4,1,1,10,0,1,1,1,1,1,1,1,branch;full;flag;coherent;coset,exact,1,1,1,1,1,0,0,11
4,1,1,10,0,2,1,1,1,1,1,1,branch;full;flag;coherent;coset,exact,1,1,1,1,1,0,0,11
4,1,1,10,1,1,1,1,1,1,1,1,branch;full;flag;coherent;coset,exact,1,1,1,1,1,0,0,9
4,1,1,10,1,2,1,1,1,1,1,1,branch;full;flag;coherent;coset,exact,1,1,1,1,1,0,0,9
4,1,2,10,0,1,1,1,1,1,1,1,branch;full;flag;coherent;coset,exact,1,1,1,1,1,0,0,11
4,1,2,10,0,2,1,1,1,1,1,1,branch;full;flag;coherent;coset,exact,1,1,1,1,1,0,0,11
4,1,2,10,1,1,1,1,1,1,1,1,branch;full;flag;coherent;coset,exact,1,1,1,1,1,0,0,9
4,1,2,10,1,2,1,1,1,1,1,1,branch;full;flag;coherent;coset,exact,1,1,1,1,1,0,0,9
4,0,1,11,0,1,3/4,3/4,3/4,3/4,3/4,3/4,branch;full;flag;coherent;coset,exact,1,1,3/4,1,1,0,0,14
4,0,1,11,0,2,1,1,1,1,1,1,branch;full;flag;coherent;coset,exact,1,1,1,1,1,0,0,19
4,0,1,11,1,1,1,1,1,1,1,1,branch;full;flag;coherent;coset,exact,1,1,1,1,1,0,0,9
4,0,1,11,1,2,1,1,1,1,1,1,branch;full;flag;coherent;coset,exact,1,1,1,1,1,0,0,9
4,0,2,11,0,1,1,1,1,1,1,1,branch;full;flag;coherent;coset,exact,1,1,1,1,1,0,0,16
4,0,2,11,0,2,1,1,1,1,1,1,branch;full;flag;coherent;coset,exact,1,1,1,1,1,0,0,20
4,0,2,11,1,1,1,1,1,1,1,1,branch;full;flag;coherent;coset,exact,1,1,1,1,1,0,0,10
4,0,2,11,1,2,1,1,1,1,1,1,branch;full;flag;coherent;coset,exact,1,1,1,1,1,0,0,10
4,1,1,11,0,1,1,1,1,1,1,1,branch;full;flag;coherent;coset,exact,1,1,1,1,1,0,0,11
4,1,1,11,0,2,1,1,1,1,1,1,branch;full;flag;coherent;coset,exact,1,1,1,1,1,0,0,11
4,1,1,11,1,1,1,1,1,1,1,1,branch;full;flag;coherent;coset,exact,1,1,1,1,1,0,0,9
4,1,1,11,1,2,1,1,1,1,1,1,branch;full;flag;coherent;coset,exact,1,1,1,1,1,0,0,9
4,1,2,11,0,1,1,1,1,1,1,1,branch;full;flag;coherent;coset,exact,1,1,1,1,1,0,0,11
4,1,2,11,0,2,1,1,1,1,1,1,branch;full;flag;coherent;coset,exact,1,1,1,1,1,0,0,11
4,1,2,11,1,1,1,1,1,1,1,1,branch;full;flag;coherent;coset,exact,1,1,1,1,1,0,0,9
4,1,2,11,1,2,1,1,1,1,1,1,branch;full;flag;coherent;coset,exact,1,1,1,1,1,0,0,9
4,0,1,12,0,1,3/4,3/4,3/4,3/4,3/4,3/4,branch;full;flag;coherent;coset,exact,1,1,3/4,1,1,0,0,13
4,0,1,12,0,2,1,1,1,1,1,1,branch;full;flag;coherent;coset,exact,1,1,1,1,1,0,0,14
4,0,1,12,1,1,1,1,1,1,1,1,branch;full;flag;coherent;coset,exact,1,1,1,1,1,0,0,11
4,0,1,12,1,2,1,1,1,1,1,1,branch;full;flag;coherent;coset,exact,1,1,1,1,1,0,0,11
4,0,2,12,0,1,1,1,1,1,1,1,branch;full;flag;coherent;coset,exact,1,1,1,1,1,0,0,15
4,0,2,12,0,2,1,1,1,1,1,1,branch;full;flag;coherent;coset,exact,1,1,1,1,1,0,0,15
4,0,2,12,1,1,1,1,1,1,1,1,branch;full;flag;coherent;coset,exact,1,1,1,1,1,0,0,12
4,0,2,12,1,2,1,1,1,1,1,1,branch;full;flag;coherent;coset,exact,1,1,1,1,1,0,0,12
4,1,1,12,0,1,1,1,1,1,1,1,branch;full;flag;coherent;coset,exact,1,1,1,1,1,0,0,11
4,1,1,12,0,2,1,1,1,1,1,1,branch;full;flag;coherent;coset,exact,1,1,1,1,1,0,0,11
4,1,1,12,1,1,1,1,1,1,1,1,branch;full;flag;coherent;coset,exact,1,1,1,1,1,0,0,9
4,1,1,12,1,2,1,1,1,1,1,1,branch;full;flag;coherent;coset,exact,1,1,1,1,1,0,0,9
4,1,2,12,0,1,1,1,1,1,1,1,branch;full;flag;coherent;coset,exact,1,1,1,1,1,0,0,11
4,1,2,12,0,2,1,1,1,1,1,1,branch;full;flag;coherent;coset,exact,1,1,1,1,1,0,0,11
4,1,2,12,1,1,1,1,1,1,1,1,branch;full;flag;coherent;coset,exact,1,1,1,1,1,0,0,9
4,1,2,12,1,2,1,1,1,1,1,1,branch;full;flag;coherent;coset,exact,1,1,1,1,1,0,0,9
4,0,1,13,0,1,3/4,3/4,3/4,3/4,3/4,3/4,branch;full;flag;coherent;coset,exact,1,1,3/4,1,1,0,0,14
4,0,1,13,0,2,1,1,1,1,1,1,branch;full;flag;coherent;coset,exact,1,1,1,1,1,0,0,19
4,0,1,13,1,1,1,1,1,1,1,1,branch;full;flag;coherent;coset,exact,1,1,1,1,1,0,0,9
4,0,1,13,1,2,1,1,1,1,1,1,branch;full;flag;coherent;coset,exact,1,1,1,1,1,0,0,9
4,0,2,13,0,1,1,1,1,1,1,1,branch;full;flag;coherent;coset,exact,1,1,1,1,1,0,0,16
4,0,2,13,0,2,1,1,1,1,1,1,branch;full;flag;coherent;coset,exact,1,1,1,1,1,0,0,20
4,0,2,13,1,1,1,1,1,1,1,1,branch;full;flag;coherent;coset,exact,1,1,1,1,1,0,0,10
4,0,2,13,1,2,1,1,1,1,1,1,branch;full;flag;coherent;coset,exact,1,1,1,1,1,0,0,10
4,1,1,13,0,1,1,1,1,1,1,1,branch;full;flag;coherent;coset,exact,1,1,1,1,1,0,0,11
4,1,1,13,0,2,1,1,1,1,1,1,branch;full;flag;coherent;coset,exact,1,1,1,1,1,0,0,11
4,1,1,13,1,1,1,1,1,1,1,1,branch;full;flag;coherent;coset,exact,1,1,1,1,1,0,0,9
4,1,1,13,1,2,1,1,1,1,1,1,branch;full;flag;coherent;coset,exact,1,1,1,1,1,0,0,9
4,1,2,13,0,1,1,1,1,1,1,1,branch;full;flag;coherent;coset,exact,1,1,1,1,1,0,0,11
4,1,2,13,0,2,1,1,1,1,1,1,branch;full;flag;coherent;coset,exact,1,1,1,1,1,0,0,11
4,1,2,13,1,1,1,1,1,1,1,1,branch;full;flag;coherent;coset,exact,1,1,1,1,1,0,0,9
4,1,2,13,1,2,1,1,1,1,1,1,branch;full;flag;coherent;coset,exact,1,1,1,1,1,0,0,9
4,0,1,14,0,1,3/4,3/4,3/4,3/4,3/4,3/4,branch;full;flag;coherent;coset,exact,1,1,3/4,1,1,0,0,14
4,0,1,14,0,2,1,1,1,1,1,1,branch;full;flag;coherent;coset,exact,1,1,1,1,1,0,0,19
4,0,1,14,1,1,1,1,1,1,1,1,branch;full;flag;coherent;coset,exact,1,1,1,1,1,0,0,9
4,0,1,14,1,2,1,1,1,1,1,1,branch;full;flag;coherent;coset,exact,1,1,1,1,1,0,0,9
4,0,2,14,0,1,1,1,1,1,1,1,branch;full;flag;coherent;coset,exact,1,1,1,1,1,0,0,16
4,0,2,14,0,2,1,1,1,1,1,1,branch;full;flag;coherent;coset,exact,1,1,1,1,1,0,0,20
4,0,2,14,1,1,1,1,1,1,1,1,branch;full;flag;coherent;coset,exact,1,1,1,1,1,0,0,10
4,0,2,14,1,2,1,1,1,1,1,1,branch;full;flag;coherent;coset,exact,1,1,1,1,1,0,0,10
4,1,1,14,0,1,1,1,1,1,1,1,branch;full;flag;coherent;coset,exact,1,1,1,1,1,0,0,11
4,1,1,14,0,2,1,1,1,1,1,1,branch;full;flag;coherent;coset,exact,1,1,1,1,1,0,0,11
4,1,1,14,1,1,1,1,1,1,1,1,branch;full;flag;coherent;coset,exact,1,1,1,1,1,0,0,9
4,1,1,14,1,2,1,1,1,1,1,1,branch;full;flag;coherent;coset,exact,1,1,1,1,1,0,0,9
4,1,2,14,0,1,1,1,1,1,1,1,branch;full;flag;coherent;coset,exact,1,1,1,1,1,0,0,11
4,1,2,14,0,2,1,1,1,1,1,1,branch;full;flag;coherent;coset,exact,1,1,1,1,1,0,0,11
4,1,2,14,1,1,1,1,1,1,1,1,branch;full;flag;coherent;coset,exact,1,1,1,1,1,0,0,9
4,1,2,14,1,2,1,1,1,1,1,1,branch;full;flag;coherent;coset,exact,1,1,1,1,1,0,0,9
4,0,1,15,0,1,3/4,3/4,3/4,3/4,3/4,3/4,branch;full;flag;coherent;coset,exact,1,1,3/4,1,1,0,0,13
4,0,1,15,0,2,1,1,1,1,1,1,branch;full;flag;coherent;coset,exact,1,1,1,1,1,0,0,14
4,0,1,15,1,1,1,1,1,1,1,1,branch;full;flag;coherent;coset,exact,1,1,1,1,1,0,0,11
4,0,1,15,1,2,1,1,1,1,1,1,branch;full;flag;coherent;coset,exact,1,1,1,1,1,0,0,11
4,0,2,15,0,1,1,1,1,1,1,1,branch;full;flag;coherent;coset,exact,1,1,1,1,1,0,0,15
4,0,2,15,0,2,1,1,1,1,1,1,branch;full;flag;coherent;coset,exact,1,1,1,1,1,0,0,15
4,0,2,15,1,1,1,1,1,1,1,1,branch;full;flag;coherent;coset,exact,1,1,1,1,1,0,0,12
4,0,2,15,1,2,1,1,1,1,1,1,branch;full;flag;coherent;coset,exact,1,1,1,1,1,0,0,12
4,1,1,15,0,1,1,1,1,1,1,1,branch;full;flag;coherent;coset,exact,1,1,1,1,1,0,0,11
4,1,1,15,0,2,1,1,1,1,1,1,branch;full;flag;coherent;coset,exact,1,1,1,1,1,0,0,11
4,1,1,15,1,1,1,1,1,1,1,1,branch;full;flag;coherent;coset,exact,1,1,1,1,1,0,0,9
4,1,1,15,1,2,1,1,1,1,1,1,branch;full;flag;coherent;coset,exact,1,1,1,1,1,0,0,9
4,1,2,15,0,1,1,1,1,1,1,1,branch;full;flag;coherent;coset,exact,1,1,1,1,1,0,0,11
4,1,2,15,0,2,1,1,1,1,1,1,branch;full;flag;coherent;coset,exact,1,1,1,1,1,0,0,11
4,1,2,15,1,1,1,1,1,1,1,1,branch;full;flag;coherent;coset,exact,1,1,1,1,1,0,0,9
4,1,2,15,1,2,1,1,1,1,1,1,branch;full;flag;coherent;coset,exact,1,1,1,1,1,0,0,9
5,0,1,0,0,1,1,1,1,1,1,1,branch;full;flag;coherent;coset,exact,1,1,1,1,1,0,0,8
5,0,1,0,0,2,1,1,1,1,1,1,branch;full;flag;coherent;coset,exact,1,1,1,1,1,0,0,8
5,0,1,0,1,1,1,1,1,1,1,1,branch;full;flag;coherent;coset,exact,1,1,1,1,1,0,0,8
5,0,1,0,1,2,1,1,1,1,1,1,branch;full;flag;coherent;coset,exact,1,1,1,1,1,0,0,8
5,0,2,0,0,1,1,1,1,1,1,1,branch;full;flag;coherent;coset,exact,1,1,1,1,1,0,0,9
5,0,2,0,0,2,1,1,1,1,1,1,branch;full;flag;coherent;coset,exact,1,1,1,1,1,0,0,9
5,0,2,0,1,1,1,1,1,1,1,1,branch;full;flag;coherent;coset,exact,1,1,1,1,1,0,0,9
5,0,2,0,1,2,1,1,1,1,1,1,branch;full;flag;coherent;coset,exact,1,1,1,1,1,0,0,9
5,1,1,0,0,1,1,1,1,1,1,1,branch;full;flag;coherent;coset,exact,1,1,1,1,1,0,0,7
5,1,1,0,0,2,1,1,1,1,1,1,branch;full;flag;coherent;coset,exact,1,1,1,1,1,0,0,7
5,1,1,0,1,1,1,1,1,1,1,1,branch;full;flag;coherent;coset,exact,1,1,1,1,1,0,0,7
5,1,1,0,1,2,1,1,1,1,1,1,branch;full;flag;coherent;coset,exact,1,1,1,1,1,0,0,7
5,1,2,0,0,1,1,1,1,1,1,1,branch;full;flag;coherent;coset,exact,1,1,1,1,1,0,0,7
5,1,2,0,0,2,1,1,1,1,1,1,branch;full;flag;coherent;coset,exact,1,1,1,1,1,0,0,7
5,1,2,0,1,1,1,1,1,1,1,1,branch;full;flag;coherent;coset,exact,1,1,1,1,1,0,0,7
5,1,2,0,1,2,1,1,1,1,1,1,branch;full;flag;coherent;coset,exact,1,1,1,1,1,0,0,7
5,0,1,1,0,1,1,1,1,1,1,1,branch;full;flag;coherent;coset,exact,1,1,1,1,1,0,0,8
5,0,1,1,0,2,1,1,1,1,1,1,branch;full;flag;coherent;coset,exact,1,1,1,1,1,0,0,8
5,0,1,1,1,1,1,1,1,1,1,1,branch;full;flag;coherent;coset,exact,1,1,1,1,1,0,0,7
5,0,1,1,1,2,1,1,1,1,1,1,branch;full;flag;coherent;coset,exact,1,1,1,1,1,0,0,7
5,0,2,1,0,1,1,1,1,1,1,1,branch;full;flag;coherent;coset,exact,1,1,1,1,1,0,0,9
5,0,2,1,0,2,1,1,1,1,1,1,branch;full;flag;coherent;coset,exact,1,1,1,1,1,0,0,9
5,0,2,1,1,1,1,1,1,1,1,1,branch;full;flag;coherent;coset,exact,1,1,1,1,1,0,0,8
5,0,2,1,1,2,1,1,1,1,1,1,branch;full;flag;coherent;coset,exact,1,1,1,1,1,0,0,8
5,1,1,1,0,1,1,1,1,1,1,1,branch;full;flag;coherent;coset,exact,1,1,1,1,1,0,0,7
5,1,1,1,0,2,1,1,1,1,1,1,branch;full;flag;coherent;coset,exact,1,1,1,1,1,0,0,7
5,1,1,1,1,1,1,1,1,1,1,1,branch;full;flag;coherent;coset,exact,1,1,1,1,1,0,0,7
5,1,1,1,1,2,1,1,1,1,1,1,branch;full;flag;coherent;coset,exact,1,1,1,1,1,0,0,7
5,1,2,1,0,1,1,1,1,1,1,1,branch;full;flag;coherent;coset,exact,1,1,1,1,1,0,0,7
5,1,2,1,0,2,1,1,1,1,1,1,branch;full;flag;coherent;coset,exact,1,1,1,1,1,0,0,7
5,1,2,1,1,1,1,1,1,1,1,1,branch;full;flag;coherent;coset,exact,1,1,1,1,1,0,0,7
5,1,2,1,1,2,1,1,1,1,1,1,branch;full;flag;coherent;coset,exact,1,1,1,1,1,0,0,7
5,0,1,2,0,1,3/4,3/4,3/4,3/4,3/4,3/4,branch;full;flag;coherent;coset,exact,1,1,3/4,1,1,0,0,13
5,0,1,2,0,2,1,1,1,1,1,1,branch;full;flag;coherent;coset,exact,1,1,1,1,1,0,0,14
5,0,1,2,1,1,1,1,1,1,1,1,branch;full;flag;coherent;coset,exact,1,1,1,1,1,0,0,11
5,0,1,2,1,2,1,1,1,1,1,1,branch;full;flag;coherent;coset,exact,1,1,1,1,1,0,0,11
5,0,2,2,0,1,1,1,1,1,1,1,branch;full;flag;coherent;coset,exact,1,1,1,1,1,0,0,15
5,0,2,2,0,2,1,1,1,1,1,1,branch;full;flag;coherent;coset,exact,1,1,1,1,1,0,0,15
5,0,2,2,1,1,1,1,1,1,1,1,branch;full;flag;coherent;coset,exact,1,1,1,1,1,0,0,12
5,0,2,2,1,2,1,1,1,1,1,1,branch;full;flag;coherent;coset,exact,1,1,1,1,1,0,0,12
5,1,1,2,0,1,1,1,1,1,1,1,branch;full;flag;coherent;coset,exact,1,1,1,1,1,0,0,11
5,1,1,2,0,2,1,1,1,1,1,1,branch;full;flag;coherent;coset,exact,1,1,1,1,1,0,0,11
5,1,1,2,1,1,1,1,1,1,1,1,branch;full;flag;coherent;coset,exact,1,1,1,1,1,0,0,9
5,1,1,2,1,2,1,1,1,1,1,1,branch;full;flag;coherent;coset,exact,1,1,1,1,1,0,0,9
5,1,2,2,0,1,1,1,1,1,1,1,branch;full;flag;coherent;coset,exact,1,1,1,1,1,0,0,11
5,1,2,2,0,2,1,1,1,1,1,1,branch;full;flag;coherent;coset,exact,1,1,1,1,1,0,0,11
5,1,2,2,1,1,1,1,1,1,1,1,branch;full;flag;coherent;coset,exact,1,1,1,1,1,0,0,9
5,1,2,2,1,2,1,1,1,1,1,1,branch;full;flag;coherent;coset,exact,1,1,1,1,1,0,0,9
5,0,1,3,0,1,3/4,3/4,3/4,3/4,3/4,3/4,branch;full;flag;coherent;coset,exact,1,1,3/4,1,1,0,0,13
5,0,1,3,0,2,1,1,1,1,1,1,branch;full;flag;coherent;coset,exact,1,1,1,1,1,0,0,14
5,0,1,3,1,1,1,1,1,1,1,1,branch;full;flag;coherent;coset,exact,1,1,1,1,1,0,0,11
5,0,1,3,1,2,1,1,1,1,1,1,branch;full;flag;coherent;coset,exact,1,1,1,1,1,0,0,11
5,0,2,3,0,1,1,1,1,1,1,1,branch;full;flag;coherent;coset,exact,1,1,1,1,1,0,0,15
5,0,2,3,0,2,1,1,1,1,1,1,branch;full;flag;coherent;coset,exact,1,1,1,1,1,0,0,15
5,0,2,3,1,1,1,1,1,1,1,1,branch;full;flag;coherent;coset,exact,1,1,1,1,1,0,0,12
5,0,2,3,1,2,1,1,1,1,1,1,branch;full;flag;coherent;coset,exact,1,1,1,1,1,0,0,12
5,1,1,3,0,1,1,1,1,1,1,1,branch;full;flag;coherent;coset,exact,1,1,1,1,1,0,0,11
5,1,1,3,0,2,1,1,1,1,1,1,branch;full;flag;coherent;coset,exact,1,1,1,1,1,0,0,11
5,1,1,3,1,1,1,1,1,1,1,1,branch;full;flag;coherent;coset,exact,1,1,1,1,1,0,0,9
5,1,1,3,1,2,1,1,1,1,1,1,branch;full;flag;coherent;coset,exact,1,1,1,1,1,0,0,9
5,1,2,3,0,1,1,1,1,1,1,1,branch;full;flag;coherent;coset,exact,1,1,1,1,1,0,0,11
5,1,2,3,0,2,1,1,1,1,1,1,branch;full;flag;coherent;coset,exact,1,1,1,1,1,0,0,11
5,1,2,3,1,1,1,1,1,1,1,1,branch;full;flag;coherent;coset,exact,1,1,1,1,1,0,0,9
5,1,2,3,1,2,1,1,1,1,1,1,branch;full;flag;coherent;coset,exact,1,1,1,1,1,0,0,9
5,0,1,4,0,1,1,1,1,1,1,1,branch;full;flag;coherent;coset,exact,1,1,1,1,1,0,0,8
5,0,1,4,0,2,1,1,1,1,1,1,branch;full;flag;coherent;coset,exact,1,1,1,1,1,0,0,8
5,0,1,4,1,1,1,1,1,1,1,1,branch;full;flag;coherent;coset,exact,1,1,1,1,1,0,0,7
5,0,1,4,1,2,1,1,1,1,1,1,branch;full;flag;coherent;coset,exact,1,1,1,1,1,0,0,7
5,0,2,4,0,1,1,1,1,1,1,1,branch;full;flag;coherent;coset,exact,1,1,1,1,1,0,0,9
5,0,2,4,0,2,1,1,1,1,1,1,branch;full;flag;coherent;coset,exact,1,1,1,1,1,0,0,9
5,0,2,4,1,1,1,1,1,1,1,1,branch;full;flag;coherent;coset,exact,1,1,1,1,1,0,0,8
5,0,2,4,1,2,1,1,1,1,1,1,branch;full;flag;coherent;coset,exact,1,1,1,1,1,0,0,8
5,1,1,4,0,1,1,1,1,1,1,1,branch;full;flag;coherent;coset,exact,1,1,1,1,1,0,0,7
5,1,1,4,0,2,1,1,1,1,1,1,branch;full;flag;coherent;coset,exact,1,1,1,1,1,0,0,7
5,1,1,4,1,1,1,1,1,1,1,1,branch;full;flag;coherent;coset,exact,1,1,1,1,1,0,0,7
5,1,1,4,1,2,1,1,1,1,1,1,branch;full;flag;coherent;coset,exact,1,1,1,1,1,0,0,7
5,1,2,4,0,1,1,1,1,1,1,1,branch;full;flag;coherent;coset,exact,1,1,1,1,1,0,0,7
5,1,2,4,0,2,1,1,1,1,1,1,branch;full;flag;coherent;coset,exact,1,1,1,1,1,0,0,7
5,1,2,4,1,1,1,1,1,1,1,1,branch;full;flag;coherent;coset,exact,1,1,1,1,1,0,0,7
5,1,2,4,1,2,1,1,1,1,1,1,branch;full;flag;coherent;coset,exact,1,1,1,1,1,0,0,7
5,0,1,5,0,1,1,1,1,1,1,1,branch;full;flag;coherent;coset,exact,1,1,1,1,1,0,0,8
5,0,1,5,0,2,1,1,1,1,1,1,branch;full;flag;coherent;coset,exact,1,1,1,1,1,0,0,8
5,0,1,5,1,1,1,1,1,1,1,1,branch;full;flag;coherent;coset,exact,1,1,1,1,1,0,0,7
5,0,1,5,1,2,1,1,1,1,1,1,branch;full;flag;coherent;coset,exact,1,1,1,1,1,0,0,7
5,0,2,5,0,1,1,1,1,1,1,1,branch;full;flag;coherent;coset,exact,1,1,1,1,1,0,0,9
5,0,2,5,0,2,1,1,1,1,1,1,branch;full;flag;coherent;coset,exact,1,1,1,1,1,0,0,9
5,0,2,5,1,1,1,1,1,1,1,1,branch;full;flag;coherent;coset,exact,1,1,1,1,1,0,0,8
5,0,2,5,1,2,1,1,1,1,1,1,branch;full;flag;coherent;coset,exact,1,1,1,1,1,0,0,8
5,1,1,5,0,1,1,1,1,1,1,1,branch;full;flag;coherent;coset,exact,1,1,1,1,1,0,0,7
5,1,1,5,0,2,1,1,1,1,1,1,branch;full;flag;coherent;coset,exact,1,1,1,1,1,0,0,7
5,1,1,5,1,1,1,1,1,1,1,1,branch;full;flag;coherent;coset,exact,1,1,1,1,1,0,0,7
5,1,1,5,1,2,1,1,1,1,1,1,branch;full;flag;coherent;coset,exact,1,1,1,1,1,0,0,7
5,1,2,5,0,1,1,1,1,1,1,1,branch;full;flag;coherent;coset,exact,1,1,1,1,1,0,0,7
5,1,2,5,0,2,1,1,1,1,1,1,branch;full;flag;coherent;coset,exact,1,1,1,1,1,0,0,7
5,1,2,5,1,1,1,1,1,1,1,1,branch;full;flag;coherent;coset,exact,1,1,1,1,1,0,0,7
5,1,2,5,1,2,1,1,1,1,1,1,branch;full;flag;coherent;coset,exact,1,1,1,1,1,0,0,7
5,0,1,6,0,1,3/4,3/4,3/4,3/4,3/4,3/4,branch;full;flag;coherent;coset,exact,1,1,3/4,1,1,0,0,14
5,0,1,6,0,2,1,1,1,1,1,1,branch;full;flag;coherent;coset,exact,1,1,1,1,1,0,0,19
5,0,1,6,1,1,1,1,1,1,1,1,branch;full;flag;coherent;coset,exact,1,1,1,1,1,0,0,9
5,0,1,6,1,2,1,1,1,1,1,1,branch;full;flag;coherent;coset,exact,1,1,1,1,1,0,0,9
5,0,2,6,0,1,1,1,1,1,1,1,branch;full;flag;coherent;coset,exact,1,1,1,1,1,0,0,16
5,0,2,6,0,2,1,1,1,1,1,1,branch;full;flag;coherent;coset,exact,1,1,1,1,1,0,0,20
5,0,2,6,1,1,1,1,1,1,1,1,branch;full;flag;coherent;coset,exact,1,1,1,1,1,0,0,10
5,0,2,6,1,2,1,1,1,1,1,1,branch;full;flag;coherent;coset,exact,1,1,1,1,1,0,0,10
5,1,1,6,0,1,1,1,1,1,1,1,branch;full;flag;coherent;coset,exact,1,1,1,1,1,0,0,11
5,1,1,6,0,2,1,1,1,1,1,1,branch;full;flag;coherent;coset,exact,1,1,1,1,1,0,0,11
5,1,1,6,1,1,1,1,1,1,1,1,branch;full;flag;coherent;coset,exact,1,1,1,1,1,0,0,9
5,1,1,6,1,2,1,1,1,1,1,1,branch;full;flag;coherent;coset,exact,1,1,1,1,1,0,0,9
5,1,2,6,0,1,1,1,1,1,1,1,branch;full;flag;coherent;coset,exact,1,1,1,1,1,0,0,11
5,1,2,6,0,2,1,1,1,1,1,1,branch;full;flag;coherent;coset,exact,1,1,1,1,1,0,0,11
5,1,2,6,1,1,1,1,1,1,1,1,branch;full;flag;coherent;coset,exact,1,1,1,1,1,0,0,9
5,1,2,6,1,2,1,1,1,1,1,1,branch;full;flag;coherent;coset,exact,1,1,1,1,1,0,0,9
5,0,1,7,0,1,3/4,3/4,3/4,3/4,3/4,3/4,branch;full;flag;coherent;coset,exact,1,1,3/4,1,1,0,0,14
5,0,1,7,0,2,1,1,1,1,1,1,branch;full;flag;coherent;coset,exact,1,1,1,1,1,0,0,19
5,0,1,7,1,1,1,1,1,1,1,1,branch;full;flag;coherent;coset,exact,1,1,1,1,1,0,0,9
5,0,1,7,1,2,1,1,1,1,1,1,branch;full;flag;coherent;coset,exact,1,1,1,1,1,0,0,9
5,0,2,7,0,1,1,1,1,1,1,1,branch;full;flag;coherent;coset,exact,1,1,1,1,1,0,0,16
5,0,2,7,0,2,1,1,1,1,1,1,branch;full;flag;coherent;coset,exact,1,1,1,1,1,0,0,20
5,0,2,7,1,1,1,1,1,1,1,1,branch;full;flag;coherent;coset,exact,1,1,1,1,1,0,0,10
5,0,2,7,1,2,1,1,1,1,1,1,branch;full;flag;coherent;coset,exact,1,1,1,1,1,0,0,10
5,1,1,7,0,1,1,1,1,1,1,1,branch;full;flag;coherent;coset,exact,1,1,1,1,1,0,0,11
5,1,1,7,0,2,1,1,1,1,1,1,branch;full;flag;coherent;coset,exact,1,1,1,1,1,0,0,11
5,1,1,7,1,1,1,1,1,1,1,1,branch;full;flag;coherent;coset,exact,1,1,1,1,1,0,0,9
5,1,1,7,1,2,1,1,1,1,1,1,branch;full;flag;coherent;coset,exact,1,1,1,1,1,0,0,9
5,1,2,7,0,1,1,1,1,1,1,1,branch;full;flag;coherent;coset,exact,1,1,1,1,1,0,0,11
5,1,2,7,0,2,1,1,1,1,1,1,branch;full;flag;coherent;coset,exact,1,1,1,1,1,0,0,11
5,1,2,7,1,1,1,1,1,1,1,1,branch;full;flag;coherent;coset,exact,1,1,1,1,1,0,0,9
5,1,2,7,1,2,1,1,1,1,1,1,branch;full;flag;coherent;coset,exact,1,1,1,1,1,0,0,9
5,0,1,8,0,1,3/4,3/4,3/4,3/4,3/4,3/4,branch;full;flag;coherent;coset,exact,1,1,3/4,1,1,0,0,13
5,0,1,8,0,2,1,1,1,1,1,1,branch;full;flag;coherent;coset,exact,1,1,1,1,1,0,0,14
5,0,1,8,1,1,1,1,1,1,1,1,branch;full;flag;coherent;coset,exact,1,1,1,1,1,0,0,11
5,0,1,8,1,2,1,1,1,1,1,1,branch;full;flag;coherent;coset,exact,1,1,1,1,1,0,0,11
5,0,2,8,0,1,1,1,1,1,1,1,branch;full;flag;coherent;coset,exact,1,1,1,1,1,0,0,15
5,0,2,8,0,2,1,1,1,1,1,1,branch;full;flag;coherent;coset,exact,1,1,1,1,1,0,0,15
5,0,2,8,1,1,1,1,1,1,1,1,branch;full;flag;coherent;coset,exact,1,1,1,1,1,0,0,12
5,0,2,8,1,2,1,1,1,1,1,1,branch;full;flag;coherent;coset,exact,1,1,1,1,1,0,0,12
5,1,1,8,0,1,1,1,1,1,1,1,branch;full;flag;coherent;coset,exact,1,1,1,1,1,0,0,11
5,1,1,8,0,2,1,1,1,1,1,1,branch;full;flag;coherent;coset,exact,1,1,1,1,1,0,0,11
5,1,1,8,1,1,1,1,1,1,1,1,branch;full;flag;coherent;coset,exact,1,1,1,1,1,0,0,9
5,1,1,8,1,2,1,1,1,1,1,1,branch;full;flag;coherent;coset,exact,1,1,1,1,1,0,0,9
5,1,2,8,0,1,1,1,1,1,1,1,branch;full;flag;coherent;coset,exact,1,1,1,1,1,0,0,11
5,1,2,8,0,2,1,1,1,1,1,1,branch;full;flag;coherent;coset,exact,1,1,1,1,1,0,0,11
5,1,2,8,1,1,1,1,1,1,1,1,branch;full;flag;coherent;coset,exact,1,1,1,1,1,0,0,9
5,1,2,8,1,2,1,1,1,1,1,1,branch;full;flag;coherent;coset,exact,1,1,1,1,1,0,0,9
5,0,1,9,0,1,3/4,3/4,3/4,3/4,3/4,3/4,branch;full;flag;coherent;coset,exact,1,1,3/4,1,1,0,0,14
5,0,1,9,0,2,1,1,1,1,1,1,branch;full;flag;coherent;coset,exact,1,1,1,1,1,0,0,19
5,0,1,9,1,1,1,1,1,1,1,1,branch;full;flag;coherent;coset,exact,1,1,1,1,1,0,0,9
5,0,1,9,1,2,1,1,1,1,1,1,branch;full;flag;coherent;coset,exact,1,1,1,1,1,0,0,9
5,0,2,9,0,1,1,1,1,1,1,1,branch;full;flag;coherent;coset,exact,1,1,1,1,1,0,0,16
5,0,2,9,0,2,1,1,1,1,1,1,branch;full;flag;coherent;coset,exact,1,1,1,1,1,0,0,20
5,0,2,9,1,1,1,1,1,1,1,1,branch;full;flag;coherent;coset,exact,1,1,1,1,1,0,0,10
5,0,2,9,1,2,1,1,1,1,1,1,branch;full;flag;coherent;coset,exact,1,1,1,1,1,0,0,10
5,1,1,9,0,1,1,1,1,1,1,1,branch;full;flag;coherent;coset,exact,1,1,1,1,1,0,0,11
5,1,1,9,0,2,1,1,1,1,1,1,branch;full;flag;coherent;coset,exact,1,1,1,1,1,0,0,11
5,1,1,9,1,1,1,1,1,1,1,1,branch;full;flag;coherent;coset,exact,1,1,1,1,1,0,0,9
5,1,1,9,1,2,1,1,1,1,1,1,branch;full;flag;coherent;coset,exact,1,1,1,1,1,0,0,9
5,1,2,9,0,1,1,1,1,1,1,1,branch;full;flag;coherent;coset,exact,1,1,1,1,1,0,0,11
5,1,2,9,0,2,1,1,1,1,1,1,branch;full;flag;coherent;coset,exact,1,1,1,1,1,0,0,11
5,1,2,9,1,1,1,1,1,1,1,1,branch;full;flag;coherent;coset,exact,1,1,1,1,1,0,0,9
5,1,2,9,1,2,1,1,1,1,1,1,branch;full;flag;coherent;coset,exact,1,1,1,1,1,0,0,9
5,0,1,10,0,1,3/4,3/4,3/4,3/4,3/4,3/4,branch;full;flag;coherent;coset,exact,1,1,3/4,1,1,0,0,13
5,0,1,10,0,2,1,1,1,1,1,1,branch;full;flag;coherent;coset,exact,1,1,1,1,1,0,0,14
5,0,1,10,1,1,1,1,1,1,1,1,branch;full;flag;coherent;coset,exact,1,1,1,1,1,0,0,11
5,0,1,10,1,2,1,1,1,1,1,1,branch;full;flag;coherent;coset,exact,1,1,1,1,1,0,0,11
5,0,2,10,0,1,1,1,1,1,1,1,branch;full;flag;coherent;coset,exact,1,1,1,1,1,0,0,15
5,0,2,10,0,2,1,1,1,1,1,1,branch;full;flag;coherent;coset,exact,1,1,1,1,1,0,0,15
5,0,2,10,1,1,1,1,1,1,1,1,branch;full;flag;coherent;coset,exact,1,1,1,1,1,0,0,12
5,0,2,10,1,2,1,1,1,1,1,1,branch;full;flag;coherent;coset,exact,1,1,1,1,1,0,0,12
5,1,1,10,0,1,1,1,1,1,1,1,branch;full;flag;coherent;coset,exact,1,1,1,1,1,0,0,11
5,1,1,10,0,2,1,1,1,1,1,1,branch;full;flag;coherent;coset,exact,1,1,1,1,1,0,0,11
5,1,1,10,1,1,1,1,1,1,1,1,branch;full;flag;coherent;coset,exact,1,1,1,1,1,0,0,9
5,1,1,10,1,2,1,1,1,1,1,1,branch;full;flag;coherent;coset,exact,1,1,1,1,1,0,0,9
5,1,2,10,0,1,1,1,1,1,1,1,branch;full;flag;coherent;coset,exact,1,1,1,1,1,0,0,11
5,1,2,10,0,2,1,1,1,1,1,1,branch;full;flag;coherent;coset,exact,1,1,1,1,1,0,0,11
5,1,2,10,1,1,1,1,1,1,1,1,branch;full;flag;coherent;coset,exact,1,1,1,1,1,0,0,9
5,1,2,10,1,2,1,1,1,1,1,1,branch;full;flag;coherent;coset,exact,1,1,1,1,1,0,0,9
5,0,1,11,0,1,3/4,3/4,3/4,3/4,3/4,3/4,branch;full;flag;coherent;coset,exact,1,1,3/4,1,1,0,0,14
5,0,1,11,0,2,1,1,1,1,1,1,branch;full;flag;coherent;coset,exact,1,1,1,1,1,0,0,19
5,0,1,11,1,1,1,1,1,1,1,1,branch;full;flag;coherent;coset,exact,1,1,1,1,1,0,0,9
5,0,1,11,1,2,1,1,1,1,1,1,branch;full;flag;coherent;coset,exact,1,1,1,1,1,0,0,9
5,0,2,11,0,1,1,1,1,1,1,1,branch;full;flag;coherent;coset,exact,1,1,1,1,1,0,0,16
5,0,2,11,0,2,1,1,1,1,1,1,branch;full;flag;coherent;coset,exact,1,1,1,1,1,0,0,20
5,0,2,11,1,1,1,1,1,1,1,1,branch;full;flag;coherent;coset,exact,1,1,1,1,1,0,0,10
5,0,2,11,1,2,1,1,1,1,1,1,branch;full;flag;coherent;coset,exact,1,1,1,1,1,0,0,10
5,1,1,11,0,1,1,1,1,1,1,1,branch;full;flag;coherent;coset,exact,1,1,1,1,1,0,0,11
5,1,1,11,0,2,1,1,1,1,1,1,branch;full;flag;coherent;coset,exact,1,1,1,1,1,0,0,11
5,1,1,11,1,1,1,1,1,1,1,1,branch;full;flag;coherent;coset,exact,1,1,1,1,1,0,0,9
5,1,1,11,1,2,1,1,1,1,1,1,branch;full;flag;coherent;coset,exact,1,1,1,1,1,0,0,9
5,1,2,11,0,1,1,1,1,1,1,1,branch;full;flag;coherent;coset,exact,1,1,1,1,1,0,0,11
5,1,2,11,0,2,1,1,1,1,1,1,branch;full;flag;coherent;coset,exact,1,1,1,1,1,0,0,11
5,1,2,11,1,1,1,1,1,1,1,1,branch;full;flag;coherent;coset,exact,1,1,1,1,1,0,0,9
5,1,2,11,1,2,1,1,1,1,1,1,branch;full;flag;coherent;coset,exact,1,1,1,1,1,0,0,9
5,0,1,12,0,1,3/4,3/4,3/4,3/4,3/4,3/4,branch;full;flag;coherent;coset,exact,1,1,3/4,1,1,0,0,13
5,0,1,12,0,2,1,1,1,1,1,1,branch;full;flag;coherent;coset,exact,1,1,1,1,1,0,0,14
5,0,1,12,1,1,1,1,1,1,1,1,branch;full;flag;coherent;coset,exact,1,1,1,1,1,0,0,11
5,0,1,12,1,2,1,1,1,1,1,1,branch;full;flag;coherent;coset,exact,1,1,1,1,1,0,0,11
5,0,2,12,0,1,1,1,1,1,1,1,branch;full;flag;coherent;coset,exact,1,1,1,1,1,0,0,15
5,0,2,12,0,2,1,1,1,1,1,1,branch;full;flag;coherent;coset,exact,1,1,1,1,1,0,0,15
5,0,2,12,1,1,1,1,1,1,1,1,branch;full;flag;coherent;coset,exact,1,1,1,1,1,0,0,12
5,0,2,12,1,2,1,1,1,1,1,1,branch;full;flag;coherent;coset,exact,1,1,1,1,1,0,0,12
5,1,1,12,0,1,1,1,1,1,1,1,branch;full;flag;coherent;coset,exact,1,1,1,1,1,0,0,11
5,1,1,12,0,2,1,1,1,1,1,1,branch;full;flag;coherent;coset,exact,1,1,1,1,1,0,0,11
5,1,1,12,1,1,1,1,1,1,1,1,branch;full;flag;coherent;coset,exact,1,1,1,1,1,0,0,9
5,1,1,12,1,2,1,1,1,1,1,1,branch;full;flag;coherent;coset,exact,1,1,1,1,1,0,0,9
5,1,2,12,0,1,1,1,1,1,1,1,branch;full;flag;coherent;coset,exact,1,1,1,1,1,0,0,11
5,1,2,12,0,2,1,1,1,1,1,1,branch;full;flag;coherent;coset,exact,1,1,1,1,1,0,0,11
5,1,2,12,1,1,1,1,1,1,1,1,branch;full;flag;coherent;coset,exact,1,1,1,1,1,0,0,9
5,1,2,12,1,2,1,1,1,1,1,1,branch;full;flag;coherent;coset,exact,1,1,1,1,1,0,0,9
5,0,1,13,0,1,3/4,3/4,3/4,3/4,3/4,3/4,branch;full;flag;coherent;coset,exact,1,1,3/4,1,1,0,0,14
5,0,1,13,0,2,1,1,1,1,1,1,branch;full;flag;coherent;coset,exact,1,1,1,1,1,0,0,19
5,0,1,13,1,1,1,1,1,1,1,1,branch;full;flag;coherent;coset,exact,1,1,1,1,1,0,0,9
5,0,1,13,1,2,1,1,1,1,1,1,branch;full;flag;coherent;coset,exact,1,1,1,1,1,0,0,9
5,0,2,13,0,1,1,1,1,1,1,1,branch;full;flag;coherent;coset,exact,1,1,1,1,1,0,0,16
5,0,2,13,0,2,1,1,1,1,1,1,branch;full;flag;coherent;coset,exact,1,1,1,1,1,0,0,20
5,0,2,13,1,1,1,1,1,1,1,1,branch;full;flag;coherent;coset,exact,1,1,1,1,1,0,0,10
5,0,2,13,1,2,1,1,1,1,1,1,branch;full;flag;coherent;coset,exact,1,1,1,1,1,0,0,10
5,1,1,13,0,1,1,1,1,1,1,1,branch;full;flag;coherent;coset,exact,1,1,1,1,1,0,0,11
5,1,1,13,0,2,1,1,1,1,1,1,branch;full;flag;coherent;coset,exact,1,1,1,1,1,0,0,11
5,1,1,13,1,1,1,1,1,1,1,1,branch;full;flag;coherent;coset,exact,1,1,1,1,1,0,0,9
5,1,1,13,1,2,1,1,1,1,1,1,branch;full;flag;coherent;coset,exact,1,1,1,1,1,0,0,9
5,1,2,13,0,1,1,1,1,1,1,1,branch;full;flag;coherent;coset,exact,1,1,1,1,1,0,0,11
5,1,2,13,0,2,1,1,1,1,1,1,branch;full;flag;coherent;coset,exact,1,1,1,1,1,0,0,11
5,1,2,13,1,1,1,1,1,1,1,1,branch;full;flag;coherent;coset,exact,1,1,1,1,1,0,0,9
5,1,2,13,1,2,1,1,1,1,1,1,branch;full;flag;coherent;coset,exact,1,1,1,1,1,0,0,9
5,0,1,14,0,1,3/4,3/4,3/4,3/4,3/4,3/4,branch;full;flag;coherent;coset,exact,1,1,3/4,1,1,0,0,14
5,0,1,14,0,2,1,1,1,1,1,1,branch;full;flag;coherent;coset,exact,1,1,1,1,1,0,0,19
5,0,1,14,1,1,1,1,1,1,1,1,branch;full;flag;coherent;coset,exact,1,1,1,1,1,0,0,9
5,0,1,14,1,2,1,1,1,1,1,1,branch;full;flag;coherent;coset,exact,1,1,1,1,1,0,0,9
5,0,2,14,0,1,1,1,1,1,1,1,branch;full;flag;coherent;coset,exact,1,1,1,1,1,0,0,16
5,0,2,14,0,2,1,1,1,1,1,1,branch;full;flag;coherent;coset,exact,1,1,1,1,1,0,0,20
5,0,2,14,1,1,1,1,1,1,1,1,branch;full;flag;coherent;coset,exact,1,1,1,1,1,0,0,10
5,0,2,14,1,2,1,1,1,1,1,1,branch;full;flag;coherent;coset,exact,1,1,1,1,1,0,0,10
5,1,1,14,0,1,1,1,1,1,1,1,branch;full;flag;coherent;coset,exact,1,1,1,1,1,0,0,11
5,1,1,14,0,2,1,1,1,1,1,1,branch;full;flag;coherent;coset,exact,1,1,1,1,1,0,0,11
5,1,1,14,1,1,1,1,1,1,1,1,branch;full;flag;coherent;coset,exact,1,1,1,1,1,0,0,9
5,1,1,14,1,2,1,1,1,1,1,1,branch;full;flag;coherent;coset,exact,1,1,1,1,1,0,0,9
5,1,2,14,0,1,1,1,1,1,1,1,branch;full;flag;coherent;coset,exact,1,1,1,1,1,0,0,11
5,1,2,14,0,2,1,1,1,1,1,1,branch;full;flag;coherent;coset,exact,1,1,1,1,1,0,0,11
5,1,2,14,1,1,1,1,1,1,1,1,branch;full;flag;coherent;coset,exact,1,1,1,1,1,0,0,9
5,1,2,14,1,2,1,1,1,1,1,1,branch;full;flag;coherent;coset,exact,1,1,1,1,1,0,0,9
5,0,1,15,0,1,3/4,3/4,3/4,3/4,3/4,3/4,branch;full;flag;coherent;coset,exact,1,1,3/4,1,1,0,0,13
5,0,1,15,0,2,1,1,1,1,1,1,branch;full;flag;coherent;coset,exact,1,1,1,1,1,0,0,14
5,0,1,15,1,1,1,1,1,1,1,1,branch;full;flag;coherent;coset,exact,1,1,1,1,1,0,0,11
5,0,1,15,1,2,1,1,1,1,1,1,branch;full;flag;coherent;coset,exact,1,1,1,1,1,0,0,11
5,0,2,15,0,1,1,1,1,1,1,1,branch;full;flag;coherent;coset,exact,1,1,1,1,1,0,0,15
5,0,2,15,0,2,1,1,1,1,1,1,branch;full;flag;coherent;coset,exact,1,1,1,1,1,0,0,15
5,0,2,15,1,1,1,1,1,1,1,1,branch;full;flag;coherent;coset,exact,1,1,1,1,1,0,0,12
5,0,2,15,1,2,1,1,1,1,1,1,branch;full;flag;coherent;coset,exact,1,1,1,1,1,0,0,12
5,1,1,15,0,1,1,1,1,1,1,1,branch;full;flag;coherent;coset,exact,1,1,1,1,1,0,0,11
5,1,1,15,0,2,1,1,1,1,1,1,branch;full;flag;coherent;coset,exact,1,1,1,1,1,0,0,11
5,1,1,15,1,1,1,1,1,1,1,1,branch;full;flag;coherent;coset,exact,1,1,1,1,1,0,0,9
5,1,1,15,1,2,1,1,1,1,1,1,branch;full;flag;coherent;coset,exact,1,1,1,1,1,0,0,9
5,1,2,15,0,1,1,1,1,1,1,1,branch;full;flag;coherent;coset,exact,1,1,1,1,1,0,0,11
5,1,2,15,0,2,1,1,1,1,1,1,branch;full;flag;coherent;coset,exact,1,1,1,1,1,0,0,11
5,1,2,15,1,1,1,1,1,1,1,1,branch;full;flag;coherent;coset,exact,1,1,1,1,1,0,0,9
5,1,2,15,1,2,1,1,1,1,1,1,branch;full;flag;coherent;coset,exact,1,1,1,1,1,0,0,9
6,0,1,0,0,1,1,1,1,1,1,1,branch;full;flag;coherent;coset,exact,1,1,1,1,1,0,0,10
6,0,1,0,0,2,1,1,1,1,1,1,branch;full;flag;coherent;coset,exact,1,1,1,1,1,0,0,10
6,0,1,0,1,1,1,1,1,1,1,1,branch;full;flag;coherent;coset,exact,1,1,1,1,1,0,0,10
6,0,1,0,1,2,1,1,1,1,1,1,branch;full;flag;coherent;coset,exact,1,1,1,1,1,0,0,10
6,0,2,0,0,1,1,1,1,1,1,1,branch;full;flag;coherent;coset,exact,1,1,1,1,1,0,0,22
6,0,2,0,0,2,1,1,1,1,1,1,branch;full;flag;coherent;coset,exact,1,1,1,1,1,0,0,22
6,0,2,0,1,1,1,1,1,1,1,1,branch;full;flag;coherent;coset,exact,1,1,1,1,1,0,0,22
6,0,2,0,1,2,1,1,1,1,1,1,branch;full;flag;coherent;coset,exact,1,1,1,1,1,0,0,22
6,1,1,0,0,1,1,1,1,1,1,1,branch;full;flag;coherent;coset,exact,1,1,1,1,1,0,0,10
6,1,1,0,0,2,1,1,1,1,1,1,branch;full;flag;coherent;coset,exact,1,1,1,1,1,0,0,10
6,1,1,0,1,1,1,1,1,1,1,1,branch;full;flag;coherent;coset,exact,1,1,1,1,1,0,0,10
6,1,1,0,1,2,1,1,1,1,1,1,branch;full;flag;coherent;coset,exact,1,1,1,1,1,0,0,10
6,1,2,0,0,1,1,1,1,1,1,1,branch;full;flag;coherent;coset,exact,1,1,1,1,1,0,0,11
6,1,2,0,0,2,1,1,1,1,1,1,branch;full;flag;coherent;coset,exact,1,1,1,1,1,0,0,11
6,1,2,0,1,1,1,1,1,1,1,1,branch;full;flag;coherent;coset,exact,1,1,1,1,1,0,0,11
6,1,2,0,1,2,1,1,1,1,1,1,branch;full;flag;coherent;coset,exact,1,1,1,1,1,0,0,11
6,0,1,1,0,1,1,1,1,1,1,1,branch;full;flag;coherent;coset,exact,1,1,3/4,1,0,0,0,15
6,0,1,1,0,2,1,1,1,1,1,1,branch;full;flag;coherent;coset,exact,1,1,1,1,1,0,0,16
6,0,1,1,1,1,1,1,1,1,1,1,branch;full;flag;coherent;coset,exact,1,1,1,1,1,0,0,12
6,0,1,1,1,2,1,1,1,1,1,1,branch;full;flag;coherent;coset,exact,1,1,1,1,1,0,0,12
6,0,2,1,0,1,1,1,1,1,1,1,branch;full;flag;coherent;coset,exact,1,1,1,1,1,0,0,26
6,0,2,1,0,2,1,1,1,1,1,1,branch;full;flag;coherent;coset,exact,1,1,1,1,1,0,0,26
6,0,2,1,1,1,1,1,1,1,1,1,branch;full;flag;coherent;coset,exact,1,1,1,1,1,0,0,18
6,0,2,1,1,2,1,1,1,1,1,1,branch;full;flag;coherent;coset,exact,1,1,1,1,1,0,0,18
6,1,1,1,0,1,1,1,1,1,1,1,branch;full;flag;coherent;coset,exact,1,1,1,1,1,0,0,10
6,1,1,1,0,2,1,1,1,1,1,1,branch;full;flag;coherent;coset,exact,1,1,1,1,1,0,0,10
6,1,1,1,1,1,1,1,1,1,1,1,branch;full;flag;coherent;coset,exact,1,1,1,1,1,0,0,10
6,1,1,1,1,2,1,1,1,1,1,1,branch;full;flag;coherent;coset,exact,1,1,1,1,1,0,0,10
6,1,2,1,0,1,1,1,1,1,1,1,branch;full;flag;coherent;coset,exact,1,1,1,1,1,0,0,11
6,1,2,1,0,2,1,1,1,1,1,1,branch;full;flag;coherent;coset,exact,1,1,1,1,1,0,0,11
6,1,2,1,1,1,1,1,1,1,1,1,branch;full;flag;coherent;coset,exact,1,1,1,1,1,0,0,11
6,1,2,1,1,2,1,1,1,1,1,1,branch;full;flag;coherent;coset,exact,1,1,1,1,1,0,0,11
6,0,1,2,0,1,1,1,1,1,1,1,branch;full;flag;coherent;coset,exact,1,1,3/4,1,0,0,0,15
6,0,1,2,0,2,1,1,1,1,1,1,branch;full;flag;coherent;coset,exact,1,1,1,1,1,0,0,16
6,0,1,2,1,1,1,1,1,1,1,1,branch;full;flag;coherent;coset,exact,1,1,1,1,1,0,0,12
6,0,1,2,1,2,1,1,1,1,1,1,branch;full;flag;coherent;coset,exact,1,1,1,1,1,0,0,12
6,0,2,2,0,1,1,1,1,1,1,1,branch;full;flag;coherent;coset,exact,1,1,1,1,1,0,0,26
6,0,2,2,0,2,1,1,1,1,1,1,branch;full;flag;coherent;coset,exact,1,1,1,1,1,0,0,26
6,0,2,2,1,1,1,1,1,1,1,1,branch;full;flag;coherent;coset,exact,1,1,1,1,1,0,0,18
6,0,2,2,1,2,1,1,1,1,1,1,branch;full;flag;coherent;coset,exact,1,1,1,1,1,0,0,18
6,1,1,2,0,1,1,1,1,1,1,1,branch;full;flag;coherent;coset,exact,1,1,1,1,1,0,0,10
6,1,1,2,0,2,1,1,1,1,1,1,branch;full;flag;coherent;coset,exact,1,1,1,1,1,0,0,10
6,1,1,2,1,1,1,1,1,1,1,1,branch;full;flag;coherent;coset,exact,1,1,1,1,1,0,0,10
6,1,1,2,1,2,1,1,1,1,1,1,branch;full;flag;coherent;coset,exact,1,1,1,1,1,0,0,10
6,1,2,2,0,1,1,1,1,1,1,1,branch;full;flag;coherent;coset,exact,1,1,1,1,1,0,0,11
6,1,2,2,0,2,1,1,1,1,1,1,branch;full;flag;coherent;coset,exact,1,1,1,1,1,0,0,11
6,1,2,2,1,1,1,1,1,1,1,1,branch;full;flag;coherent;coset,exact,1,1,1,1,1,0,0,11
6,1,2,2,1,2,1,1,1,1,1,1,branch;full;flag;coherent;coset,exact,1,1,1,1,1,0,0,11
6,0,1,3,0,1,1,1,1,1,1,1,branch;full;flag;coherent;coset,exact,1,1,3/4,1,0,0,0,15
6,0,1,3,0,2,1,1,1,1,1,1,branch;full;flag;coherent;coset,exact,1,1,1,1,1,0,0,16
6,0,1,3,1,1,1,1,1,1,1,1,branch;full;flag;coherent;coset,exact,1,1,1,1,1,0,0,12
6,0,1,3,1,2,1,1,1,1,1,1,branch;full;flag;coherent;coset,exact,1,1,1,1,1,0,0,12
6,0,2,3,0,1,1,1,1,1,1,1,branch;full;flag;coherent;coset,exact,1,1,1,1,1,0,0,26
6,0,2,3,0,2,1,1,1,1,1,1,branch;full;flag;coherent;coset,exact,1,1,1,1,1,0,0,26
6,0,2,3,1,1,1,1,1,1,1,1,branch;full;flag;coherent;coset,exact,1,1,1,1,1,0,0,18
6,0,2,3,1,2,1,1,1,1,1,1,branch;full;flag;coherent;coset,exact,1,1,1,1,1,0,0,18
6,1,1,3,0,1,1,1,1,1,1,1,branch;full;flag;coherent;coset,exact,1,1,1,1,1,0,0,10
6,1,1,3,0,2,1,1,1,1,1,1,branch;full;flag;coherent;coset,exact,1,1,1,1,1,0,0,10
6,1,1,3,1,1,1,1,1,1,1,1,branch;full;flag;coherent;coset,exact,1,1,1,1,1,0,0,10
6,1,1,3,1,2,1,1,1,1,1,1,branch;full;flag;coherent;coset,exact,1,1,1,1,1,0,0,10
6,1,2,3,0,1,1,1,1,1,1,1,branch;full;flag;coherent;coset,exact,1,1,1,1,1,0,0,11
6,1,2,3,0,2,1,1,1,1,1,1,branch;full;flag;coherent;coset,exact,1,1,1,1,1,0,0,11
6,1,2,3,1,1,1,1,1,1,1,1,branch;full;flag;coherent;coset,exact,1,1,1,1,1,0,0,11
6,1,2,3,1,2,1,1,1,1,1,1,branch;full;flag;coherent;coset,exact,1,1,1,1,1,0,0,11
6,0,1,4,0,1,1,1,1,1,1,1,branch;full;flag;coherent;coset,exact,1,1,3/4,1,0,0,0,15
6,0,1,4,0,2,1,1,1,1,1,1,branch;full;flag;coherent;coset,exact,1,1,1,1,1,0,0,16
6,0,1,4,1,1,1,1,1,1,1,1,branch;full;flag;coherent;coset,exact,1,1,1,1,1,0,0,12
6,0,1,4,1,2,1,1,1,1,1,1,branch;full;flag;coherent;coset,exact,1,1,1,1,1,0,0,12
6,0,2,4,0,1,1,1,1,1,1,1,branch;full;flag;coherent;coset,exact,1,1,1,1,1,0,0,26
6,0,2,4,0,2,1,1,1,1,1,1,branch;full;flag;coherent;coset,exact,1,1,1,1,1,0,0,26
6,0,2,4,1,1,1,1,1,1,1,1,branch;full;flag;coherent;coset,exact,1,1,1,1,1,0,0,18
6,0,2,4,1,2,1,1,1,1,1,1,branch;full;flag;coherent;coset,exact,1,1,1,1,1,0,0,18
6,1,1,4,0,1,1,1,1,1,1,1,branch;full;flag;coherent;coset,exact,1,1,1,1,1,0,0,10
6,1,1,4,0,2,1,1,1,1,1,1,branch;full;flag;coherent;coset,exact,1,1,1,1,1,0,0,10
6,1,1,4,1,1,1,1,1,1,1,1,branch;full;flag;coherent;coset,exact,1,1,1,1,1,0,0,10
6,1,1,4,1,2,1,1,1,1,1,1,branch;full;flag;coherent;coset,exact,1,1,1,1,1,0,0,10
6,1,2,4,0,1,1,1,1,1,1,1,branch;full;flag;coherent;coset,exact,1,1,1,1,1,0,0,11
6,1,2,4,0,2,1,1,1,1,1,1,branch;full;flag;coherent;coset,exact,1,1,1,1,1,0,0,11
6,1,2,4,1,1,1,1,1,1,1,1,branch;full;flag;coherent;coset,exact,1,1,1,1,1,0,0,11
6,1,2,4,1,2,1,1,1,1,1,1,branch;full;flag;coherent;coset,exact,1,1,1,1,1,0,0,11
6,0,1,5,0,1,1,1,1,1,1,1,branch;full;flag;coherent;coset,exact,1,1,3/4,1,0,0,0,15
6,0,1,5,0,2,1,1,1,1,1,1,branch;full;flag;coherent;coset,exact,1,1,1,1,1,0,0,16
6,0,1,5,1,1,1,1,1,1,1,1,branch;full;flag;coherent;coset,exact,1,1,1,1,1,0,0,12
6,0,1,5,1,2,1,1,1,1,1,1,branch;full;flag;coherent;coset,exact,1,1,1,1,1,0,0,12
6,0,2,5,0,1,1,1,1,1,1,1,branch;full;flag;coherent;coset,exact,1,1,1,1,1,0,0,26
6,0,2,5,0,2,1,1,1,1,1,1,branch;full;flag;coherent;coset,exact,1,1,1,1,1,0,0,26
6,0,2,5,1,1,1,1,1,1,1,1,branch;full;flag;coherent;coset,exact,1,1,1,1,1,0,0,18
6,0,2,5,1,2,1,1,1,1,1,1,branch;full;flag;coherent;coset,exact,1,1,1,1,1,0,0,18
6,1,1,5,0,1,1,1,1,1,1,1,branch;full;flag;coherent;coset,exact,1,1,1,1,1,0,0,10
6,1,1,5,0,2,1,1,1,1,1,1,branch;full;flag;coherent;coset,exact,1,1,1,1,1,0,0,10
6,1,1,5,1,1,1,1,1,1,1,1,branch;full;flag;coherent;coset,exact,1,1,1,1,1,0,0,10
6,1,1,5,1,2,1,1,1,1,1,1,branch;full;flag;coherent;coset,exact,1,1,1,1,1,0,0,10
6,1,2,5,0,1,1,1,1,1,1,1,branch;full;flag;coherent;coset,exact,1,1,1,1,1,0,0,11
6,1,2,5,0,2,1,1,1,1,1,1,branch;full;flag;coherent;coset,exact,1,1,1,1,1,0,0,11
6,1,2,5,1,1,1,1,1,1,1,1,branch;full;flag;coherent;coset,exact,1,1,1,1,1,0,0,11
6,1,2,5,1,2,1,1,1,1,1,1,branch;full;flag;coherent;coset,exact,1,1,1,1,1,0,0,11
6,0,1,6,0,1,1,1,1,1,1,1,branch;full;flag;coherent;coset,exact,1,1,1/2,1,0,0,0,15
6,0,1,6,0,2,1,1,1,1,1,1,branch;full;flag;coherent;coset,exact,1,1,3/4,1,0,0,0,19
6,0,1,6,1,1,1,1,1,1,1,1,branch;full;flag;coherent;coset,exact,1,1,1,1,1,0,0,10
6,0,1,6,1,2,1,1,1,1,1,1,branch;full;flag;coherent;coset,exact,1,1,1,1,1,0,0,10
6,0,2,6,0,1,1,1,1,1,1,1,branch;full;flag;coherent;coset,exact,1,1,3/4,1,0,0,0,25
6,0,2,6,0,2,1,1,1,1,1,1,branch;full;flag;coherent;coset,exact,1,1,1,1,1,0,0,26
6,0,2,6,1,1,1,1,1,1,1,1,branch;full;flag;coherent;coset,exact,1,1,1,1,1,0,0,16
6,0,2,6,1,2,1,1,1,1,1,1,branch;full;flag;coherent;coset,exact,1,1,1,1,1,0,0,16
6,1,1,6,0,1,1,1,1,1,1,1,branch;full;flag;coherent;coset,exact,1,1,1,1,1,0,0,10
6,1,1,6,0,2,1,1,1,1,1,1,branch;full;flag;coherent;coset,exact,1,1,1,1,1,0,0,10
6,1,1,6,1,1,1,1,1,1,1,1,branch;full;flag;coherent;coset,exact,1,1,1,1,1,0,0,10
6,1,1,6,1,2,1,1,1,1,1,1,branch;full;flag;coherent;coset,exact,1,1,1,1,1,0,0,10
6,1,2,6,0,1,1,1,1,1,1,1,branch;full;flag;coherent;coset,exact,1,1,1,1,1,0,0,11
6,1,2,6,0,2,1,1,1,1,1,1,branch;full;flag;coherent;coset,exact,1,1,1,1,1,0,0,11
6,1,2,6,1,1,1,1,1,1,1,1,branch;full;flag;coherent;coset,exact,1,1,1,1,1,0,0,11
6,1,2,6,1,2,1,1,1,1,1,1,branch;full;flag;coherent;coset,exact,1,1,1,1,1,0,0,11
6,0,1,7,0,1,1,1,1,1,1,1,branch;full;flag;coherent;coset,exact,1,1,1/2,1,0,0,0,15
6,0,1,7,0,2,1,1,1,1,1,1,branch;full;flag;coherent;coset,exact,1,1,3/4,1,0,0,0,19
6,0,1,7,1,1,1,1,1,1,1,1,branch;full;flag;coherent;coset,exact,1,1,1,1,1,0,0,10
6,0,1,7,1,2,1,1,1,1,1,1,branch;full;flag;coherent;coset,exact,1,1,1,1,1,0,0,10
6,0,2,7,0,1,1,1,1,1,1,1,branch;full;flag;coherent;coset,exact,1,1,3/4,1,0,0,0,25
6,0,2,7,0,2,1,1,1,1,1,1,branch;full;flag;coherent;coset,exact,1,1,1,1,1,0,0,26
6,0,2,7,1,1,1,1,1,1,1,1,branch;full;flag;coherent;coset,exact,1,1,1,1,1,0,0,16
6,0,2,7,1,2,1,1,1,1,1,1,branch;full;flag;coherent;coset,exact,1,1,1,1,1,0,0,16
6,1,1,7,0,1,1,1,1,1,1,1,branch;full;flag;coherent;coset,exact,1,1,1,1,1,0,0,10
6,1,1,7,0,2,1,1,1,1,1,1,branch;full;flag;coherent;coset,exact,1,1,1,1,1,0,0,10
6,1,1,7,1,1,1,1,1,1,1,1,branch;full;flag;coherent;coset,exact,1,1,1,1,1,0,0,10
6,1,1,7,1,2,1,1,1,1,1,1,branch;full;flag;coherent;coset,exact,1,1,1,1,1,0,0,10
6,1,2,7,0,1,1,1,1,1,1,1,branch;full;flag;coherent;coset,exact,1,1,1,1,1,0,0,11
6,1,2,7,0,2,1,1,1,1,1,1,branch;full;flag;coherent;coset,exact,1,1,1,1,1,0,0,11
6,1,2,7,1,1,1,1,1,1,1,1,branch;full;flag;coherent;coset,exact,1,1,1,1,1,0,0,11
6,1,2,7,1,2,1,1,1,1,1,1,branch;full;flag;coherent;coset,exact,1,1,1,1,1,0,0,11
6,0,1,8,0,1,1,1,1,1,1,1,branch;full;flag;coherent;coset,exact,1,1,3/4,1,0,0,0,15
6,0,1,8,0,2,1,1,1,1,1,1,branch;full;flag;coherent;coset,exact,1,1,1,1,1,0,0,16
6,0,1,8,1,1,1,1,1,1,1,1,branch;full;flag;coherent;coset,exact,1,1,1,1,1,0,0,12
6,0,1,8,1,2,1,1,1,1,1,1,branch;full;flag;coherent;coset,exact,1,1,1,1,1,0,0,12
6,0,2,8,0,1,1,1,1,1,1,1,branch;full;flag;coherent;coset,exact,1,1,1,1,1,0,0,26
6,0,2,8,0,2,1,1,1,1,1,1,branch;full;flag;coherent;coset,exact,1,1,1,1,1,0,0,26
6,0,2,8,1,1,1,1,1,1,1,1,branch;full;flag;coherent;coset,exact,1,1,1,1,1,0,0,18
6,0,2,8,1,2,1,1,1,1,1,1,branch;full;flag;coherent;coset,exact,1,1,1,1,1,0,0,18
6,1,1,8,0,1,1,1,1,1,1,1,branch;full;flag;coherent;coset,exact,1,1,1,1,1,0,0,10
6,1,1,8,0,2,1,1,1,1,1,1,branch;full;flag;coherent;coset,exact,1,1,1,1,1,0,0,10
6,1,1,8,1,1,1,1,1,1,1,1,branch;full;flag;coherent;coset,exact,1,1,1,1,1,0,0,10
6,1,1,8,1,2,1,1,1,1,1,1,branch;full;flag;coherent;coset,exact,1,1,1,1,1,0,0,10
6,1,2,8,0,1,1,1,1,1,1,1,branch;full;flag;coherent;coset,exact,1,1,1,1,1,0,0,11
6,1,2,8,0,2,1,1,1,1,1,1,branch;full;flag;coherent;coset,exact,1,1,1,1,1,0,0,11
6,1,2,8,1,1,1,1,1,1,1,1,branch;full;flag;coherent;coset,exact,1,1,1,1,1,0,0,11
6,1,2,8,1,2,1,1,1,1,1,1,branch;full;flag;coherent;coset,exact,1,1,1,1,1,0,0,11
6,0,1,9,0,1,1,1,1,1,1,1,branch;full;flag;coherent;coset,exact,1,1,1/2,1,0,0,0,15
6,0,1,9,0,2,1,1,1,1,1,1,branch;full;flag;coherent;coset,exact,1,1,3/4,1,0,0,0,19
6,0,1,9,1,1,1,1,1,1,1,1,branch;full;flag;coherent;coset,exact,1,1,1,1,1,0,0,10
6,0,1,9,1,2,1,1,1,1,1,1,branch;full;flag;coherent;coset,exact,1,1,1,1,1,0,0,10
6,0,2,9,0,1,1,1,1,1,1,1,branch;full;flag;coherent;coset,exact,1,1,3/4,1,0,0,0,25
6,0,2,9,0,2,1,1,1,1,1,1,branch;full;flag;coherent;coset,exact,1,1,1,1,1,0,0,26
6,0,2,9,1,1,1,1,1,1,1,1,branch;full;flag;coherent;coset,exact,1,1,1,1,1,0,0,16
6,0,2,9,1,2,1,1,1,1,1,1,branch;full;flag;coherent;coset,exact,1,1,1,1,1,0,0,16
6,1,1,9,0,1,1,1,1,1,1,1,branch;full;flag;coherent;coset,exact,1,1,1,1,1,0,0,10
6,1,1,9,0,2,1,1,1,1,1,1,branch;full;flag;coherent;coset,exact,1,1,1,1,1,0,0,10
6,1,1,9,1,1,1,1,1,1,1,1,branch;full;flag;coherent;coset,exact,1,1,1,1,1,0,0,10
6,1,1,9,1,2,1,1,1,1,1,1,branch;full;flag;coherent;coset,exact,1,1,1,1,1,0,0,10
6,1,2,9,0,1,1,1,1,1,1,1,branch;full;flag;coherent;coset,exact,1,1,1,1,1,0,0,11
6,1,2,9,0,2,1,1,1,1,1,1,branch;full;flag;coherent;coset,exact,1,1,1,1,1,0,0,11
6,1,2,9,1,1,1,1,1,1,1,1,branch;full;flag;coherent;coset,exact,1,1,1,1,1,0,0,11
6,1,2,9,1,2,1,1,1,1,1,1,branch;full;flag;coherent;coset,exact,1,1,1,1,1,0,0,11
6,0,1,10,0,1,1,1,1,1,1,1,branch;full;flag;coherent;coset,exact,1,1,3/4,1,0,0,0,15
6,0,1,10,0,2,1,1,1,1,1,1,branch;full;flag;coherent;coset,exact,1,1,1,1,1,0,0,16
6,0,1,10,1,1,1,1,1,1,1,1,branch;full;flag;coherent;coset,exact,1,1,1,1,1,0,0,12
6,0,1,10,1,2,1,1,1,1,1,1,branch;full;flag;coherent;coset,exact,1,1,1,1,1,0,0,12
6,0,2,10,0,1,1,1,1,1,1,1,branch;full;flag;coherent;coset,exact,1,1,1,1,1,0,0,26
6,0,2,10,0,2,1,1,1,1,1,1,branch;full;flag;coherent;coset,exact,1,1,1,1,1,0,0,26
6,0,2,10,1,1,1,1,1,1,1,1,branch;full;flag;coherent;coset,exact,1,1,1,1,1,0,0,18
6,0,2,10,1,2,1,1,1,1,1,1,branch;full;flag;coherent;coset,exact,1,1,1,1,1,0,0,18
6,1,1,10,0,1,1,1,1,1,1,1,branch;full;flag;coherent;coset,exact,1,1,1,1,1,0,0,10
6,1,1,10,0,2,1,1,1,1,1,1,branch;full;flag;coherent;coset,exact,1,1,1,1,1,0,0,10
6,1,1,10,1,1,1,1,1,1,1,1,branch;full;flag;coherent;coset,exact,1,1,1,1,1,0,0,10
6,1,1,10,1,2,1,1,1,1,1,1,branch;full;flag;coherent;coset,exact,1,1,1,1,1,0,0,10
6,1,2,10,0,1,1,1,1,1,1,1,branch;full;flag;coherent;coset,exact,1,1,1,1,1,0,0,11
6,1,2,10,0,2,1,1,1,1,1,1,branch;full;flag;coherent;coset,exact,1,1,1,1,1,0,0,11
6,1,2,10,1,1,1,1,1,1,1,1,branch;full;flag;coherent;coset,exact,1,1,1,1,1,0,0,11
6,1,2,10,1,2,1,1,1,1,1,1,branch;full;flag;coherent;coset,exact,1,1,1,1,1,0,0,11
6,0,1,11,0,1,1,1,1,1,1,1,branch;full;flag;coherent;coset,exact,1,1,1/2,1,0,0,0,15
6,0,1,11,0,2,1,1,1,1,1,1,branch;full;flag;coherent;coset,exact,1,1,3/4,1,0,0,0,19
6,0,1,11,1,1,1,1,1,1,1,1,branch;full;flag;coherent;coset,exact,1,1,1,1,1,0,0,10
6,0,1,11,1,2,1,1,1,1,1,1,branch;full;flag;coherent;coset,exact,1,1,1,1,1,0,0,10
6,0,2,11,0,1,1,1,1,1,1,1,branch;full;flag;coherent;coset,exact,1,1,3/4,1,0,0,0,25
6,0,2,11,0,2,1,1,1,1,1,1,branch;full;flag;coherent;coset,exact,1,1,1,1,1,0,0,26
6,0,2,11,1,1,1,1,1,1,1,1,branch;full;flag;coherent;coset,exact,1,1,1,1,1,0,0,16
6,0,2,11,1,2,1,1,1,1,1,1,branch;full;flag;coherent;coset,exact,1,1,1,1,1,0,0,16
6,1,1,11,0,1,1,1,1,1,1,1,branch;full;flag;coherent;coset,exact,1,1,1,1,1,0,0,10
6,1,1,11,0,2,1,1,1,1,1,1,branch;full;flag;coherent;coset,exact,1,1,1,1,1,0,0,10
6,1,1,11,1,1,1,1,1,1,1,1,branch;full;flag;coherent;coset,exact,1,1,1,1,1,0,0,10
6,1,1,11,1,2,1,1,1,1,1,1,branch;full;flag;coherent;coset,exact,1,1,1,1,1,0,0,10
6,1,2,11,0,1,1,1,1,1,1,1,branch;full;flag;coherent;coset,exact,1,1,1,1,1,0,0,11
6,1,2,11,0,2,1,1,1,1,1,1,branch;full;flag;coherent;coset,exact,1,1,1,1,1,0,0,11
6,1,2,11,1,1,1,1,1,1,1,1,branch;full;flag;coherent;coset,exact,1,1,1,1,1,0,0,11
6,1,2,11,1,2,1,1,1,1,1,1,branch;full;flag;coherent;coset,exact,1,1,1,1,1,0,0,11
6,0,1,12,0,1,1,1,1,1,1,1,branch;full;flag;coherent;coset,exact,1,1,3/4,1,0,0,0,15
6,0,1,12,0,2,1,1,1,1,1,1,branch;full;flag;coherent;coset,exact,1,1,1,1,1,0,0,16
6,0,1,12,1,1,1,1,1,1,1,1,branch;full;flag;coherent;coset,exact,1,1,1,1,1,0,0,12
6,0,1,12,1,2,1,1,1,1,1,1,branch;full;flag;coherent;coset,exact,1,1,1,1,1,0,0,12
6,0,2,12,0,1,1,1,1,1,1,1,branch;full;flag;coherent;coset,exact,1,1,1,1,1,0,0,26
6,0,2,12,0,2,1,1,1,1,1,1,branch;full;flag;coherent;coset,exact,1,1,1,1,1,0,0,26
6,0,2,12,1,1,1,1,1,1,1,1,branch;full;flag;coherent;coset,exact,1,1,1,1,1,0,0,18
6,0,2,12,1,2,1,1,1,1,1,1,branch;full;flag;coherent;coset,exact,1,1,1,1,1,0,0,18
6,1,1,12,0,1,1,1,1,1,1,1,branch;full;flag;coherent;coset,exact,1,1,1,1,1,0,0,10
6,1,1,12,0,2,1,1,1,1,1,1,branch;full;flag;coherent;coset,exact,1,1,1,1,1,0,0,10
6,1,1,12,1,1,1,1,1,1,1,1,branch;full;flag;coherent;coset,exact,1,1,1,1,1,0,0,10
6,1,1,12,1,2,1,1,1,1,1,1,branch;full;flag;coherent;coset,exact,1,1,1,1,1,0,0,10
6,1,2,12,0,1,1,1,1,1,1,1,branch;full;flag;coherent;coset,exact,1,1,1,1,1,0,0,11
6,1,2,12,0,2,1,1,1,1,1,1,branch;full;flag;coherent;coset,exact,1,1,1,1,1,0,0,11
6,1,2,12,1,1,1,1,1,1,1,1,branch;full;flag;coherent;coset,exact,1,1,1,1,1,0,0,11
6,1,2,12,1,2,1,1,1,1,1,1,branch;full;flag;coherent;coset,exact,1,1,1,1,1,0,0,11
6,0,1,13,0,1,1,1,1,1,1,1,branch;full;flag;coherent;coset,exact,1,1,1/2,1,0,0,0,15
6,0,1,13,0,2,1,1,1,1,1,1,branch;full;flag;coherent;coset,exact,1,1,3/4,1,0,0,0,19
6,0,1,13,1,1,1,1,1,1,1,1,branch;full;flag;coherent;coset,exact,1,1,1,1,1,0,0,10
6,0,1,13,1,2,1,1,1,1,1,1,branch;full;flag;coherent;coset,exact,1,1,1,1,1,0,0,10
6,0,2,13,0,1,1,1,1,1,1,1,branch;full;flag;coherent;coset,exact,1,1,3/4,1,0,0,0,25
6,0,2,13,0,2,1,1,1,1,1,1,branch;full;flag;coherent;coset,exact,1,1,1,1,1,0,0,26
6,0,2,13,1,1,1,1,1,1,1,1,branch;full;flag;coherent;coset,exact,1,1,1,1,1,0,0,16
6,0,2,13,1,2,1,1,1,1,1,1,branch;full;flag;coherent;coset,exact,1,1,1,1,1,0,0,16
6,1,1,13,0,1,1,1,1,1,1,1,branch;full;flag;coherent;coset,exact,1,1,1,1,1,0,0,10
6,1,1,13,0,2,1,1,1,1,1,1,branch;full;flag;coherent;coset,exact,1,1,1,1,1,0,0,10
6,1,1,13,1,1,1,1,1,1,1,1,branch;full;flag;coherent;coset,exact,1,1,1,1,1,0,0,10
6,1,1,13,1,2,1,1,1,1,1,1,branch;full;flag;coherent;coset,exact,1,1,1,1,1,0,0,10
6,1,2,13,0,1,1,1,1,1,1,1,branch;full;flag;coherent;coset,exact,1,1,1,1,1,0,0,11
6,1,2,13,0,2,1,1,1,1,1,1,branch;full;flag;coherent;coset,exact,1,1,1,1,1,0,0,11
6,1,2,13,1,1,1,1,1,1,1,1,branch;full;flag;coherent;coset,exact,1,1,1,1,1,0,0,11
6,1,2,13,1,2,1,1,1,1,1,1,branch;full;flag;coherent;coset,exact,1,1,1,1,1,0,0,11
6,0,1,14,0,1,1,1,1,1,1,1,branch;full;flag;coherent;coset,exact,1,1,1/2,1,0,0,0,15
6,0,1,14,0,2,1,1,1,1,1,1,branch;full;flag;coherent;coset,exact,1,1,3/4,1,0,0,0,19
6,0,1,14,1,1,1,1,1,1,1,1,branch;full;flag;coherent;coset,exact,1,1,1,1,1,0,0,10
6,0,1,14,1,2,1,1,1,1,1,1,branch;full;flag;coherent;coset,exact,1,1,1,1,1,0,0,10
6,0,2,14,0,1,1,1,1,1,1,1,branch;full;flag;coherent;coset,exact,1,1,3/4,1,0,0,0,25
6,0,2,14,0,2,1,1,1,1,1,1,branch;full;flag;coherent;coset,exact,1,1,1,1,1,0,0,26
6,0,2,14,1,1,1,1,1,1,1,1,branch;full;flag;coherent;coset,exact,1,1,1,1,1,0,0,16
6,0,2,14,1,2,1,1,1,1,1,1,branch;full;flag;coherent;coset,exact,1,1,1,1,1,0,0,16
6,1,1,14,0,1,1,1,1,1,1,1,branch;full;flag;coherent;coset,exact,1,1,1,1,1,0,0,10
6,1,1,14,0,2,1,1,1,1,1,1,branch;full;flag;coherent;coset,exact,1,1,1,1,1,0,0,10
6,1,1,14,1,1,1,1,1,1,1,1,branch;full;flag;coherent;coset,exact,1,1,1,1,1,0,0,10
6,1,1,14,1,2,1,1,1,1,1,1,branch;full;flag;coherent;coset,exact,1,1,1,1,1,0,0,10
6,1,2,14,0,1,1,1,1,1,1,1,branch;full;flag;coherent;coset,exact,1,1,1,1,1,0,0,11
6,1,2,14,0,2,1,1,1,1,1,1,branch;full;flag;coherent;coset,exact,1,1,1,1,1,0,0,11
6,1,2,14,1,1,1,1,1,1,1,1,branch;full;flag;coherent;coset,exact,1,1,1,1,1,0,0,11
6,1,2,14,1,2,1,1,1,1,1,1,branch;full;flag;coherent;coset,exact,1,1,1,1,1,0,0,11
6,0,1,15,0,1,1,1,1,1,1,1,branch;full;flag;coherent;coset,exact,1,1,3/4,1,0,0,0,15
6,0,1,15,0,2,1,1,1,1,1,1,branch;full;flag;coherent;coset,exact,1,1,1,1,1,0,0,16
6,0,1,15,1,1,1,1,1,1,1,1,branch;full;flag;coherent;coset,exact,1,1,1,1,1,0,0,12
6,0,1,15,1,2,1,1,1,1,1,1,branch;full;flag;coherent;coset,exact,1,1,1,1,1,0,0,12
6,0,2,15,0,1,1,1,1,1,1,1,branch;full;flag;coherent;coset,exact,1,1,1,1,1,0,0,26
6,0,2,15,0,2,1,1,1,1,1,1,branch;full;flag;coherent;coset,exact,1,1,1,1,1,0,0,26
6,0,2,15,1,1,1,1,1,1,1,1,branch;full;flag;coherent;coset,exact,1,1,1,1,1,0,0,18
6,0,2,15,1,2,1,1,1,1,1,1,branch;full;flag;coherent;coset,exact,1,1,1,1,1,0,0,18
6,1,1,15,0,1,1,1,1,1,1,1,branch;full;flag;coherent;coset,exact,1,1,1,1,1,0,0,10
6,1,1,15,0,2,1,1,1,1,1,1,branch;full;flag;coherent;coset,exact,1,1,1,1,1,0,0,10
6,1,1,15,1,1,1,1,1,1,1,1,branch;full;flag;coherent;coset,exact,1,1,1,1,1,0,0,10
6,1,1,15,1,2,1,1,1,1,1,1,branch;full;flag;coherent;coset,exact,1,1,1,1,1,0,0,10
6,1,2,15,0,1,1,1,1,1,1,1,branch;full;flag;coherent;coset,exact,1,1,1,1,1,0,0,11
6,1,2,15,0,2,1,1,1,1,1,1,branch;full;flag;coherent;coset,exact,1,1,1,1,1,0,0,11
6,1,2,15,1,1,1,1,1,1,1,1,branch;full;flag;coherent;coset,exact,1,1,1,1,1,0,0,11
6,1,2,15,1,2,1,1,1,1,1,1,branch;full;flag;coherent;coset,exact,1,1,1,1,1,0,0,11
7,0,1,0,0,1,1,1,1,1,1,1,branch;full;flag;coherent;coset,exact,1,1,1,1,1,0,0,10
7,0,1,0,0,2,1,1,1,1,1,1,branch;full;flag;coherent;coset,exact,1,1,1,1,1,0,0,10
7,0,1,0,1,1,1,1,1,1,1,1,branch;full;flag;coherent;coset,exact,1,1,1,1,1,0,0,10
7,0,1,0,1,2,1,1,1,1,1,1,branch;full;flag;coherent;coset,exact,1,1,1,1,1,0,0,10
7,0,2,0,0,1,1,1,1,1,1,1,branch;full;flag;coherent;coset,exact,1,1,1,1,1,0,0,22
7,0,2,0,0,2,1,1,1,1,1,1,branch;full;flag;coherent;coset,exact,1,1,1,1,1,0,0,22
7,0,2,0,1,1,1,1,1,1,1,1,branch;full;flag;coherent;coset,exact,1,1,1,1,1,0,0,22
7,0,2,0,1,2,1,1,1,1,1,1,branch;full;flag;coherent;coset,exact,1,1,1,1,1,0,0,22
7,1,1,0,0,1,1,1,1,1,1,1,branch;full;flag;coherent;coset,exact,1,1,1,1,1,0,0,10
7,1,1,0,0,2,1,1,1,1,1,1,branch;full;flag;coherent;coset,exact,1,1,1,1,1,0,0,10
7,1,1,0,1,1,1,1,1,1,1,1,branch;full;flag;coherent;coset,exact,1,1,1,1,1,0,0,10
7,1,1,0,1,2,1,1,1,1,1,1,branch;full;flag;coherent;coset,exact,1,1,1,1,1,0,0,10
7,1,2,0,0,1,1,1,1,1,1,1,branch;full;flag;coherent;coset,exact,1,1,1,1,1,0,0,11
7,1,2,0,0,2,1,1,1,1,1,1,branch;full;flag;coherent;coset,exact,1,1,1,1,1,0,0,11
7,1,2,0,1,1,1,1,1,1,1,1,branch;full;flag;coherent;coset,exact,1,1,1,1,1,0,0,11
7,1,2,0,1,2,1,1,1,1,1,1,branch;full;flag;coherent;coset,exact,1,1,1,1,1,0,0,11
7,0,1,1,0,1,1,1,1,1,1,1,branch;full;flag;coherent;coset,exact,1,1,3/4,1,0,0,0,15
7,0,1,1,0,2,1,1,1,1,1,1,branch;full;flag;coherent;coset,exact,1,1,1,1,1,0,0,16
7,0,1,1,1,1,1,1,1,1,1,1,branch;full;flag;coherent;coset,exact,1,1,1,1,1,0,0,12
7,0,1,1,1,2,1,1,1,1,1,1,branch;full;flag;coherent;coset,exact,1,1,1,1,1,0,0,12
7,0,2,1,0,1,1,1,1,1,1,1,branch;full;flag;coherent;coset,exact,1,1,1,1,1,0,0,26
7,0,2,1,0,2,1,1,1,1,1,1,branch;full;flag;coherent;coset,exact,1,1,1,1,1,0,0,26
7,0,2,1,1,1,1,1,1,1,1,1,branch;full;flag;coherent;coset,exact,1,1,1,1,1,0,0,18
7,0,2,1,1,2,1,1,1,1,1,1,branch;full;flag;coherent;coset,exact,1,1,1,1,1,0,0,18
7,1,1,1,0,1,1,1,1,1,1,1,branch;full;flag;coherent;coset,exact,1,1,1,1,1,0,0,10
7,1,1,1,0,2,1,1,1,1,1,1,branch;full;flag;coherent;coset,exact,1,1,1,1,1,0,0,10
7,1,1,1,1,1,1,1,1,1,1,1,branch;full;flag;coherent;coset,exact,1,1,1,1,1,0,0,10
7,1,1,1,1,2,1,1,1,1,1,1,branch;full;flag;coherent;coset,exact,1,1,1,1,1,0,0,10
7,1,2,1,0,1,1,1,1,1,1,1,branch;full;flag;coherent;coset,exact,1,1,1,1,1,0,0,11
7,1,2,1,0,2,1,1,1,1,1,1,branch;full;flag;coherent;coset,exact,1,1,1,1,1,0,0,11
7,1,2,1,1,1,1,1,1,1,1,1,branch;full;flag;coherent;coset,exact,1,1,1,1,1,0,0,11
7,1,2,1,1,2,1,1,1,1,1,1,branch;full;flag;coherent;coset,exact,1,1,1,1,1,0,0,11
7,0,1,2,0,1,1,1,1,1,1,1,branch;full;flag;coherent;coset,exact,1,1,3/4,1,0,0,0,15
7,0,1,2,0,2,1,1,1,1,1,1,branch;full;flag;coherent;coset,exact,1,1,1,1,1,0,0,16
7,0,1,2,1,1,1,1,1,1,1,1,branch;full;flag;coherent;coset,exact,1,1,1,1,1,0,0,12
7,0,1,2,1,2,1,1,1,1,1,1,branch;full;flag;coherent;coset,exact,1,1,1,1,1,0,0,12
7,0,2,2,0,1,1,1,1,1,1,1,branch;full;flag;coherent;coset,exact,1,1,1,1,1,0,0,26
7,0,2,2,0,2,1,1,1,1,1,1,branch;full;flag;coherent;coset,exact,1,1,1,1,1,0,0,26
7,0,2,2,1,1,1,1,1,1,1,1,branch;full;flag;coherent;coset,exact,1,1,1,1,1,0,0,18
7,0,2,2,1,2,1,1,1,1,1,1,branch;full;flag;coherent;coset,exact,1,1,1,1,1,0,0,18
7,1,1,2,0,1,1,1,1,1,1,1,branch;full;flag;coherent;coset,exact,1,1,1,1,1,0,0,10
7,1,1,2,0,2,1,1,1,1,1,1,branch;full;flag;coherent;coset,exact,1,1,1,1,1,0,0,10
7,1,1,2,1,1,1,1,1,1,1,1,branch;full;flag;coherent;coset,exact,1,1,1,1,1,0,0,10
7,1,1,2,1,2,1,1,1,1,1,1,branch;full;flag;coherent;coset,exact,1,1,1,1,1,0,0,10
7,1,2,2,0,1,1,1,1,1,1,1,branch;full;flag;coherent;coset,exact,1,1,1,1,1,0,0,11
7,1,2,2,0,2,1,1,1,1,1,1,branch;full;flag;coherent;coset,exact,1,1,1,1,1,0,0,11
7,1,2,2,1,1,1,1,1,1,1,1,branch;full;flag;coherent;coset,exact,1,1,1,1,1,0,0,11
7,1,2,2,1,2,1,1,1,1,1,1,branch;full;flag;coherent;coset,exact,1,1,1,1,1,0,0,11
7,0,1,3,0,1,1,1,1,1,1,1,branch;full;flag;coherent;coset,exact,1,1,3/4,1,0,0,0,15
7,0,1,3,0,2,1,1,1,1,1,1,branch;full;flag;coherent;coset,exact,1,1,1,1,1,0,0,16
7,0,1,3,1,1,1,1,1,1,1,1,branch;full;flag;coherent;coset,exact,1,1,1,1,1,0,0,12
7,0,1,3,1,2,1,1,1,1,1,1,branch;full;flag;coherent;coset,exact,1,1,1,1,1,0,0,12
7,0,2,3,0,1,1,1,1,1,1,1,branch;full;flag;coherent;coset,exact,1,1,1,1,1,0,0,26
7,0,2,3,0,2,1,1,1,1,1,1,branch;full;flag;coherent;coset,exact,1,1,1,1,1,0,0,26
7,0,2,3,1,1,1,1,1,1,1,1,branch;full;flag;coherent;coset,exact,1,1,1,1,1,0,0,18
7,0,2,3,1,2,1,1,1,1,1,1,branch;full;flag;coherent;coset,exact,1,1,1,1,1,0,0,18
7,1,1,3,0,1,1,1,1,1,1,1,branch;full;flag;coherent;coset,exact,1,1,1,1,1,0,0,10
7,1,1,3,0,2,1,1,1,1,1,1,branch;full;flag;coherent;coset,exact,1,1,1,1,1,0,0,10
7,1,1,3,1,1,1,1,1,1,1,1,branch;full;flag;coherent;coset,exact,1,1,1,1,1,0,0,10
7,1,1,3,1,2,1,1,1,1,1,1,branch;full;flag;coherent;coset,exact,1,1,1,1,1,0,0,10
7,1,2,3,0,1,1,1,1,1,1,1,branch;full;flag;coherent;coset,exact,1,1,1,1,1,0,0,11
7,1,2,3,0,2,1,1,1,1,1,1,branch;full;flag;coherent;coset,exact,1,1,1,1,1,0,0,11
7,1,2,3,1,1,1,1,1,1,1,1,branch;full;flag;coherent;coset,exact,1,1,1,1,1,0,0,11
7,1,2,3,1,2,1,1,1,1,1,1,branch;full;flag;coherent;coset,exact,1,1,1,1,1,0,0,11
7,0,1,4,0,1,1,1,1,1,1,1,branch;full;flag;coherent;coset,exact,1,1,3/4,1,0,0,0,15
7,0,1,4,0,2,1,1,1,1,1,1,branch;full;flag;coherent;coset,exact,1,1,1,1,1,0,0,16
7,0,1,4,1,1,1,1,1,1,1,1,branch;full;flag;coherent;coset,exact,1,1,1,1,1,0,0,12
7,0,1,4,1,2,1,1,1,1,1,1,branch;full;flag;coherent;coset,exact,1,1,1,1,1,0,0,12
7,0,2,4,0,1,1,1,1,1,1,1,branch;full;flag;coherent;coset,exact,1,1,1,1,1,0,0,26
7,0,2,4,0,2,1,1,1,1,1,1,branch;full;flag;coherent;coset,exact,1,1,1,1,1,0,0,26
7,0,2,4,1,1,1,1,1,1,1,1,branch;full;flag;coherent;coset,exact,1,1,1,1,1,0,0,18
7,0,2,4,1,2,1,1,1,1,1,1,branch;full;flag;coherent;coset,exact,1,1,1,1,1,0,0,18
7,1,1,4,0,1,1,1,1,1,1,1,branch;full;flag;coherent;coset,exact,1,1,1,1,1,0,0,10
7,1,1,4,0,2,1,1,1,1,1,1,branch;full;flag;coherent;coset,exact,1,1,1,1,1,0,0,10
7,1,1,4,1,1,1,1,1,1,1,1,branch;full;flag;coherent;coset,exact,1,1,1,1,1,0,0,10
7,1,1,4,1,2,1,1,1,1,1,1,branch;full;flag;coherent;coset,exact,1,1,1,1,1,0,0,10
7,1,2,4,0,1,1,1,1,1,1,1,branch;full;flag;coherent;coset,exact,1,1,1,1,1,0,0,11
7,1,2,4,0,2,1,1,1,1,1,1,branch;full;flag;coherent;coset,exact,1,1,1,1,1,0,0,11
7,1,2,4,1,1,1,1,1,1,1,1,branch;full;flag;coherent;coset,exact,1,1,1,1,1,0,0,11
7,1,2,4,1,2,1,1,1,1,1,1,branch;full;flag;coherent;coset,exact,1,1,1,1,1,0,0,11
7,0,1,5,0,1,1,1,1,1,1,1,branch;full;flag;coherent;coset,exact,1,1,3/4,1,0,0,0,15
7,0,1,5,0,2,1,1,1,1,1,1,branch;full;flag;coherent;coset,exact,1,1,1,1,1,0,0,16
7,0,1,5,1,1,1,1,1,1,1,1,branch;full;flag;coherent;coset,exact,1,1,1,1,1,0,0,12
7,0,1,5,1,2,1,1,1,1,1,1,branch;full;flag;coherent;coset,exact,1,1,1,1,1,0,0,12
7,0,2,5,0,1,1,1,1,1,1,1,branch;full;flag;coherent;coset,exact,1,1,1,1,1,0,0,26
7,0,2,5,0,2,1,1,1,1,1,1,branch;full;flag;coherent;coset,exact,1,1,1,1,1,0,0,26
7,0,2,5,1,1,1,1,1,1,1,1,branch;full;flag;coherent;coset,exact,1,1,1,1,1,0,0,18
7,0,2,5,1,2,1,1,1,1,1,1,branch;full;flag;coherent;coset,exact,1,1,1,1,1,0,0,18
7,1,1,5,0,1,1,1,1,1,1,1,branch;full;flag;coherent;coset,exact,1,1,1,1,1,0,0,10
7,1,1,5,0,2,1,1,1,1,1,1,branch;full;flag;coherent;coset,exact,1,1,1,1,1,0,0,10
7,1,1,5,1,1,1,1,1,1,1,1,branch;full;flag;coherent;coset,exact,1,1,1,1,1,0,0,10
7,1,1,5,1,2,1,1,1,1,1,1,branch;full;flag;coherent;coset,exact,1,1,1,1,1,0,0,10
7,1,2,5,0,1,1,1,1,1,1,1,branch;full;flag;coherent;coset,exact,1,1,1,1,1,0,0,11
7,1,2,5,0,2,1,1,1,1,1,1,branch;full;flag;coherent;coset,exact,1,1,1,1,1,0,0,11
7,1,2,5,1,1,1,1,1,1,1,1,branch;full;flag;coherent;coset,exact,1,1,1,1,1,0,0,11
7,1,2,5,1,2,1,1,1,1,1,1,branch;full;flag;coherent;coset,exact,1,1,1,1,1,0,0,11
7,0,1,6,0,1,1,1,1,1,1,1,branch;full;flag;coherent;coset,exact,1,1,1/2,1,0,0,0,15
7,0,1,6,0,2,1,1,1,1,1,1,branch;full;flag;coherent;coset,exact,1,1,3/4,1,0,0,0,19
7,0,1,6,1,1,1,1,1,1,1,1,branch;full;flag;coherent;coset,exact,1,1,1,1,1,0,0,10
7,0,1,6,1,2,1,1,1,1,1,1,branch;full;flag;coherent;coset,exact,1,1,1,1,1,0,0,10
7,0,2,6,0,1,1,1,1,1,1,1,branch;full;flag;coherent;coset,exact,1,1,3/4,1,0,0,0,25
7,0,2,6,0,2,1,1,1,1,1,1,branch;full;flag;coherent;coset,exact,1,1,1,1,1,0,0,26
7,0,2,6,1,1,1,1,1,1,1,1,branch;full;flag;coherent;coset,exact,1,1,1,1,1,0,0,16
7,0,2,6,1,2,1,1,1,1,1,1,branch;full;flag;coherent;coset,exact,1,1,1,1,1,0,0,16
7,1,1,6,0,1,1,1,1,1,1,1,branch;full;flag;coherent;coset,exact,1,1,1,1,1,0,0,10
7,1,1,6,0,2,1,1,1,1,1,1,branch;full;flag;coherent;coset,exact,1,1,1,1,1,0,0,10
7,1,1,6,1,1,1,1,1,1,1,1,branch;full;flag;coherent;coset,exact,1,1,1,1,1,0,0,10
7,1,1,6,1,2,1,1,1,1,1,1,branch;full;flag;coherent;coset,exact,1,1,1,1,1,0,0,10
7,1,2,6,0,1,1,1,1,1,1,1,branch;full;flag;coherent;coset,exact,1,1,1,1,1,0,0,11
7,1,2,6,0,2,1,1,1,1,1,1,branch;full;flag;coherent;coset,exact,1,1,1,1,1,0,0,11
7,1,2,6,1,1,1,1,1,1,1,1,branch;full;flag;coherent;coset,exact,1,1,1,1,1,0,0,11
7,1,2,6,1,2,1,1,1,1,1,1,branch;full;flag;coherent;coset,exact,1,1,1,1,1,0,0,11
7,0,1,7,0,1,1,1,1,1,1,1,branch;full;flag;coherent;coset,exact,1,1,1/2,1,0,0,0,15
7,0,1,7,0,2,1,1,1,1,1,1,branch;full;flag;coherent;coset,exact,1,1,3/4,1,0,0,0,19
7,0,1,7,1,1,1,1,1,1,1,1,branch;full;flag;coherent;coset,exact,1,1,1,1,1,0,0,10
7,0,1,7,1,2,1,1,1,1,1,1,branch;full;flag;coherent;coset,exact,1,1,1,1,1,0,0,10
7,0,2,7,0,1,1,1,1,1,1,1,branch;full;flag;coherent;coset,exact,1,1,3/4,1,0,0,0,25
7,0,2,7,0,2,1,1,1,1,1,1,branch;full;flag;coherent;coset,exact,1,1,1,1,1,0,0,26
7,0,2,7,1,1,1,1,1,1,1,1,branch;full;flag;coherent;coset,exact,1,1,1,1,1,0,0,16
7,0,2,7,1,2,1,1,1,1,1,1,branch;full;flag;coherent;coset,exact,1,1,1,1,1,0,0,16
7,1,1,7,0,1,1,1,1,1,1,1,branch;full;flag;coherent;coset,exact,1,1,1,1,1,0,0,10
7,1,1,7,0,2,1,1,1,1,1,1,branch;full;flag;coherent;coset,exact,1,1,1,1,1,0,0,10
7,1,1,7,1,1,1,1,1,1,1,1,branch;full;flag;coherent;coset,exact,1,1,1,1,1,0,0,10
7,1,1,7,1,2,1,1,1,1,1,1,branch;full;flag;coherent;coset,exact,1,1,1,1,1,0,0,10
7,1,2,7,0,1,1,1,1,1,1,1,branch;full;flag;coherent;coset,exact,1,1,1,1,1,0,0,11
7,1,2,7,0,2,1,1,1,1,1,1,branch;full;flag;coherent;coset,exact,1,1,1,1,1,0,0,11
7,1,2,7,1,1,1,1,1,1,1,1,branch;full;flag;coherent;coset,exact,1,1,1,1,1,0,0,11
7,1,2,7,1,2,1,1,1,1,1,1,branch;full;flag;coherent;coset,exact,1,1,1,1,1,0,0,11
7,0,1,8,0,1,1,1,1,1,1,1,branch;full;flag;coherent;coset,exact,1,1,3/4,1,0,0,0,15
7,0,1,8,0,2,1,1,1,1,1,1,branch;full;flag;coherent;coset,exact,1,1,1,1,1,0,0,16
7,0,1,8,1,1,1,1,1,1,1,1,branch;full;flag;coherent;coset,exact,1,1,1,1,1,0,0,12
7,0,1,8,1,2,1,1,1,1,1,1,branch;full;flag;coherent;coset,exact,1,1,1,1,1,0,0,12
7,0,2,8,0,1,1,1,1,1,1,1,branch;full;flag;coherent;coset,exact,1,1,1,1,1,0,0,26
7,0,2,8,0,2,1,1,1,1,1,1,branch;full;flag;coherent;coset,exact,1,1,1,1,1,0,0,26
7,0,2,8,1,1,1,1,1,1,1,1,branch;full;flag;coherent;coset,exact,1,1,1,1,1,0,0,18
7,0,2,8,1,2,1,1,1,1,1,1,branch;full;flag;coherent;coset,exact,1,1,1,1,1,0,0,18
7,1,1,8,0,1,1,1,1,1,1,1,branch;full;flag;coherent;coset,exact,1,1,1,1,1,0,0,10
7,1,1,8,0,2,1,1,1,1,1,1,branch;full;flag;coherent;coset,exact,1,1,1,1,1,0,0,10
7,1,1,8,1,1,1,1,1,1,1,1,branch;full;flag;coherent;coset,exact,1,1,1,1,1,0,0,10
7,1,1,8,1,2,1,1,1,1,1,1,branch;full;flag;coherent;coset,exact,1,1,1,1,1,0,0,10
7,1,2,8,0,1,1,1,1,1,1,1,branch;full;flag;coherent;coset,exact,1,1,1,1,1,0,0,11
7,1,2,8,0,2,1,1,1,1,1,1,branch;full;flag;coherent;coset,exact,1,1,1,1,1,0,0,11
7,1,2,8,1,1,1,1,1,1,1,1,branch;full;flag;coherent;coset,exact,1,1,1,1,1,0,0,11
7,1,2,8,1,2,1,1,1,1,1,1,branch;full;flag;coherent;coset,exact,1,1,1,1,1,0,0,11
7,0,1,9,0,1,1,1,1,1,1,1,branch;full;flag;coherent;coset,exact,1,1,1/2,1,0,0,0,15
7,0,1,9,0,2,1,1,1,1,1,1,branch;full;flag;coherent;coset,exact,1,1,3/4,1,0,0,0,19
7,0,1,9,1,1,1,1,1,1,1,1,branch;full;flag;coherent;coset,exact,1,1,1,1,1,0,0,10
7,0,1,9,1,2,1,1,1,1,1,1,branch;full;flag;coherent;coset,exact,1,1,1,1,1,0,0,10
7,0,2,9,0,1,1,1,1,1,1,1,branch;full;flag;coherent;coset,exact,1,1,3/4,1,0,0,0,25
7,0,2,9,0,2,1,1,1,1,1,1,branch;full;flag;coherent;coset,exact,1,1,1,1,1,0,0,26
7,0,2,9,1,1,1,1,1,1,1,1,branch;full;flag;coherent;coset,exact,1,1,1,1,1,0,0,16
7,0,2,9,1,2,1,1,1,1,1,1,branch;full;flag;coherent;coset,exact,1,1,1,1,1,0,0,16
7,1,1,9,0,1,1,1,1,1,1,1,branch;full;flag;coherent;coset,exact,1,1,1,1,1,0,0,10
7,1,1,9,0,2,1,1,1,1,1,1,branch;full;flag;coherent;coset,exact,1,1,1,1,1,0,0,10
7,1,1,9,1,1,1,1,1,1,1,1,branch;full;flag;coherent;coset,exact,1,1,1,1,1,0,0,10
7,1,1,9,1,2,1,1,1,1,1,1,branch;full;flag;coherent;coset,exact,1,1,1,1,1,0,0,10
7,1,2,9,0,1,1,1,1,1,1,1,branch;full;flag;coherent;coset,exact,1,1,1,1,1,0,0,11
7,1,2,9,0,2,1,1,1,1,1,1,branch;full;flag;coherent;coset,exact,1,1,1,1,1,0,0,11
7,1,2,9,1,1,1,1,1,1,1,1,branch;full;flag;coherent;coset,exact,1,1,1,1,1,0,0,11
7,1,2,9,1,2,1,1,1,1,1,1,branch;full;flag;coherent;coset,exact,1,1,1,1,1,0,0,11
7,0,1,10,0,1,1,1,1,1,1,1,branch;full;flag;coherent;coset,exact,1,1,3/4,1,0,0,0,15
7,0,1,10,0,2,1,1,1,1,1,1,branch;full;flag;coherent;coset,exact,1,1,1,1,1,0,0,16
7,0,1,10,1,1,1,1,1,1,1,1,branch;full;flag;coherent;coset,exact,1,1,1,1,1,0,0,12
7,0,1,10,1,2,1,1,1,1,1,1,branch;full;flag;coherent;coset,exact,1,1,1,1,1,0,0,12
7,0,2,10,0,1,1,1,1,1,1,1,branch;full;flag;coherent;coset,exact,1,1,1,1,1,0,0,26
7,0,2,10,0,2,1,1,1,1,1,1,branch;full;flag;coherent;coset,exact,1,1,1,1,1,0,0,26
7,0,2,10,1,1,1,1,1,1,1,1,branch;full;flag;coherent;coset,exact,1,1,1,1,1,0,0,18
7,0,2,10,1,2,1,1,1,1,1,1,branch;full;flag;coherent;coset,exact,1,1,1,1,1,0,0,18
7,1,1,10,0,1,1,1,1,1,1,1,branch;full;flag;coherent;coset,exact,1,1,1,1,1,0,0,10
7,1,1,10,0,2,1,1,1,1,1,1,branch;full;flag;coherent;coset,exact,1,1,1,1,1,0,0,10
7,1,1,10,1,1,1,1,1,1,1,1,branch;full;flag;coherent;coset,exact,1,1,1,1,1,0,0,10
7,1,1,10,1,2,1,1,1,1,1,1,branch;full;flag;coherent;coset,exact,1,1,1,1,1,0,0,10
7,1,2,10,0,1,1,1,1,1,1,1,branch;full;flag;coherent;coset,exact,1,1,1,1,1,0,0,11
7,1,2,10,0,2,1,1,1,1,1,1,branch;full;flag;coherent;coset,exact,1,1,1,1,1,0,0,11
7,1,2,10,1,1,1,1,1,1,1,1,branch;full;flag;coherent;coset,exact,1,1,1,1,1,0,0,11
7,1,2,10,1,2,1,1,1,1,1,1,branch;full;flag;coherent;coset,exact,1,1,1,1,1,0,0,11
7,0,1,11,0,1,1,1,1,1,1,1,branch;full;flag;coherent;coset,exact,1,1,1/2,1,0,0,0,15
7,0,1,11,0,2,1,1,1,1,1,1,branch;full;flag;coherent;coset,exact,1,1,3/4,1,0,0,0,19
7,0,1,11,1,1,1,1,1,1,1,1,branch;full;flag;coherent;coset,exact,1,1,1,1,1,0,0,10
7,0,1,11,1,2,1,1,1,1,1,1,branch;full;flag;coherent;coset,exact,1,1,1,1,1,0,0,10
7,0,2,11,0,1,1,1,1,1,1,1,branch;full;flag;coherent;coset,exact,1,1,3/4,1,0,0,0,25
7,0,2,11,0,2,1,1,1,1,1,1,branch;full;flag;coherent;coset,exact,1,1,1,1,1,0,0,26
7,0,2,11,1,1,1,1,1,1,1,1,branch;full;flag;coherent;coset,exact,1,1,1,1,1,0,0,16
7,0,2,11,1,2,1,1,1,1,1,1,branch;full;flag;coherent;coset,exact,1,1,1,1,1,0,0,16
7,1,1,11,0,1,1,1,1,1,1,1,branch;full;flag;coherent;coset,exact,1,1,1,1,1,0,0,10
7,1,1,11,0,2,1,1,1,1,1,1,branch;full;flag;coherent;coset,exact,1,1,1,1,1,0,0,10
7,1,1,11,1,1,1,1,1,1,1,1,branch;full;flag;coherent;coset,exact,1,1,1,1,1,0,0,10
7,1,1,11,1,2,1,1,1,1,1,1,branch;full;flag;coherent;coset,exact,1,1,1,1,1,0,0,10
7,1,2,11,0,1,1,1,1,1,1,1,branch;full;flag;coherent;coset,exact,1,1,1,1,1,0,0,11
7,1,2,11,0,2,1,1,1,1,1,1,branch;full;flag;coherent;coset,exact,1,1,1,1,1,0,0,11
7,1,2,11,1,1,1,1,1,1,1,1,branch;full;flag;coherent;coset,exact,1,1,1,1,1,0,0,11
7,1,2,11,1,2,1,1,1,1,1,1,branch;full;flag;coherent;coset,exact,1,1,1,1,1,0,0,11
7,0,1,12,0,1,1,1,1,1,1,1,branch;full;flag;coherent;coset,exact,1,1,3/4,1,0,0,0,15
7,0,1,12,0,2,1,1,1,1,1,1,branch;full;flag;coherent;coset,exact,1,1,1,1,1,0,0,16
7,0,1,12,1,1,1,1,1,1,1,1,branch;full;flag;coherent;coset,exact,1,1,1,1,1,0,0,12
7,0,1,12,1,2,1,1,1,1,1,1,branch;full;flag;coherent;coset,exact,1,1,1,1,1,0,0,12
7,0,2,12,0,1,1,1,1,1,1,1,branch;full;flag;coherent;coset,exact,1,1,1,1,1,0,0,26
7,0,2,12,0,2,1,1,1,1,1,1,branch;full;flag;coherent;coset,exact,1,1,1,1,1,0,0,26
7,0,2,12,1,1,1,1,1,1,1,1,branch;full;flag;coherent;coset,exact,1,1,1,1,1,0,0,18
7,0,2,12,1,2,1,1,1,1,1,1,branch;full;flag;coherent;coset,exact,1,1,1,1,1,0,0,18
7,1,1,12,0,1,1,1,1,1,1,1,branch;full;flag;coherent;coset,exact,1,1,1,1,1,0,0,10
7,1,1,12,0,2,1,1,1,1,1,1,branch;full;flag;coherent;coset,exact,1,1,1,1,1,0,0,10
7,1,1,12,1,1,1,1,1,1,1,1,branch;full;flag;coherent;coset,exact,1,1,1,1,1,0,0,10
7,1,1,12,1,2,1,1,1,1,1,1,branch;full;flag;coherent;coset,exact,1,1,1,1,1,0,0,10
7,1,2,12,0,1,1,1,1,1,1,1,branch;full;flag;coherent;coset,exact,1,1,1,1,1,0,0,11
7,1,2,12,0,2,1,1,1,1,1,1,branch;full;flag;coherent;coset,exact,1,1,1,1,1,0,0,11
7,1,2,12,1,1,1,1,1,1,1,1,branch;full;flag;coherent;coset,exact,1,1,1,1,1,0,0,11
7,1,2,12,1,2,1,1,1,1,1,1,branch;full;flag;coherent;coset,exact,1,1,1,1,1,0,0,11
7,0,1,13,0,1,1,1,1,1,1,1,branch;full;flag;coherent;coset,exact,1,1,1/2,1,0,0,0,15
7,0,1,13,0,2,1,1,1,1,1,1,branch;full;flag;coherent;coset,exact,1,1,3/4,1,0,0,0,19
7,0,1,13,1,1,1,1,1,1,1,1,branch;full;flag;coherent;coset,exact,1,1,1,1,1,0,0,10
7,0,1,13,1,2,1,1,1,1,1,1,branch;full;flag;coherent;coset,exact,1,1,1,1,1,0,0,10
7,0,2,13,0,1,1,1,1,1,1,1,branch;full;flag;coherent;coset,exact,1,1,3/4,1,0,0,0,25
7,0,2,13,0,2,1,1,1,1,1,1,branch;full;flag;coherent;coset,exact,1,1,1,1,1,0,0,26
7,0,2,13,1,1,1,1,1,1,1,1,branch;full;flag;coherent;coset,exact,1,1,1,1,1,0,0,16
7,0,2,13,1,2,1,1,1,1,1,1,branch;full;flag;coherent;coset,exact,1,1,1,1,1,0,0,16
7,1,1,13,0,1,1,1,1,1,1,1,branch;full;flag;coherent;coset,exact,1,1,1,1,1,0,0,10
7,1,1,13,0,2,1,1,1,1,1,1,branch;full;flag;coherent;coset,exact,1,1,1,1,1,0,0,10
7,1,1,13,1,1,1,1,1,1,1,1,branch;full;flag;coherent;coset,exact,1,1,1,1,1,0,0,10
7,1,1,13,1,2,1,1,1,1,1,1,branch;full;flag;coherent;coset,exact,1,1,1,1,1,0,0,10
7,1,2,13,0,1,1,1,1,1,1,1,branch;full;flag;coherent;coset,exact,1,1,1,1,1,0,0,11
7,1,2,13,0,2,1,1,1,1,1,1,branch;full;flag;coherent;coset,exact,1,1,1,1,1,0,0,11
7,1,2,13,1,1,1,1,1,1,1,1,branch;full;flag;coherent;coset,exact,1,1,1,1,1,0,0,11
7,1,2,13,1,2,1,1,1,1,1,1,branch;full;flag;coherent;coset,exact,1,1,1,1,1,0,0,11
7,0,1,14,0,1,1,1,1,1,1,1,branch;full;flag;coherent;coset,exact,1,1,1/2,1,0,0,0,15
7,0,1,14,0,2,1,1,1,1,1,1,branch;full;flag;coherent;coset,exact,1,1,3/4,1,0,0,0,19
7,0,1,14,1,1,1,1,1,1,1,1,branch;full;flag;coherent;coset,exact,1,1,1,1,1,0,0,10
7,0,1,14,1,2,1,1,1,1,1,1,branch;full;flag;coherent;coset,exact,1,1,1,1,1,0,0,10
7,0,2,14,0,1,1,1,1,1,1,1,branch;full;flag;coherent;coset,exact,1,1,3/4,1,0,0,0,25
7,0,2,14,0,2,1,1,1,1,1,1,branch;full;flag;coherent;coset,exact,1,1,1,1,1,0,0,26
7,0,2,14,1,1,1,1,1,1,1,1,branch;full;flag;coherent;coset,exact,1,1,1,1,1,0,0,16
7,0,2,14,1,2,1,1,1,1,1,1,branch;full;flag;coherent;coset,exact,1,1,1,1,1,0,0,16
7,1,1,14,0,1,1,1,1,1,1,1,branch;full;flag;coherent;coset,exact,1,1,1,1,1,0,0,10
7,1,1,14,0,2,1,1,1,1,1,1,branch;full;flag;coherent;coset,exact,1,1,1,1,1,0,0,10
7,1,1,14,1,1,1,1,1,1,1,1,branch;full;flag;coherent;coset,exact,1,1,1,1,1,0,0,10
7,1,1,14,1,2,1,1,1,1,1,1,branch;full;flag;coherent;coset,exact,1,1,1,1,1,0,0,10
7,1,2,14,0,1,1,1,1,1,1,1,branch;full;flag;coherent;coset,exact,1,1,1,1,1,0,0,11
7,1,2,14,0,2,1,1,1,1,1,1,branch;full;flag;coherent;coset,exact,1,1,1,1,1,0,0,11
7,1,2,14,1,1,1,1,1,1,1,1,branch;full;flag;coherent;coset,exact,1,1,1,1,1,0,0,11
7,1,2,14,1,2,1,1,1,1,1,1,branch;full;flag;coherent;coset,exact,1,1,1,1,1,0,0,11
7,0,1,15,0,1,1,1,1,1,1,1,branch;full;flag;coherent;coset,exact,1,1,3/4,1,0,0,0,15
7,0,1,15,0,2,1,1,1,1,1,1,branch;full;flag;coherent;coset,exact,1,1,1,1,1,0,0,16
7,0,1,15,1,1,1,1,1,1,1,1,branch;full;flag;coherent;coset,exact,1,1,1,1,1,0,0,12
7,0,1,15,1,2,1,1,1,1,1,1,branch;full;flag;coherent;coset,exact,1,1,1,1,1,0,0,12
7,0,2,15,0,1,1,1,1,1,1,1,branch;full;flag;coherent;coset,exact,1,1,1,1,1,0,0,26
7,0,2,15,0,2,1,1,1,1,1,1,branch;full;flag;coherent;coset,exact,1,1,1,1,1,0,0,26
7,0,2,15,1,1,1,1,1,1,1,1,branch;full;flag;coherent;coset,exact,1,1,1,1,1,0,0,18
7,0,2,15,1,2,1,1,1,1,1,1,branch;full;flag;coherent;coset,exact,1,1,1,1,1,0,0,18
7,1,1,15,0,1,1,1,1,1,1,1,branch;full;flag;coherent;coset,exact,1,1,1,1,1,0,0,10
7,1,1,15,0,2,1,1,1,1,1,1,branch;full;flag;coherent;coset,exact,1,1,1,1,1,0,0,10
7,1,1,15,1,1,1,1,1,1,1,1,branch;full;flag;coherent;coset,exact,1,1,1,1,1,0,0,10
7,1,1,15,1,2,1,1,1,1,1,1,branch;full;flag;coherent;coset,exact,1,1,1,1,1,0,0,10
7,1,2,15,0,1,1,1,1,1,1,1,branch;full;flag;coherent;coset,exact,1,1,1,1,1,0,0,11
7,1,2,15,0,2,1,1,1,1,1,1,branch;full;flag;coherent;coset,exact,1,1,1,1,1,0,0,11
7,1,2,15,1,1,1,1,1,1,1,1,branch;full;flag;coherent;coset,exact,1,1,1,1,1,0,0,11
7,1,2,15,1,2,1,1,1,1,1,1,branch;full;flag;coherent;coset,exact,1,1,1,1,1,0,0,11
8,0,1,0,0,1,1,1,1,1,1,1,branch;full;flag;coherent;coset,exact,1,1,1,1,1,0,0,8
8,0,1,0,0,2,1,1,1,1,1,1,branch;full;flag;coherent;coset,exact,1,1,1,1,1,0,0,8
8,0,1,0,1,1,1,1,1,1,1,1,branch;full;flag;coherent;coset,exact,1,1,1,1,1,0,0,8
8,0,1,0,1,2,1,1,1,1,1,1,branch;full;flag;coherent;coset,exact,1,1,1,1,1,0,0,8
8,0,2,0,0,1,1,1,1,1,1,1,branch;full;flag;coherent;coset,exact,1,1,1,1,1,0,0,9
8,0,2,0,0,2,1,1,1,1,1,1,branch;full;flag;coherent;coset,exact,1,1,1,1,1,0,0,9
8,0,2,0,1,1,1,1,1,1,1,1,branch;full;flag;coherent;coset,exact,1,1,1,1,1,0,0,9
8,0,2,0,1,2,1,1,1,1,1,1,branch;full;flag;coherent;coset,exact,1,1,1,1,1,0,0,9
8,1,1,0,0,1,1,1,1,1,1,1,branch;full;flag;coherent;coset,exact,1,1,1,1,1,0,0,7
8,1,1,0,0,2,1,1,1,1,1,1,branch;full;flag;coherent;coset,exact,1,1,1,1,1,0,0,7
8,1,1,0,1,1,1,1,1,1,1,1,branch;full;flag;coherent;coset,exact,1,1,1,1,1,0,0,7
8,1,1,0,1,2,1,1,1,1,1,1,branch;full;flag;coherent;coset,exact,1,1,1,1,1,0,0,7
8,1,2,0,0,1,1,1,1,1,1,1,branch;full;flag;coherent;coset,exact,1,1,1,1,1,0,0,7
8,1,2,0,0,2,1,1,1,1,1,1,branch;full;flag;coherent;coset,exact,1,1,1,1,1,0,0,7
8,1,2,0,1,1,1,1,1,1,1,1,branch;full;flag;coherent;coset,exact,1,1,1,1,1,0,0,7
8,1,2,0,1,2,1,1,1,1,1,1,branch;full;flag;coherent;coset,exact,1,1,1,1,1,0,0,7
8,0,1,1,0,1,3/4,3/4,3/4,3/4,3/4,3/4,branch;full;flag;coherent;coset,exact,1,1,3/4,1,1,0,0,13
8,0,1,1,0,2,1,1,1,1,1,1,branch;full;flag;coherent;coset,exact,1,1,1,1,1,0,0,14
8,0,1,1,1,1,1,1,1,1,1,1,branch;full;flag;coherent;coset,exact,1,1,1,1,1,0,0,11
8,0,1,1,1,2,1,1,1,1,1,1,branch;full;flag;coherent;coset,exact,1,1,1,1,1,0,0,11
8,0,2,1,0,1,1,1,1,1,1,1,branch;full;flag;coherent;coset,exact,1,1,1,1,1,0,0,15
8,0,2,1,0,2,1,1,1,1,1,1,branch;full;flag;coherent;coset,exact,1,1,1,1,1,0,0,15
8,0,2,1,1,1,1,1,1,1,1,1,branch;full;flag;coherent;coset,exact,1,1,1,1,1,0,0,12
8,0,2,1,1,2,1,1,1,1,1,1,branch;full;flag;coherent;coset,exact,1,1,1,1,1,0,0,12
8,1,1,1,0,1,1,1,1,1,1,1,branch;full;flag;coherent;coset,exact,1,1,1,1,1,0,0,11
8,1,1,1,0,2,1,1,1,1,1,1,branch;full;flag;coherent;coset,exact,1,1,1,1,1,0,0,11
8,1,1,1,1,1,1,1,1,1,1,1,branch;full;flag;coherent;coset,exact,1,1,1,1,1,0,0,9
8,1,1,1,1,2,1,1,1,1,1,1,branch;full;flag;coherent;coset,exact,1,1,1,1,1,0,0,9
8,1,2,1,0,1,1,1,1,1,1,1,branch;full;flag;coherent;coset,exact,1,1,1,1,1,0,0,11
8,1,2,1,0,2,1,1,1,1,1,1,branch;full;flag;coherent;coset,exact,1,1,1,1,1,0,0,11
8,1,2,1,1,1,1,1,1,1,1,1,branch;full;flag;coherent;coset,exact,1,1,1,1,1,0,0,9
8,1,2,1,1,2,1,1,1,1,1,1,branch;full;flag;coherent;coset,exact,1,1,1,1,1,0,0,9
8,0,1,2,0,1,1,1,1,1,1,1,branch;full;flag;coherent;coset,exact,1,1,1,1,1,0,0,8
8,0,1,2,0,2,1,1,1,1,1,1,branch;full;flag;coherent;coset,exact,1,1,1,1,1,0,0,8
8,0,1,2,1,1,1,1,1,1,1,1,branch;full;flag;coherent;coset,exact,1,1,1,1,1,0,0,7
8,0,1,2,1,2,1,1,1,1,1,1,branch;full;flag;coherent;coset,exact,1,1,1,1,1,0,0,7
8,0,2,2,0,1,1,1,1,1,1,1,branch;full;flag;coherent;coset,exact,1,1,1,1,1,0,0,9
8,0,2,2,0,2,1,1,1,1,1,1,branch;full;flag;coherent;coset,exact,1,1,1,1,1,0,0,9
8,0,2,2,1,1,1,1,1,1,1,1,branch;full;flag;coherent;coset,exact,1,1,1,1,1,0,0,8
8,0,2,2,1,2,1,1,1,1,1,1,branch;full;flag;coherent;coset,exact,1,1,1,1,1,0,0,8
8,1,1,2,0,1,1,1,1,1,1,1,branch;full;flag;coherent;coset,exact,1,1,1,1,1,0,0,7
8,1,1,2,0,2,1,1,1,1,1,1,branch;full;flag;coherent;coset,exact,1,1,1,1,1,0,0,7
8,1,1,2,1,1,1,1,1,1,1,1,branch;full;flag;coherent;coset,exact,1,1,1,1,1,0,0,7
8,1,1,2,1,2,1,1,1,1,1,1,branch;full;flag;coherent;coset,exact,1,1,1,1,1,0,0,7
8,1,2,2,0,1,1,1,1,1,1,1,branch;full;flag;coherent;coset,exact,1,1,1,1,1,0,0,7
8,1,2,2,0,2,1,1,1,1,1,1,branch;full;flag;coherent;coset,exact,1,1,1,1,1,0,0,7
8,1,2,2,1,1,1,1,1,1,1,1,branch;full;flag;coherent;coset,exact,1,1,1,1,1,0,0,7
8,1,2,2,1,2,1,1,1,1,1,1,branch;full;flag;coherent;coset,exact,1,1,1,1,1,0,0,7
8,0,1,3,0,1,3/4,3/4,3/4,3/4,3/4,3/4,branch;full;flag;coherent;coset,exact,1,1,3/4,1,1,0,0,13
8,0,1,3,0,2,1,1,1,1,1,1,branch;full;flag;coherent;coset,exact,1,1,1,1,1,0,0,14
8,0,1,3,1,1,1,1,1,1,1,1,branch;full;flag;coherent;coset,exact,1,1,1,1,1,0,0,11
8,0,1,3,1,2,1,1,1,1,1,1,branch;full;flag;coherent;coset,exact,1,1,1,1,1,0,0,11
8,0,2,3,0,1,1,1,1,1,1,1,branch;full;flag;coherent;coset,exact,1,1,1,1,1,0,0,15
8,0,2,3,0,2,1,1,1,1,1,1,branch;full;flag;coherent;coset,exact,1,1,1,1,1,0,0,15
8,0,2,3,1,1,1,1,1,1,1,1,branch;full;flag;coherent;coset,exact,1,1,1,1,1,0,0,12
8,0,2,3,1,2,1,1,1,1,1,1,branch;full;flag;coherent;coset,exact,1,1,1,1,1,0,0,12
8,1,1,3,0,1,1,1,1,1,1,1,branch;full;flag;coherent;coset,exact,1,1,1,1,1,0,0,11
8,1,1,3,0,2,1,1,1,1,1,1,branch;full;flag;coherent;coset,exact,1,1,1,1,1,0,0,11
8,1,1,3,1,1,1,1,1,1,1,1,branch;full;flag;coherent;coset,exact,1,1,1,1,1,0,0,9
8,1,1,3,1,2,1,1,1,1,1,1,branch;full;flag;coherent;coset,exact,1,1,1,1,1,0,0,9
8,1,2,3,0,1,1,1,1,1,1,1,branch;full;flag;coherent;coset,exact,1,1,1,1,1,0,0,11
8,1,2,3,0,2,1,1,1,1,1,1,branch;full;flag;coherent;coset,exact,1,1,1,1,1,0,0,11
8,1,2,3,1,1,1,1,1,1,1,1,branch;full;flag;coherent;coset,exact,1,1,1,1,1,0,0,9
8,1,2,3,1,2,1,1,1,1,1,1,branch;full;flag;coherent;coset,exact,1,1,1,1,1,0,0,9
8,0,1,4,0,1,3/4,3/4,3/4,3/4,3/4,3/4,branch;full;flag;coherent;coset,exact,1,1,3/4,1,1,0,0,13
8,0,1,4,0,2,1,1,1,1,1,1,branch;full;flag;coherent;coset,exact,1,1,1,1,1,0,0,14
8,0,1,4,1,1,1,1,1,1,1,1,branch;full;flag;coherent;coset,exact,1,1,1,1,1,0,0,11
8,0,1,4,1,2,1,1,1,1,1,1,branch;full;flag;coherent;coset,exact,1,1,1,1,1,0,0,11
8,0,2,4,0,1,1,1,1,1,1,1,branch;full;flag;coherent;coset,exact,1,1,1,1,1,0,0,15
8,0,2,4,0,2,1,1,1,1,1,1,branch;full;flag;coherent;coset,exact,1,1,1,1,1,0,0,15
8,0,2,4,1,1,1,1,1,1,1,1,branch;full;flag;coherent;coset,exact,1,1,1,1,1,0,0,12
8,0,2,4,1,2,1,1,1,1,1,1,branch;full;flag;coherent;coset,exact,1,1,1,1,1,0,0,12
8,1,1,4,0,1,1,1,1,1,1,1,branch;full;flag;coherent;coset,exact,1,1,1,1,1,0,0,11
8,1,1,4,0,2,1,1,1,1,1,1,branch;full;flag;coherent;coset,exact,1,1,1,1,1,0,0,11
8,1,1,4,1,1,1,1,1,1,1,1,branch;full;flag;coherent;coset,exact,1,1,1,1,1,0,0,9
8,1,1,4,1,2,1,1,1,1,1,1,branch;full;flag;coherent;coset,exact,1,1,1,1,1,0,0,9
8,1,2,4,0,1,1,1,1,1,1,1,branch;full;flag;coherent;coset,exact,1,1,1,1,1,0,0,11
8,1,2,4,0,2,1,1,1,1,1,1,branch;full;flag;coherent;coset,exact,1,1,1,1,1,0,0,11
8,1,2,4,1,1,1,1,1,1,1,1,branch;full;flag;coherent;coset,exact,1,1,1,1,1,0,0,9
8,1,2,4,1,2,1,1,1,1,1,1,branch;full;flag;coherent;coset,exact,1,1,1,1,1,0,0,9
8,0,1,5,0,1,3/4,3/4,3/4,3/4,3/4,3/4,branch;full;flag;coherent;coset,exact,1,1,3/4,1,1,0,0,13
8,0,1,5,0,2,1,1,1,1,1,1,branch;full;flag;coherent;coset,exact,1,1,1,1,1,0,0,14
8,0,1,5,1,1,1,1,1,1,1,1,branch;full;flag;coherent;coset,exact,1,1,1,1,1,0,0,11
8,0,1,5,1,2,1,1,1,1,1,1,branch;full;flag;coherent;coset,exact,1,1,1,1,1,0,0,11
8,0,2,5,0,1,1,1,1,1,1,1,branch;full;flag;coherent;coset,exact,1,1,1,1,1,0,0,15
8,0,2,5,0,2,1,1,1,1,1,1,branch;full;flag;coherent;coset,exact,1,1,1,1,1,0,0,15
8,0,2,5,1,1,1,1,1,1,1,1,branch;full;flag;coherent;coset,exact,1,1,1,1,1,0,0,12
8,0,2,5,1,2,1,1,1,1,1,1,branch;full;flag;coherent;coset,exact,1,1,1,1,1,0,0,12
8,1,1,5,0,1,1,1,1,1,1,1,branch;full;flag;coherent;coset,exact,1,1,1,1,1,0,0,11
8,1,1,5,0,2,1,1,1,1,1,1,branch;full;flag;coherent;coset,exact,1,1,1,1,1,0,0,11
8,1,1,5,1,1,1,1,1,1,1,1,branch;full;flag;coherent;coset,exact,1,1,1,1,1,0,0,9
8,1,1,5,1,2,1,1,1,1,1,1,branch;full;flag;coherent;coset,exact,1,1,1,1,1,0,0,9
8,1,2,5,0,1,1,1,1,1,1,1,branch;full;flag;coherent;coset,exact,1,1,1,1,1,0,0,11
8,1,2,5,0,2,1,1,1,1,1,1,branch;full;flag;coherent;coset,exact,1,1,1,1,1,0,0,11
8,1,2,5,1,1,1,1,1,1,1,1,branch;full;flag;coherent;coset,exact,1,1,1,1,1,0,0,9
8,1,2,5,1,2,1,1,1,1,1,1,branch;full;flag;coherent;coset,exact,1,1,1,1,1,0,0,9
8,0,1,6,0,1,3/4,3/4,3/4,3/4,3/4,3/4,branch;full;flag;coherent;coset,exact,1,1,3/4,1,1,0,0,14
8,0,1,6,0,2,1,1,1,1,1,1,branch;full;flag;coherent;coset,exact,1,1,1,1,1,0,0,19
8,0,1,6,1,1,1,1,1,1,1,1,branch;full;flag;coherent;coset,exact,1,1,1,1,1,0,0,9
8,0,1,6,1,2,1,1,1,1,1,1,branch;full;flag;coherent;coset,exact,1,1,1,1,1,0,0,9
8,0,2,6,0,1,1,1,1,1,1,1,branch;full;flag;coherent;coset,exact,1,1,1,1,1,0,0,16
8,0,2,6,0,2,1,1,1,1,1,1,branch;full;flag;coherent;coset,exact,1,1,1,1,1,0,0,20
8,0,2,6,1,1,1,1,1,1,1,1,branch;full;flag;coherent;coset,exact,1,1,1,1,1,0,0,10
8,0,2,6,1,2,1,1,1,1,1,1,branch;full;flag;coherent;coset,exact,1,1,1,1,1,0,0,10
8,1,1,6,0,1,1,1,1,1,1,1,branch;full;flag;coherent;coset,exact,1,1,1,1,1,0,0,11
8,1,1,6,0,2,1,1,1,1,1,1,branch;full;flag;coherent;coset,exact,1,1,1,1,1,0,0,11
8,1,1,6,1,1,1,1,1,1,1,1,branch;full;flag;coherent;coset,exact,1,1,1,1,1,0,0,9
8,1,1,6,1,2,1,1,1,1,1,1,branch;full;flag;coherent;coset,exact,1,1,1,1,1,0,0,9
8,1,2,6,0,1,1,1,1,1,1,1,branch;full;flag;coherent;coset,exact,1,1,1,1,1,0,0,11
8,1,2,6,0,2,1,1,1,1,1,1,branch;full;flag;coherent;coset,exact,1,1,1,1,1,0,0,11
8,1,2,6,1,1,1,1,1,1,1,1,branch;full;flag;coherent;coset,exact,1,1,1,1,1,0,0,9
8,1,2,6,1,2,1,1,1,1,1,1,branch;full;flag;coherent;coset,exact,1,1,1,1,1,0,0,9
8,0,1,7,0,1,3/4,3/4,3/4,3/4,3/4,3/4,branch;full;flag;coherent;coset,exact,1,1,3/4,1,1,0,0,14
8,0,1,7,0,2,1,1,1,1,1,1,branch;full;flag;coherent;coset,exact,1,1,1,1,1,0,0,19
8,0,1,7,1,1,1,1,1,1,1,1,branch;full;flag;coherent;coset,exact,1,1,1,1,1,0,0,9
8,0,1,7,1,2,1,1,1,1,1,1,branch;full;flag;coherent;coset,exact,1,1,1,1,1,0,0,9
8,0,2,7,0,1,1,1,1,1,1,1,branch;full;flag;coherent;coset,exact,1,1,1,1,1,0,0,16
8,0,2,7,0,2,1,1,1,1,1,1,branch;full;flag;coherent;coset,exact,1,1,1,1,1,0,0,20
8,0,2,7,1,1,1,1,1,1,1,1,branch;full;flag;coherent;coset,exact,1,1,1,1,1,0,0,10
8,0,2,7,1,2,1,1,1,1,1,1,branch;full;flag;coherent;coset,exact,1,1,1,1,1,0,0,10
8,1,1,7,0,1,1,1,1,1,1,1,branch;full;flag;coherent;coset,exact,1,1,1,1,1,0,0,11
8,1,1,7,0,2,1,1,1,1,1,1,branch;full;flag;coherent;coset,exact,1,1,1,1,1,0,0,11
8,1,1,7,1,1,1,1,1,1,1,1,branch;full;flag;coherent;coset,exact,1,1,1,1,1,0,0,9
8,1,1,7,1,2,1,1,1,1,1,1,branch;full;flag;coherent;coset,exact,1,1,1,1,1,0,0,9
8,1,2,7,0,1,1,1,1,1,1,1,branch;full;flag;coherent;coset,exact,1,1,1,1,1,0,0,11
8,1,2,7,0,2,1,1,1,1,1,1,branch;full;flag;coherent;coset,exact,1,1,1,1,1,0,0,11
8,1,2,7,1,1,1,1,1,1,1,1,branch;full;flag;coherent;coset,exact,1,1,1,1,1,0,0,9
8,1,2,7,1,2,1,1,1,1,1,1,branch;full;flag;coherent;coset,exact,1,1,1,1,1,0,0,9
8,0,1,8,0,1,1,1,1,1,1,1,branch;full;flag;coherent;coset,exact,1,1,1,1,1,0,0,8
8,0,1,8,0,2,1,1,1,1,1,1,branch;full;flag;coherent;coset,exact,1,1,1,1,1,0,0,8
8,0,1,8,1,1,1,1,1,1,1,1,branch;full;flag;coherent;coset,exact,1,1,1,1,1,0,0,7
8,0,1,8,1,2,1,1,1,1,1,1,branch;full;flag;coherent;coset,exact,1,1,1,1,1,0,0,7
8,0,2,8,0,1,1,1,1,1,1,1,branch;full;flag;coherent;coset,exact,1,1,1,1,1,0,0,9
8,0,2,8,0,2,1,1,1,1,1,1,branch;full;flag;coherent;coset,exact,1,1,1,1,1,0,0,9
8,0,2,8,1,1,1,1,1,1,1,1,branch;full;flag;coherent;coset,exact,1,1,1,1,1,0,0,8
8,0,2,8,1,2,1,1,1,1,1,1,branch;full;flag;coherent;coset,exact,1,1,1,1,1,0,0,8
8,1,1,8,0,1,1,1,1,1,1,1,branch;full;flag;coherent;coset,exact,1,1,1,1,1,0,0,7
8,1,1,8,0,2,1,1,1,1,1,1,branch;full;flag;coherent;coset,exact,1,1,1,1,1,0,0,7
8,1,1,8,1,1,1,1,1,1,1,1,branch;full;flag;coherent;coset,exact,1,1,1,1,1,0,0,7
8,1,1,8,1,2,1,1,1,1,1,1,branch;full;flag;coherent;coset,exact,1,1,1,1,1,0,0,7
8,1,2,8,0,1,1,1,1,1,1,1,branch;full;flag;coherent;coset,exact,1,1,1,1,1,0,0,7
8,1,2,8,0,2,1,1,1,1,1,1,branch;full;flag;coherent;coset,exact,1,1,1,1,1,0,0,7
8,1,2,8,1,1,1,1,1,1,1,1,branch;full;flag;coherent;coset,exact,1,1,1,1,1,0,0,7
8,1,2,8,1,2,1,1,1,1,1,1,branch;full;flag;coherent;coset,exact,1,1,1,1,1,0,0,7
8,0,1,9,0,1,3/4,3/4,3/4,3/4,3/4,3/4,branch;full;flag;coherent;coset,exact,1,1,3/4,1,1,0,0,14
8,0,1,9,0,2,1,1,1,1,1,1,branch;full;flag;coherent;coset,exact,1,1,1,1,1,0,0,19
8,0,1,9,1,1,1,1,1,1,1,1,branch;full;flag;coherent;coset,exact,1,1,1,1,1,0,0,9
8,0,1,9,1,2,1,1,1,1,1,1,branch;full;flag;coherent;coset,exact,1,1,1,1,1,0,0,9
8,0,2,9,0,1,1,1,1,1,1,1,branch;full;flag;coherent;coset,exact,1,1,1,1,1,0,0,16
8,0,2,9,0,2,1,1,1,1,1,1,branch;full;flag;coherent;coset,exact,1,1,1,1,1,0,0,20
8,0,2,9,1,1,1,1,1,1,1,1,branch;full;flag;coherent;coset,exact,1,1,1,1,1,0,0,10
8,0,2,9,1,2,1,1,1,1,1,1,branch;full;flag;coherent;coset,exact,1,1,1,1,1,0,0,10
8,1,1,9,0,1,1,1,1,1,1,1,branch;full;flag;coherent;coset,exact,1,1,1,1,1,0,0,11
8,1,1,9,0,2,1,1,1,1,1,1,branch;full;flag;coherent;coset,exact,1,1,1,1,1,0,0,11
8,1,1,9,1,1,1,1,1,1,1,1,branch;full;flag;coherent;coset,exact,1,1,1,1,1,0,0,9
8,1,1,9,1,2,1,1,1,1,1,1,branch;full;flag;coherent;coset,exact,1,1,1,1,1,0,0,9
8,1,2,9,0,1,1,1,1,1,1,1,branch;full;flag;coherent;coset,exact,1,1,1,1,1,0,0,11
8,1,2,9,0,2,1,1,1,1,1,1,branch;full;flag;coherent;coset,exact,1,1,1,1,1,0,0,11
8,1,2,9,1,1,1,1,1,1,1,1,branch;full;flag;coherent;coset,exact,1,1,1,1,1,0,0,9
8,1,2,9,1,2,1,1,1,1,1,1,branch;full;flag;coherent;coset,exact,1,1,1,1,1,0,0,9
8,0,1,10,0,1,1,1,1,1,1,1,branch;full;flag;coherent;coset,exact,1,1,1,1,1,0,0,8
8,0,1,10,0,2,1,1,1,1,1,1,branch;full;flag;coherent;coset,exact,1,1,1,1,1,0,0,8
8,0,1,10,1,1,1,1,1,1,1,1,branch;full;flag;coherent;coset,exact,1,1,1,1,1,0,0,7
8,0,1,10,1,2,1,1,1,1,1,1,branch;full;flag;coherent;coset,exact,1,1,1,1,1,0,0,7
8,0,2,10,0,1,1,1,1,1,1,1,branch;full;flag;coherent;coset,exact,1,1,1,1,1,0,0,9
8,0,2,10,0,2,1,1,1,1,1,1,branch;full;flag;coherent;coset,exact,1,1,1,1,1,0,0,9
8,0,2,10,1,1,1,1,1,1,1,1,branch;full;flag;coherent;coset,exact,1,1,1,1,1,0,0,8
8,0,2,10,1,2,1,1,1,1,1,1,branch;full;flag;coherent;coset,exact,1,1,1,1,1,0,0,8
8,1,1,10,0,1,1,1,1,1,1,1,branch;full;flag;coherent;coset,exact,1,1,1,1,1,0,0,7
8,1,1,10,0,2,1,1,1,1,1,1,branch;full;flag;coherent;coset,exact,1,1,1,1,1,0,0,7
8,1,1,10,1,1,1,1,1,1,1,1,branch;full;flag;coherent;coset,exact,1,1,1,1,1,0,0,7
8,1,1,10,1,2,1,1,1,1,1,1,branch;full;flag;coherent;coset,exact,1,1,1,1,1,0,0,7
8,1,2,10,0,1,1,1,1,1,1,1,branch;full;flag;coherent;coset,exact,1,1,1,1,1,0,0,7
8,1,2,10,0,2,1,1,1,1,1,1,branch;full;flag;coherent;coset,exact,1,1,1,1,1,0,0,7
8,1,2,10,1,1,1,1,1,1,1,1,branch;full;flag;coherent;coset,exact,1,1,1,1,1,0,0,7
8,1,2,10,1,2,1,1,1,1,1,1,branch;full;flag;coherent;coset,exact,1,1,1,1,1,0,0,7
8,0,1,11,0,1,3/4,3/4,3/4,3/4,3/4,3/4,branch;full;flag;coherent;coset,exact,1,1,3/4,1,1,0,0,14
8,0,1,11,0,2,1,1,1,1,1,1,branch;full;flag;coherent;coset,exact,1,1,1,1,1,0,0,19
8,0,1,11,1,1,1,1,1,1,1,1,branch;full;flag;coherent;coset,exact,1,1,1,1,1,0,0,9
8,0,1,11,1,2,1,1,1,1,1,1,branch;full;flag;coherent;coset,exact,1,1,1,1,1,0,0,9
8,0,2,11,0,1,1,1,1,1,1,1,branch;full;flag;coherent;coset,exact,1,1,1,1,1,0,0,16
8,0,2,11,0,2,1,1,1,1,1,1,branch;full;flag;coherent;coset,exact,1,1,1,1,1,0,0,20
8,0,2,11,1,1,1,1,1,1,1,1,branch;full;flag;coherent;coset,exact,1,1,1,1,1,0,0,10
8,0,2,11,1,2,1,1,1,1,1,1,branch;full;flag;coherent;coset,exact,1,1,1,1,1,0,0,10
8,1,1,11,0,1,1,1,1,1,1,1,branch;full;flag;coherent;coset,exact,1,1,1,1,1,0,0,11
8,1,1,11,0,2,1,1,1,1,1,1,branch;full;flag;coherent;coset,exact,1,1,1,1,1,0,0,11
8,1,1,11,1,1,1,1,1,1,1,1,branch;full;flag;coherent;coset,exact,1,1,1,1,1,0,0,9
8,1,1,11,1,2,1,1,1,1,1,1,branch;full;flag;coherent;coset,exact,1,1,1,1,1,0,0,9
8,1,2,11,0,1,1,1,1,1,1,1,branch;full;flag;coherent;coset,exact,1,1,1,1,1,0,0,11
8,1,2,11,0,2,1,1,1,1,1,1,branch;full;flag;coherent;coset,exact,1,1,1,1,1,0,0,11
8,1,2,11,1,1,1,1,1,1,1,1,branch;full;flag;coherent;coset,exact,1,1,1,1,1,0,0,9
8,1,2,11,1,2,1,1,1,1,1,1,branch;full;flag;coherent;coset,exact,1,1,1,1,1,0,0,9
8,0,1,12,0,1,3/4,3/4,3/4,3/4,3/4,3/4,branch;full;flag;coherent;coset,exact,1,1,3/4,1,1,0,0,13
8,0,1,12,0,2,1,1,1,1,1,1,branch;full;flag;coherent;coset,exact,1,1,1,1,1,0,0,14
8,0,1,12,1,1,1,1,1,1,1,1,branch;full;flag;coherent;coset,exact,1,1,1,1,1,0,0,11
8,0,1,12,1,2,1,1,1,1,1,1,branch;full;flag;coherent;coset,exact,1,1,1,1,1,0,0,11
8,0,2,12,0,1,1,1,1,1,1,1,branch;full;flag;coherent;coset,exact,1,1,1,1,1,0,0,15
8,0,2,12,0,2,1,1,1,1,1,1,branch;full;flag;coherent;coset,exact,1,1,1,1,1,0,0,15
8,0,2,12,1,1,1,1,1,1,1,1,branch;full;flag;coherent;coset,exact,1,1,1,1,1,0,0,12
8,0,2,12,1,2,1,1,1,1,1,1,branch;full;flag;coherent;coset,exact,1,1,1,1,1,0,0,12
8,1,1,12,0,1,1,1,1,1,1,1,branch;full;flag;coherent;coset,exact,1,1,1,1,1,0,0,11
8,1,1,12,0,2,1,1,1,1,1,1,branch;full;flag;coherent;coset,exact,1,1,1,1,1,0,0,11
8,1,1,12,1,1,1,1,1,1,1,1,branch;full;flag;coherent;coset,exact,1,1,1,1,1,0,0,9
8,1,1,12,1,2,1,1,1,1,1,1,branch;full;flag;coherent;coset,exact,1,1,1,1,1,0,0,9
8,1,2,12,0,1,1,1,1,1,1,1,branch;full;flag;coherent;coset,exact,1,1,1,1,1,0,0,11
8,1,2,12,0,2,1,1,1,1,1,1,branch;full;flag;coherent;coset,exact,1,1,1,1,1,0,0,11
8,1,2,12,1,1,1,1,1,1,1,1,branch;full;flag;coherent;coset,exact,1,1,1,1,1,0,0,9
8,1,2,12,1,2,1,1,1,1,1,1,branch;full;flag;coherent;coset,exact,1,1,1,1,1,0,0,9
8,0,1,13,0,1,3/4,3/4,3/4,3/4,3/4,3/4,branch;full;flag;coherent;coset,exact,1,1,3/4,1,1,0,0,14
8,0,1,13,0,2,1,1,1,1,1,1,branch;full;flag;coherent;coset,exact,1,1,1,1,1,0,0,19
8,0,1,13,1,1,1,1,1,1,1,1,branch;full;flag;coherent;coset,exact,1,1,1,1,1,0,0,9
8,0,1,13,1,2,1,1,1,1,1,1,branch;full;flag;coherent;coset,exact,1,1,1,1,1,0,0,9
8,0,2,13,0,1,1,1,1,1,1,1,branch;full;flag;coherent;coset,exact,1,1,1,1,1,0,0,16
8,0,2,13,0,2,1,1,1,1,1,1,branch;full;flag;coherent;coset,exact,1,1,1,1,1,0,0,20
8,0,2,13,1,1,1,1,1,1,1,1,branch;full;flag;coherent;coset,exact,1,1,1,1,1,0,0,10
8,0,2,13,1,2,1,1,1,1,1,1,branch;full;flag;coherent;coset,exact,1,1,1,1,1,0,0,10
8,1,1,13,0,1,1,1,1,1,1,1,branch;full;flag;coherent;coset,exact,1,1,1,1,1,0,0,11
8,1,1,13,0,2,1,1,1,1,1,1,branch;full;flag;coherent;coset,exact,1,1,1,1,1,0,0,11
8,1,1,13,1,1,1,1,1,1,1,1,branch;full;flag;coherent;coset,exact,1,1,1,1,1,0,0,9
8,1,1,13,1,2,1,1,1,1,1,1,branch;full;flag;coherent;coset,exact,1,1,1,1,1,0,0,9
8,1,2,13,0,1,1,1,1,1,1,1,branch;full;flag;coherent;coset,exact,1,1,1,1,1,0,0,11
8,1,2,13,0,2,1,1,1,1,1,1,branch;full;flag;coherent;coset,exact,1,1,1,1,1,0,0,11
8,1,2,13,1,1,1,1,1,1,1,1,branch;full;flag;coherent;coset,exact,1,1,1,1,1,0,0,9
8,1,2,13,1,2,1,1,1,1,1,1,branch;full;flag;coherent;coset,exact,1,1,1,1,1,0,0,9
8,0,1,14,0,1,3/4,3/4,3/4,3/4,3/4,3/4,branch;full;flag;coherent;coset,exact,1,1,3/4,1,1,0,0,14
8,0,1,14,0,2,1,1,1,1,1,1,branch;full;flag;coherent;coset,exact,1,1,1,1,1,0,0,19
8,0,1,14,1,1,1,1,1,1,1,1,branch;full;flag;coherent;coset,exact,1,1,1,1,1,0,0,9
8,0,1,14,1,2,1,1,1,1,1,1,branch;full;flag;coherent;coset,exact,1,1,1,1,1,0,0,9
8,0,2,14,0,1,1,1,1,1,1,1,branch;full;flag;coherent;coset,exact,1,1,1,1,1,0,0,16
8,0,2,14,0,2,1,1,1,1,1,1,branch;full;flag;coherent;coset,exact,1,1,1,1,1,0,0,20
8,0,2,14,1,1,1,1,1,1,1,1,branch;full;flag;coherent;coset,exact,1,1,1,1,1,0,0,10
8,0,2,14,1,2,1,1,1,1,1,1,branch;full;flag;coherent;coset,exact,1,1,1,1,1,0,0,10
8,1,1,14,0,1,1,1,1,1,1,1,branch;full;flag;coherent;coset,exact,1,1,1,1,1,0,0,11
8,1,1,14,0,2,1,1,1,1,1,1,branch;full;flag;coherent;coset,exact,1,1,1,1,1,0,0,11
8,1,1,14,1,1,1,1,1,1,1,1,branch;full;flag;coherent;coset,exact,1,1,1,1,1,0,0,9
8,1,1,14,1,2,1,1,1,1,1,1,branch;full;flag;coherent;coset,exact,1,1,1,1,1,0,0,9
8,1,2,14,0,1,1,1,1,1,1,1,branch;full;flag;coherent;coset,exact,1,1,1,1,1,0,0,11
8,1,2,14,0,2,1,1,1,1,1,1,branch;full;flag;coherent;coset,exact,1,1,1,1,1,0,0,11
8,1,2,14,1,1,1,1,1,1,1,1,branch;full;flag;coherent;coset,exact,1,1,1,1,1,0,0,9
8,1,2,14,1,2,1,1,1,1,1,1,branch;full;flag;coherent;coset,exact,1,1,1,1,1,0,0,9
8,0,1,15,0,1,3/4,3/4,3/4,3/4,3/4,3/4,branch;full;flag;coherent;coset,exact,1,1,3/4,1,1,0,0,13
8,0,1,15,0,2,1,1,1,1,1,1,branch;full;flag;coherent;coset,exact,1,1,1,1,1,0,0,14
8,0,1,15,1,1,1,1,1,1,1,1,branch;full;flag;coherent;coset,exact,1,1,1,1,1,0,0,11
8,0,1,15,1,2,1,1,1,1,1,1,branch;full;flag;coherent;coset,exact,1,1,1,1,1,0,0,11
8,0,2,15,0,1,1,1,1,1,1,1,branch;full;flag;coherent;coset,exact,1,1,1,1,1,0,0,15
8,0,2,15,0,2,1,1,1,1,1,1,branch;full;flag;coherent;coset,exact,1,1,1,1,1,0,0,15
8,0,2,15,1,1,1,1,1,1,1,1,branch;full;flag;coherent;coset,exact,1,1,1,1,1,0,0,12
8,0,2,15,1,2,1,1,1,1,1,1,branch;full;flag;coherent;coset,exact,1,1,1,1,1,0,0,12
8,1,1,15,0,1,1,1,1,1,1,1,branch;full;flag;coherent;coset,exact,1,1,1,1,1,0,0,11
8,1,1,15,0,2,1,1,1,1,1,1,branch;full;flag;coherent;coset,exact,1,1,1,1,1,0,0,11
8,1,1,15,1,1,1,1,1,1,1,1,branch;full;flag;coherent;coset,exact,1,1,1,1,1,0,0,9
8,1,1,15,1,2,1,1,1,1,1,1,branch;full;flag;coherent;coset,exact,1,1,1,1,1,0,0,9
8,1,2,15,0,1,1,1,1,1,1,1,branch;full;flag;coherent;coset,exact,1,1,1,1,1,0,0,11
8,1,2,15,0,2,1,1,1,1,1,1,branch;full;flag;coherent;coset,exact,1,1,1,1,1,0,0,11
8,1,2,15,1,1,1,1,1,1,1,1,branch;full;flag;coherent;coset,exact,1,1,1,1,1,0,0,9
8,1,2,15,1,2,1,1,1,1,1,1,branch;full;flag;coherent;coset,exact,1,1,1,1,1,0,0,9
9,0,1,0,0,1,1,1,1,1,1,1,branch;full;flag;coherent;coset,exact,1,1,1,1,1,0,0,10
9,0,1,0,0,2,1,1,1,1,1,1,branch;full;flag;coherent;coset,exact,1,1,1,1,1,0,0,10
9,0,1,0,1,1,1,1,1,1,1,1,branch;full;flag;coherent;coset,exact,1,1,1,1,1,0,0,10
9,0,1,0,1,2,1,1,1,1,1,1,branch;full;flag;coherent;coset,exact,1,1,1,1,1,0,0,10
9,0,2,0,0,1,1,1,1,1,1,1,branch;full;flag;coherent;coset,exact,1,1,1,1,1,0,0,22
9,0,2,0,0,2,1,1,1,1,1,1,branch;full;flag;coherent;coset,exact,1,1,1,1,1,0,0,22
9,0,2,0,1,1,1,1,1,1,1,1,branch;full;flag;coherent;coset,exact,1,1,1,1,1,0,0,22
9,0,2,0,1,2,1,1,1,1,1,1,branch;full;flag;coherent;coset,exact,1,1,1,1,1,0,0,22
9,1,1,0,0,1,1,1,1,1,1,1,branch;full;flag;coherent;coset,exact,1,1,1,1,1,0,0,10
9,1,1,0,0,2,1,1,1,1,1,1,branch;full;flag;coherent;coset,exact,1,1,1,1,1,0,0,10
9,1,1,0,1,1,1,1,1,1,1,1,branch;full;flag;coherent;coset,exact,1,1,1,1,1,0,0,10
9,1,1,0,1,2,1,1,1,1,1,1,branch;full;flag;coherent;coset,exact,1,1,1,1,1,0,0,10
9,1,2,0,0,1,1,1,1,1,1,1,branch;full;flag;coherent;coset,exact,1,1,1,1,1,0,0,11
9,1,2,0,0,2,1,1,1,1,1,1,branch;full;flag;coherent;coset,exact,1,1,1,1,1,0,0,11
9,1,2,0,1,1,1,1,1,1,1,1,branch;full;flag;coherent;coset,exact,1,1,1,1,1,0,0,11
9,1,2,0,1,2,1,1,1,1,1,1,branch;full;flag;coherent;coset,exact,1,1,1,1,1,0,0,11
9,0,1,1,0,1,1,1,1,1,1,1,branch;full;flag;coherent;coset,exact,1,1,3/4,1,0,0,0,15
9,0,1,1,0,2,1,1,1,1,1,1,branch;full;flag;coherent;coset,exact,1,1,1,1,1,0,0,16
9,0,1,1,1,1,1,1,1,1,1,1,branch;full;flag;coherent;coset,exact,1,1,1,1,1,0,0,12
9,0,1,1,1,2,1,1,1,1,1,1,branch;full;flag;coherent;coset,exact,1,1,1,1,1,0,0,12
9,0,2,1,0,1,1,1,1,1,1,1,branch;full;flag;coherent;coset,exact,1,1,1,1,1,0,0,26
9,0,2,1,0,2,1,1,1,1,1,1,branch;full;flag;coherent;coset,exact,1,1,1,1,1,0,0,26
9,0,2,1,1,1,1,1,1,1,1,1,branch;full;flag;coherent;coset,exact,1,1,1,1,1,0,0,18
9,0,2,1,1,2,1,1,1,1,1,1,branch;full;flag;coherent;coset,exact,1,1,1,1,1,0,0,18
9,1,1,1,0,1,1,1,1,1,1,1,branch;full;flag;coherent;coset,exact,1,1,1,1,1,0,0,10
9,1,1,1,0,2,1,1,1,1,1,1,branch;full;flag;coherent;coset,exact,1,1,1,1,1,0,0,10
9,1,1,1,1,1,1,1,1,1,1,1,branch;full;flag;coherent;coset,exact,1,1,1,1,1,0,0,10
9,1,1,1,1,2,1,1,1,1,1,1,branch;full;flag;coherent;coset,exact,1,1,1,1,1,0,0,10
9,1,2,1,0,1,1,1,1,1,1,1,branch;full;flag;coherent;coset,exact,1,1,1,1,1,0,0,11
9,1,2,1,0,2,1,1,1,1,1,1,branch;full;flag;coherent;coset,exact,1,1,1,1,1,0,0,11
9,1,2,1,1,1,1,1,1,1,1,1,branch;full;flag;coherent;coset,exact,1,1,1,1,1,0,0,11
9,1,2,1,1,2,1,1,1,1,1,1,branch;full;flag;coherent;coset,exact,1,1,1,1,1,0,0,11
9,0,1,2,0,1,1,1,1,1,1,1,branch;full;flag;coherent;coset,exact,1,1,3/4,1,0,0,0,15
9,0,1,2,0,2,1,1,1,1,1,1,branch;full;flag;coherent;coset,exact,1,1,1,1,1,0,0,16
9,0,1,2,1,1,1,1,1,1,1,1,branch;full;flag;coherent;coset,exact,1,1,1,1,1,0,0,12
9,0,1,2,1,2,1,1,1,1,1,1,branch;full;flag;coherent;coset,exact,1,1,1,1,1,0,0,12
9,0,2,2,0,1,1,1,1,1,1,1,branch;full;flag;coherent;coset,exact,1,1,1,1,1,0,0,26
9,0,2,2,0,2,1,1,1,1,1,1,branch;full;flag;coherent;coset,exact,1,1,1,1,1,0,0,26
9,0,2,2,1,1,1,1,1,1,1,1,branch;full;flag;coherent;coset,exact,1,1,1,1,1,0,0,18
9,0,2,2,1,2,1,1,1,1,1,1,branch;full;flag;coherent;coset,exact,1,1,1,1,1,0,0,18
9,1,1,2,0,1,1,1,1,1,1,1,branch;full;flag;coherent;coset,exact,1,1,1,1,1,0,0,10
9,1,1,2,0,2,1,1,1,1,1,1,branch;full;flag;coherent;coset,exact,1,1,1,1,1,0,0,10
9,1,1,2,1,1,1,1,1,1,1,1,branch;full;flag;coherent;coset,exact,1,1,1,1,1,0,0,10
9,1,1,2,1,2,1,1,1,1,1,1,branch;full;flag;coherent;coset,exact,1,1,1,1,1,0,0,10
9,1,2,2,0,1,1,1,1,1,1,1,branch;full;flag;coherent;coset,exact,1,1,1,1,1,0,0,11
9,1,2,2,0,2,1,1,1,1,1,1,branch;full;flag;coherent;coset,exact,1,1,1,1,1,0,0,11
9,1,2,2,1,1,1,1,1,1,1,1,branch;full;flag;coherent;coset,exact,1,1,1,1,1,0,0,11
9,1,2,2,1,2,1,1,1,1,1,1,branch;full;flag;coherent;coset,exact,1,1,1,1,1,0,0,11
9,0,1,3,0,1,1,1,1,1,1,1,branch;full;flag;coherent;coset,exact,1,1,3/4,1,0,0,0,15
9,0,1,3,0,2,1,1,1,1,1,1,branch;full;flag;coherent;coset,exact,1,1,1,1,1,0,0,16
9,0,1,3,1,1,1,1,1,1,1,1,branch;full;flag;coherent;coset,exact,1,1,1,1,1,0,0,12
9,0,1,3,1,2,1,1,1,1,1,1,branch;full;flag;coherent;coset,exact,1,1,1,1,1,0,0,12
9,0,2,3,0,1,1,1,1,1,1,1,branch;full;flag;coherent;coset,exact,1,1,1,1,1,0,0,26
9,0,2,3,0,2,1,1,1,1,1,1,branch;full;flag;coherent;coset,exact,1,1,1,1,1,0,0,26
9,0,2,3,1,1,1,1,1,1,1,1,branch;full;flag;coherent;coset,exact,1,1,1,1,1,0,0,18
9,0,2,3,1,2,1,1,1,1,1,1,branch;full;flag;coherent;coset,exact,1,1,1,1,1,0,0,18
9,1,1,3,0,1,1,1,1,1,1,1,branch;full;flag;coherent;coset,exact,1,1,1,1,1,0,0,10
9,1,1,3,0,2,1,1,1,1,1,1,branch;full;flag;coherent;coset,exact,1,1,1,1,1,0,0,10
9,1,1,3,1,1,1,1,1,1,1,1,branch;full;flag;coherent;coset,exact,1,1,1,1,1,0,0,10
9,1,1,3,1,2,1,1,1,1,1,1,branch;full;flag;coherent;coset,exact,1,1,1,1,1,0,0,10
9,1,2,3,0,1,1,1,1,1,1,1,branch;full;flag;coherent;coset,exact,1,1,1,1,1,0,0,11
9,1,2,3,0,2,1,1,1,1,1,1,branch;full;flag;coherent;coset,exact,1,1,1,1,1,0,0,11
9,1,2,3,1,1,1,1,1,1,1,1,branch;full;flag;coherent;coset,exact,1,1,1,1,1,0,0,11
9,1,2,3,1,2,1,1,1,1,1,1,branch;full;flag;coherent;coset,exact,1,1,1,1,1,0,0,11
9,0,1,4,0,1,1,1,1,1,1,1,branch;full;flag;coherent;coset,exact,1,1,3/4,1,0,0,0,15
9,0,1,4,0,2,1,1,1,1,1,1,branch;full;flag;coherent;coset,exact,1,1,1,1,1,0,0,16
9,0,1,4,1,1,1,1,1,1,1,1,branch;full;flag;coherent;coset,exact,1,1,1,1,1,0,0,12
9,0,1,4,1,2,1,1,1,1,1,1,branch;full;flag;coherent;coset,exact,1,1,1,1,1,0,0,12
9,0,2,4,0,1,1,1,1,1,1,1,branch;full;flag;coherent;coset,exact,1,1,1,1,1,0,0,26
9,0,2,4,0,2,1,1,1,1,1,1,branch;full;flag;coherent;coset,exact,1,1,1,1,1,0,0,26
9,0,2,4,1,1,1,1,1,1,1,1,branch;full;flag;coherent;coset,exact,1,1,1,1,1,0,0,18
9,0,2,4,1,2,1,1,1,1,1,1,branch;full;flag;coherent;coset,exact,1,1,1,1,1,0,0,18
9,1,1,4,0,1,1,1,1,1,1,1,branch;full;flag;coherent;coset,exact,1,1,1,1,1,0,0,10
9,1,1,4,0,2,1,1,1,1,1,1,branch;full;flag;coherent;coset,exact,1,1,1,1,1,0,0,10
9,1,1,4,1,1,1,1,1,1,1,1,branch;full;flag;coherent;coset,exact,1,1,1,1,1,0,0,10
9,1,1,4,1,2,1,1,1,1,1,1,branch;full;flag;coherent;coset,exact,1,1,1,1,1,0,0,10
9,1,2,4,0,1,1,1,1,1,1,1,branch;full;flag;coherent;coset,exact,1,1,1,1,1,0,0,11
9,1,2,4,0,2,1,1,1,1,1,1,branch;full;flag;coherent;coset,exact,1,1,1,1,1,0,0,11
9,1,2,4,1,1,1,1,1,1,1,1,branch;full;flag;coherent;coset,exact,1,1,1,1,1,0,0,11
9,1,2,4,1,2,1,1,1,1,1,1,branch;full;flag;coherent;coset,exact,1,1,1,1,1,0,0,11
9,0,1,5,0,1,1,1,1,1,1,1,branch;full;flag;coherent;coset,exact,1,1,3/4,1,0,0,0,15
9,0,1,5,0,2,1,1,1,1,1,1,branch;full;flag;coherent;coset,exact,1,1,1,1,1,0,0,16
9,0,1,5,1,1,1,1,1,1,1,1,branch;full;flag;coherent;coset,exact,1,1,1,1,1,0,0,12
9,0,1,5,1,2,1,1,1,1,1,1,branch;full;flag;coherent;coset,exact,1,1,1,1,1,0,0,12
9,0,2,5,0,1,1,1,1,1,1,1,branch;full;flag;coherent;coset,exact,1,1,1,1,1,0,0,26
9,0,2,5,0,2,1,1,1,1,1,1,branch;full;flag;coherent;coset,exact,1,1,1,1,1,0,0,26
9,0,2,5,1,1,1,1,1,1,1,1,branch;full;flag;coherent;coset,exact,1,1,1,1,1,0,0,18
9,0,2,5,1,2,1,1,1,1,1,1,branch;full;flag;coherent;coset,exact,1,1,1,1,1,0,0,18
9,1,1,5,0,1,1,1,1,1,1,1,branch;full;flag;coherent;coset,exact,1,1,1,1,1,0,0,10
9,1,1,5,0,2,1,1,1,1,1,1,branch;full;flag;coherent;coset,exact,1,1,1,1,1,0,0,10
9,1,1,5,1,1,1,1,1,1,1,1,branch;full;flag;coherent;coset,exact,1,1,1,1,1,0,0,10
9,1,1,5,1,2,1,1,1,1,1,1,branch;full;flag;coherent;coset,exact,1,1,1,1,1,0,0,10
9,1,2,5,0,1,1,1,1,1,1,1,branch;full;flag;coherent;coset,exact,1,1,1,1,1,0,0,11
9,1,2,5,0,2,1,1,1,1,1,1,branch;full;flag;coherent;coset,exact,1,1,1,1,1,0,0,11
9,1,2,5,1,1,1,1,1,1,1,1,branch;full;flag;coherent;coset,exact,1,1,1,1,1,0,0,11
9,1,2,5,1,2,1,1,1,1,1,1,branch;full;flag;coherent;coset,exact,1,1,1,1,1,0,0,11
9,0,1,6,0,1,1,1,1,1,1,1,branch;full;flag;coherent;coset,exact,1,1,1/2,1,0,0,0,15
9,0,1,6,0,2,1,1,1,1,1,1,branch;full;flag;coherent;coset,exact,1,1,3/4,1,0,0,0,19
9,0,1,6,1,1,1,1,1,1,1,1,branch;full;flag;coherent;coset,exact,1,1,1,1,1,0,0,10
9,0,1,6,1,2,1,1,1,1,1,1,branch;full;flag;coherent;coset,exact,1,1,1,1,1,0,0,10
9,0,2,6,0,1,1,1,1,1,1,1,branch;full;flag;coherent;coset,exact,1,1,3/4,1,0,0,0,25
9,0,2,6,0,2,1,1,1,1,1,1,branch;full;flag;coherent;coset,exact,1,1,1,1,1,0,0,26
9,0,2,6,1,1,1,1,1,1,1,1,branch;full;flag;coherent;coset,exact,1,1,1,1,1,0,0,16
9,0,2,6,1,2,1,1,1,1,1,1,branch;full;flag;coherent;coset,exact,1,1,1,1,1,0,0,16
9,1,1,6,0,1,1,1,1,1,1,1,branch;full;flag;coherent;coset,exact,1,1,1,1,1,0,0,10
9,1,1,6,0,2,1,1,1,1,1,1,branch;full;flag;coherent;coset,exact,1,1,1,1,1,0,0,10
9,1,1,6,1,1,1,1,1,1,1,1,branch;full;flag;coherent;coset,exact,1,1,1,1,1,0,0,10
9,1,1,6,1,2,1,1,1,1,1,1,branch;full;flag;coherent;coset,exact,1,1,1,1,1,0,0,10
9,1,2,6,0,1,1,1,1,1,1,1,branch;full;flag;coherent;coset,exact,1,1,1,1,1,0,0,11
9,1,2,6,0,2,1,1,1,1,1,1,branch;full;flag;coherent;coset,exact,1,1,1,1,1,0,0,11
9,1,2,6,1,1,1,1,1,1,1,1,branch;full;flag;coherent;coset,exact,1,1,1,1,1,0,0,11
9,1,2,6,1,2,1,1,1,1,1,1,branch;full;flag;coherent;coset,exact,1,1,1,1,1,0,0,11
9,0,1,7,0,1,1,1,1,1,1,1,branch;full;flag;coherent;coset,exact,1,1,1/2,1,0,0,0,15
9,0,1,7,0,2,1,1,1,1,1,1,branch;full;flag;coherent;coset,exact,1,1,3/4,1,0,0,0,19
9,0,1,7,1,1,1,1,1,1,1,1,branch;full;flag;coherent;coset,exact,1,1,1,1,1,0,0,10
9,0,1,7,1,2,1,1,1,1,1,1,branch;full;flag;coherent;coset,exact,1,1,1,1,1,0,0,10
9,0,2,7,0,1,1,1,1,1,1,1,branch;full;flag;coherent;coset,exact,1,1,3/4,1,0,0,0,25
9,0,2,7,0,2,1,1,1,1,1,1,branch;full;flag;coherent;coset,exact,1,1,1,1,1,0,0,26
9,0,2,7,1,1,1,1,1,1,1,1,branch;full;flag;coherent;coset,exact,1,1,1,1,1,0,0,16
9,0,2,7,1,2,1,1,1,1,1,1,branch;full;flag;coherent;coset,exact,1,1,1,1,1,0,0,16
9,1,1,7,0,1,1,1,1,1,1,1,branch;full;flag;coherent;coset,exact,1,1,1,1,1,0,0,10
9,1,1,7,0,2,1,1,1,1,1,1,branch;full;flag;coherent;coset,exact,1,1,1,1,1,0,0,10
9,1,1,7,1,1,1,1,1,1,1,1,branch;full;flag;coherent;coset,exact,1,1,1,1,1,0,0,10
9,1,1,7,1,2,1,1,1,1,1,1,branch;full;flag;coherent;coset,exact,1,1,1,1,1,0,0,10
9,1,2,7,0,1,1,1,1,1,1,1,branch;full;flag;coherent;coset,exact,1,1,1,1,1,0,0,11
9,1,2,7,0,2,1,1,1,1,1,1,branch;full;flag;coherent;coset,exact,1,1,1,1,1,0,0,11
9,1,2,7,1,1,1,1,1,1,1,1,branch;full;flag;coherent;coset,exact,1,1,1,1,1,0,0,11
9,1,2,7,1,2,1,1,1,1,1,1,branch;full;flag;coherent;coset,exact,1,1,1,1,1,0,0,11
9,0,1,8,0,1,1,1,1,1,1,1,branch;full;flag;coherent;coset,exact,1,1,3/4,1,0,0,0,15
9,0,1,8,0,2,1,1,1,1,1,1,branch;full;flag;coherent;coset,exact,1,1,1,1,1,0,0,16
9,0,1,8,1,1,1,1,1,1,1,1,branch;full;flag;coherent;coset,exact,1,1,1,1,1,0,0,12
9,0,1,8,1,2,1,1,1,1,1,1,branch;full;flag;coherent;coset,exact,1,1,1,1,1,0,0,12
9,0,2,8,0,1,1,1,1,1,1,1,branch;full;flag;coherent;coset,exact,1,1,1,1,1,0,0,26
9,0,2,8,0,2,1,1,1,1,1,1,branch;full;flag;coherent;coset,exact,1,1,1,1,1,0,0,26
9,0,2,8,1,1,1,1,1,1,1,1,branch;full;flag;coherent;coset,exact,1,1,1,1,1,0,0,18
9,0,2,8,1,2,1,1,1,1,1,1,branch;full;flag;coherent;coset,exact,1,1,1,1,1,0,0,18
9,1,1,8,0,1,1,1,1,1,1,1,branch;full;flag;coherent;coset,exact,1,1,1,1,1,0,0,10
9,1,1,8,0,2,1,1,1,1,1,1,branch;full;flag;coherent;coset,exact,1,1,1,1,1,0,0,10
9,1,1,8,1,1,1,1,1,1,1,1,branch;full;flag;coherent;coset,exact,1,1,1,1,1,0,0,10
9,1,1,8,1,2,1,1,1,1,1,1,branch;full;flag;coherent;coset,exact,1,1,1,1,1,0,0,10
9,1,2,8,0,1,1,1,1,1,1,1,branch;full;flag;coherent;coset,exact,1,1,1,1,1,0,0,11
9,1,2,8,0,2,1,1,1,1,1,1,branch;full;flag;coherent;coset,exact,1,1,1,1,1,0,0,11
9,1,2,8,1,1,1,1,1,1,1,1,branch;full;flag;coherent;coset,exact,1,1,1,1,1,0,0,11
9,1,2,8,1,2,1,1,1,1,1,1,branch;full;flag;coherent;coset,exact,1,1,1,1,1,0,0,11
9,0,1,9,0,1,1,1,1,1,1,1,branch;full;flag;coherent;coset,exact,1,1,1/2,1,0,0,0,15
9,0,1,9,0,2,1,1,1,1,1,1,branch;full;flag;coherent;coset,exact,1,1,3/4,1,0,0,0,19
9,0,1,9,1,1,1,1,1,1,1,1,branch;full;flag;coherent;coset,exact,1,1,1,1,1,0,0,10
9,0,1,9,1,2,1,1,1,1,1,1,branch;full;flag;coherent;coset,exact,1,1,1,1,1,0,0,10
9,0,2,9,0,1,1,1,1,1,1,1,branch;full;flag;coherent;coset,exact,1,1,3/4,1,0,0,0,25
9,0,2,9,0,2,1,1,1,1,1,1,branch;full;flag;coherent;coset,exact,1,1,1,1,1,0,0,26
9,0,2,9,1,1,1,1,1,1,1,1,branch;full;flag;coherent;coset,exact,1,1,1,1,1,0,0,16
9,0,2,9,1,2,1,1,1,1,1,1,branch;full;flag;coherent;coset,exact,1,1,1,1,1,0,0,16
9,1,1,9,0,1,1,1,1,1,1,1,branch;full;flag;coherent;coset,exact,1,1,1,1,1,0,0,10
9,1,1,9,0,2,1,1,1,1,1,1,branch;full;flag;coherent;coset,exact,1,1,1,1,1,0,0,10
9,1,1,9,1,1,1,1,1,1,1,1,branch;full;flag;coherent;coset,exact,1,1,1,1,1,0,0,10
9,1,1,9,1,2,1,1,1,1,1,1,branch;full;flag;coherent;coset,exact,1,1,1,1,1,0,0,10
9,1,2,9,0,1,1,1,1,1,1,1,branch;full;flag;coherent;coset,exact,1,1,1,1,1,0,0,11
9,1,2,9,0,2,1,1,1,1,1,1,branch;full;flag;coherent;coset,exact,1,1,1,1,1,0,0,11
9,1,2,9,1,1,1,1,1,1,1,1,branch;full;flag;coherent;coset,exact,1,1,1,1,1,0,0,11
9,1,2,9,1,2,1,1,1,1,1,1,branch;full;flag;coherent;coset,exact,1,1,1,1,1,0,0,11
9,0,1,10,0,1,1,1,1,1,1,1,branch;full;flag;coherent;coset,exact,1,1,3/4,1,0,0,0,15
9,0,1,10,0,2,1,1,1,1,1,1,branch;full;flag;coherent;coset,exact,1,1,1,1,1,0,0,16
9,0,1,10,1,1,1,1,1,1,1,1,branch;full;flag;coherent;coset,exact,1,1,1,1,1,0,0,12
9,0,1,10,1,2,1,1,1,1,1,1,branch;full;flag;coherent;coset,exact,1,1,1,1,1,0,0,12
9,0,2,10,0,1,1,1,1,1,1,1,branch;full;flag;coherent;coset,exact,1,1,1,1,1,0,0,26
9,0,2,10,0,2,1,1,1,1,1,1,branch;full;flag;coherent;coset,exact,1,1,1,1,1,0,0,26
9,0,2,10,1,1,1,1,1,1,1,1,branch;full;flag;coherent;coset,exact,1,1,1,1,1,0,0,18
9,0,2,10,1,2,1,1,1,1,1,1,branch;full;flag;coherent;coset,exact,1,1,1,1,1,0,0,18
9,1,1,10,0,1,1,1,1,1,1,1,branch;full;flag;coherent;coset,exact,1,1,1,1,1,0,0,10
9,1,1,10,0,2,1,1,1,1,1,1,branch;full;flag;coherent;coset,exact,1,1,1,1,1,0,0,10
9,1,1,10,1,1,1,1,1,1,1,1,branch;full;flag;coherent;coset,exact,1,1,1,1,1,0,0,10
9,1,1,10,1,2,1,1,1,1,1,1,branch;full;flag;coherent;coset,exact,1,1,1,1,1,0,0,10
9,1,2,10,0,1,1,1,1,1,1,1,branch;full;flag;coherent;coset,exact,1,1,1,1,1,0,0,11
9,1,2,10,0,2,1,1,1,1,1,1,branch;full;flag;coherent;coset,exact,1,1,1,1,1,0,0,11
9,1,2,10,1,1,1,1,1,1,1,1,branch;full;flag;coherent;coset,exact,1,1,1,1,1,0,0,11
9,1,2,10,1,2,1,1,1,1,1,1,branch;full;flag;coherent;coset,exact,1,1,1,1,1,0,0,11
9,0,1,11,0,1,1,1,1,1,1,1,branch;full;flag;coherent;coset,exact,1,1,1/2,1,0,0,0,15
9,0,1,11,0,2,1,1,1,1,1,1,branch;full;flag;coherent;coset,exact,1,1,3/4,1,0,0,0,19
9,0,1,11,1,1,1,1,1,1,1,1,branch;full;flag;coherent;coset,exact,1,1,1,1,1,0,0,10
9,0,1,11,1,2,1,1,1,1,1,1,branch;full;flag;coherent;coset,exact,1,1,1,1,1,0,0,10
9,0,2,11,0,1,1,1,1,1,1,1,branch;full;flag;coherent;coset,exact,1,1,3/4,1,0,0,0,25
9,0,2,11,0,2,1,1,1,1,1,1,branch;full;flag;coherent;coset,exact,1,1,1,1,1,0,0,26
9,0,2,11,1,1,1,1,1,1,1,1,branch;full;flag;coherent;coset,exact,1,1,1,1,1,0,0,16
9,0,2,11,1,2,1,1,1,1,1,1,branch;full;flag;coherent;coset,exact,1,1,1,1,1,0,0,16
9,1,1,11,0,1,1,1,1,1,1,1,branch;full;flag;coherent;coset,exact,1,1,1,1,1,0,0,10
9,1,1,11,0,2,1,1,1,1,1,1,branch;full;flag;coherent;coset,exact,1,1,1,1,1,0,0,10
9,1,1,11,1,1,1,1,1,1,1,1,branch;full;flag;coherent;coset,exact,1,1,1,1,1,0,0,10
9,1,1,11,1,2,1,1,1,1,1,1,branch;full;flag;coherent;coset,exact,1,1,1,1,1,0,0,10
9,1,2,11,0,1,1,1,1,1,1,1,branch;full;flag;coherent;coset,exact,1,1,1,1,1,0,0,11
9,1,2,11,0,2,1,1,1,1,1,1,branch;full;flag;coherent;coset,exact,1,1,1,1,1,0,0,11
9,1,2,11,1,1,1,1,1,1,1,1,branch;full;flag;coherent;coset,exact,1,1,1,1,1,0,0,11
9,1,2,11,1,2,1,1,1,1,1,1,branch;full;flag;coherent;coset,exact,1,1,1,1,1,0,0,11
9,0,1,12,0,1,1,1,1,1,1,1,branch;full;flag;coherent;coset,exact,1,1,3/4,1,0,0,0,15
9,0,1,12,0,2,1,1,1,1,1,1,branch;full;flag;coherent;coset,exact,1,1,1,1,1,0,0,16
9,0,1,12,1,1,1,1,1,1,1,1,branch;full;flag;coherent;coset,exact,1,1,1,1,1,0,0,12
9,0,1,12,1,2,1,1,1,1,1,1,branch;full;flag;coherent;coset,exact,1,1,1,1,1,0,0,12
9,0,2,12,0,1,1,1,1,1,1,1,branch;full;flag;coherent;coset,exact,1,1,1,1,1,0,0,26
9,0,2,12,0,2,1,1,1,1,1,1,branch;full;flag;coherent;coset,exact,1,1,1,1,1,0,0,26
9,0,2,12,1,1,1,1,1,1,1,1,branch;full;flag;coherent;coset,exact,1,1,1,1,1,0,0,18
9,0,2,12,1,2,1,1,1,1,1,1,branch;full;flag;coherent;coset,exact,1,1,1,1,1,0,0,18
9,1,1,12,0,1,1,1,1,1,1,1,branch;full;flag;coherent;coset,exact,1,1,1,1,1,0,0,10
9,1,1,12,0,2,1,1,1,1,1,1,branch;full;flag;coherent;coset,exact,1,1,1,1,1,0,0,10
9,1,1,12,1,1,1,1,1,1,1,1,branch;full;flag;coherent;coset,exact,1,1,1,1,1,0,0,10
9,1,1,12,1,2,1,1,1,1,1,1,branch;full;flag;coherent;coset,exact,1,1,1,1,1,0,0,10
9,1,2,12,0,1,1,1,1,1,1,1,branch;full;flag;coherent;coset,exact,1,1,1,1,1,0,0,11
9,1,2,12,0,2,1,1,1,1,1,1,branch;full;flag;coherent;coset,exact,1,1,1,1,1,0,0,11
9,1,2,12,1,1,1,1,1,1,1,1,branch;full;flag;coherent;coset,exact,1,1,1,1,1,0,0,11
9,1,2,12,1,2,1,1,1,1,1,1,branch;full;flag;coherent;coset,exact,1,1,1,1,1,0,0,11
9,0,1,13,0,1,1,1,1,1,1,1,branch;full;flag;coherent;coset,exact,1,1,1/2,1,0,0,0,15
9,0,1,13,0,2,1,1,1,1,1,1,branch;full;flag;coherent;coset,exact,1,1,3/4,1,0,0,0,19
9,0,1,13,1,1,1,1,1,1,1,1,branch;full;flag;coherent;coset,exact,1,1,1,1,1,0,0,10
9,0,1,13,1,2,1,1,1,1,1,1,branch;full;flag;coherent;coset,exact,1,1,1,1,1,0,0,10
9,0,2,13,0,1,1,1,1,1,1,1,branch;full;flag;coherent;coset,exact,1,1,3/4,1,0,0,0,25
9,0,2,13,0,2,1,1,1,1,1,1,branch;full;flag;coherent;coset,exact,1,1,1,1,1,0,0,26
9,0,2,13,1,1,1,1,1,1,1,1,branch;full;flag;coherent;coset,exact,1,1,1,1,1,0,0,16
9,0,2,13,1,2,1,1,1,1,1,1,branch;full;flag;coherent;coset,exact,1,1,1,1,1,0,0,16
9,1,1,13,0,1,1,1,1,1,1,1,branch;full;flag;coherent;coset,exact,1,1,1,1,1,0,0,10
9,1,1,13,0,2,1,1,1,1,1,1,branch;full;flag;coherent;coset,exact,1,1,1,1,1,0,0,10
9,1,1,13,1,1,1,1,1,1,1,1,branch;full;flag;coherent;coset,exact,1,1,1,1,1,0,0,10
9,1,1,13,1,2,1,1,1,1,1,1,branch;full;flag;coherent;coset,exact,1,1,1,1,1,0,0,10
9,1,2,13,0,1,1,1,1,1,1,1,branch;full;flag;coherent;coset,exact,1,1,1,1,1,0,0,11
9,1,2,13,0,2,1,1,1,1,1,1,branch;full;flag;coherent;coset,exact,1,1,1,1,1,0,0,11
9,1,2,13,1,1,1,1,1,1,1,1,branch;full;flag;coherent;coset,exact,1,1,1,1,1,0,0,11
9,1,2,13,1,2,1,1,1,1,1,1,branch;full;flag;coherent;coset,exact,1,1,1,1,1,0,0,11
9,0,1,14,0,1,1,1,1,1,1,1,branch;full;flag;coherent;coset,exact,1,1,1/2,1,0,0,0,15
9,0,1,14,0,2,1,1,1,1,1,1,branch;full;flag;coherent;coset,exact,1,1,3/4,1,0,0,0,19
9,0,1,14,1,1,1,1,1,1,1,1,branch;full;flag;coherent;coset,exact,1,1,1,1,1,0,0,10
9,0,1,14,1,2,1,1,1,1,1,1,branch;full;flag;coherent;coset,exact,1,1,1,1,1,0,0,10
9,0,2,14,0,1,1,1,1,1,1,1,branch;full;flag;coherent;coset,exact,1,1,3/4,1,0,0,0,25
9,0,2,14,0,2,1,1,1,1,1,1,branch;full;flag;coherent;coset,exact,1,1,1,1,1,0,0,26
9,0,2,14,1,1,1,1,1,1,1,1,branch;full;flag;coherent;coset,exact,1,1,1,1,1,0,0,16
9,0,2,14,1,2,1,1,1,1,1,1,branch;full;flag;coherent;coset,exact,1,1,1,1,1,0,0,16
9,1,1,14,0,1,1,1,1,1,1,1,branch;full;flag;coherent;coset,exact,1,1,1,1,1,0,0,10
9,1,1,14,0,2,1,1,1,1,1,1,branch;full;flag;coherent;coset,exact,1,1,1,1,1,0,0,10
9,1,1,14,1,1,1,1,1,1,1,1,branch;full;flag;coherent;coset,exact,1,1,1,1,1,0,0,10
9,1,1,14,1,2,1,1,1,1,1,1,branch;full;flag;coherent;coset,exact,1,1,1,1,1,0,0,10
9,1,2,14,0,1,1,1,1,1,1,1,branch;full;flag;coherent;coset,exact,1,1,1,1,1,0,0,11
9,1,2,14,0,2,1,1,1,1,1,1,branch;full;flag;coherent;coset,exact,1,1,1,1,1,0,0,11
9,1,2,14,1,1,1,1,1,1,1,1,branch;full;flag;coherent;coset,exact,1,1,1,1,1,0,0,11
9,1,2,14,1,2,1,1,1,1,1,1,branch;full;flag;coherent;coset,exact,1,1,1,1,1,0,0,11
9,0,1,15,0,1,1,1,1,1,1,1,branch;full;flag;coherent;coset,exact,1,1,3/4,1,0,0,0,15
9,0,1,15,0,2,1,1,1,1,1,1,branch;full;flag;coherent;coset,exact,1,1,1,1,1,0,0,16
9,0,1,15,1,1,1,1,1,1,1,1,branch;full;flag;coherent;coset,exact,1,1,1,1,1,0,0,12
9,0,1,15,1,2,1,1,1,1,1,1,branch;full;flag;coherent;coset,exact,1,1,1,1,1,0,0,12
9,0,2,15,0,1,1,1,1,1,1,1,branch;full;flag;coherent;coset,exact,1,1,1,1,1,0,0,26
9,0,2,15,0,2,1,1,1,1,1,1,branch;full;flag;coherent;coset,exact,1,1,1,1,1,0,0,26
9,0,2,15,1,1,1,1,1,1,1,1,branch;full;flag;coherent;coset,exact,1,1,1,1,1,0,0,18
9,0,2,15,1,2,1,1,1,1,1,1,branch;full;flag;coherent;coset,exact,1,1,1,1,1,0,0,18
9,1,1,15,0,1,1,1,1,1,1,1,branch;full;flag;coherent;coset,exact,1,1,1,1,1,0,0,10
9,1,1,15,0,2,1,1,1,1,1,1,branch;full;flag;coherent;coset,exact,1,1,1,1,1,0,0,10
9,1,1,15,1,1,1,1,1,1,1,1,branch;full;flag;coherent;coset,exact,1,1,1,1,1,0,0,10
9,1,1,15,1,2,1,1,1,1,1,1,branch;full;flag;coherent;coset,exact,1,1,1,1,1,0,0,10
9,1,2,15,0,1,1,1,1,1,1,1,branch;full;flag;coherent;coset,exact,1,1,1,1,1,0,0,11
9,1,2,15,0,2,1,1,1,1,1,1,branch;full;flag;coherent;coset,exact,1,1,1,1,1,0,0,11
9,1,2,15,1,1,1,1,1,1,1,1,branch;full;flag;coherent;coset,exact,1,1,1,1,1,0,0,11
9,1,2,15,1,2,1,1,1,1,1,1,branch;full;flag;coherent;coset,exact,1,1,1,1,1,0,0,11
10,0,1,0,0,1,1,1,1,1,1,1,branch;full;flag;coherent;coset,exact,1,1,1,1,1,0,0,8
10,0,1,0,0,2,1,1,1,1,1,1,branch;full;flag;coherent;coset,exact,1,1,1,1,1,0,0,8
10,0,1,0,1,1,1,1,1,1,1,1,branch;full;flag;coherent;coset,exact,1,1,1,1,1,0,0,8
10,0,1,0,1,2,1,1,1,1,1,1,branch;full;flag;coherent;coset,exact,1,1,1,1,1,0,0,8
10,0,2,0,0,1,1,1,1,1,1,1,branch;full;flag;coherent;coset,exact,1,1,1,1,1,0,0,9
10,0,2,0,0,2,1,1,1,1,1,1,branch;full;flag;coherent;coset,exact,1,1,1,1,1,0,0,9
10,0,2,0,1,1,1,1,1,1,1,1,branch;full;flag;coherent;coset,exact,1,1,1,1,1,0,0,9
10,0,2,0,1,2,1,1,1,1,1,1,branch;full;flag;coherent;coset,exact,1,1,1,1,1,0,0,9
10,1,1,0,0,1,1,1,1,1,1,1,branch;full;flag;coherent;coset,exact,1,1,1,1,1,0,0,7
10,1,1,0,0,2,1,1,1,1,1,1,branch;full;flag;coherent;coset,exact,1,1,1,1,1,0,0,7
10,1,1,0,1,1,1,1,1,1,1,1,branch;full;flag;coherent;coset,exact,1,1,1,1,1,0,0,7
10,1,1,0,1,2,1,1,1,1,1,1,branch;full;flag;coherent;coset,exact,1,1,1,1,1,0,0,7
10,1,2,0,0,1,1,1,1,1,1,1,branch;full;flag;coherent;coset,exact,1,1,1,1,1,0,0,7
10,1,2,0,0,2,1,1,1,1,1,1,branch;full;flag;coherent;coset,exact,1,1,1,1,1,0,0,7
10,1,2,0,1,1,1,1,1,1,1,1,branch;full;flag;coherent;coset,exact,1,1,1,1,1,0,0,7
10,1,2,0,1,2,1,1,1,1,1,1,branch;full;flag;coherent;coset,exact,1,1,1,1,1,0,0,7
10,0,1,1,0,1,3/4,3/4,3/4,3/4,3/4,3/4,branch;full;flag;coherent;coset,exact,1,1,3/4,1,1,0,0,13
10,0,1,1,0,2,1,1,1,1,1,1,branch;full;flag;coherent;coset,exact,1,1,1,1,1,0,0,14
10,0,1,1,1,1,1,1,1,1,1,1,branch;full;flag;coherent;coset,exact,1,1,1,1,1,0,0,11
10,0,1,1,1,2,1,1,1,1,1,1,branch;full;flag;coherent;coset,exact,1,1,1,1,1,0,0,11
10,0,2,1,0,1,1,1,1,1,1,1,branch;full;flag;coherent;coset,exact,1,1,1,1,1,0,0,15
10,0,2,1,0,2,1,1,1,1,1,1,branch;full;flag;coherent;coset,exact,1,1,1,1,1,0,0,15
10,0,2,1,1,1,1,1,1,1,1,1,branch;full;flag;coherent;coset,exact,1,1,1,1,1,0,0,12
10,0,2,1,1,2,1,1,1,1,1,1,branch;full;flag;coherent;coset,exact,1,1,1,1,1,0,0,12
10,1,1,1,0,1,1,1,1,1,1,1,branch;full;flag;coherent;coset,exact,1,1,1,1,1,0,0,11
10,1,1,1,0,2,1,1,1,1,1,1,branch;full;flag;coherent;coset,exact,1,1,1,1,1,0,0,11
10,1,1,1,1,1,1,1,1,1,1,1,branch;full;flag;coherent;coset,exact,1,1,1,1,1,0,0,9
10,1,1,1,1,2,1,1,1,1,1,1,branch;full;flag;coherent;coset,exact,1,1,1,1,1,0,0,9
10,1,2,1,0,1,1,1,1,1,1,1,branch;full;flag;coherent;coset,exact,1,1,1,1,1,0,0,11
10,1,2,1,0,2,1,1,1,1,1,1,branch;full;flag;coherent;coset,exact,1,1,1,1,1,0,0,11
10,1,2,1,1,1,1,1,1,1,1,1,branch;full;flag;coherent;coset,exact,1,1,1,1,1,0,0,9
10,1,2,1,1,2,1,1,1,1,1,1,branch;full;flag;coherent;coset,exact,1,1,1,1,1,0,0,9
10,0,1,2,0,1,1,1,1,1,1,1,branch;full;flag;coherent;coset,exact,1,1,1,1,1,0,0,8
10,0,1,2,0,2,1,1,1,1,1,1,branch;full;flag;coherent;coset,exact,1,1,1,1,1,0,0,8
10,0,1,2,1,1,1,1,1,1,1,1,branch;full;flag;coherent;coset,exact,1,1,1,1,1,0,0,7
10,0,1,2,1,2,1,1,1,1,1,1,branch;full;flag;coherent;coset,exact,1,1,1,1,1,0,0,7
10,0,2,2,0,1,1,1,1,1,1,1,branch;full;flag;coherent;coset,exact,1,1,1,1,1,0,0,9
10,0,2,2,0,2,1,1,1,1,1,1,branch;full;flag;coherent;coset,exact,1,1,1,1,1,0,0,9
10,0,2,2,1,1,1,1,1,1,1,1,branch;full;flag;coherent;coset,exact,1,1,1,1,1,0,0,8
10,0,2,2,1,2,1,1,1,1,1,1,branch;full;flag;coherent;coset,exact,1,1,1,1,1,0,0,8
10,1,1,2,0,1,1,1,1,1,1,1,branch;full;flag;coherent;coset,exact,1,1,1,1,1,0,0,7
10,1,1,2,0,2,1,1,1,1,1,1,branch;full;flag;coherent;coset,exact,1,1,1,1,1,0,0,7
10,1,1,2,1,1,1,1,1,1,1,1,branch;full;flag;coherent;coset,exact,1,1,1,1,1,0,0,7
10,1,1,2,1,2,1,1,1,1,1,1,branch;full;flag;coherent;coset,exact,1,1,1,1,1,0,0,7
10,1,2,2,0,1,1,1,1,1,1,1,branch;full;flag;coherent;coset,exact,1,1,1,1,1,0,0,7
10,1,2,2,0,2,1,1,1,1,1,1,branch;full;flag;coherent;coset,exact,1,1,1,1,1,0,0,7
10,1,2,2,1,1,1,1,1,1,1,1,branch;full;flag;coherent;coset,exact,1,1,1,1,1,0,0,7
10,1,2,2,1,2,1,1,1,1,1,1,branch;full;flag;coherent;coset,exact,1,1,1,1,1,0,0,7
10,0,1,3,0,1,3/4,3/4,3/4,3/4,3/4,3/4,branch;full;flag;coherent;coset,exact,1,1,3/4,1,1,0,0,13
10,0,1,3,0,2,1,1,1,1,1,1,branch;full;flag;coherent;coset,exact,1,1,1,1,1,0,0,14
10,0,1,3,1,1,1,1,1,1,1,1,branch;full;flag;coherent;coset,exact,1,1,1,1,1,0,0,11
10,0,1,3,1,2,1,1,1,1,1,1,branch;full;flag;coherent;coset,exact,1,1,1,1,1,0,0,11
10,0,2,3,0,1,1,1,1,1,1,1,branch;full;flag;coherent;coset,exact,1,1,1,1,1,0,0,15
10,0,2,3,0,2,1,1,1,1,1,1,branch;full;flag;coherent;coset,exact,1,1,1,1,1,0,0,15
10,0,2,3,1,1,1,1,1,1,1,1,branch;full;flag;coherent;coset,exact,1,1,1,1,1,0,0,12
10,0,2,3,1,2,1,1,1,1,1,1,branch;full;flag;coherent;coset,exact,1,1,1,1,1,0,0,12
10,1,1,3,0,1,1,1,1,1,1,1,branch;full;flag;coherent;coset,exact,1,1,1,1,1,0,0,11
10,1,1,3,0,2,1,1,1,1,1,1,branch;full;flag;coherent;coset,exact,1,1,1,1,1,0,0,11
10,1,1,3,1,1,1,1,1,1,1,1,branch;full;flag;coherent;coset,exact,1,1,1,1,1,0,0,9
10,1,1,3,1,2,1,1,1,1,1,1,branch;full;flag;coherent;coset,exact,1,1,1,1,1,0,0,9
10,1,2,3,0,1,1,1,1,1,1,1,branch;full;flag;coherent;coset,exact,1,1,1,1,1,0,0,11
10,1,2,3,0,2,1,1,1,1,1,1,branch;full;flag;coherent;coset,exact,1,1,1,1,1,0,0,11
10,1,2,3,1,1,1,1,1,1,1,1,branch;full;flag;coherent;coset,exact,1,1,1,1,1,0,0,9
10,1,2,3,1,2,1,1,1,1,1,1,branch;full;flag;coherent;coset,exact,1,1,1,1,1,0,0,9
10,0,1,4,0,1,3/4,3/4,3/4,3/4,3/4,3/4,branch;full;flag;coherent;coset,exact,1,1,3/4,1,1,0,0,13
10,0,1,4,0,2,1,1,1,1,1,1,branch;full;flag;coherent;coset,exact,1,1,1,1,1,0,0,14
10,0,1,4,1,1,1,1,1,1,1,1,branch;full;flag;coherent;coset,exact,1,1,1,1,1,0,0,11
10,0,1,4,1,2,1,1,1,1,1,1,branch;full;flag;coherent;coset,exact,1,1,1,1,1,0,0,11
10,0,2,4,0,1,1,1,1,1,1,1,branch;full;flag;coherent;coset,exact,1,1,1,1,1,0,0,15
10,0,2,4,0,2,1,1,1,1,1,1,branch;full;flag;coherent;coset,exact,1,1,1,1,1,0,0,15
10,0,2,4,1,1,1,1,1,1,1,1,branch;full;flag;coherent;coset,exact,1,1,1,1,1,0,0,12
10,0,2,4,1,2,1,1,1,1,1,1,branch;full;flag;coherent;coset,exact,1,1,1,1,1,0,0,12
10,1,1,4,0,1,1,1,1,1,1,1,branch;full;flag;coherent;coset,exact,1,1,1,1,1,0,0,11
10,1,1,4,0,2,1,1,1,1,1,1,branch;full;flag;coherent;coset,exact,1,1,1,1,1,0,0,11
10,1,1,4,1,1,1,1,1,1,1,1,branch;full;flag;coherent;coset,exact,1,1,1,1,1,0,0,9
10,1,1,4,1,2,1,1,1,1,1,1,branch;full;flag;coherent;coset,exact,1,1,1,1,1,0,0,9
10,1,2,4,0,1,1,1,1,1,1,1,branch;full;flag;coherent;coset,exact,1,1,1,1,1,0,0,11
10,1,2,4,0,2,1,1,1,1,1,1,branch;full;flag;coherent;coset,exact,1,1,1,1,1,0,0,11
10,1,2,4,1,1,1,1,1,1,1,1,branch;full;flag;coherent;coset,exact,1,1,1,1,1,0,0,9
10,1,2,4,1,2,1,1,1,1,1,1,branch;full;flag;coherent;coset,exact,1,1,1,1,1,0,0,9
10,0,1,5,0,1,3/4,3/4,3/4,3/4,3/4,3/4,branch;full;flag;coherent;coset,exact,1,1,3/4,1,1,0,0,13
10,0,1,5,0,2,1,1,1,1,1,1,branch;full;flag;coherent;coset,exact,1,1,1,1,1,0,0,14
10,0,1,5,1,1,1,1,1,1,1,1,branch;full;flag;coherent;coset,exact,1,1,1,1,1,0,0,11
10,0,1,5,1,2,1,1,1,1,1,1,branch;full;flag;coherent;coset,exact,1,1,1,1,1,0,0,11
10,0,2,5,0,1,1,1,1,1,1,1,branch;full;flag;coherent;coset,exact,1,1,1,1,1,0,0,15
10,0,2,5,0,2,1,1,1,1,1,1,branch;full;flag;coherent;coset,exact,1,1,1,1,1,0,0,15
10,0,2,5,1,1,1,1,1,1,1,1,branch;full;flag;coherent;coset,exact,1,1,1,1,1,0,0,12
10,0,2,5,1,2,1,1,1,1,1,1,branch;full;flag;coherent;coset,exact,1,1,1,1,1,0,0,12
10,1,1,5,0,1,1,1,1,1,1,1,branch;full;flag;coherent;coset,exact,1,1,1,1,1,0,0,11
10,1,1,5,0,2,1,1,1,1,1,1,branch;full;flag;coherent;coset,exact,1,1,1,1,1,0,0,11
10,1,1,5,1,1,1,1,1,1,1,1,branch;full;flag;coherent;coset,exact,1,1,1,1,1,0,0,9
10,1,1,5,1,2,1,1,1,1,1,1,branch;full;flag;coherent;coset,exact,1,1,1,1,1,0,0,9
10,1,2,5,0,1,1,1,1,1,1,1,branch;full;flag;coherent;coset,exact,1,1,1,1,1,0,0,11
10,1,2,5,0,2,1,1,1,1,1,1,branch;full;flag;coherent;coset,exact,1,1,1,1,1,0,0,11
10,1,2,5,1,1,1,1,1,1,1,1,branch;full;flag;coherent;coset,exact,1,1,1,1,1,0,0,9
10,1,2,5,1,2,1,1,1,1,1,1,branch;full;flag;coherent;coset,exact,1,1,1,1,1,0,0,9
10,0,1,6,0,1,3/4,3/4,3/4,3/4,3/4,3/4,branch;full;flag;coherent;coset,exact,1,1,3/4,1,1,0,0,14
10,0,1,6,0,2,1,1,1,1,1,1,branch;full;flag;coherent;coset,exact,1,1,1,1,1,0,0,19
10,0,1,6,1,1,1,1,1,1,1,1,branch;full;flag;coherent;coset,exact,1,1,1,1,1,0,0,9
10,0,1,6,1,2,1,1,1,1,1,1,branch;full;flag;coherent;coset,exact,1,1,1,1,1,0,0,9
10,0,2,6,0,1,1,1,1,1,1,1,branch;full;flag;coherent;coset,exact,1,1,1,1,1,0,0,16
10,0,2,6,0,2,1,1,1,1,1,1,branch;full;flag;coherent;coset,exact,1,1,1,1,1,0,0,20
10,0,2,6,1,1,1,1,1,1,1,1,branch;full;flag;coherent;coset,exact,1,1,1,1,1,0,0,10
10,0,2,6,1,2,1,1,1,1,1,1,branch;full;flag;coherent;coset,exact,1,1,1,1,1,0,0,10
10,1,1,6,0,1,1,1,1,1,1,1,branch;full;flag;coherent;coset,exact,1,1,1,1,1,0,0,11
10,1,1,6,0,2,1,1,1,1,1,1,branch;full;flag;coherent;coset,exact,1,1,1,1,1,0,0,11
10,1,1,6,1,1,1,1,1,1,1,1,branch;full;flag;coherent;coset,exact,1,1,1,1,1,0,0,9
10,1,1,6,1,2,1,1,1,1,1,1,branch;full;flag;coherent;coset,exact,1,1,1,1,1,0,0,9
10,1,2,6,0,1,1,1,1,1,1,1,branch;full;flag;coherent;coset,exact,1,1,1,1,1,0,0,11
10,1,2,6,0,2,1,1,1,1,1,1,branch;full;flag;coherent;coset,exact,1,1,1,1,1,0,0,11
10,1,2,6,1,1,1,1,1,1,1,1,branch;full;flag;coherent;coset,exact,1,1,1,1,1,0,0,9
10,1,2,6,1,2,1,1,1,1,1,1,branch;full;flag;coherent;coset,exact,1,1,1,1,1,0,0,9
10,0,1,7,0,1,3/4,3/4,3/4,3/4,3/4,3/4,branch;full;flag;coherent;coset,exact,1,1,3/4,1,1,0,0,14
10,0,1,7,0,2,1,1,1,1,1,1,branch;full;flag;coherent;coset,exact,1,1,1,1,1,0,0,19
10,0,1,7,1,1,1,1,1,1,1,1,branch;full;flag;coherent;coset,exact,1,1,1,1,1,0,0,9
10,0,1,7,1,2,1,1,1,1,1,1,branch;full;flag;coherent;coset,exact,1,1,1,1,1,0,0,9
10,0,2,7,0,1,1,1,1,1,1,1,branch;full;flag;coherent;coset,exact,1,1,1,1,1,0,0,16
10,0,2,7,0,2,1,1,1,1,1,1,branch;full;flag;coherent;coset,exact,1,1,1,1,1,0,0,20
10,0,2,7,1,1,1,1,1,1,1,1,branch;full;flag;coherent;coset,exact,1,1,1,1,1,0,0,10
10,0,2,7,1,2,1,1,1,1,1,1,branch;full;flag;coherent;coset,exact,1,1,1,1,1,0,0,10
10,1,1,7,0,1,1,1,1,1,1,1,branch;full;flag;coherent;coset,exact,1,1,1,1,1,0,0,11
10,1,1,7,0,2,1,1,1,1,1,1,branch;full;flag;coherent;coset,exact,1,1,1,1,1,0,0,11
10,1,1,7,1,1,1,1,1,1,1,1,branch;full;flag;coherent;coset,exact,1,1,1,1,1,0,0,9
10,1,1,7,1,2,1,1,1,1,1,1,branch;full;flag;coherent;coset,exact,1,1,1,1,1,0,0,9
10,1,2,7,0,1,1,1,1,1,1,1,branch;full;flag;coherent;coset,exact,1,1,1,1,1,0,0,11
10,1,2,7,0,2,1,1,1,1,1,1,branch;full;flag;coherent;coset,exact,1,1,1,1,1,0,0,11
10,1,2,7,1,1,1,1,1,1,1,1,branch;full;flag;coherent;coset,exact,1,1,1,1,1,0,0,9
10,1,2,7,1,2,1,1,1,1,1,1,branch;full;flag;coherent;coset,exact,1,1,1,1,1,0,0,9
10,0,1,8,0,1,1,1,1,1,1,1,branch;full;flag;coherent;coset,exact,1,1,1,1,1,0,0,8
10,0,1,8,0,2,1,1,1,1,1,1,branch;full;flag;coherent;coset,exact,1,1,1,1,1,0,0,8
10,0,1,8,1,1,1,1,1,1,1,1,branch;full;flag;coherent;coset,exact,1,1,1,1,1,0,0,7
10,0,1,8,1,2,1,1,1,1,1,1,branch;full;flag;coherent;coset,exact,1,1,1,1,1,0,0,7
10,0,2,8,0,1,1,1,1,1,1,1,branch;full;flag;coherent;coset,exact,1,1,1,1,1,0,0,9
10,0,2,8,0,2,1,1,1,1,1,1,branch;full;flag;coherent;coset,exact,1,1,1,1,1,0,0,9
10,0,2,8,1,1,1,1,1,1,1,1,branch;full;flag;coherent;coset,exact,1,1,1,1,1,0,0,8
10,0,2,8,1,2,1,1,1,1,1,1,branch;full;flag;coherent;coset,exact,1,1,1,1,1,0,0,8
10,1,1,8,0,1,1,1,1,1,1,1,branch;full;flag;coherent;coset,exact,1,1,1,1,1,0,0,7
10,1,1,8,0,2,1,1,1,1,1,1,branch;full;flag;coherent;coset,exact,1,1,1,1,1,0,0,7
10,1,1,8,1,1,1,1,1,1,1,1,branch;full;flag;coherent;coset,exact,1,1,1,1,1,0,0,7
10,1,1,8,1,2,1,1,1,1,1,1,branch;full;flag;coherent;coset,exact,1,1,1,1,1,0,0,7
10,1,2,8,0,1,1,1,1,1,1,1,branch;full;flag;coherent;coset,exact,1,1,1,1,1,0,0,7
10,1,2,8,0,2,1,1,1,1,1,1,branch;full;flag;coherent;coset,exact,1,1,1,1,1,0,0,7
10,1,2,8,1,1,1,1,1,1,1,1,branch;full;flag;coherent;coset,exact,1,1,1,1,1,0,0,7
10,1,2,8,1,2,1,1,1,1,1,1,branch;full;flag;coherent;coset,exact,1,1,1,1,1,0,0,7
10,0,1,9,0,1,3/4,3/4,3/4,3/4,3/4,3/4,branch;full;flag;coherent;coset,exact,1,1,3/4,1,1,0,0,14
10,0,1,9,0,2,1,1,1,1,1,1,branch;full;flag;coherent;coset,exact,1,1,1,1,1,0,0,19
10,0,1,9,1,1,1,1,1,1,1,1,branch;full;flag;coherent;coset,exact,1,1,1,1,1,0,0,9
10,0,1,9,1,2,1,1,1,1,1,1,branch;full;flag;coherent;coset,exact,1,1,1,1,1,0,0,9
10,0,2,9,0,1,1,1,1,1,1,1,branch;full;flag;coherent;coset,exact,1,1,1,1,1,0,0,16
10,0,2,9,0,2,1,1,1,1,1,1,branch;full;flag;coherent;coset,exact,1,1,1,1,1,0,0,20
10,0,2,9,1,1,1,1,1,1,1,1,branch;full;flag;coherent;coset,exact,1,1,1,1,1,0,0,10
10,0,2,9,1,2,1,1,1,1,1,1,branch;full;flag;coherent;coset,exact,1,1,1,1,1,0,0,10
10,1,1,9,0,1,1,1,1,1,1,1,branch;full;flag;coherent;coset,exact,1,1,1,1,1,0,0,11
10,1,1,9,0,2,1,1,1,1,1,1,branch;full;flag;coherent;coset,exact,1,1,1,1,1,0,0,11
10,1,1,9,1,1,1,1,1,1,1,1,branch;full;flag;coherent;coset,exact,1,1,1,1,1,0,0,9
10,1,1,9,1,2,1,1,1,1,1,1,branch;full;flag;coherent;coset,exact,1,1,1,1,1,0,0,9
10,1,2,9,0,1,1,1,1,1,1,1,branch;full;flag;coherent;coset,exact,1,1,1,1,1,0,0,11
10,1,2,9,0,2,1,1,1,1,1,1,branch;full;flag;coherent;coset,exact,1,1,1,1,1,0,0,11
10,1,2,9,1,1,1,1,1,1,1,1,branch;full;flag;coherent;coset,exact,1,1,1,1,1,0,0,9
10,1,2,9,1,2,1,1,1,1,1,1,branch;full;flag;coherent;coset,exact,1,1,1,1,1,0,0,9
10,0,1,10,0,1,1,1,1,1,1,1,branch;full;flag;coherent;coset,exact,1,1,1,1,1,0,0,8
10,0,1,10,0,2,1,1,1,1,1,1,branch;full;flag;coherent;coset,exact,1,1,1,1,1,0,0,8
10,0,1,10,1,1,1,1,1,1,1,1,branch;full;flag;coherent;coset,exact,1,1,1,1,1,0,0,7
10,0,1,10,1,2,1,1,1,1,1,1,branch;full;flag;coherent;coset,exact,1,1,1,1,1,0,0,7
10,0,2,10,0,1,1,1,1,1,1,1,branch;full;flag;coherent;coset,exact,1,1,1,1,1,0,0,9
10,0,2,10,0,2,1,1,1,1,1,1,branch;full;flag;coherent;coset,exact,1,1,1,1,1,0,0,9
10,0,2,10,1,1,1,1,1,1,1,1,branch;full;flag;coherent;coset,exact,1,1,1,1,1,0,0,8
10,0,2,10,1,2,1,1,1,1,1,1,branch;full;flag;coherent;coset,exact,1,1,1,1,1,0,0,8
10,1,1,10,0,1,1,1,1,1,1,1,branch;full;flag;coherent;coset,exact,1,1,1,1,1,0,0,7
10,1,1,10,0,2,1,1,1,1,1,1,branch;full;flag;coherent;coset,exact,1,1,1,1,1,0,0,7
10,1,1,10,1,1,1,1,1,1,1,1,branch;full;flag;coherent;coset,exact,1,1,1,1,1,0,0,7
10,1,1,10,1,2,1,1,1,1,1,1,branch;full;flag;coherent;coset,exact,1,1,1,1,1,0,0,7
10,1,2,10,0,1,1,1,1,1,1,1,branch;full;flag;coherent;coset,exact,1,1,1,1,1,0,0,7
10,1,2,10,0,2,1,1,1,1,1,1,branch;full;flag;coherent;coset,exact,1,1,1,1,1,0,0,7
10,1,2,10,1,1,1,1,1,1,1,1,branch;full;flag;coherent;coset,exact,1,1,1,1,1,0,0,7
10,1,2,10,1,2,1,1,1,1,1,1,branch;full;flag;coherent;coset,exact,1,1,1,1,1,0,0,7
10,0,1,11,0,1,3/4,3/4,3/4,3/4,3/4,3/4,branch;full;flag;coherent;coset,exact,1,1,3/4,1,1,0,0,14
10,0,1,11,0,2,1,1,1,1,1,1,branch;full;flag;coherent;coset,exact,1,1,1,1,1,0,0,19
10,0,1,11,1,1,1,1,1,1,1,1,branch;full;flag;coherent;coset,exact,1,1,1,1,1,0,0,9
10,0,1,11,1,2,1,1,1,1,1,1,branch;full;flag;coherent;coset,exact,1,1,1,1,1,0,0,9
10,0,2,11,0,1,1,1,1,1,1,1,branch;full;flag;coherent;coset,exact,1,1,1,1,1,0,0,16
10,0,2,11,0,2,1,1,1,1,1,1,branch;full;flag;coherent;coset,exact,1,1,1,1,1,0,0,20
10,0,2,11,1,1,1,1,1,1,1,1,branch;full;flag;coherent;coset,exact,1,1,1,1,1,0,0,10
10,0,2,11,1,2,1,1,1,1,1,1,branch;full;flag;coherent;coset,exact,1,1,1,1,1,0,0,10
10,1,1,11,0,1,1,1,1,1,1,1,branch;full;flag;coherent;coset,exact,1,1,1,1,1,0,0,11
10,1,1,11,0,2,1,1,1,1,1,1,branch;full;flag;coherent;coset,exact,1,1,1,1,1,0,0,11
10,1,1,11,1,1,1,1,1,1,1,1,branch;full;flag;coherent;coset,exact,1,1,1,1,1,0,0,9
10,1,1,11,1,2,1,1,1,1,1,1,branch;full;flag;coherent;coset,exact,1,1,1,1,1,0,0,9
10,1,2,11,0,1,1,1,1,1,1,1,branch;full;flag;coherent;coset,exact,1,1,1,1,1,0,0,11
10,1,2,11,0,2,1,1,1,1,1,1,branch;full;flag;coherent;coset,exact,1,1,1,1,1,0,0,11
10,1,2,11,1,1,1,1,1,1,1,1,branch;full;flag;coherent;coset,exact,1,1,1,1,1,0,0,9
10,1,2,11,1,2,1,1,1,1,1,1,branch;full;flag;coherent;coset,exact,1,1,1,1,1,0,0,9
10,0,1,12,0,1,3/4,3/4,3/4,3/4,3/4,3/4,branch;full;flag;coherent;coset,exact,1,1,3/4,1,1,0,0,13
10,0,1,12,0,2,1,1,1,1,1,1,branch;full;flag;coherent;coset,exact,1,1,1,1,1,0,0,14
10,0,1,12,1,1,1,1,1,1,1,1,branch;full;flag;coherent;coset,exact,1,1,1,1,1,0,0,11
10,0,1,12,1,2,1,1,1,1,1,1,branch;full;flag;coherent;coset,exact,1,1,1,1,1,0,0,11
10,0,2,12,0,1,1,1,1,1,1,1,branch;full;flag;coherent;coset,exact,1,1,1,1,1,0,0,15
10,0,2,12,0,2,1,1,1,1,1,1,branch;full;flag;coherent;coset,exact,1,1,1,1,1,0,0,15
10,0,2,12,1,1,1,1,1,1,1,1,branch;full;flag;coherent;coset,exact,1,1,1,1,1,0,0,12
10,0,2,12,1,2,1,1,1,1,1,1,branch;full;flag;coherent;coset,exact,1,1,1,1,1,0,0,12
10,1,1,12,0,1,1,1,1,1,1,1,branch;full;flag;coherent;coset,exact,1,1,1,1,1,0,0,11
10,1,1,12,0,2,1,1,1,1,1,1,branch;full;flag;coherent;coset,exact,1,1,1,1,1,0,0,11
10,1,1,12,1,1,1,1,1,1,1,1,branch;full;flag;coherent;coset,exact,1,1,1,1,1,0,0,9
10,1,1,12,1,2,1,1,1,1,1,1,branch;full;flag;coherent;coset,exact,1,1,1,1,1,0,0,9
10,1,2,12,0,1,1,1,1,1,1,1,branch;full;flag;coherent;coset,exact,1,1,1,1,1,0,0,11
10,1,2,12,0,2,1,1,1,1,1,1,branch;full;flag;coherent;coset,exact,1,1,1,1,1,0,0,11
10,1,2,12,1,1,1,1,1,1,1,1,branch;full;flag;coherent;coset,exact,1,1,1,1,1,0,0,9
10,1,2,12,1,2,1,1,1,1,1,1,branch;full;flag;coherent;coset,exact,1,1,1,1,1,0,0,9
10,0,1,13,0,1,3/4,3/4,3/4,3/4,3/4,3/4,branch;full;flag;coherent;coset,exact,1,1,3/4,1,1,0,0,14
10,0,1,13,0,2,1,1,1,1,1,1,branch;full;flag;coherent;coset,exact,1,1,1,1,1,0,0,19
10,0,1,13,1,1,1,1,1,1,1,1,branch;full;flag;coherent;coset,exact,1,1,1,1,1,0,0,9
10,0,1,13,1,2,1,1,1,1,1,1,branch;full;flag;coherent;coset,exact,1,1,1,1,1,0,0,9
10,0,2,13,0,1,1,1,1,1,1,1,branch;full;flag;coherent;coset,exact,1,1,1,1,1,0,0,16
10,0,2,13,0,2,1,1,1,1,1,1,branch;full;flag;coherent;coset,exact,1,1,1,1,1,0,0,20
10,0,2,13,1,1,1,1,1,1,1,1,branch;full;flag;coherent;coset,exact,1,1,1,1,1,0,0,10
10,0,2,13,1,2,1,1,1,1,1,1,branch;full;flag;coherent;coset,exact,1,1,1,1,1,0,0,10
10,1,1,13,0,1,1,1,1,1,1,1,branch;full;flag;coherent;coset,exact,1,1,1,1,1,0,0,11
10,1,1,13,0,2,1,1,1,1,1,1,branch;full;flag;coherent;coset,exact,1,1,1,1,1,0,0,11
10,1,1,13,1,1,1,1,1,1,1,1,branch;full;flag;coherent;coset,exact,1,1,1,1,1,0,0,9
10,1,1,13,1,2,1,1,1,1,1,1,branch;full;flag;coherent;coset,exact,1,1,1,1,1,0,0,9
10,1,2,13,0,1,1,1,1,1,1,1,branch;full;flag;coherent;coset,exact,1,1,1,1,1,0,0,11
10,1,2,13,0,2,1,1,1,1,1,1,branch;full;flag;coherent;coset,exact,1,1,1,1,1,0,0,11
10,1,2,13,1,1,1,1,1,1,1,1,branch;full;flag;coherent;coset,exact,1,1,1,1,1,0,0,9
10,1,2,13,1,2,1,1,1,1,1,1,branch;full;flag;coherent;coset,exact,1,1,1,1,1,0,0,9
10,0,1,14,0,1,3/4,3/4,3/4,3/4,3/4,3/4,branch;full;flag;coherent;coset,exact,1,1,3/4,1,1,0,0,14
10,0,1,14,0,2,1,1,1,1,1,1,branch;full;flag;coherent;coset,exact,1,1,1,1,1,0,0,19
10,0,1,14,1,1,1,1,1,1,1,1,branch;full;flag;coherent;coset,exact,1,1,1,1,1,0,0,9
10,0,1,14,1,2,1,1,1,1,1,1,branch;full;flag;coherent;coset,exact,1,1,1,1,1,0,0,9
10,0,2,14,0,1,1,1,1,1,1,1,branch;full;flag;coherent;coset,exact,1,1,1,1,1,0,0,16
10,0,2,14,0,2,1,1,1,1,1,1,branch;full;flag;coherent;coset,exact,1,1,1,1,1,0,0,20
10,0,2,14,1,1,1,1,1,1,1,1,branch;full;flag;coherent;coset,exact,1,1,1,1,1,0,0,10
10,0,2,14,1,2,1,1,1,1,1,1,branch;full;flag;coherent;coset,exact,1,1,1,1,1,0,0,10
10,1,1,14,0,1,1,1,1,1,1,1,branch;full;flag;coherent;coset,exact,1,1,1,1,1,0,0,11
10,1,1,14,0,2,1,1,1,1,1,1,branch;full;flag;coherent;coset,exact,1,1,1,1,1,0,0,11
10,1,1,14,1,1,1,1,1,1,1,1,branch;full;flag;coherent;coset,exact,1,1,1,1,1,0,0,9
10,1,1,14,1,2,1,1,1,1,1,1,branch;full;flag;coherent;coset,exact,1,1,1,1,1,0,0,9
10,1,2,14,0,1,1,1,1,1,1,1,branch;full;flag;coherent;coset,exact,1,1,1,1,1,0,0,11
10,1,2,14,0,2,1,1,1,1,1,1,branch;full;flag;coherent;coset,exact,1,1,1,1,1,0,0,11
10,1,2,14,1,1,1,1,1,1,1,1,branch;full;flag;coherent;coset,exact,1,1,1,1,1,0,0,9
10,1,2,14,1,2,1,1,1,1,1,1,branch;full;flag;coherent;coset,exact,1,1,1,1,1,0,0,9
10,0,1,15,0,1,3/4,3/4,3/4,3/4,3/4,3/4,branch;full;flag;coherent;coset,exact,1,1,3/4,1,1,0,0,13
10,0,1,15,0,2,1,1,1,1,1,1,branch;full;flag;coherent;coset,exact,1,1,1,1,1,0,0,14
10,0,1,15,1,1,1,1,1,1,1,1,branch;full;flag;coherent;coset,exact,1,1,1,1,1,0,0,11
10,0,1,15,1,2,1,1,1,1,1,1,branch;full;flag;coherent;coset,exact,1,1,1,1,1,0,0,11
10,0,2,15,0,1,1,1,1,1,1,1,branch;full;flag;coherent;coset,exact,1,1,1,1,1,0,0,15
10,0,2,15,0,2,1,1,1,1,1,1,branch;full;flag;coherent;coset,exact,1,1,1,1,1,0,0,15
10,0,2,15,1,1,1,1,1,1,1,1,branch;full;flag;coherent;coset,exact,1,1,1,1,1,0,0,12
10,0,2,15,1,2,1,1,1,1,1,1,branch;full;flag;coherent;coset,exact,1,1,1,1,1,0,0,12
10,1,1,15,0,1,1,1,1,1,1,1,branch;full;flag;coherent;coset,exact,1,1,1,1,1,0,0,11
10,1,1,15,0,2,1,1,1,1,1,1,branch;full;flag;coherent;coset,exact,1,1,1,1,1,0,0,11
10,1,1,15,1,1,1,1,1,1,1,1,branch;full;flag;coherent;coset,exact,1,1,1,1,1,0,0,9
10,1,1,15,1,2,1,1,1,1,1,1,branch;full;flag;coherent;coset,exact,1,1,1,1,1,0,0,9
10,1,2,15,0,1,1,1,1,1,1,1,branch;full;flag;coherent;coset,exact,1,1,1,1,1,0,0,11
10,1,2,15,0,2,1,1,1,1,1,1,branch;full;flag;coherent;coset,exact,1,1,1,1,1,0,0,11
10,1,2,15,1,1,1,1,1,1,1,1,branch;full;flag;coherent;coset,exact,1,1,1,1,1,0,0,9
10,1,2,15,1,2,1,1,1,1,1,1,branch;full;flag;coherent;coset,exact,1,1,1,1,1,0,0,9
11,0,1,0,0,1,1,1,1,1,1,1,branch;full;flag;coherent;coset,exact,1,1,1,1,1,0,0,10
11,0,1,0,0,2,1,1,1,1,1,1,branch;full;flag;coherent;coset,exact,1,1,1,1,1,0,0,10
11,0,1,0,1,1,1,1,1,1,1,1,branch;full;flag;coherent;coset,exact,1,1,1,1,1,0,0,10
11,0,1,0,1,2,1,1,1,1,1,1,branch;full;flag;coherent;coset,exact,1,1,1,1,1,0,0,10
11,0,2,0,0,1,1,1,1,1,1,1,branch;full;flag;coherent;coset,exact,1,1,1,1,1,0,0,22
11,0,2,0,0,2,1,1,1,1,1,1,branch;full;flag;coherent;coset,exact,1,1,1,1,1,0,0,22
11,0,2,0,1,1,1,1,1,1,1,1,branch;full;flag;coherent;coset,exact,1,1,1,1,1,0,0,22
11,0,2,0,1,2,1,1,1,1,1,1,branch;full;flag;coherent;coset,exact,1,1,1,1,1,0,0,22
11,1,1,0,0,1,1,1,1,1,1,1,branch;full;flag;coherent;coset,exact,1,1,1,1,1,0,0,10
11,1,1,0,0,2,1,1,1,1,1,1,branch;full;flag;coherent;coset,exact,1,1,1,1,1,0,0,10
11,1,1,0,1,1,1,1,1,1,1,1,branch;full;flag;coherent;coset,exact,1,1,1,1,1,0,0,10
11,1,1,0,1,2,1,1,1,1,1,1,branch;full;flag;coherent;coset,exact,1,1,1,1,1,0,0,10
11,1,2,0,0,1,1,1,1,1,1,1,branch;full;flag;coherent;coset,exact,1,1,1,1,1,0,0,11
11,1,2,0,0,2,1,1,1,1,1,1,branch;full;flag;coherent;coset,exact,1,1,1,1,1,0,0,11
11,1,2,0,1,1,1,1,1,1,1,1,branch;full;flag;coherent;coset,exact,1,1,1,1,1,0,0,11
11,1,2,0,1,2,1,1,1,1,1,1,branch;full;flag;coherent;coset,exact,1,1,1,1,1,0,0,11
11,0,1,1,0,1,1,1,1,1,1,1,branch;full;flag;coherent;coset,exact,1,1,3/4,1,0,0,0,15
11,0,1,1,0,2,1,1,1,1,1,1,branch;full;flag;coherent;coset,exact,1,1,1,1,1,0,0,16
11,0,1,1,1,1,1,1,1,1,1,1,branch;full;flag;coherent;coset,exact,1,1,1,1,1,0,0,12
11,0,1,1,1,2,1,1,1,1,1,1,branch;full;flag;coherent;coset,exact,1,1,1,1,1,0,0,12
11,0,2,1,0,1,1,1,1,1,1,1,branch;full;flag;coherent;coset,exact,1,1,1,1,1,0,0,26
11,0,2,1,0,2,1,1,1,1,1,1,branch;full;flag;coherent;coset,exact,1,1,1,1,1,0,0,26
11,0,2,1,1,1,1,1,1,1,1,1,branch;full;flag;coherent;coset,exact,1,1,1,1,1,0,0,18
11,0,2,1,1,2,1,1,1,1,1,1,branch;full;flag;coherent;coset,exact,1,1,1,1,1,0,0,18
11,1,1,1,0,1,1,1,1,1,1,1,branch;full;flag;coherent;coset,exact,1,1,1,1,1,0,0,10
11,1,1,1,0,2,1,1,1,1,1,1,branch;full;flag;coherent;coset,exact,1,1,1,1,1,0,0,10
11,1,1,1,1,1,1,1,1,1,1,1,branch;full;flag;coherent;coset,exact,1,1,1,1,1,0,0,10
11,1,1,1,1,2,1,1,1,1,1,1,branch;full;flag;coherent;coset,exact,1,1,1,1,1,0,0,10
11,1,2,1,0,1,1,1,1,1,1,1,branch;full;flag;coherent;coset,exact,1,1,1,1,1,0,0,11
11,1,2,1,0,2,1,1,1,1,1,1,branch;full;flag;coherent;coset,exact,1,1,1,1,1,0,0,11
11,1,2,1,1,1,1,1,1,1,1,1,branch;full;flag;coherent;coset,exact,1,1,1,1,1,0,0,11
11,1,2,1,1,2,1,1,1,1,1,1,branch;full;flag;coherent;coset,exact,1,1,1,1,1,0,0,11
11,0,1,2,0,1,1,1,1,1,1,1,branch;full;flag;coherent;coset,exact,1,1,3/4,1,0,0,0,15
11,0,1,2,0,2,1,1,1,1,1,1,branch;full;flag;coherent;coset,exact,1,1,1,1,1,0,0,16
11,0,1,2,1,1,1,1,1,1,1,1,branch;full;flag;coherent;coset,exact,1,1,1,1,1,0,0,12
11,0,1,2,1,2,1,1,1,1,1,1,branch;full;flag;coherent;coset,exact,1,1,1,1,1,0,0,12
11,0,2,2,0,1,1,1,1,1,1,1,branch;full;flag;coherent;coset,exact,1,1,1,1,1,0,0,26
11,0,2,2,0,2,1,1,1,1,1,1,branch;full;flag;coherent;coset,exact,1,1,1,1,1,0,0,26
11,0,2,2,1,1,1,1,1,1,1,1,branch;full;flag;coherent;coset,exact,1,1,1,1,1,0,0,18
11,0,2,2,1,2,1,1,1,1,1,1,branch;full;flag;coherent;coset,exact,1,1,1,1,1,0,0,18
11,1,1,2,0,1,1,1,1,1,1,1,branch;full;flag;coherent;coset,exact,1,1,1,1,1,0,0,10
11,1,1,2,0,2,1,1,1,1,1,1,branch;full;flag;coherent;coset,exact,1,1,1,1,1,0,0,10
11,1,1,2,1,1,1,1,1,1,1,1,branch;full;flag;coherent;coset,exact,1,1,1,1,1,0,0,10
11,1,1,2,1,2,1,1,1,1,1,1,branch;full;flag;coherent;coset,exact,1,1,1,1,1,0,0,10
11,1,2,2,0,1,1,1,1,1,1,1,branch;full;flag;coherent;coset,exact,1,1,1,1,1,0,0,11
11,1,2,2,0,2,1,1,1,1,1,1,branch;full;flag;coherent;coset,exact,1,1,1,1,1,0,0,11
11,1,2,2,1,1,1,1,1,1,1,1,branch;full;flag;coherent;coset,exact,1,1,1,1,1,0,0,11
11,1,2,2,1,2,1,1,1,1,1,1,branch;full;flag;coherent;coset,exact,1,1,1,1,1,0,0,11
11,0,1,3,0,1,1,1,1,1,1,1,branch;full;flag;coherent;coset,exact,1,1,3/4,1,0,0,0,15
11,0,1,3,0,2,1,1,1,1,1,1,branch;full;flag;coherent;coset,exact,1,1,1,1,1,0,0,16
11,0,1,3,1,1,1,1,1,1,1,1,branch;full;flag;coherent;coset,exact,1,1,1,1,1,0,0,12
11,0,1,3,1,2,1,1,1,1,1,1,branch;full;flag;coherent;coset,exact,1,1,1,1,1,0,0,12
11,0,2,3,0,1,1,1,1,1,1,1,branch;full;flag;coherent;coset,exact,1,1,1,1,1,0,0,26
11,0,2,3,0,2,1,1,1,1,1,1,branch;full;flag;coherent;coset,exact,1,1,1,1,1,0,0,26
11,0,2,3,1,1,1,1,1,1,1,1,branch;full;flag;coherent;coset,exact,1,1,1,1,1,0,0,18
11,0,2,3,1,2,1,1,1,1,1,1,branch;full;flag;coherent;coset,exact,1,1,1,1,1,0,0,18
11,1,1,3,0,1,1,1,1,1,1,1,branch;full;flag;coherent;coset,exact,1,1,1,1,1,0,0,10
11,1,1,3,0,2,1,1,1,1,1,1,branch;full;flag;coherent;coset,exact,1,1,1,1,1,0,0,10
11,1,1,3,1,1,1,1,1,1,1,1,branch;full;flag;coherent;coset,exact,1,1,1,1,1,0,0,10
11,1,1,3,1,2,1,1,1,1,1,1,branch;full;flag;coherent;coset,exact,1,1,1,1,1,0,0,10
11,1,2,3,0,1,1,1,1,1,1,1,branch;full;flag;coherent;coset,exact,1,1,1,1,1,0,0,11
11,1,2,3,0,2,1,1,1,1,1,1,branch;full;flag;coherent;coset,exact,1,1,1,1,1,0,0,11
11,1,2,3,1,1,1,1,1,1,1,1,branch;full;flag;coherent;coset,exact,1,1,1,1,1,0,0,11
11,1,2,3,1,2,1,1,1,1,1,1,branch;full;flag;coherent;coset,exact,1,1,1,1,1,0,0,11
11,0,1,4,0,1,1,1,1,1,1,1,branch;full;flag;coherent;coset,exact,1,1,3/4,1,0,0,0,15
11,0,1,4,0,2,1,1,1,1,1,1,branch;full;flag;coherent;coset,exact,1,1,1,1,1,0,0,16
11,0,1,4,1,1,1,1,1,1,1,1,branch;full;flag;coherent;coset,exact,1,1,1,1,1,0,0,12
11,0,1,4,1,2,1,1,1,1,1,1,branch;full;flag;coherent;coset,exact,1,1,1,1,1,0,0,12
11,0,2,4,0,1,1,1,1,1,1,1,branch;full;flag;coherent;coset,exact,1,1,1,1,1,0,0,26
11,0,2,4,0,2,1,1,1,1,1,1,branch;full;flag;coherent;coset,exact,1,1,1,1,1,0,0,26
11,0,2,4,1,1,1,1,1,1,1,1,branch;full;flag;coherent;coset,exact,1,1,1,1,1,0,0,18
11,0,2,4,1,2,1,1,1,1,1,1,branch;full;flag;coherent;coset,exact,1,1,1,1,1,0,0,18
11,1,1,4,0,1,1,1,1,1,1,1,branch;full;flag;coherent;coset,exact,1,1,1,1,1,0,0,10
11,1,1,4,0,2,1,1,1,1,1,1,branch;full;flag;coherent;coset,exact,1,1,1,1,1,0,0,10
11,1,1,4,1,1,1,1,1,1,1,1,branch;full;flag;coherent;coset,exact,1,1,1,1,1,0,0,10
11,1,1,4,1,2,1,1,1,1,1,1,branch;full;flag;coherent;coset,exact,1,1,1,1,1,0,0,10
11,1,2,4,0,1,1,1,1,1,1,1,branch;full;flag;coherent;coset,exact,1,1,1,1,1,0,0,11
11,1,2,4,0,2,1,1,1,1,1,1,branch;full;flag;coherent;coset,exact,1,1,1,1,1,0,0,11
11,1,2,4,1,1,1,1,1,1,1,1,branch;full;flag;coherent;coset,exact,1,1,1,1,1,0,0,11
11,1,2,4,1,2,1,1,1,1,1,1,branch;full;flag;coherent;coset,exact,1,1,1,1,1,0,0,11
11,0,1,5,0,1,1,1,1,1,1,1,branch;full;flag;coherent;coset,exact,1,1,3/4,1,0,0,0,15
11,0,1,5,0,2,1,1,1,1,1,1,branch;full;flag;coherent;coset,exact,1,1,1,1,1,0,0,16
11,0,1,5,1,1,1,1,1,1,1,1,branch;full;flag;coherent;coset,exact,1,1,1,1,1,0,0,12
11,0,1,5,1,2,1,1,1,1,1,1,branch;full;flag;coherent;coset,exact,1,1,1,1,1,0,0,12
11,0,2,5,0,1,1,1,1,1,1,1,branch;full;flag;coherent;coset,exact,1,1,1,1,1,0,0,26
11,0,2,5,0,2,1,1,1,1,1,1,branch;full;flag;coherent;coset,exact,1,1,1,1,1,0,0,26
11,0,2,5,1,1,1,1,1,1,1,1,branch;full;flag;coherent;coset,exact,1,1,1,1,1,0,0,18
11,0,2,5,1,2,1,1,1,1,1,1,branch;full;flag;coherent;coset,exact,1,1,1,1,1,0,0,18
11,1,1,5,0,1,1,1,1,1,1,1,branch;full;flag;coherent;coset,exact,1,1,1,1,1,0,0,10
11,1,1,5,0,2,1,1,1,1,1,1,branch;full;flag;coherent;coset,exact,1,1,1,1,1,0,0,10
11,1,1,5,1,1,1,1,1,1,1,1,branch;full;flag;coherent;coset,exact,1,1,1,1,1,0,0,10
11,1,1,5,1,2,1,1,1,1,1,1,branch;full;flag;coherent;coset,exact,1,1,1,1,1,0,0,10
11,1,2,5,0,1,1,1,1,1,1,1,branch;full;flag;coherent;coset,exact,1,1,1,1,1,0,0,11
11,1,2,5,0,2,1,1,1,1,1,1,branch;full;flag;coherent;coset,exact,1,1,1,1,1,0,0,11
11,1,2,5,1,1,1,1,1,1,1,1,branch;full;flag;coherent;coset,exact,1,1,1,1,1,0,0,11
11,1,2,5,1,2,1,1,1,1,1,1,branch;full;flag;coherent;coset,exact,1,1,1,1,1,0,0,11
11,0,1,6,0,1,1,1,1,1,1,1,branch;full;flag;coherent;coset,exact,1,1,1/2,1,0,0,0,15
11,0,1,6,0,2,1,1,1,1,1,1,branch;full;flag;coherent;coset,exact,1,1,3/4,1,0,0,0,19
11,0,1,6,1,1,1,1,1,1,1,1,branch;full;flag;coherent;coset,exact,1,1,1,1,1,0,0,10
11,0,1,6,1,2,1,1,1,1,1,1,branch;full;flag;coherent;coset,exact,1,1,1,1,1,0,0,10
11,0,2,6,0,1,1,1,1,1,1,1,branch;full;flag;coherent;coset,exact,1,1,3/4,1,0,0,0,25
11,0,2,6,0,2,1,1,1,1,1,1,branch;full;flag;coherent;coset,exact,1,1,1,1,1,0,0,26
11,0,2,6,1,1,1,1,1,1,1,1,branch;full;flag;coherent;coset,exact,1,1,1,1,1,0,0,16
11,0,2,6,1,2,1,1,1,1,1,1,branch;full;flag;coherent;coset,exact,1,1,1,1,1,0,0,16
11,1,1,6,0,1,1,1,1,1,1,1,branch;full;flag;coherent;coset,exact,1,1,1,1,1,0,0,10
11,1,1,6,0,2,1,1,1,1,1,1,branch;full;flag;coherent;coset,exact,1,1,1,1,1,0,0,10
11,1,1,6,1,1,1,1,1,1,1,1,branch;full;flag;coherent;coset,exact,1,1,1,1,1,0,0,10
11,1,1,6,1,2,1,1,1,1,1,1,branch;full;flag;coherent;coset,exact,1,1,1,1,1,0,0,10
11,1,2,6,0,1,1,1,1,1,1,1,branch;full;flag;coherent;coset,exact,1,1,1,1,1,0,0,11
11,1,2,6,0,2,1,1,1,1,1,1,branch;full;flag;coherent;coset,exact,1,1,1,1,1,0,0,11
11,1,2,6,1,1,1,1,1,1,1,1,branch;full;flag;coherent;coset,exact,1,1,1,1,1,0,0,11
11,1,2,6,1,2,1,1,1,1,1,1,branch;full;flag;coherent;coset,exact,1,1,1,1,1,0,0,11
11,0,1,7,0,1,1,1,1,1,1,1,branch;full;flag;coherent;coset,exact,1,1,1/2,1,0,0,0,15
11,0,1,7,0,2,1,1,1,1,1,1,branch;full;flag;coherent;coset,exact,1,1,3/4,1,0,0,0,19
11,0,1,7,1,1,1,1,1,1,1,1,branch;full;flag;coherent;coset,exact,1,1,1,1,1,0,0,10
11,0,1,7,1,2,1,1,1,1,1,1,branch;full;flag;coherent;coset,exact,1,1,1,1,1,0,0,10
11,0,2,7,0,1,1,1,1,1,1,1,branch;full;flag;coherent;coset,exact,1,1,3/4,1,0,0,0,25
11,0,2,7,0,2,1,1,1,1,1,1,branch;full;flag;coherent;coset,exact,1,1,1,1,1,0,0,26
11,0,2,7,1,1,1,1,1,1,1,1,branch;full;flag;coherent;coset,exact,1,1,1,1,1,0,0,16
11,0,2,7,1,2,1,1,1,1,1,1,branch;full;flag;coherent;coset,exact,1,1,1,1,1,0,0,16
11,1,1,7,0,1,1,1,1,1,1,1,branch;full;flag;coherent;coset,exact,1,1,1,1,1,0,0,10
11,1,1,7,0,2,1,1,1,1,1,1,branch;full;flag;coherent;coset,exact,1,1,1,1,1,0,0,10
11,1,1,7,1,1,1,1,1,1,1,1,branch;full;flag;coherent;coset,exact,1,1,1,1,1,0,0,10
11,1,1,7,1,2,1,1,1,1,1,1,branch;full;flag;coherent;coset,exact,1,1,1,1,1,0,0,10
11,1,2,7,0,1,1,1,1,1,1,1,branch;full;flag;coherent;coset,exact,1,1,1,1,1,0,0,11
11,1,2,7,0,2,1,1,1,1,1,1,branch;full;flag;coherent;coset,exact,1,1,1,1,1,0,0,11
11,1,2,7,1,1,1,1,1,1,1,1,branch;full;flag;coherent;coset,exact,1,1,1,1,1,0,0,11
11,1,2,7,1,2,1,1,1,1,1,1,branch;full;flag;coherent;coset,exact,1,1,1,1,1,0,0,11
11,0,1,8,0,1,1,1,1,1,1,1,branch;full;flag;coherent;coset,exact,1,1,3/4,1,0,0,0,15
11,0,1,8,0,2,1,1,1,1,1,1,branch;full;flag;coherent;coset,exact,1,1,1,1,1,0,0,16
11,0,1,8,1,1,1,1,1,1,1,1,branch;full;flag;coherent;coset,exact,1,1,1,1,1,0,0,12
11,0,1,8,1,2,1,1,1,1,1,1,branch;full;flag;coherent;coset,exact,1,1,1,1,1,0,0,12
11,0,2,8,0,1,1,1,1,1,1,1,branch;full;flag;coherent;coset,exact,1,1,1,1,1,0,0,26
11,0,2,8,0,2,1,1,1,1,1,1,branch;full;flag;coherent;coset,exact,1,1,1,1,1,0,0,26
11,0,2,8,1,1,1,1,1,1,1,1,branch;full;flag;coherent;coset,exact,1,1,1,1,1,0,0,18
11,0,2,8,1,2,1,1,1,1,1,1,branch;full;flag;coherent;coset,exact,1,1,1,1,1,0,0,18
11,1,1,8,0,1,1,1,1,1,1,1,branch;full;flag;coherent;coset,exact,1,1,1,1,1,0,0,10
11,1,1,8,0,2,1,1,1,1,1,1,branch;full;flag;coherent;coset,exact,1,1,1,1,1,0,0,10
11,1,1,8,1,1,1,1,1,1,1,1,branch;full;flag;coherent;coset,exact,1,1,1,1,1,0,0,10
11,1,1,8,1,2,1,1,1,1,1,1,branch;full;flag;coherent;coset,exact,1,1,1,1,1,0,0,10
11,1,2,8,0,1,1,1,1,1,1,1,branch;full;flag;coherent;coset,exact,1,1,1,1,1,0,0,11
11,1,2,8,0,2,1,1,1,1,1,1,branch;full;flag;coherent;coset,exact,1,1,1,1,1,0,0,11
11,1,2,8,1,1,1,1,1,1,1,1,branch;full;flag;coherent;coset,exact,1,1,1,1,1,0,0,11
11,1,2,8,1,2,1,1,1,1,1,1,branch;full;flag;coherent;coset,exact,1,1,1,1,1,0,0,11
11,0,1,9,0,1,1,1,1,1,1,1,branch;full;flag;coherent;coset,exact,1,1,1/2,1,0,0,0,15
11,0,1,9,0,2,1,1,1,1,1,1,branch;full;flag;coherent;coset,exact,1,1,3/4,1,0,0,0,19
11,0,1,9,1,1,1,1,1,1,1,1,branch;full;flag;coherent;coset,exact,1,1,1,1,1,0,0,10
11,0,1,9,1,2,1,1,1,1,1,1,branch;full;flag;coherent;coset,exact,1,1,1,1,1,0,0,10
11,0,2,9,0,1,1,1,1,1,1,1,branch;full;flag;coherent;coset,exact,1,1,3/4,1,0,0,0,25
11,0,2,9,0,2,1,1,1,1,1,1,branch;full;flag;coherent;coset,exact,1,1,1,1,1,0,0,26
11,0,2,9,1,1,1,1,1,1,1,1,branch;full;flag;coherent;coset,exact,1,1,1,1,1,0,0,16
11,0,2,9,1,2,1,1,1,1,1,1,branch;full;flag;coherent;coset,exact,1,1,1,1,1,0,0,16
11,1,1,9,0,1,1,1,1,1,1,1,branch;full;flag;coherent;coset,exact,1,1,1,1,1,0,0,10
11,1,1,9,0,2,1,1,1,1,1,1,branch;full;flag;coherent;coset,exact,1,1,1,1,1,0,0,10
11,1,1,9,1,1,1,1,1,1,1,1,branch;full;flag;coherent;coset,exact,1,1,1,1,1,0,0,10
11,1,1,9,1,2,1,1,1,1,1,1,branch;full;flag;coherent;coset,exact,1,1,1,1,1,0,0,10
11,1,2,9,0,1,1,1,1,1,1,1,branch;full;flag;coherent;coset,exact,1,1,1,1,1,0,0,11
11,1,2,9,0,2,1,1,1,1,1,1,branch;full;flag;coherent;coset,exact,1,1,1,1,1,0,0,11
11,1,2,9,1,1,1,1,1,1,1,1,branch;full;flag;coherent;coset,exact,1,1,1,1,1,0,0,11
11,1,2,9,1,2,1,1,1,1,1,1,branch;full;flag;coherent;coset,exact,1,1,1,1,1,0,0,11
11,0,1,10,0,1,1,1,1,1,1,1,branch;full;flag;coherent;coset,exact,1,1,3/4,1,0,0,0,15
11,0,1,10,0,2,1,1,1,1,1,1,branch;full;flag;coherent;coset,exact,1,1,1,1,1,0,0,16
11,0,1,10,1,1,1,1,1,1,1,1,branch;full;flag;coherent;coset,exact,1,1,1,1,1,0,0,12
11,0,1,10,1,2,1,1,1,1,1,1,branch;full;flag;coherent;coset,exact,1,1,1,1,1,0,0,12
11,0,2,10,0,1,1,1,1,1,1,1,branch;full;flag;coherent;coset,exact,1,1,1,1,1,0,0,26
11,0,2,10,0,2,1,1,1,1,1,1,branch;full;flag;coherent;coset,exact,1,1,1,1,1,0,0,26
11,0,2,10,1,1,1,1,1,1,1,1,branch;full;flag;coherent;coset,exact,1,1,1,1,1,0,0,18
11,0,2,10,1,2,1,1,1,1,1,1,branch;full;flag;coherent;coset,exact,1,1,1,1,1,0,0,18
11,1,1,10,0,1,1,1,1,1,1,1,branch;full;flag;coherent;coset,exact,1,1,1,1,1,0,0,10
11,1,1,10,0,2,1,1,1,1,1,1,branch;full;flag;coherent;coset,exact,1,1,1,1,1,0,0,10
11,1,1,10,1,1,1,1,1,1,1,1,branch;full;flag;coherent;coset,exact,1,1,1,1,1,0,0,10
11,1,1,10,1,2,1,1,1,1,1,1,branch;full;flag;coherent;coset,exact,1,1,1,1,1,0,0,10
11,1,2,10,0,1,1,1,1,1,1,1,branch;full;flag;coherent;coset,exact,1,1,1,1,1,0,0,11
11,1,2,10,0,2,1,1,1,1,1,1,branch;full;flag;coherent;coset,exact,1,1,1,1,1,0,0,11
11,1,2,10,1,1,1,1,1,1,1,1,branch;full;flag;coherent;coset,exact,1,1,1,1,1,0,0,11
11,1,2,10,1,2,1,1,1,1,1,1,branch;full;flag;coherent;coset,exact,1,1,1,1,1,0,0,11
11,0,1,11,0,1,1,1,1,1,1,1,branch;full;flag;coherent;coset,exact,1,1,1/2,1,0,0,0,15
11,0,1,11,0,2,1,1,1,1,1,1,branch;full;flag;coherent;coset,exact,1,1,3/4,1,0,0,0,19
11,0,1,11,1,1,1,1,1,1,1,1,branch;full;flag;coherent;coset,exact,1,1,1,1,1,0,0,10
11,0,1,11,1,2,1,1,1,1,1,1,branch;full;flag;coherent;coset,exact,1,1,1,1,1,0,0,10
11,0,2,11,0,1,1,1,1,1,1,1,branch;full;flag;coherent;coset,exact,1,1,3/4,1,0,0,0,25
11,0,2,11,0,2,1,1,1,1,1,1,branch;full;flag;coherent;coset,exact,1,1,1,1,1,0,0,26
11,0,2,11,1,1,1,1,1,1,1,1,branch;full;flag;coherent;coset,exact,1,1,1,1,1,0,0,16
11,0,2,11,1,2,1,1,1,1,1,1,branch;full;flag;coherent;coset,exact,1,1,1,1,1,0,0,16
11,1,1,11,0,1,1,1,1,1,1,1,branch;full;flag;coherent;coset,exact,1,1,1,1,1,0,0,10
11,1,1,11,0,2,1,1,1,1,1,1,branch;full;flag;coherent;coset,exact,1,1,1,1,1,0,0,10
11,1,1,11,1,1,1,1,1,1,1,1,branch;full;flag;coherent;coset,exact,1,1,1,1,1,0,0,10
11,1,1,11,1,2,1,1,1,1,1,1,branch;full;flag;coherent;coset,exact,1,1,1,1,1,0,0,10
11,1,2,11,0,1,1,1,1,1,1,1,branch;full;flag;coherent;coset,exact,1,1,1,1,1,0,0,11
11,1,2,11,0,2,1,1,1,1,1,1,branch;full;flag;coherent;coset,exact,1,1,1,1,1,0,0,11
11,1,2,11,1,1,1,1,1,1,1,1,branch;full;flag;coherent;coset,exact,1,1,1,1,1,0,0,11
11,1,2,11,1,2,1,1,1,1,1,1,branch;full;flag;coherent;coset,exact,1,1,1,1,1,0,0,11
11,0,1,12,0,1,1,1,1,1,1,1,branch;full;flag;coherent;coset,exact,1,1,3/4,1,0,0,0,15
11,0,1,12,0,2,1,1,1,1,1,1,branch;full;flag;coherent;coset,exact,1,1,1,1,1,0,0,16
11,0,1,12,1,1,1,1,1,1,1,1,branch;full;flag;coherent;coset,exact,1,1,1,1,1,0,0,12
11,0,1,12,1,2,1,1,1,1,1,1,branch;full;flag;coherent;coset,exact,1,1,1,1,1,0,0,12
11,0,2,12,0,1,1,1,1,1,1,1,branch;full;flag;coherent;coset,exact,1,1,1,1,1,0,0,26
11,0,2,12,0,2,1,1,1,1,1,1,branch;full;flag;coherent;coset,exact,1,1,1,1,1,0,0,26
11,0,2,12,1,1,1,1,1,1,1,1,branch;full;flag;coherent;coset,exact,1,1,1,1,1,0,0,18
11,0,2,12,1,2,1,1,1,1,1,1,branch;full;flag;coherent;coset,exact,1,1,1,1,1,0,0,18
11,1,1,12,0,1,1,1,1,1,1,1,branch;full;flag;coherent;coset,exact,1,1,1,1,1,0,0,10
11,1,1,12,0,2,1,1,1,1,1,1,branch;full;flag;coherent;coset,exact,1,1,1,1,1,0,0,10
11,1,1,12,1,1,1,1,1,1,1,1,branch;full;flag;coherent;coset,exact,1,1,1,1,1,0,0,10
11,1,1,12,1,2,1,1,1,1,1,1,branch;full;flag;coherent;coset,exact,1,1,1,1,1,0,0,10
11,1,2,12,0,1,1,1,1,1,1,1,branch;full;flag;coherent;coset,exact,1,1,1,1,1,0,0,11
11,1,2,12,0,2,1,1,1,1,1,1,branch;full;flag;coherent;coset,exact,1,1,1,1,1,0,0,11
11,1,2,12,1,1,1,1,1,1,1,1,branch;full;flag;coherent;coset,exact,1,1,1,1,1,0,0,11
11,1,2,12,1,2,1,1,1,1,1,1,branch;full;flag;coherent;coset,exact,1,1,1,1,1,0,0,11
11,0,1,13,0,1,1,1,1,1,1,1,branch;full;flag;coherent;coset,exact,1,1,1/2,1,0,0,0,15
11,0,1,13,0,2,1,1,1,1,1,1,branch;full;flag;coherent;coset,exact,1,1,3/4,1,0,0,0,19
11,0,1,13,1,1,1,1,1,1,1,1,branch;full;flag;coherent;coset,exact,1,1,1,1,1,0,0,10
11,0,1,13,1,2,1,1,1,1,1,1,branch;full;flag;coherent;coset,exact,1,1,1,1,1,0,0,10
11,0,2,13,0,1,1,1,1,1,1,1,branch;full;flag;coherent;coset,exact,1,1,3/4,1,0,0,0,25
11,0,2,13,0,2,1,1,1,1,1,1,branch;full;flag;coherent;coset,exact,1,1,1,1,1,0,0,26
11,0,2,13,1,1,1,1,1,1,1,1,branch;full;flag;coherent;coset,exact,1,1,1,1,1,0,0,16
11,0,2,13,1,2,1,1,1,1,1,1,branch;full;flag;coherent;coset,exact,1,1,1,1,1,0,0,16
11,1,1,13,0,1,1,1,1,1,1,1,branch;full;flag;coherent;coset,exact,1,1,1,1,1,0,0,10
11,1,1,13,0,2,1,1,1,1,1,1,branch;full;flag;coherent;coset,exact,1,1,1,1,1,0,0,10
11,1,1,13,1,1,1,1,1,1,1,1,branch;full;flag;coherent;coset,exact,1,1,1,1,1,0,0,10
11,1,1,13,1,2,1,1,1,1,1,1,branch;full;flag;coherent;coset,exact,1,1,1,1,1,0,0,10
11,1,2,13,0,1,1,1,1,1,1,1,branch;full;flag;coherent;coset,exact,1,1,1,1,1,0,0,11
11,1,2,13,0,2,1,1,1,1,1,1,branch;full;flag;coherent;coset,exact,1,1,1,1,1,0,0,11
11,1,2,13,1,1,1,1,1,1,1,1,branch;full;flag;coherent;coset,exact,1,1,1,1,1,0,0,11
11,1,2,13,1,2,1,1,1,1,1,1,branch;full;flag;coherent;coset,exact,1,1,1,1,1,0,0,11
11,0,1,14,0,1,1,1,1,1,1,1,branch;full;flag;coherent;coset,exact,1,1,1/2,1,0,0,0,15
11,0,1,14,0,2,1,1,1,1,1,1,branch;full;flag;coherent;coset,exact,1,1,3/4,1,0,0,0,19
11,0,1,14,1,1,1,1,1,1,1,1,branch;full;flag;coherent;coset,exact,1,1,1,1,1,0,0,10
11,0,1,14,1,2,1,1,1,1,1,1,branch;full;flag;coherent;coset,exact,1,1,1,1,1,0,0,10
11,0,2,14,0,1,1,1,1,1,1,1,branch;full;flag;coherent;coset,exact,1,1,3/4,1,0,0,0,25
11,0,2,14,0,2,1,1,1,1,1,1,branch;full;flag;coherent;coset,exact,1,1,1,1,1,0,0,26
11,0,2,14,1,1,1,1,1,1,1,1,branch;full;flag;coherent;coset,exact,1,1,1,1,1,0,0,16
11,0,2,14,1,2,1,1,1,1,1,1,branch;full;flag;coherent;coset,exact,1,1,1,1,1,0,0,16
11,1,1,14,0,1,1,1,1,1,1,1,branch;full;flag;coherent;coset,exact,1,1,1,1,1,0,0,10
11,1,1,14,0,2,1,1,1,1,1,1,branch;full;flag;coherent;coset,exact,1,1,1,1,1,0,0,10
11,1,1,14,1,1,1,1,1,1,1,1,branch;full;flag;coherent;coset,exact,1,1,1,1,1,0,0,10
11,1,1,14,1,2,1,1,1,1,1,1,branch;full;flag;coherent;coset,exact,1,1,1,1,1,0,0,10
11,1,2,14,0,1,1,1,1,1,1,1,branch;full;flag;coherent;coset,exact,1,1,1,1,1,0,0,11
11,1,2,14,0,2,1,1,1,1,1,1,branch;full;flag;coherent;coset,exact,1,1,1,1,1,0,0,11
11,1,2,14,1,1,1,1,1,1,1,1,branch;full;flag;coherent;coset,exact,1,1,1,1,1,0,0,11
11,1,2,14,1,2,1,1,1,1,1,1,branch;full;flag;coherent;coset,exact,1,1,1,1,1,0,0,11
11,0,1,15,0,1,1,1,1,1,1,1,branch;full;flag;coherent;coset,exact,1,1,3/4,1,0,0,0,15
11,0,1,15,0,2,1,1,1,1,1,1,branch;full;flag;coherent;coset,exact,1,1,1,1,1,0,0,16
11,0,1,15,1,1,1,1,1,1,1,1,branch;full;flag;coherent;coset,exact,1,1,1,1,1,0,0,12
11,0,1,15,1,2,1,1,1,1,1,1,branch;full;flag;coherent;coset,exact,1,1,1,1,1,0,0,12
11,0,2,15,0,1,1,1,1,1,1,1,branch;full;flag;coherent;coset,exact,1,1,1,1,1,0,0,26
11,0,2,15,0,2,1,1,1,1,1,1,branch;full;flag;coherent;coset,exact,1,1,1,1,1,0,0,26
11,0,2,15,1,1,1,1,1,1,1,1,branch;full;flag;coherent;coset,exact,1,1,1,1,1,0,0,18
11,0,2,15,1,2,1,1,1,1,1,1,branch;full;flag;coherent;coset,exact,1,1,1,1,1,0,0,18
11,1,1,15,0,1,1,1,1,1,1,1,branch;full;flag;coherent;coset,exact,1,1,1,1,1,0,0,10
11,1,1,15,0,2,1,1,1,1,1,1,branch;full;flag;coherent;coset,exact,1,1,1,1,1,0,0,10
11,1,1,15,1,1,1,1,1,1,1,1,branch;full;flag;coherent;coset,exact,1,1,1,1,1,0,0,10
11,1,1,15,1,2,1,1,1,1,1,1,branch;full;flag;coherent;coset,exact,1,1,1,1,1,0,0,10
11,1,2,15,0,1,1,1,1,1,1,1,branch;full;flag;coherent;coset,exact,1,1,1,1,1,0,0,11
11,1,2,15,0,2,1,1,1,1,1,1,branch;full;flag;coherent;coset,exact,1,1,1,1,1,0,0,11
11,1,2,15,1,1,1,1,1,1,1,1,branch;full;flag;coherent;coset,exact,1,1,1,1,1,0,0,11
11,1,2,15,1,2,1,1,1,1,1,1,branch;full;flag;coherent;coset,exact,1,1,1,1,1,0,0,11
12,0,1,0,0,1,1,1,1,1,1,1,branch;full;flag;coherent;coset,exact,1,1,1,1,1,0,0,8
12,0,1,0,0,2,1,1,1,1,1,1,branch;full;flag;coherent;coset,exact,1,1,1,1,1,0,0,8
12,0,1,0,1,1,1,1,1,1,1,1,branch;full;flag;coherent;coset,exact,1,1,1,1,1,0,0,8
12,0,1,0,1,2,1,1,1,1,1,1,branch;full;flag;coherent;coset,exact,1,1,1,1,1,0,0,8
12,0,2,0,0,1,1,1,1,1,1,1,branch;full;flag;coherent;coset,exact,1,1,1,1,1,0,0,9
12,0,2,0,0,2,1,1,1,1,1,1,branch;full;flag;coherent;coset,exact,1,1,1,1,1,0,0,9
12,0,2,0,1,1,1,1,1,1,1,1,branch;full;flag;coherent;coset,exact,1,1,1,1,1,0,0,9
12,0,2,0,1,2,1,1,1,1,1,1,branch;full;flag;coherent;coset,exact,1,1,1,1,1,0,0,9
12,1,1,0,0,1,1,1,1,1,1,1,branch;full;flag;coherent;coset,exact,1,1,1,1,1,0,0,7
12,1,1,0,0,2,1,1,1,1,1,1,branch;full;flag;coherent;coset,exact,1,1,1,1,1,0,0,7
12,1,1,0,1,1,1,1,1,1,1,1,branch;full;flag;coherent;coset,exact,1,1,1,1,1,0,0,7
12,1,1,0,1,2,1,1,1,1,1,1,branch;full;flag;coherent;coset,exact,1,1,1,1,1,0,0,7
12,1,2,0,0,1,1,1,1,1,1,1,branch;full;flag;coherent;coset,exact,1,1,1,1,1,0,0,7
12,1,2,0,0,2,1,1,1,1,1,1,branch;full;flag;coherent;coset,exact,1,1,1,1,1,0,0,7
12,1,2,0,1,1,1,1,1,1,1,1,branch;full;flag;coherent;coset,exact,1,1,1,1,1,0,0,7
12,1,2,0,1,2,1,1,1,1,1,1,branch;full;flag;coherent;coset,exact,1,1,1,1,1,0,0,7
12,0,1,1,0,1,3/4,3/4,3/4,3/4,3/4,3/4,branch;full;flag;coherent;coset,exact,1,1,3/4,1,1,0,0,13
12,0,1,1,0,2,1,1,1,1,1,1,branch;full;flag;coherent;coset,exact,1,1,1,1,1,0,0,14
12,0,1,1,1,1,1,1,1,1,1,1,branch;full;flag;coherent;coset,exact,1,1,1,1,1,0,0,11
12,0,1,1,1,2,1,1,1,1,1,1,branch;full;flag;coherent;coset,exact,1,1,1,1,1,0,0,11
12,0,2,1,0,1,1,1,1,1,1,1,branch;full;flag;coherent;coset,exact,1,1,1,1,1,0,0,15
12,0,2,1,0,2,1,1,1,1,1,1,branch;full;flag;coherent;coset,exact,1,1,1,1,1,0,0,15
12,0,2,1,1,1,1,1,1,1,1,1,branch;full;flag;coherent;coset,exact,1,1,1,1,1,0,0,12
12,0,2,1,1,2,1,1,1,1,1,1,branch;full;flag;coherent;coset,exact,1,1,1,1,1,0,0,12
12,1,1,1,0,1,1,1,1,1,1,1,branch;full;flag;coherent;coset,exact,1,1,1,1,1,0,0,11
12,1,1,1,0,2,1,1,1,1,1,1,branch;full;flag;coherent;coset,exact,1,1,1,1,1,0,0,11
12,1,1,1,1,1,1,1,1,1,1,1,branch;full;flag;coherent;coset,exact,1,1,1,1,1,0,0,9
12,1,1,1,1,2,1,1,1,1,1,1,branch;full;flag;coherent;coset,exact,1,1,1,1,1,0,0,9
12,1,2,1,0,1,1,1,1,1,1,1,branch;full;flag;coherent;coset,exact,1,1,1,1,1,0,0,11
12,1,2,1,0,2,1,1,1,1,1,1,branch;full;flag;coherent;coset,exact,1,1,1,1,1,0,0,11
12,1,2,1,1,1,1,1,1,1,1,1,branch;full;flag;coherent;coset,exact,1,1,1,1,1,0,0,9
12,1,2,1,1,2,1,1,1,1,1,1,branch;full;flag;coherent;coset,exact,1,1,1,1,1,0,0,9
12,0,1,2,0,1,3/4,3/4,3/4,3/4,3/4,3/4,branch;full;flag;coherent;coset,exact,1,1,3/4,1,1,0,0,13
12,0,1,2,0,2,1,1,1,1,1,1,branch;full;flag;coherent;coset,exact,1,1,1,1,1,0,0,14
12,0,1,2,1,1,1,1,1,1,1,1,branch;full;flag;coherent;coset,exact,1,1,1,1,1,0,0,11
12,0,1,2,1,2,1,1,1,1,1,1,branch;full;flag;coherent;coset,exact,1,1,1,1,1,0,0,11
12,0,2,2,0,1,1,1,1,1,1,1,branch;full;flag;coherent;coset,exact,1,1,1,1,1,0,0,15
12,0,2,2,0,2,1,1,1,1,1,1,branch;full;flag;coherent;coset,exact,1,1,1,1,1,0,0,15
12,0,2,2,1,1,1,1,1,1,1,1,branch;full;flag;coherent;coset,exact,1,1,1,1,1,0,0,12
12,0,2,2,1,2,1,1,1,1,1,1,branch;full;flag;coherent;coset,exact,1,1,1,1,1,0,0,12
12,1,1,2,0,1,1,1,1,1,1,1,branch;full;flag;coherent;coset,exact,1,1,1,1,1,0,0,11
12,1,1,2,0,2,1,1,1,1,1,1,branch;full;flag;coherent;coset,exact,1,1,1,1,1,0,0,11
12,1,1,2,1,1,1,1,1,1,1,1,branch;full;flag;coherent;coset,exact,1,1,1,1,1,0,0,9
12,1,1,2,1,2,1,1,1,1,1,1,branch;full;flag;coherent;coset,exact,1,1,1,1,1,0,0,9
12,1,2,2,0,1,1,1,1,1,1,1,branch;full;flag;coherent;coset,exact,1,1,1,1,1,0,0,11
12,1,2,2,0,2,1,1,1,1,1,1,branch;full;flag;coherent;coset,exact,1,1,1,1,1,0,0,11
12,1,2,2,1,1,1,1,1,1,1,1,branch;full;flag;coherent;coset,exact,1,1,1,1,1,0,0,9
12,1,2,2,1,2,1,1,1,1,1,1,branch;full;flag;coherent;coset,exact,1,1,1,1,1,0,0,9
12,0,1,3,0,1,1,1,1,1,1,1,branch;full;flag;coherent;coset,exact,1,1,1,1,1,0,0,8
12,0,1,3,0,2,1,1,1,1,1,1,branch;full;flag;coherent;coset,exact,1,1,1,1,1,0,0,8
12,0,1,3,1,1,1,1,1,1,1,1,branch;full;flag;coherent;coset,exact,1,1,1,1,1,0,0,7
12,0,1,3,1,2,1,1,1,1,1,1,branch;full;flag;coherent;coset,exact,1,1,1,1,1,0,0,7
12,0,2,3,0,1,1,1,1,1,1,1,branch;full;flag;coherent;coset,exact,1,1,1,1,1,0,0,9
12,0,2,3,0,2,1,1,1,1,1,1,branch;full;flag;coherent;coset,exact,1,1,1,1,1,0,0,9
12,0,2,3,1,1,1,1,1,1,1,1,branch;full;flag;coherent;coset,exact,1,1,1,1,1,0,0,8
12,0,2,3,1,2,1,1,1,1,1,1,branch;full;flag;coherent;coset,exact,1,1,1,1,1,0,0,8
12,1,1,3,0,1,1,1,1,1,1,1,branch;full;flag;coherent;coset,exact,1,1,1,1,1,0,0,7
12,1,1,3,0,2,1,1,1,1,1,1,branch;full;flag;coherent;coset,exact,1,1,1,1,1,0,0,7
12,1,1,3,1,1,1,1,1,1,1,1,branch;full;flag;coherent;coset,exact,1,1,1,1,1,0,0,7
12,1,1,3,1,2,1,1,1,1,1,1,branch;full;flag;coherent;coset,exact,1,1,1,1,1,0,0,7
12,1,2,3,0,1,1,1,1,1,1,1,branch;full;flag;coherent;coset,exact,1,1,1,1,1,0,0,7
12,1,2,3,0,2,1,1,1,1,1,1,branch;full;flag;coherent;coset,exact,1,1,1,1,1,0,0,7
12,1,2,3,1,1,1,1,1,1,1,1,branch;full;flag;coherent;coset,exact,1,1,1,1,1,0,0,7
12,1,2,3,1,2,1,1,1,1,1,1,branch;full;flag;coherent;coset,exact,1,1,1,1,1,0,0,7
12,0,1,4,0,1,3/4,3/4,3/4,3/4,3/4,3/4,branch;full;flag;coherent;coset,exact,1,1,3/4,1,1,0,0,13
12,0,1,4,0,2,1,1,1,1,1,1,branch;full;flag;coherent;coset,exact,1,1,1,1,1,0,0,14
12,0,1,4,1,1,1,1,1,1,1,1,branch;full;flag;coherent;coset,exact,1,1,1,1,1,0,0,11
12,0,1,4,1,2,1,1,1,1,1,1,branch;full;flag;coherent;coset,exact,1,1,1,1,1,0,0,11
12,0,2,4,0,1,1,1,1,1,1,1,branch;full;flag;coherent;coset,exact,1,1,1,1,1,0,0,15
12,0,2,4,0,2,1,1,1,1,1,1,branch;full;flag;coherent;coset,exact,1,1,1,1,1,0,0,15
12,0,2,4,1,1,1,1,1,1,1,1,branch;full;flag;coherent;coset,exact,1,1,1,1,1,0,0,12
12,0,2,4,1,2,1,1,1,1,1,1,branch;full;flag;coherent;coset,exact,1,1,1,1,1,0,0,12
12,1,1,4,0,1,1,1,1,1,1,1,branch;full;flag;coherent;coset,exact,1,1,1,1,1,0,0,11
12,1,1,4,0,2,1,1,1,1,1,1,branch;full;flag;coherent;coset,exact,1,1,1,1,1,0,0,11
12,1,1,4,1,1,1,1,1,1,1,1,branch;full;flag;coherent;coset,exact,1,1,1,1,1,0,0,9
12,1,1,4,1,2,1,1,1,1,1,1,branch;full;flag;coherent;coset,exact,1,1,1,1,1,0,0,9
12,1,2,4,0,1,1,1,1,1,1,1,branch;full;flag;coherent;coset,exact,1,1,1,1,1,0,0,11
12,1,2,4,0,2,1,1,1,1,1,1,branch;full;flag;coherent;coset,exact,1,1,1,1,1,0,0,11
12,1,2,4,1,1,1,1,1,1,1,1,branch;full;flag;coherent;coset,exact,1,1,1,1,1,0,0,9
12,1,2,4,1,2,1,1,1,1,1,1,branch;full;flag;coherent;coset,exact,1,1,1,1,1,0,0,9
12,0,1,5,0,1,3/4,3/4,3/4,3/4,3/4,3/4,branch;full;flag;coherent;coset,exact,1,1,3/4,1,1,0,0,13
12,0,1,5,0,2,1,1,1,1,1,1,branch;full;flag;coherent;coset,exact,1,1,1,1,1,0,0,14
12,0,1,5,1,1,1,1,1,1,1,1,branch;full;flag;coherent;coset,exact,1,1,1,1,1,0,0,11
12,0,1,5,1,2,1,1,1,1,1,1,branch;full;flag;coherent;coset,exact,1,1,1,1,1,0,0,11
12,0,2,5,0,1,1,1,1,1,1,1,branch;full;flag;coherent;coset,exact,1,1,1,1,1,0,0,15
12,0,2,5,0,2,1,1,1,1,1,1,branch;full;flag;coherent;coset,exact,1,1,1,1,1,0,0,15
12,0,2,5,1,1,1,1,1,1,1,1,branch;full;flag;coherent;coset,exact,1,1,1,1,1,0,0,12
12,0,2,5,1,2,1,1,1,1,1,1,branch;full;flag;coherent;coset,exact,1,1,1,1,1,0,0,12
12,1,1,5,0,1,1,1,1,1,1,1,branch;full;flag;coherent;coset,exact,1,1,1,1,1,0,0,11
12,1,1,5,0,2,1,1,1,1,1,1,branch;full;flag;coherent;coset,exact,1,1,1,1,1,0,0,11
12,1,1,5,1,1,1,1,1,1,1,1,branch;full;flag;coherent;coset,exact,1,1,1,1,1,0,0,9
12,1,1,5,1,2,1,1,1,1,1,1,branch;full;flag;coherent;coset,exact,1,1,1,1,1,0,0,9
12,1,2,5,0,1,1,1,1,1,1,1,branch;full;flag;coherent;coset,exact,1,1,1,1,1,0,0,11
12,1,2,5,0,2,1,1,1,1,1,1,branch;full;flag;coherent;coset,exact,1,1,1,1,1,0,0,11
12,1,2,5,1,1,1,1,1,1,1,1,branch;full;flag;coherent;coset,exact,1,1,1,1,1,0,0,9
12,1,2,5,1,2,1,1,1,1,1,1,branch;full;flag;coherent;coset,exact,1,1,1,1,1,0,0,9
12,0,1,6,0,1,3/4,3/4,3/4,3/4,3/4,3/4,branch;full;flag;coherent;coset,exact,1,1,3/4,1,1,0,0,14
12,0,1,6,0,2,1,1,1,1,1,1,branch;full;flag;coherent;coset,exact,1,1,1,1,1,0,0,19
12,0,1,6,1,1,1,1,1,1,1,1,branch;full;flag;coherent;coset,exact,1,1,1,1,1,0,0,9
12,0,1,6,1,2,1,1,1,1,1,1,branch;full;flag;coherent;coset,exact,1,1,1,1,1,0,0,9
12,0,2,6,0,1,1,1,1,1,1,1,branch;full;flag;coherent;coset,exact,1,1,1,1,1,0,0,16
12,0,2,6,0,2,1,1,1,1,1,1,branch;full;flag;coherent;coset,exact,1,1,1,1,1,0,0,20
12,0,2,6,1,1,1,1,1,1,1,1,branch;full;flag;coherent;coset,exact,1,1,1,1,1,0,0,10
12,0,2,6,1,2,1,1,1,1,1,1,branch;full;flag;coherent;coset,exact,1,1,1,1,1,0,0,10
12,1,1,6,0,1,1,1,1,1,1,1,branch;full;flag;coherent;coset,exact,1,1,1,1,1,0,0,11
12,1,1,6,0,2,1,1,1,1,1,1,branch;full;flag;coherent;coset,exact,1,1,1,1,1,0,0,11
12,1,1,6,1,1,1,1,1,1,1,1,branch;full;flag;coherent;coset,exact,1,1,1,1,1,0,0,9
12,1,1,6,1,2,1,1,1,1,1,1,branch;full;flag;coherent;coset,exact,1,1,1,1,1,0,0,9
12,1,2,6,0,1,1,1,1,1,1,1,branch;full;flag;coherent;coset,exact,1,1,1,1,1,0,0,11
12,1,2,6,0,2,1,1,1,1,1,1,branch;full;flag;coherent;coset,exact,1,1,1,1,1,0,0,11
12,1,2,6,1,1,1,1,1,1,1,1,branch;full;flag;coherent;coset,exact,1,1,1,1,1,0,0,9
12,1,2,6,1,2,1,1,1,1,1,1,branch;full;flag;coherent;coset,exact,1,1,1,1,1,0,0,9
12,0,1,7,0,1,3/4,3/4,3/4,3/4,3/4,3/4,branch;full;flag;coherent;coset,exact,1,1,3/4,1,1,0,0,14
12,0,1,7,0,2,1,1,1,1,1,1,branch;full;flag;coherent;coset,exact,1,1,1,1,1,0,0,19
12,0,1,7,1,1,1,1,1,1,1,1,branch;full;flag;coherent;coset,exact,1,1,1,1,1,0,0,9
12,0,1,7,1,2,1,1,1,1,1,1,branch;full;flag;coherent;coset,exact,1,1,1,1,1,0,0,9
12,0,2,7,0,1,1,1,1,1,1,1,branch;full;flag;coherent;coset,exact,1,1,1,1,1,0,0,16
12,0,2,7,0,2,1,1,1,1,1,1,branch;full;flag;coherent;coset,exact,1,1,1,1,1,0,0,20
12,0,2,7,1,1,1,1,1,1,1,1,branch;full;flag;coherent;coset,exact,1,1,1,1,1,0,0,10
12,0,2,7,1,2,1,1,1,1,1,1,branch;full;flag;coherent;coset,exact,1,1,1,1,1,0,0,10
12,1,1,7,0,1,1,1,1,1,1,1,branch;full;flag;coherent;coset,exact,1,1,1,1,1,0,0,11
12,1,1,7,0,2,1,1,1,1,1,1,branch;full;flag;coherent;coset,exact,1,1,1,1,1,0,0,11
12,1,1,7,1,1,1,1,1,1,1,1,branch;full;flag;coherent;coset,exact,1,1,1,1,1,0,0,9
12,1,1,7,1,2,1,1,1,1,1,1,branch;full;flag;coherent;coset,exact,1,1,1,1,1,0,0,9
12,1,2,7,0,1,1,1,1,1,1,1,branch;full;flag;coherent;coset,exact,1,1,1,1,1,0,0,11
12,1,2,7,0,2,1,1,1,1,1,1,branch;full;flag;coherent;coset,exact,1,1,1,1,1,0,0,11
12,1,2,7,1,1,1,1,1,1,1,1,branch;full;flag;coherent;coset,exact,1,1,1,1,1,0,0,9
12,1,2,7,1,2,1,1,1,1,1,1,branch;full;flag;coherent;coset,exact,1,1,1,1,1,0,0,9
12,0,1,8,0,1,3/4,3/4,3/4,3/4,3/4,3/4,branch;full;flag;coherent;coset,exact,1,1,3/4,1,1,0,0,13
12,0,1,8,0,2,1,1,1,1,1,1,branch;full;flag;coherent;coset,exact,1,1,1,1,1,0,0,14
12,0,1,8,1,1,1,1,1,1,1,1,branch;full;flag;coherent;coset,exact,1,1,1,1,1,0,0,11
12,0,1,8,1,2,1,1,1,1,1,1,branch;full;flag;coherent;coset,exact,1,1,1,1,1,0,0,11
12,0,2,8,0,1,1,1,1,1,1,1,branch;full;flag;coherent;coset,exact,1,1,1,1,1,0,0,15
12,0,2,8,0,2,1,1,1,1,1,1,branch;full;flag;coherent;coset,exact,1,1,1,1,1,0,0,15
12,0,2,8,1,1,1,1,1,1,1,1,branch;full;flag;coherent;coset,exact,1,1,1,1,1,0,0,12
12,0,2,8,1,2,1,1,1,1,1,1,branch;full;flag;coherent;coset,exact,1,1,1,1,1,0,0,12
12,1,1,8,0,1,1,1,1,1,1,1,branch;full;flag;coherent;coset,exact,1,1,1,1,1,0,0,11
12,1,1,8,0,2,1,1,1,1,1,1,branch;full;flag;coherent;coset,exact,1,1,1,1,1,0,0,11
12,1,1,8,1,1,1,1,1,1,1,1,branch;full;flag;coherent;coset,exact,1,1,1,1,1,0,0,9
12,1,1,8,1,2,1,1,1,1,1,1,branch;full;flag;coherent;coset,exact,1,1,1,1,1,0,0,9
12,1,2,8,0,1,1,1,1,1,1,1,branch;full;flag;coherent;coset,exact,1,1,1,1,1,0,0,11
12,1,2,8,0,2,1,1,1,1,1,1,branch;full;flag;coherent;coset,exact,1,1,1,1,1,0,0,11
12,1,2,8,1,1,1,1,1,1,1,1,branch;full;flag;coherent;coset,exact,1,1,1,1,1,0,0,9
12,1,2,8,1,2,1,1,1,1,1,1,branch;full;flag;coherent;coset,exact,1,1,1,1,1,0,0,9
12,0,1,9,0,1,3/4,3/4,3/4,3/4,3/4,3/4,branch;full;flag;coherent;coset,exact,1,1,3/4,1,1,0,0,14
12,0,1,9,0,2,1,1,1,1,1,1,branch;full;flag;coherent;coset,exact,1,1,1,1,1,0,0,19
12,0,1,9,1,1,1,1,1,1,1,1,branch;full;flag;coherent;coset,exact,1,1,1,1,1,0,0,9
12,0,1,9,1,2,1,1,1,1,1,1,branch;full;flag;coherent;coset,exact,1,1,1,1,1,0,0,9
12,0,2,9,0,1,1,1,1,1,1,1,branch;full;flag;coherent;coset,exact,1,1,1,1,1,0,0,16
12,0,2,9,0,2,1,1,1,1,1,1,branch;full;flag;coherent;coset,exact,1,1,1,1,1,0,0,20
12,0,2,9,1,1,1,1,1,1,1,1,branch;full;flag;coherent;coset,exact,1,1,1,1,1,0,0,10
12,0,2,9,1,2,1,1,1,1,1,1,branch;full;flag;coherent;coset,exact,1,1,1,1,1,0,0,10
12,1,1,9,0,1,1,1,1,1,1,1,branch;full;flag;coherent;coset,exact,1,1,1,1,1,0,0,11
12,1,1,9,0,2,1,1,1,1,1,1,branch;full;flag;coherent;coset,exact,1,1,1,1,1,0,0,11
12,1,1,9,1,1,1,1,1,1,1,1,branch;full;flag;coherent;coset,exact,1,1,1,1,1,0,0,9
12,1,1,9,1,2,1,1,1,1,1,1,branch;full;flag;coherent;coset,exact,1,1,1,1,1,0,0,9
12,1,2,9,0,1,1,1,1,1,1,1,branch;full;flag;coherent;coset,exact,1,1,1,1,1,0,0,11
12,1,2,9,0,2,1,1,1,1,1,1,branch;full;flag;coherent;coset,exact,1,1,1,1,1,0,0,11
12,1,2,9,1,1,1,1,1,1,1,1,branch;full;flag;coherent;coset,exact,1,1,1,1,1,0,0,9
12,1,2,9,1,2,1,1,1,1,1,1,branch;full;flag;coherent;coset,exact,1,1,1,1,1,0,0,9
12,0,1,10,0,1,3/4,3/4,3/4,3/4,3/4,3/4,branch;full;flag;coherent;coset,exact,1,1,3/4,1,1,0,0,13
12,0,1,10,0,2,1,1,1,1,1,1,branch;full;flag;coherent;coset,exact,1,1,1,1,1,0,0,14
12,0,1,10,1,1,1,1,1,1,1,1,branch;full;flag;coherent;coset,exact,1,1,1,1,1,0,0,11
12,0,1,10,1,2,1,1,1,1,1,1,branch;full;flag;coherent;coset,exact,1,1,1,1,1,0,0,11
12,0,2,10,0,1,1,1,1,1,1,1,branch;full;flag;coherent;coset,exact,1,1,1,1,1,0,0,15
12,0,2,10,0,2,1,1,1,1,1,1,branch;full;flag;coherent;coset,exact,1,1,1,1,1,0,0,15
12,0,2,10,1,1,1,1,1,1,1,1,branch;full;flag;coherent;coset,exact,1,1,1,1,1,0,0,12
12,0,2,10,1,2,1,1,1,1,1,1,branch;full;flag;coherent;coset,exact,1,1,1,1,1,0,0,12
12,1,1,10,0,1,1,1,1,1,1,1,branch;full;flag;coherent;coset,exact,1,1,1,1,1,0,0,11
12,1,1,10,0,2,1,1,1,1,1,1,branch;full;flag;coherent;coset,exact,1,1,1,1,1,0,0,11
12,1,1,10,1,1,1,1,1,1,1,1,branch;full;flag;coherent;coset,exact,1,1,1,1,1,0,0,9
12,1,1,10,1,2,1,1,1,1,1,1,branch;full;flag;coherent;coset,exact,1,1,1,1,1,0,0,9
12,1,2,10,0,1,1,1,1,1,1,1,branch;full;flag;coherent;coset,exact,1,1,1,1,1,0,0,11
12,1,2,10,0,2,1,1,1,1,1,1,branch;full;flag;coherent;coset,exact,1,1,1,1,1,0,0,11
12,1,2,10,1,1,1,1,1,1,1,1,branch;full;flag;coherent;coset,exact,1,1,1,1,1,0,0,9
12,1,2,10,1,2,1,1,1,1,1,1,branch;full;flag;coherent;coset,exact,1,1,1,1,1,0,0,9
12,0,1,11,0,1,3/4,3/4,3/4,3/4,3/4,3/4,branch;full;flag;coherent;coset,exact,1,1,3/4,1,1,0,0,14
12,0,1,11,0,2,1,1,1,1,1,1,branch;full;flag;coherent;coset,exact,1,1,1,1,1,0,0,19
12,0,1,11,1,1,1,1,1,1,1,1,branch;full;flag;coherent;coset,exact,1,1,1,1,1,0,0,9
12,0,1,11,1,2,1,1,1,1,1,1,branch;full;flag;coherent;coset,exact,1,1,1,1,1,0,0,9
12,0,2,11,0,1,1,1,1,1,1,1,branch;full;flag;coherent;coset,exact,1,1,1,1,1,0,0,16
12,0,2,11,0,2,1,1,1,1,1,1,branch;full;flag;coherent;coset,exact,1,1,1,1,1,0,0,20
12,0,2,11,1,1,1,1,1,1,1,1,branch;full;flag;coherent;coset,exact,1,1,1,1,1,0,0,10
12,0,2,11,1,2,1,1,1,1,1,1,branch;full;flag;coherent;coset,exact,1,1,1,1,1,0,0,10
12,1,1,11,0,1,1,1,1,1,1,1,branch;full;flag;coherent;coset,exact,1,1,1,1,1,0,0,11
12,1,1,11,0,2,1,1,1,1,1,1,branch;full;flag;coherent;coset,exact,1,1,1,1,1,0,0,11
12,1,1,11,1,1,1,1,1,1,1,1,branch;full;flag;coherent;coset,exact,1,1,1,1,1,0,0,9
12,1,1,11,1,2,1,1,1,1,1,1,branch;full;flag;coherent;coset,exact,1,1,1,1,1,0,0,9
12,1,2,11,0,1,1,1,1,1,1,1,branch;full;flag;coherent;coset,exact,1,1,1,1,1,0,0,11
12,1,2,11,0,2,1,1,1,1,1,1,branch;full;flag;coherent;coset,exact,1,1,1,1,1,0,0,11
12,1,2,11,1,1,1,1,1,1,1,1,branch;full;flag;coherent;coset,exact,1,1,1,1,1,0,0,9
12,1,2,11,1,2,1,1,1,1,1,1,branch;full;flag;coherent;coset,exact,1,1,1,1,1,0,0,9
12,0,1,12,0,1,1,1,1,1,1,1,branch;full;flag;coherent;coset,exact,1,1,1,1,1,0,0,8
12,0,1,12,0,2,1,1,1,1,1,1,branch;full;flag;coherent;coset,exact,1,1,1,1,1,0,0,8
12,0,1,12,1,1,1,1,1,1,1,1,branch;full;flag;coherent;coset,exact,1,1,1,1,1,0,0,7
12,0,1,12,1,2,1,1,1,1,1,1,branch;full;flag;coherent;coset,exact,1,1,1,1,1,0,0,7
12,0,2,12,0,1,1,1,1,1,1,1,branch;full;flag;coherent;coset,exact,1,1,1,1,1,0,0,9
12,0,2,12,0,2,1,1,1,1,1,1,branch;full;flag;coherent;coset,exact,1,1,1,1,1,0,0,9
12,0,2,12,1,1,1,1,1,1,1,1,branch;full;flag;coherent;coset,exact,1,1,1,1,1,0,0,8
12,0,2,12,1,2,1,1,1,1,1,1,branch;full;flag;coherent;coset,exact,1,1,1,1,1,0,0,8
12,1,1,12,0,1,1,1,1,1,1,1,branch;full;flag;coherent;coset,exact,1,1,1,1,1,0,0,7
12,1,1,12,0,2,1,1,1,1,1,1,branch;full;flag;coherent;coset,exact,1,1,1,1,1,0,0,7
12,1,1,12,1,1,1,1,1,1,1,1,branch;full;flag;coherent;coset,exact,1,1,1,1,1,0,0,7
12,1,1,12,1,2,1,1,1,1,1,1,branch;full;flag;coherent;coset,exact,1,1,1,1,1,0,0,7
12,1,2,12,0,1,1,1,1,1,1,1,branch;full;flag;coherent;coset,exact,1,1,1,1,1,0,0,7
12,1,2,12,0,2,1,1,1,1,1,1,branch;full;flag;coherent;coset,exact,1,1,1,1,1,0,0,7
12,1,2,12,1,1,1,1,1,1,1,1,branch;full;flag;coherent;coset,exact,1,1,1,1,1,0,0,7
12,1,2,12,1,2,1,1,1,1,1,1,branch;full;flag;coherent;coset,exact,1,1,1,1,1,0,0,7
12,0,1,13,0,1,3/4,3/4,3/4,3/4,3/4,3/4,branch;full;flag;coherent;coset,exact,1,1,3/4,1,1,0,0,14
12,0,1,13,0,2,1,1,1,1,1,1,branch;full;flag;coherent;coset,exact,1,1,1,1,1,0,0,19
12,0,1,13,1,1,1,1,1,1,1,1,branch;full;flag;coherent;coset,exact,1,1,1,1,1,0,0,9
12,0,1,13,1,2,1,1,1,1,1,1,branch;full;flag;coherent;coset,exact,1,1,1,1,1,0,0,9
12,0,2,13,0,1,1,1,1,1,1,1,branch;full;flag;coherent;coset,exact,1,1,1,1,1,0,0,16
12,0,2,13,0,2,1,1,1,1,1,1,branch;full;flag;coherent;coset,exact,1,1,1,1,1,0,0,20
12,0,2,13,1,1,1,1,1,1,1,1,branch;full;flag;coherent;coset,exact,1,1,1,1,1,0,0,10
12,0,2,13,1,2,1,1,1,1,1,1,branch;full;flag;coherent;coset,exact,1,1,1,1,1,0,0,10
12,1,1,13,0,1,1,1,1,1,1,1,branch;full;flag;coherent;coset,exact,1,1,1,1,1,0,0,11
12,1,1,13,0,2,1,1,1,1,1,1,branch;full;flag;coherent;coset,exact,1,1,1,1,1,0,0,11
12,1,1,13,1,1,1,1,1,1,1,1,branch;full;flag;coherent;coset,exact,1,1,1,1,1,0,0,9
12,1,1,13,1,2,1,1,1,1,1,1,branch;full;flag;coherent;coset,exact,1,1,1,1,1,0,0,9
12,1,2,13,0,1,1,1,1,1,1,1,branch;full;flag;coherent;coset,exact,1,1,1,1,1,0,0,11
12,1,2,13,0,2,1,1,1,1,1,1,branch;full;flag;coherent;coset,exact,1,1,1,1,1,0,0,11
12,1,2,13,1,1,1,1,1,1,1,1,branch;full;flag;coherent;coset,exact,1,1,1,1,1,0,0,9
12,1,2,13,1,2,1,1,1,1,1,1,branch;full;flag;coherent;coset,exact,1,1,1,1,1,0,0,9
12,0,1,14,0,1,3/4,3/4,3/4,3/4,3/4,3/4,branch;full;flag;coherent;coset,exact,1,1,3/4,1,1,0,0,14
12,0,1,14,0,2,1,1,1,1,1,1,branch;full;flag;coherent;coset,exact,1,1,1,1,1,0,0,19
12,0,1,14,1,1,1,1,1,1,1,1,branch;full;flag;coherent;coset,exact,1,1,1,1,1,0,0,9
12,0,1,14,1,2,1,1,1,1,1,1,branch;full;flag;coherent;coset,exact,1,1,1,1,1,0,0,9
12,0,2,14,0,1,1,1,1,1,1,1,branch;full;flag;coherent;coset,exact,1,1,1,1,1,0,0,16
12,0,2,14,0,2,1,1,1,1,1,1,branch;full;flag;coherent;coset,exact,1,1,1,1,1,0,0,20
12,0,2,14,1,1,1,1,1,1,1,1,branch;full;flag;coherent;coset,exact,1,1,1,1,1,0,0,10
12,0,2,14,1,2,1,1,1,1,1,1,branch;full;flag;coherent;coset,exact,1,1,1,1,1,0,0,10
12,1,1,14,0,1,1,1,1,1,1,1,branch;full;flag;coherent;coset,exact,1,1,1,1,1,0,0,11
12,1,1,14,0,2,1,1,1,1,1,1,branch;full;flag;coherent;coset,exact,1,1,1,1,1,0,0,11
12,1,1,14,1,1,1,1,1,1,1,1,branch;full;flag;coherent;coset,exact,1,1,1,1,1,0,0,9
12,1,1,14,1,2,1,1,1,1,1,1,branch;full;flag;coherent;coset,exact,1,1,1,1,1,0,0,9
12,1,2,14,0,1,1,1,1,1,1,1,branch;full;flag;coherent;coset,exact,1,1,1,1,1,0,0,11
12,1,2,14,0,2,1,1,1,1,1,1,branch;full;flag;coherent;coset,exact,1,1,1,1,1,0,0,11
12,1,2,14,1,1,1,1,1,1,1,1,branch;full;flag;coherent;coset,exact,1,1,1,1,1,0,0,9
12,1,2,14,1,2,1,1,1,1,1,1,branch;full;flag;coherent;coset,exact,1,1,1,1,1,0,0,9
12,0,1,15,0,1,1,1,1,1,1,1,branch;full;flag;coherent;coset,exact,1,1,1,1,1,0,0,8
12,0,1,15,0,2,1,1,1,1,1,1,branch;full;flag;coherent;coset,exact,1,1,1,1,1,0,0,8
12,0,1,15,1,1,1,1,1,1,1,1,branch;full;flag;coherent;coset,exact,1,1,1,1,1,0,0,7
12,0,1,15,1,2,1,1,1,1,1,1,branch;full;flag;coherent;coset,exact,1,1,1,1,1,0,0,7
12,0,2,15,0,1,1,1,1,1,1,1,branch;full;flag;coherent;coset,exact,1,1,1,1,1,0,0,9
12,0,2,15,0,2,1,1,1,1,1,1,branch;full;flag;coherent;coset,exact,1,1,1,1,1,0,0,9
12,0,2,15,1,1,1,1,1,1,1,1,branch;full;flag;coherent;coset,exact,1,1,1,1,1,0,0,8
12,0,2,15,1,2,1,1,1,1,1,1,branch;full;flag;coherent;coset,exact,1,1,1,1,1,0,0,8
12,1,1,15,0,1,1,1,1,1,1,1,branch;full;flag;coherent;coset,exact,1,1,1,1,1,0,0,7
12,1,1,15,0,2,1,1,1,1,1,1,branch;full;flag;coherent;coset,exact,1,1,1,1,1,0,0,7
12,1,1,15,1,1,1,1,1,1,1,1,branch;full;flag;coherent;coset,exact,1,1,1,1,1,0,0,7
12,1,1,15,1,2,1,1,1,1,1,1,branch;full;flag;coherent;coset,exact,1,1,1,1,1,0,0,7
12,1,2,15,0,1,1,1,1,1,1,1,branch;full;flag;coherent;coset,exact,1,1,1,1,1,0,0,7
12,1,2,15,0,2,1,1,1,1,1,1,branch;full;flag;coherent;coset,exact,1,1,1,1,1,0,0,7
12,1,2,15,1,1,1,1,1,1,1,1,branch;full;flag;coherent;coset,exact,1,1,1,1,1,0,0,7
12,1,2,15,1,2,1,1,1,1,1,1,branch;full;flag;coherent;coset,exact,1,1,1,1,1,0,0,7
13,0,1,0,0,1,1,1,1,1,1,1,branch;full;flag;coherent;coset,exact,1,1,1,1,1,0,0,10
13,0,1,0,0,2,1,1,1,1,1,1,branch;full;flag;coherent;coset,exact,1,1,1,1,1,0,0,10
13,0,1,0,1,1,1,1,1,1,1,1,branch;full;flag;coherent;coset,exact,1,1,1,1,1,0,0,10
13,0,1,0,1,2,1,1,1,1,1,1,branch;full;flag;coherent;coset,exact,1,1,1,1,1,0,0,10
13,0,2,0,0,1,1,1,1,1,1,1,branch;full;flag;coherent;coset,exact,1,1,1,1,1,0,0,22
13,0,2,0,0,2,1,1,1,1,1,1,branch;full;flag;coherent;coset,exact,1,1,1,1,1,0,0,22
13,0,2,0,1,1,1,1,1,1,1,1,branch;full;flag;coherent;coset,exact,1,1,1,1,1,0,0,22
13,0,2,0,1,2,1,1,1,1,1,1,branch;full;flag;coherent;coset,exact,1,1,1,1,1,0,0,22
13,1,1,0,0,1,1,1,1,1,1,1,branch;full;flag;coherent;coset,exact,1,1,1,1,1,0,0,10
13,1,1,0,0,2,1,1,1,1,1,1,branch;full;flag;coherent;coset,exact,1,1,1,1,1,0,0,10
13,1,1,0,1,1,1,1,1,1,1,1,branch;full;flag;coherent;coset,exact,1,1,1,1,1,0,0,10
13,1,1,0,1,2,1,1,1,1,1,1,branch;full;flag;coherent;coset,exact,1,1,1,1,1,0,0,10
13,1,2,0,0,1,1,1,1,1,1,1,branch;full;flag;coherent;coset,exact,1,1,1,1,1,0,0,11
13,1,2,0,0,2,1,1,1,1,1,1,branch;full;flag;coherent;coset,exact,1,1,1,1,1,0,0,11
13,1,2,0,1,1,1,1,1,1,1,1,branch;full;flag;coherent;coset,exact,1,1,1,1,1,0,0,11
13,1,2,0,1,2,1,1,1,1,1,1,branch;full;flag;coherent;coset,exact,1,1,1,1,1,0,0,11
13,0,1,1,0,1,1,1,1,1,1,1,branch;full;flag;coherent;coset,exact,1,1,3/4,1,0,0,0,15
13,0,1,1,0,2,1,1,1,1,1,1,branch;full;flag;coherent;coset,exact,1,1,1,1,1,0,0,16
13,0,1,1,1,1,1,1,1,1,1,1,branch;full;flag;coherent;coset,exact,1,1,1,1,1,0,0,12
13,0,1,1,1,2,1,1,1,1,1,1,branch;full;flag;coherent;coset,exact,1,1,1,1,1,0,0,12
13,0,2,1,0,1,1,1,1,1,1,1,branch;full;flag;coherent;coset,exact,1,1,1,1,1,0,0,26
13,0,2,1,0,2,1,1,1,1,1,1,branch;full;flag;coherent;coset,exact,1,1,1,1,1,0,0,26
13,0,2,1,1,1,1,1,1,1,1,1,branch;full;flag;coherent;coset,exact,1,1,1,1,1,0,0,18
13,0,2,1,1,2,1,1,1,1,1,1,branch;full;flag;coherent;coset,exact,1,1,1,1,1,0,0,18
13,1,1,1,0,1,1,1,1,1,1,1,branch;full;flag;coherent;coset,exact,1,1,1,1,1,0,0,10
13,1,1,1,0,2,1,1,1,1,1,1,branch;full;flag;coherent;coset,exact,1,1,1,1,1,0,0,10
13,1,1,1,1,1,1,1,1,1,1,1,branch;full;flag;coherent;coset,exact,1,1,1,1,1,0,0,10
13,1,1,1,1,2,1,1,1,1,1,1,branch;full;flag;coherent;coset,exact,1,1,1,1,1,0,0,10
13,1,2,1,0,1,1,1,1,1,1,1,branch;full;flag;coherent;coset,exact,1,1,1,1,1,0,0,11
13,1,2,1,0,2,1,1,1,1,1,1,branch;full;flag;coherent;coset,exact,1,1,1,1,1,0,0,11
13,1,2,1,1,1,1,1,1,1,1,1,branch;full;flag;coherent;coset,exact,1,1,1,1,1,0,0,11
13,1,2,1,1,2,1,1,1,1,1,1,branch;full;flag;coherent;coset,exact,1,1,1,1,1,0,0,11
13,0,1,2,0,1,1,1,1,1,1,1,branch;full;flag;coherent;coset,exact,1,1,3/4,1,0,0,0,15
13,0,1,2,0,2,1,1,1,1,1,1,branch;full;flag;coherent;coset,exact,1,1,1,1,1,0,0,16
13,0,1,2,1,1,1,1,1,1,1,1,branch;full;flag;coherent;coset,exact,1,1,1,1,1,0,0,12
13,0,1,2,1,2,1,1,1,1,1,1,branch;full;flag;coherent;coset,exact,1,1,1,1,1,0,0,12
13,0,2,2,0,1,1,1,1,1,1,1,branch;full;flag;coherent;coset,exact,1,1,1,1,1,0,0,26
13,0,2,2,0,2,1,1,1,1,1,1,branch;full;flag;coherent;coset,exact,1,1,1,1,1,0,0,26
13,0,2,2,1,1,1,1,1,1,1,1,branch;full;flag;coherent;coset,exact,1,1,1,1,1,0,0,18
13,0,2,2,1,2,1,1,1,1,1,1,branch;full;flag;coherent;coset,exact,1,1,1,1,1,0,0,18
13,1,1,2,0,1,1,1,1,1,1,1,branch;full;flag;coherent;coset,exact,1,1,1,1,1,0,0,10
13,1,1,2,0,2,1,1,1,1,1,1,branch;full;flag;coherent;coset,exact,1,1,1,1,1,0,0,10
13,1,1,2,1,1,1,1,1,1,1,1,branch;full;flag;coherent;coset,exact,1,1,1,1,1,0,0,10
13,1,1,2,1,2,1,1,1,1,1,1,branch;full;flag;coherent;coset,exact,1,1,1,1,1,0,0,10
13,1,2,2,0,1,1,1,1,1,1,1,branch;full;flag;coherent;coset,exact,1,1,1,1,1,0,0,11
13,1,2,2,0,2,1,1,1,1,1,1,branch;full;flag;coherent;coset,exact,1,1,1,1,1,0,0,11
13,1,2,2,1,1,1,1,1,1,1,1,branch;full;flag;coherent;coset,exact,1,1,1,1,1,0,0,11
13,1,2,2,1,2,1,1,1,1,1,1,branch;full;flag;coherent;coset,exact,1,1,1,1,1,0,0,11
13,0,1,3,0,1,1,1,1,1,1,1,branch;full;flag;coherent;coset,exact,1,1,3/4,1,0,0,0,15
13,0,1,3,0,2,1,1,1,1,1,1,branch;full;flag;coherent;coset,exact,1,1,1,1,1,0,0,16
13,0,1,3,1,1,1,1,1,1,1,1,branch;full;flag;coherent;coset,exact,1,1,1,1,1,0,0,12
13,0,1,3,1,2,1,1,1,1,1,1,branch;full;flag;coherent;coset,exact,1,1,1,1,1,0,0,12
13,0,2,3,0,1,1,1,1,1,1,1,branch;full;flag;coherent;coset,exact,1,1,1,1,1,0,0,26
13,0,2,3,0,2,1,1,1,1,1,1,branch;full;flag;coherent;coset,exact,1,1,1,1,1,0,0,26
13,0,2,3,1,1,1,1,1,1,1,1,branch;full;flag;coherent;coset,exact,1,1,1,1,1,0,0,18
13,0,2,3,1,2,1,1,1,1,1,1,branch;full;flag;coherent;coset,exact,1,1,1,1,1,0,0,18
13,1,1,3,0,1,1,1,1,1,1,1,branch;full;flag;coherent;coset,exact,1,1,1,1,1,0,0,10
13,1,1,3,0,2,1,1,1,1,1,1,branch;full;flag;coherent;coset,exact,1,1,1,1,1,0,0,10
13,1,1,3,1,1,1,1,1,1,1,1,branch;full;flag;coherent;coset,exact,1,1,1,1,1,0,0,10
13,1,1,3,1,2,1,1,1,1,1,1,branch;full;flag;coherent;coset,exact,1,1,1,1,1,0,0,10
13,1,2,3,0,1,1,1,1,1,1,1,branch;full;flag;coherent;coset,exact,1,1,1,1,1,0,0,11
13,1,2,3,0,2,1,1,1,1,1,1,branch;full;flag;coherent;coset,exact,1,1,1,1,1,0,0,11
13,1,2,3,1,1,1,1,1,1,1,1,branch;full;flag;coherent;coset,exact,1,1,1,1,1,0,0,11
13,1,2,3,1,2,1,1,1,1,1,1,branch;full;flag;coherent;coset,exact,1,1,1,1,1,0,0,11
13,0,1,4,0,1,1,1,1,1,1,1,branch;full;flag;coherent;coset,exact,1,1,3/4,1,0,0,0,15
13,0,1,4,0,2,1,1,1,1,1,1,branch;full;flag;coherent;coset,exact,1,1,1,1,1,0,0,16
13,0,1,4,1,1,1,1,1,1,1,1,branch;full;flag;coherent;coset,exact,1,1,1,1,1,0,0,12
13,0,1,4,1,2,1,1,1,1,1,1,branch;full;flag;coherent;coset,exact,1,1,1,1,1,0,0,12
13,0,2,4,0,1,1,1,1,1,1,1,branch;full;flag;coherent;coset,exact,1,1,1,1,1,0,0,26
13,0,2,4,0,2,1,1,1,1,1,1,branch;full;flag;coherent;coset,exact,1,1,1,1,1,0,0,26
13,0,2,4,1,1,1,1,1,1,1,1,branch;full;flag;coherent;coset,exact,1,1,1,1,1,0,0,18
13,0,2,4,1,2,1,1,1,1,1,1,branch;full;flag;coherent;coset,exact,1,1,1,1,1,0,0,18
13,1,1,4,0,1,1,1,1,1,1,1,branch;full;flag;coherent;coset,exact,1,1,1,1,1,0,0,10
13,1,1,4,0,2,1,1,1,1,1,1,branch;full;flag;coherent;coset,exact,1,1,1,1,1,0,0,10
13,1,1,4,1,1,1,1,1,1,1,1,branch;full;flag;coherent;coset,exact,1,1,1,1,1,0,0,10
13,1,1,4,1,2,1,1,1,1,1,1,branch;full;flag;coherent;coset,exact,1,1,1,1,1,0,0,10
13,1,2,4,0,1,1,1,1,1,1,1,branch;full;flag;coherent;coset,exact,1,1,1,1,1,0,0,11
13,1,2,4,0,2,1,1,1,1,1,1,branch;full;flag;coherent;coset,exact,1,1,1,1,1,0,0,11
13,1,2,4,1,1,1,1,1,1,1,1,branch;full;flag;coherent;coset,exact,1,1,1,1,1,0,0,11
13,1,2,4,1,2,1,1,1,1,1,1,branch;full;flag;coherent;coset,exact,1,1,1,1,1,0,0,11
13,0,1,5,0,1,1,1,1,1,1,1,branch;full;flag;coherent;coset,exact,1,1,3/4,1,0,0,0,15
13,0,1,5,0,2,1,1,1,1,1,1,branch;full;flag;coherent;coset,exact,1,1,1,1,1,0,0,16
13,0,1,5,1,1,1,1,1,1,1,1,branch;full;flag;coherent;coset,exact,1,1,1,1,1,0,0,12
13,0,1,5,1,2,1,1,1,1,1,1,branch;full;flag;coherent;coset,exact,1,1,1,1,1,0,0,12
13,0,2,5,0,1,1,1,1,1,1,1,branch;full;flag;coherent;coset,exact,1,1,1,1,1,0,0,26
13,0,2,5,0,2,1,1,1,1,1,1,branch;full;flag;coherent;coset,exact,1,1,1,1,1,0,0,26
13,0,2,5,1,1,1,1,1,1,1,1,branch;full;flag;coherent;coset,exact,1,1,1,1,1,0,0,18
13,0,2,5,1,2,1,1,1,1,1,1,branch;full;flag;coherent;coset,exact,1,1,1,1,1,0,0,18
13,1,1,5,0,1,1,1,1,1,1,1,branch;full;flag;coherent;coset,exact,1,1,1,1,1,0,0,10
13,1,1,5,0,2,1,1,1,1,1,1,branch;full;flag;coherent;coset,exact,1,1,1,1,1,0,0,10
13,1,1,5,1,1,1,1,1,1,1,1,branch;full;flag;coherent;coset,exact,1,1,1,1,1,0,0,10
13,1,1,5,1,2,1,1,1,1,1,1,branch;full;flag;coherent;coset,exact,1,1,1,1,1,0,0,10
13,1,2,5,0,1,1,1,1,1,1,1,branch;full;flag;coherent;coset,exact,1,1,1,1,1,0,0,11
13,1,2,5,0,2,1,1,1,1,1,1,branch;full;flag;coherent;coset,exact,1,1,1,1,1,0,0,11
13,1,2,5,1,1,1,1,1,1,1,1,branch;full;flag;coherent;coset,exact,1,1,1,1,1,0,0,11
13,1,2,5,1,2,1,1,1,1,1,1,branch;full;flag;coherent;coset,exact,1,1,1,1,1,0,0,11
13,0,1,6,0,1,1,1,1,1,1,1,branch;full;flag;coherent;coset,exact,1,1,1/2,1,0,0,0,15
13,0,1,6,0,2,1,1,1,1,1,1,branch;full;flag;coherent;coset,exact,1,1,3/4,1,0,0,0,19
13,0,1,6,1,1,1,1,1,1,1,1,branch;full;flag;coherent;coset,exact,1,1,1,1,1,0,0,10
13,0,1,6,1,2,1,1,1,1,1,1,branch;full;flag;coherent;coset,exact,1,1,1,1,1,0,0,10
13,0,2,6,0,1,1,1,1,1,1,1,branch;full;flag;coherent;coset,exact,1,1,3/4,1,0,0,0,25
13,0,2,6,0,2,1,1,1,1,1,1,branch;full;flag;coherent;coset,exact,1,1,1,1,1,0,0,26
13,0,2,6,1,1,1,1,1,1,1,1,branch;full;flag;coherent;coset,exact,1,1,1,1,1,0,0,16
13,0,2,6,1,2,1,1,1,1,1,1,branch;full;flag;coherent;coset,exact,1,1,1,1,1,0,0,16
13,1,1,6,0,1,1,1,1,1,1,1,branch;full;flag;coherent;coset,exact,1,1,1,1,1,0,0,10
13,1,1,6,0,2,1,1,1,1,1,1,branch;full;flag;coherent;coset,exact,1,1,1,1,1,0,0,10
13,1,1,6,1,1,1,1,1,1,1,1,branch;full;flag;coherent;coset,exact,1,1,1,1,1,0,0,10
13,1,1,6,1,2,1,1,1,1,1,1,branch;full;flag;coherent;coset,exact,1,1,1,1,1,0,0,10
13,1,2,6,0,1,1,1,1,1,1,1,branch;full;flag;coherent;coset,exact,1,1,1,1,1,0,0,11
13,1,2,6,0,2,1,1,1,1,1,1,branch;full;flag;coherent;coset,exact,1,1,1,1,1,0,0,11
13,1,2,6,1,1,1,1,1,1,1,1,branch;full;flag;coherent;coset,exact,1,1,1,1,1,0,0,11
13,1,2,6,1,2,1,1,1,1,1,1,branch;full;flag;coherent;coset,exact,1,1,1,1,1,0,0,11
13,0,1,7,0,1,1,1,1,1,1,1,branch;full;flag;coherent;coset,exact,1,1,1/2,1,0,0,0,15
13,0,1,7,0,2,1,1,1,1,1,1,branch;full;flag;coherent;coset,exact,1,1,3/4,1,0,0,0,19
13,0,1,7,1,1,1,1,1,1,1,1,branch;full;flag;coherent;coset,exact,1,1,1,1,1,0,0,10
13,0,1,7,1,2,1,1,1,1,1,1,branch;full;flag;coherent;coset,exact,1,1,1,1,1,0,0,10
13,0,2,7,0,1,1,1,1,1,1,1,branch;full;flag;coherent;coset,exact,1,1,3/4,1,0,0,0,25
13,0,2,7,0,2,1,1,1,1,1,1,branch;full;flag;coherent;coset,exact,1,1,1,1,1,0,0,26
13,0,2,7,1,1,1,1,1,1,1,1,branch;full;flag;coherent;coset,exact,1,1,1,1,1,0,0,16
13,0,2,7,1,2,1,1,1,1,1,1,branch;full;flag;coherent;coset,exact,1,1,1,1,1,0,0,16
13,1,1,7,0,1,1,1,1,1,1,1,branch;full;flag;coherent;coset,exact,1,1,1,1,1,0,0,10
13,1,1,7,0,2,1,1,1,1,1,1,branch;full;flag;coherent;coset,exact,1,1,1,1,1,0,0,10
13,1,1,7,1,1,1,1,1,1,1,1,branch;full;flag;coherent;coset,exact,1,1,1,1,1,0,0,10
13,1,1,7,1,2,1,1,1,1,1,1,branch;full;flag;coherent;coset,exact,1,1,1,1,1,0,0,10
13,1,2,7,0,1,1,1,1,1,1,1,branch;full;flag;coherent;coset,exact,1,1,1,1,1,0,0,11
13,1,2,7,0,2,1,1,1,1,1,1,branch;full;flag;coherent;coset,exact,1,1,1,1,1,0,0,11
13,1,2,7,1,1,1,1,1,1,1,1,branch;full;flag;coherent;coset,exact,1,1,1,1,1,0,0,11
13,1,2,7,1,2,1,1,1,1,1,1,branch;full;flag;coherent;coset,exact,1,1,1,1,1,0,0,11
13,0,1,8,0,1,1,1,1,1,1,1,branch;full;flag;coherent;coset,exact,1,1,3/4,1,0,0,0,15
13,0,1,8,0,2,1,1,1,1,1,1,branch;full;flag;coherent;coset,exact,1,1,1,1,1,0,0,16
13,0,1,8,1,1,1,1,1,1,1,1,branch;full;flag;coherent;coset,exact,1,1,1,1,1,0,0,12
13,0,1,8,1,2,1,1,1,1,1,1,branch;full;flag;coherent;coset,exact,1,1,1,1,1,0,0,12
13,0,2,8,0,1,1,1,1,1,1,1,branch;full;flag;coherent;coset,exact,1,1,1,1,1,0,0,26
13,0,2,8,0,2,1,1,1,1,1,1,branch;full;flag;coherent;coset,exact,1,1,1,1,1,0,0,26
13,0,2,8,1,1,1,1,1,1,1,1,branch;full;flag;coherent;coset,exact,1,1,1,1,1,0,0,18
13,0,2,8,1,2,1,1,1,1,1,1,branch;full;flag;coherent;coset,exact,1,1,1,1,1,0,0,18
13,1,1,8,0,1,1,1,1,1,1,1,branch;full;flag;coherent;coset,exact,1,1,1,1,1,0,0,10
13,1,1,8,0,2,1,1,1,1,1,1,branch;full;flag;coherent;coset,exact,1,1,1,1,1,0,0,10
13,1,1,8,1,1,1,1,1,1,1,1,branch;full;flag;coherent;coset,exact,1,1,1,1,1,0,0,10
13,1,1,8,1,2,1,1,1,1,1,1,branch;full;flag;coherent;coset,exact,1,1,1,1,1,0,0,10
13,1,2,8,0,1,1,1,1,1,1,1,branch;full;flag;coherent;coset,exact,1,1,1,1,1,0,0,11
13,1,2,8,0,2,1,1,1,1,1,1,branch;full;flag;coherent;coset,exact,1,1,1,1,1,0,0,11
13,1,2,8,1,1,1,1,1,1,1,1,branch;full;flag;coherent;coset,exact,1,1,1,1,1,0,0,11
13,1,2,8,1,2,1,1,1,1,1,1,branch;full;flag;coherent;coset,exact,1,1,1,1,1,0,0,11
13,0,1,9,0,1,1,1,1,1,1,1,branch;full;flag;coherent;coset,exact,1,1,1/2,1,0,0,0,15
13,0,1,9,0,2,1,1,1,1,1,1,branch;full;flag;coherent;coset,exact,1,1,3/4,1,0,0,0,19
13,0,1,9,1,1,1,1,1,1,1,1,branch;full;flag;coherent;coset,exact,1,1,1,1,1,0,0,10
13,0,1,9,1,2,1,1,1,1,1,1,branch;full;flag;coherent;coset,exact,1,1,1,1,1,0,0,10
13,0,2,9,0,1,1,1,1,1,1,1,branch;full;flag;coherent;coset,exact,1,1,3/4,1,0,0,0,25
13,0,2,9,0,2,1,1,1,1,1,1,branch;full;flag;coherent;coset,exact,1,1,1,1,1,0,0,26
13,0,2,9,1,1,1,1,1,1,1,1,branch;full;flag;coherent;coset,exact,1,1,1,1,1,0,0,16
13,0,2,9,1,2,1,1,1,1,1,1,branch;full;flag;coherent;coset,exact,1,1,1,1,1,0,0,16
13,1,1,9,0,1,1,1,1,1,1,1,branch;full;flag;coherent;coset,exact,1,1,1,1,1,0,0,10
13,1,1,9,0,2,1,1,1,1,1,1,branch;full;flag;coherent;coset,exact,1,1,1,1,1,0,0,10
13,1,1,9,1,1,1,1,1,1,1,1,branch;full;flag;coherent;coset,exact,1,1,1,1,1,0,0,10
13,1,1,9,1,2,1,1,1,1,1,1,branch;full;flag;coherent;coset,exact,1,1,1,1,1,0,0,10
13,1,2,9,0,1,1,1,1,1,1,1,branch;full;flag;coherent;coset,exact,1,1,1,1,1,0,0,11
13,1,2,9,0,2,1,1,1,1,1,1,branch;full;flag;coherent;coset,exact,1,1,1,1,1,0,0,11
13,1,2,9,1,1,1,1,1,1,1,1,branch;full;flag;coherent;coset,exact,1,1,1,1,1,0,0,11
13,1,2,9,1,2,1,1,1,1,1,1,branch;full;flag;coherent;coset,exact,1,1,1,1,1,0,0,11
13,0,1,10,0,1,1,1,1,1,1,1,branch;full;flag;coherent;coset,exact,1,1,3/4,1,0,0,0,15
13,0,1,10,0,2,1,1,1,1,1,1,branch;full;flag;coherent;coset,exact,1,1,1,1,1,0,0,16
13,0,1,10,1,1,1,1,1,1,1,1,branch;full;flag;coherent;coset,exact,1,1,1,1,1,0,0,12
13,0,1,10,1,2,1,1,1,1,1,1,branch;full;flag;coherent;coset,exact,1,1,1,1,1,0,0,12
13,0,2,10,0,1,1,1,1,1,1,1,branch;full;flag;coherent;coset,exact,1,1,1,1,1,0,0,26
13,0,2,10,0,2,1,1,1,1,1,1,branch;full;flag;coherent;coset,exact,1,1,1,1,1,0,0,26
13,0,2,10,1,1,1,1,1,1,1,1,branch;full;flag;coherent;coset,exact,1,1,1,1,1,0,0,18
13,0,2,10,1,2,1,1,1,1,1,1,branch;full;flag;coherent;coset,exact,1,1,1,1,1,0,0,18
13,1,1,10,0,1,1,1,1,1,1,1,branch;full;flag;coherent;coset,exact,1,1,1,1,1,0,0,10
13,1,1,10,0,2,1,1,1,1,1,1,branch;full;flag;coherent;coset,exact,1,1,1,1,1,0,0,10
13,1,1,10,1,1,1,1,1,1,1,1,branch;full;flag;coherent;coset,exact,1,1,1,1,1,0,0,10
13,1,1,10,1,2,1,1,1,1,1,1,branch;full;flag;coherent;coset,exact,1,1,1,1,1,0,0,10
13,1,2,10,0,1,1,1,1,1,1,1,branch;full;flag;coherent;coset,exact,1,1,1,1,1,0,0,11
13,1,2,10,0,2,1,1,1,1,1,1,branch;full;flag;coherent;coset,exact,1,1,1,1,1,0,0,11
13,1,2,10,1,1,1,1,1,1,1,1,branch;full;flag;coherent;coset,exact,1,1,1,1,1,0,0,11
13,1,2,10,1,2,1,1,1,1,1,1,branch;full;flag;coherent;coset,exact,1,1,1,1,1,0,0,11
13,0,1,11,0,1,1,1,1,1,1,1,branch;full;flag;coherent;coset,exact,1,1,1/2,1,0,0,0,15
13,0,1,11,0,2,1,1,1,1,1,1,branch;full;flag;coherent;coset,exact,1,1,3/4,1,0,0,0,19
13,0,1,11,1,1,1,1,1,1,1,1,branch;full;flag;coherent;coset,exact,1,1,1,1,1,0,0,10
13,0,1,11,1,2,1,1,1,1,1,1,branch;full;flag;coherent;coset,exact,1,1,1,1,1,0,0,10
13,0,2,11,0,1,1,1,1,1,1,1,branch;full;flag;coherent;coset,exact,1,1,3/4,1,0,0,0,25
13,0,2,11,0,2,1,1,1,1,1,1,branch;full;flag;coherent;coset,exact,1,1,1,1,1,0,0,26
13,0,2,11,1,1,1,1,1,1,1,1,branch;full;flag;coherent;coset,exact,1,1,1,1,1,0,0,16
13,0,2,11,1,2,1,1,1,1,1,1,branch;full;flag;coherent;coset,exact,1,1,1,1,1,0,0,16
13,1,1,11,0,1,1,1,1,1,1,1,branch;full;flag;coherent;coset,exact,1,1,1,1,1,0,0,10
13,1,1,11,0,2,1,1,1,1,1,1,branch;full;flag;coherent;coset,exact,1,1,1,1,1,0,0,10
13,1,1,11,1,1,1,1,1,1,1,1,branch;full;flag;coherent;coset,exact,1,1,1,1,1,0,0,10
13,1,1,11,1,2,1,1,1,1,1,1,branch;full;flag;coherent;coset,exact,1,1,1,1,1,0,0,10
13,1,2,11,0,1,1,1,1,1,1,1,branch;full;flag;coherent;coset,exact,1,1,1,1,1,0,0,11
13,1,2,11,0,2,1,1,1,1,1,1,branch;full;flag;coherent;coset,exact,1,1,1,1,1,0,0,11
13,1,2,11,1,1,1,1,1,1,1,1,branch;full;flag;coherent;coset,exact,1,1,1,1,1,0,0,11
13,1,2,11,1,2,1,1,1,1,1,1,branch;full;flag;coherent;coset,exact,1,1,1,1,1,0,0,11
13,0,1,12,0,1,1,1,1,1,1,1,branch;full;flag;coherent;coset,exact,1,1,3/4,1,0,0,0,15
13,0,1,12,0,2,1,1,1,1,1,1,branch;full;flag;coherent;coset,exact,1,1,1,1,1,0,0,16
13,0,1,12,1,1,1,1,1,1,1,1,branch;full;flag;coherent;coset,exact,1,1,1,1,1,0,0,12
13,0,1,12,1,2,1,1,1,1,1,1,branch;full;flag;coherent;coset,exact,1,1,1,1,1,0,0,12
13,0,2,12,0,1,1,1,1,1,1,1,branch;full;flag;coherent;coset,exact,1,1,1,1,1,0,0,26
13,0,2,12,0,2,1,1,1,1,1,1,branch;full;flag;coherent;coset,exact,1,1,1,1,1,0,0,26
13,0,2,12,1,1,1,1,1,1,1,1,branch;full;flag;coherent;coset,exact,1,1,1,1,1,0,0,18
13,0,2,12,1,2,1,1,1,1,1,1,branch;full;flag;coherent;coset,exact,1,1,1,1,1,0,0,18
13,1,1,12,0,1,1,1,1,1,1,1,branch;full;flag;coherent;coset,exact,1,1,1,1,1,0,0,10
13,1,1,12,0,2,1,1,1,1,1,1,branch;full;flag;coherent;coset,exact,1,1,1,1,1,0,0,10
13,1,1,12,1,1,1,1,1,1,1,1,branch;full;flag;coherent;coset,exact,1,1,1,1,1,0,0,10
13,1,1,12,1,2,1,1,1,1,1,1,branch;full;flag;coherent;coset,exact,1,1,1,1,1,0,0,10
13,1,2,12,0,1,1,1,1,1,1,1,branch;full;flag;coherent;coset,exact,1,1,1,1,1,0,0,11
13,1,2,12,0,2,1,1,1,1,1,1,branch;full;flag;coherent;coset,exact,1,1,1,1,1,0,0,11
13,1,2,12,1,1,1,1,1,1,1,1,branch;full;flag;coherent;coset,exact,1,1,1,1,1,0,0,11
13,1,2,12,1,2,1,1,1,1,1,1,branch;full;flag;coherent;coset,exact,1,1,1,1,1,0,0,11
13,0,1,13,0,1,1,1,1,1,1,1,branch;full;flag;coherent;coset,exact,1,1,1/2,1,0,0,0,15
13,0,1,13,0,2,1,1,1,1,1,1,branch;full;flag;coherent;coset,exact,1,1,3/4,1,0,0,0,19
13,0,1,13,1,1,1,1,1,1,1,1,branch;full;flag;coherent;coset,exact,1,1,1,1,1,0,0,10
13,0,1,13,1,2,1,1,1,1,1,1,branch;full;flag;coherent;coset,exact,1,1,1,1,1,0,0,10
13,0,2,13,0,1,1,1,1,1,1,1,branch;full;flag;coherent;coset,exact,1,1,3/4,1,0,0,0,25
13,0,2,13,0,2,1,1,1,1,1,1,branch;full;flag;coherent;coset,exact,1,1,1,1,1,0,0,26
13,0,2,13,1,1,1,1,1,1,1,1,branch;full;flag;coherent;coset,exact,1,1,1,1,1,0,0,16
13,0,2,13,1,2,1,1,1,1,1,1,branch;full;flag;coherent;coset,exact,1,1,1,1,1,0,0,16
13,1,1,13,0,1,1,1,1,1,1,1,branch;full;flag;coherent;coset,exact,1,1,1,1,1,0,0,10
13,1,1,13,0,2,1,1,1,1,1,1,branch;full;flag;coherent;coset,exact,1,1,1,1,1,0,0,10
13,1,1,13,1,1,1,1,1,1,1,1,branch;full;flag;coherent;coset,exact,1,1,1,1,1,0,0,10
13,1,1,13,1,2,1,1,1,1,1,1,branch;full;flag;coherent;coset,exact,1,1,1,1,1,0,0,10
13,1,2,13,0,1,1,1,1,1,1,1,branch;full;flag;coherent;coset,exact,1,1,1,1,1,0,0,11
13,1,2,13,0,2,1,1,1,1,1,1,branch;full;flag;coherent;coset,exact,1,1,1,1,1,0,0,11
13,1,2,13,1,1,1,1,1,1,1,1,branch;full;flag;coherent;coset,exact,1,1,1,1,1,0,0,11
13,1,2,13,1,2,1,1,1,1,1,1,branch;full;flag;coherent;coset,exact,1,1,1,1,1,0,0,11
13,0,1,14,0,1,1,1,1,1,1,1,branch;full;flag;coherent;coset,exact,1,1,1/2,1,0,0,0,15
13,0,1,14,0,2,1,1,1,1,1,1,branch;full;flag;coherent;coset,exact,1,1,3/4,1,0,0,0,19
13,0,1,14,1,1,1,1,1,1,1,1,branch;full;flag;coherent;coset,exact,1,1,1,1,1,0,0,10
13,0,1,14,1,2,1,1,1,1,1,1,branch;full;flag;coherent;coset,exact,1,1,1,1,1,0,0,10
13,0,2,14,0,1,1,1,1,1,1,1,branch;full;flag;coherent;coset,exact,1,1,3/4,1,0,0,0,25
13,0,2,14,0,2,1,1,1,1,1,1,branch;full;flag;coherent;coset,exact,1,1,1,1,1,0,0,26
13,0,2,14,1,1,1,1,1,1,1,1,branch;full;flag;coherent;coset,exact,1,1,1,1,1,0,0,16
13,0,2,14,1,2,1,1,1,1,1,1,branch;full;flag;coherent;coset,exact,1,1,1,1,1,0,0,16
13,1,1,14,0,1,1,1,1,1,1,1,branch;full;flag;coherent;coset,exact,1,1,1,1,1,0,0,10
13,1,1,14,0,2,1,1,1,1,1,1,branch;full;flag;coherent;coset,exact,1,1,1,1,1,0,0,10
13,1,1,14,1,1,1,1,1,1,1,1,branch;full;flag;coherent;coset,exact,1,1,1,1,1,0,0,10
13,1,1,14,1,2,1,1,1,1,1,1,branch;full;flag;coherent;coset,exact,1,1,1,1,1,0,0,10
13,1,2,14,0,1,1,1,1,1,1,1,branch;full;flag;coherent;coset,exact,1,1,1,1,1,0,0,11
13,1,2,14,0,2,1,1,1,1,1,1,branch;full;flag;coherent;coset,exact,1,1,1,1,1,0,0,11
13,1,2,14,1,1,1,1,1,1,1,1,branch;full;flag;coherent;coset,exact,1,1,1,1,1,0,0,11
13,1,2,14,1,2,1,1,1,1,1,1,branch;full;flag;coherent;coset,exact,1,1,1,1,1,0,0,11
13,0,1,15,0,1,1,1,1,1,1,1,branch;full;flag;coherent;coset,exact,1,1,3/4,1,0,0,0,15
13,0,1,15,0,2,1,1,1,1,1,1,branch;full;flag;coherent;coset,exact,1,1,1,1,1,0,0,16
13,0,1,15,1,1,1,1,1,1,1,1,branch;full;flag;coherent;coset,exact,1,1,1,1,1,0,0,12
13,0,1,15,1,2,1,1,1,1,1,1,branch;full;flag;coherent;coset,exact,1,1,1,1,1,0,0,12
13,0,2,15,0,1,1,1,1,1,1,1,branch;full;flag;coherent;coset,exact,1,1,1,1,1,0,0,26
13,0,2,15,0,2,1,1,1,1,1,1,branch;full;flag;coherent;coset,exact,1,1,1,1,1,0,0,26
13,0,2,15,1,1,1,1,1,1,1,1,branch;full;flag;coherent;coset,exact,1,1,1,1,1,0,0,18
13,0,2,15,1,2,1,1,1,1,1,1,branch;full;flag;coherent;coset,exact,1,1,1,1,1,0,0,18
13,1,1,15,0,1,1,1,1,1,1,1,branch;full;flag;coherent;coset,exact,1,1,1,1,1,0,0,10
13,1,1,15,0,2,1,1,1,1,1,1,branch;full;flag;coherent;coset,exact,1,1,1,1,1,0,0,10
13,1,1,15,1,1,1,1,1,1,1,1,branch;full;flag;coherent;coset,exact,1,1,1,1,1,0,0,10
13,1,1,15,1,2,1,1,1,1,1,1,branch;full;flag;coherent;coset,exact,1,1,1,1,1,0,0,10
13,1,2,15,0,1,1,1,1,1,1,1,branch;full;flag;coherent;coset,exact,1,1,1,1,1,0,0,11
13,1,2,15,0,2,1,1,1,1,1,1,branch;full;flag;coherent;coset,exact,1,1,1,1,1,0,0,11
13,1,2,15,1,1,1,1,1,1,1,1,branch;full;flag;coherent;coset,exact,1,1,1,1,1,0,0,11
13,1,2,15,1,2,1,1,1,1,1,1,branch;full;flag;coherent;coset,exact,1,1,1,1,1,0,0,11
14,0,1,0,0,1,1,1,1,1,1,1,branch;full;flag;coherent;coset,exact,1,1,1,1,1,0,0,10
14,0,1,0,0,2,1,1,1,1,1,1,branch;full;flag;coherent;coset,exact,1,1,1,1,1,0,0,10
14,0,1,0,1,1,1,1,1,1,1,1,branch;full;flag;coherent;coset,exact,1,1,1,1,1,0,0,10
14,0,1,0,1,2,1,1,1,1,1,1,branch;full;flag;coherent;coset,exact,1,1,1,1,1,0,0,10
14,0,2,0,0,1,1,1,1,1,1,1,branch;full;flag;coherent;coset,exact,1,1,1,1,1,0,0,22
14,0,2,0,0,2,1,1,1,1,1,1,branch;full;flag;coherent;coset,exact,1,1,1,1,1,0,0,22
14,0,2,0,1,1,1,1,1,1,1,1,branch;full;flag;coherent;coset,exact,1,1,1,1,1,0,0,22
14,0,2,0,1,2,1,1,1,1,1,1,branch;full;flag;coherent;coset,exact,1,1,1,1,1,0,0,22
14,1,1,0,0,1,1,1,1,1,1,1,branch;full;flag;coherent;coset,exact,1,1,1,1,1,0,0,10
14,1,1,0,0,2,1,1,1,1,1,1,branch;full;flag;coherent;coset,exact,1,1,1,1,1,0,0,10
14,1,1,0,1,1,1,1,1,1,1,1,branch;full;flag;coherent;coset,exact,1,1,1,1,1,0,0,10
14,1,1,0,1,2,1,1,1,1,1,1,branch;full;flag;coherent;coset,exact,1,1,1,1,1,0,0,10
14,1,2,0,0,1,1,1,1,1,1,1,branch;full;flag;coherent;coset,exact,1,1,1,1,1,0,0,11
14,1,2,0,0,2,1,1,1,1,1,1,branch;full;flag;coherent;coset,exact,1,1,1,1,1,0,0,11
14,1,2,0,1,1,1,1,1,1,1,1,branch;full;flag;coherent;coset,exact,1,1,1,1,1,0,0,11
14,1,2,0,1,2,1,1,1,1,1,1,branch;full;flag;coherent;coset,exact,1,1,1,1,1,0,0,11
14,0,1,1,0,1,1,1,1,1,1,1,branch;full;flag;coherent;coset,exact,1,1,3/4,1,0,0,0,15
14,0,1,1,0,2,1,1,1,1,1,1,branch;full;flag;coherent;coset,exact,1,1,1,1,1,0,0,16
14,0,1,1,1,1,1,1,1,1,1,1,branch;full;flag;coherent;coset,exact,1,1,1,1,1,0,0,12
14,0,1,1,1,2,1,1,1,1,1,1,branch;full;flag;coherent;coset,exact,1,1,1,1,1,0,0,12
14,0,2,1,0,1,1,1,1,1,1,1,branch;full;flag;coherent;coset,exact,1,1,1,1,1,0,0,26
14,0,2,1,0,2,1,1,1,1,1,1,branch;full;flag;coherent;coset,exact,1,1,1,1,1,0,0,26
14,0,2,1,1,1,1,1,1,1,1,1,branch;full;flag;coherent;coset,exact,1,1,1,1,1,0,0,18
14,0,2,1,1,2,1,1,1,1,1,1,branch;full;flag;coherent;coset,exact,1,1,1,1,1,0,0,18
14,1,1,1,0,1,1,1,1,1,1,1,branch;full;flag;coherent;coset,exact,1,1,1,1,1,0,0,10
14,1,1,1,0,2,1,1,1,1,1,1,branch;full;flag;coherent;coset,exact,1,1,1,1,1,0,0,10
14,1,1,1,1,1,1,1,1,1,1,1,branch;full;flag;coherent;coset,exact,1,1,1,1,1,0,0,10
14,1,1,1,1,2,1,1,1,1,1,1,branch;full;flag;coherent;coset,exact,1,1,1,1,1,0,0,10
14,1,2,1,0,1,1,1,1,1,1,1,branch;full;flag;coherent;coset,exact,1,1,1,1,1,0,0,11
14,1,2,1,0,2,1,1,1,1,1,1,branch;full;flag;coherent;coset,exact,1,1,1,1,1,0,0,11
14,1,2,1,1,1,1,1,1,1,1,1,branch;full;flag;coherent;coset,exact,1,1,1,1,1,0,0,11
14,1,2,1,1,2,1,1,1,1,1,1,branch;full;flag;coherent;coset,exact,1,1,1,1,1,0,0,11
14,0,1,2,0,1,1,1,1,1,1,1,branch;full;flag;coherent;coset,exact,1,1,3/4,1,0,0,0,15
14,0,1,2,0,2,1,1,1,1,1,1,branch;full;flag;coherent;coset,exact,1,1,1,1,1,0,0,16
14,0,1,2,1,1,1,1,1,1,1,1,branch;full;flag;coherent;coset,exact,1,1,1,1,1,0,0,12
14,0,1,2,1,2,1,1,1,1,1,1,branch;full;flag;coherent;coset,exact,1,1,1,1,1,0,0,12
14,0,2,2,0,1,1,1,1,1,1,1,branch;full;flag;coherent;coset,exact,1,1,1,1,1,0,0,26
14,0,2,2,0,2,1,1,1,1,1,1,branch;full;flag;coherent;coset,exact,1,1,1,1,1,0,0,26
14,0,2,2,1,1,1,1,1,1,1,1,branch;full;flag;coherent;coset,exact,1,1,1,1,1,0,0,18
14,0,2,2,1,2,1,1,1,1,1,1,branch;full;flag;coherent;coset,exact,1,1,1,1,1,0,0,18
14,1,1,2,0,1,1,1,1,1,1,1,branch;full;flag;coherent;coset,exact,1,1,1,1,1,0,0,10
14,1,1,2,0,2,1,1,1,1,1,1,branch;full;flag;coherent;coset,exact,1,1,1,1,1,0,0,10
14,1,1,2,1,1,1,1,1,1,1,1,branch;full;flag;coherent;coset,exact,1,1,1,1,1,0,0,10
14,1,1,2,1,2,1,1,1,1,1,1,branch;full;flag;coherent;coset,exact,1,1,1,1,1,0,0,10
14,1,2,2,0,1,1,1,1,1,1,1,branch;full;flag;coherent;coset,exact,1,1,1,1,1,0,0,11
14,1,2,2,0,2,1,1,1,1,1,1,branch;full;flag;coherent;coset,exact,1,1,1,1,1,0,0,11
14,1,2,2,1,1,1,1,1,1,1,1,branch;full;flag;coherent;coset,exact,1,1,1,1,1,0,0,11
14,1,2,2,1,2,1,1,1,1,1,1,branch;full;flag;coherent;coset,exact,1,1,1,1,1,0,0,11
14,0,1,3,0,1,1,1,1,1,1,1,branch;full;flag;coherent;coset,exact,1,1,3/4,1,0,0,0,15
14,0,1,3,0,2,1,1,1,1,1,1,branch;full;flag;coherent;coset,exact,1,1,1,1,1,0,0,16
14,0,1,3,1,1,1,1,1,1,1,1,branch;full;flag;coherent;coset,exact,1,1,1,1,1,0,0,12
14,0,1,3,1,2,1,1,1,1,1,1,branch;full;flag;coherent;coset,exact,1,1,1,1,1,0,0,12
14,0,2,3,0,1,1,1,1,1,1,1,branch;full;flag;coherent;coset,exact,1,1,1,1,1,0,0,26
14,0,2,3,0,2,1,1,1,1,1,1,branch;full;flag;coherent;coset,exact,1,1,1,1,1,0,0,26
14,0,2,3,1,1,1,1,1,1,1,1,branch;full;flag;coherent;coset,exact,1,1,1,1,1,0,0,18
14,0,2,3,1,2,1,1,1,1,1,1,branch;full;flag;coherent;coset,exact,1,1,1,1,1,0,0,18
14,1,1,3,0,1,1,1,1,1,1,1,branch;full;flag;coherent;coset,exact,1,1,1,1,1,0,0,10
14,1,1,3,0,2,1,1,1,1,1,1,branch;full;flag;coherent;coset,exact,1,1,1,1,1,0,0,10
14,1,1,3,1,1,1,1,1,1,1,1,branch;full;flag;coherent;coset,exact,1,1,1,1,1,0,0,10
14,1,1,3,1,2,1,1,1,1,1,1,branch;full;flag;coherent;coset,exact,1,1,1,1,1,0,0,10
14,1,2,3,0,1,1,1,1,1,1,1,branch;full;flag;coherent;coset,exact,1,1,1,1,1,0,0,11
14,1,2,3,0,2,1,1,1,1,1,1,branch;full;flag;coherent;coset,exact,1,1,1,1,1,0,0,11
14,1,2,3,1,1,1,1,1,1,1,1,branch;full;flag;coherent;coset,exact,1,1,1,1,1,0,0,11
14,1,2,3,1,2,1,1,1,1,1,1,branch;full;flag;coherent;coset,exact,1,1,1,1,1,0,0,11
14,0,1,4,0,1,1,1,1,1,1,1,branch;full;flag;coherent;coset,exact,1,1,3/4,1,0,0,0,15
14,0,1,4,0,2,1,1,1,1,1,1,branch;full;flag;coherent;coset,exact,1,1,1,1,1,0,0,16
14,0,1,4,1,1,1,1,1,1,1,1,branch;full;flag;coherent;coset,exact,1,1,1,1,1,0,0,12
14,0,1,4,1,2,1,1,1,1,1,1,branch;full;flag;coherent;coset,exact,1,1,1,1,1,0,0,12
14,0,2,4,0,1,1,1,1,1,1,1,branch;full;flag;coherent;coset,exact,1,1,1,1,1,0,0,26
14,0,2,4,0,2,1,1,1,1,1,1,branch;full;flag;coherent;coset,exact,1,1,1,1,1,0,0,26
14,0,2,4,1,1,1,1,1,1,1,1,branch;full;flag;coherent;coset,exact,1,1,1,1,1,0,0,18
14,0,2,4,1,2,1,1,1,1,1,1,branch;full;flag;coherent;coset,exact,1,1,1,1,1,0,0,18
14,1,1,4,0,1,1,1,1,1,1,1,branch;full;flag;coherent;coset,exact,1,1,1,1,1,0,0,10
14,1,1,4,0,2,1,1,1,1,1,1,branch;full;flag;coherent;coset,exact,1,1,1,1,1,0,0,10
14,1,1,4,1,1,1,1,1,1,1,1,branch;full;flag;coherent;coset,exact,1,1,1,1,1,0,0,10
14,1,1,4,1,2,1,1,1,1,1,1,branch;full;flag;coherent;coset,exact,1,1,1,1,1,0,0,10
14,1,2,4,0,1,1,1,1,1,1,1,branch;full;flag;coherent;coset,exact,1,1,1,1,1,0,0,11
14,1,2,4,0,2,1,1,1,1,1,1,branch;full;flag;coherent;coset,exact,1,1,1,1,1,0,0,11
14,1,2,4,1,1,1,1,1,1,1,1,branch;full;flag;coherent;coset,exact,1,1,1,1,1,0,0,11
14,1,2,4,1,2,1,1,1,1,1,1,branch;full;flag;coherent;coset,exact,1,1,1,1,1,0,0,11
14,0,1,5,0,1,1,1,1,1,1,1,branch;full;flag;coherent;coset,exact,1,1,3/4,1,0,0,0,15
14,0,1,5,0,2,1,1,1,1,1,1,branch;full;flag;coherent;coset,exact,1,1,1,1,1,0,0,16
14,0,1,5,1,1,1,1,1,1,1,1,branch;full;flag;coherent;coset,exact,1,1,1,1,1,0,0,12
14,0,1,5,1,2,1,1,1,1,1,1,branch;full;flag;coherent;coset,exact,1,1,1,1,1,0,0,12
14,0,2,5,0,1,1,1,1,1,1,1,branch;full;flag;coherent;coset,exact,1,1,1,1,1,0,0,26
14,0,2,5,0,2,1,1,1,1,1,1,branch;full;flag;coherent;coset,exact,1,1,1,1,1,0,0,26
14,0,2,5,1,1,1,1,1,1,1,1,branch;full;flag;coherent;coset,exact,1,1,1,1,1,0,0,18
14,0,2,5,1,2,1,1,1,1,1,1,branch;full;flag;coherent;coset,exact,1,1,1,1,1,0,0,18
14,1,1,5,0,1,1,1,1,1,1,1,branch;full;flag;coherent;coset,exact,1,1,1,1,1,0,0,10
14,1,1,5,0,2,1,1,1,1,1,1,branch;full;flag;coherent;coset,exact,1,1,1,1,1,0,0,10
14,1,1,5,1,1,1,1,1,1,1,1,branch;full;flag;coherent;coset,exact,1,1,1,1,1,0,0,10
14,1,1,5,1,2,1,1,1,1,1,1,branch;full;flag;coherent;coset,exact,1,1,1,1,1,0,0,10
14,1,2,5,0,1,1,1,1,1,1,1,branch;full;flag;coherent;coset,exact,1,1,1,1,1,0,0,11
14,1,2,5,0,2,1,1,1,1,1,1,branch;full;flag;coherent;coset,exact,1,1,1,1,1,0,0,11
14,1,2,5,1,1,1,1,1,1,1,1,branch;full;flag;coherent;coset,exact,1,1,1,1,1,0,0,11
14,1,2,5,1,2,1,1,1,1,1,1,branch;full;flag;coherent;coset,exact,1,1,1,1,1,0,0,11
14,0,1,6,0,1,1,1,1,1,1,1,branch;full;flag;coherent;coset,exact,1,1,1/2,1,0,0,0,15
14,0,1,6,0,2,1,1,1,1,1,1,branch;full;flag;coherent;coset,exact,1,1,3/4,1,0,0,0,19
14,0,1,6,1,1,1,1,1,1,1,1,branch;full;flag;coherent;coset,exact,1,1,1,1,1,0,0,10
14,0,1,6,1,2,1,1,1,1,1,1,branch;full;flag;coherent;coset,exact,1,1,1,1,1,0,0,10
14,0,2,6,0,1,1,1,1,1,1,1,branch;full;flag;coherent;coset,exact,1,1,3/4,1,0,0,0,25
14,0,2,6,0,2,1,1,1,1,1,1,branch;full;flag;coherent;coset,exact,1,1,1,1,1,0,0,26
14,0,2,6,1,1,1,1,1,1,1,1,branch;full;flag;coherent;coset,exact,1,1,1,1,1,0,0,16
14,0,2,6,1,2,1,1,1,1,1,1,branch;full;flag;coherent;coset,exact,1,1,1,1,1,0,0,16
14,1,1,6,0,1,1,1,1,1,1,1,branch;full;flag;coherent;coset,exact,1,1,1,1,1,0,0,10
14,1,1,6,0,2,1,1,1,1,1,1,branch;full;flag;coherent;coset,exact,1,1,1,1,1,0,0,10
14,1,1,6,1,1,1,1,1,1,1,1,branch;full;flag;coherent;coset,exact,1,1,1,1,1,0,0,10
14,1,1,6,1,2,1,1,1,1,1,1,branch;full;flag;coherent;coset,exact,1,1,1,1,1,0,0,10
14,1,2,6,0,1,1,1,1,1,1,1,branch;full;flag;coherent;coset,exact,1,1,1,1,1,0,0,11
14,1,2,6,0,2,1,1,1,1,1,1,branch;full;flag;coherent;coset,exact,1,1,1,1,1,0,0,11
14,1,2,6,1,1,1,1,1,1,1,1,branch;full;flag;coherent;coset,exact,1,1,1,1,1,0,0,11
14,1,2,6,1,2,1,1,1,1,1,1,branch;full;flag;coherent;coset,exact,1,1,1,1,1,0,0,11
14,0,1,7,0,1,1,1,1,1,1,1,branch;full;flag;coherent;coset,exact,1,1,1/2,1,0,0,0,15
14,0,1,7,0,2,1,1,1,1,1,1,branch;full;flag;coherent;coset,exact,1,1,3/4,1,0,0,0,19
14,0,1,7,1,1,1,1,1,1,1,1,branch;full;flag;coherent;coset,exact,1,1,1,1,1,0,0,10
14,0,1,7,1,2,1,1,1,1,1,1,branch;full;flag;coherent;coset,exact,1,1,1,1,1,0,0,10
14,0,2,7,0,1,1,1,1,1,1,1,branch;full;flag;coherent;coset,exact,1,1,3/4,1,0,0,0,25
14,0,2,7,0,2,1,1,1,1,1,1,branch;full;flag;coherent;coset,exact,1,1,1,1,1,0,0,26
14,0,2,7,1,1,1,1,1,1,1,1,branch;full;flag;coherent;coset,exact,1,1,1,1,1,0,0,16
14,0,2,7,1,2,1,1,1,1,1,1,branch;full;flag;coherent;coset,exact,1,1,1,1,1,0,0,16
14,1,1,7,0,1,1,1,1,1,1,1,branch;full;flag;coherent;coset,exact,1,1,1,1,1,0,0,10
14,1,1,7,0,2,1,1,1,1,1,1,branch;full;flag;coherent;coset,exact,1,1,1,1,1,0,0,10
14,1,1,7,1,1,1,1,1,1,1,1,branch;full;flag;coherent;coset,exact,1,1,1,1,1,0,0,10
14,1,1,7,1,2,1,1,1,1,1,1,branch;full;flag;coherent;coset,exact,1,1,1,1,1,0,0,10
14,1,2,7,0,1,1,1,1,1,1,1,branch;full;flag;coherent;coset,exact,1,1,1,1,1,0,0,11
14,1,2,7,0,2,1,1,1,1,1,1,branch;full;flag;coherent;coset,exact,1,1,1,1,1,0,0,11
14,1,2,7,1,1,1,1,1,1,1,1,branch;full;flag;coherent;coset,exact,1,1,1,1,1,0,0,11
14,1,2,7,1,2,1,1,1,1,1,1,branch;full;flag;coherent;coset,exact,1,1,1,1,1,0,0,11
14,0,1,8,0,1,1,1,1,1,1,1,branch;full;flag;coherent;coset,exact,1,1,3/4,1,0,0,0,15
14,0,1,8,0,2,1,1,1,1,1,1,branch;full;flag;coherent;coset,exact,1,1,1,1,1,0,0,16
14,0,1,8,1,1,1,1,1,1,1,1,branch;full;flag;coherent;coset,exact,1,1,1,1,1,0,0,12
14,0,1,8,1,2,1,1,1,1,1,1,branch;full;flag;coherent;coset,exact,1,1,1,1,1,0,0,12
14,0,2,8,0,1,1,1,1,1,1,1,branch;full;flag;coherent;coset,exact,1,1,1,1,1,0,0,26
14,0,2,8,0,2,1,1,1,1,1,1,branch;full;flag;coherent;coset,exact,1,1,1,1,1,0,0,26
14,0,2,8,1,1,1,1,1,1,1,1,branch;full;flag;coherent;coset,exact,1,1,1,1,1,0,0,18
14,0,2,8,1,2,1,1,1,1,1,1,branch;full;flag;coherent;coset,exact,1,1,1,1,1,0,0,18
14,1,1,8,0,1,1,1,1,1,1,1,branch;full;flag;coherent;coset,exact,1,1,1,1,1,0,0,10
14,1,1,8,0,2,1,1,1,1,1,1,branch;full;flag;coherent;coset,exact,1,1,1,1,1,0,0,10
14,1,1,8,1,1,1,1,1,1,1,1,branch;full;flag;coherent;coset,exact,1,1,1,1,1,0,0,10
14,1,1,8,1,2,1,1,1,1,1,1,branch;full;flag;coherent;coset,exact,1,1,1,1,1,0,0,10
14,1,2,8,0,1,1,1,1,1,1,1,branch;full;flag;coherent;coset,exact,1,1,1,1,1,0,0,11
14,1,2,8,0,2,1,1,1,1,1,1,branch;full;flag;coherent;coset,exact,1,1,1,1,1,0,0,11
14,1,2,8,1,1,1,1,1,1,1,1,branch;full;flag;coherent;coset,exact,1,1,1,1,1,0,0,11
14,1,2,8,1,2,1,1,1,1,1,1,branch;full;flag;coherent;coset,exact,1,1,1,1,1,0,0,11
14,0,1,9,0,1,1,1,1,1,1,1,branch;full;flag;coherent;coset,exact,1,1,1/2,1,0,0,0,15
14,0,1,9,0,2,1,1,1,1,1,1,branch;full;flag;coherent;coset,exact,1,1,3/4,1,0,0,0,19
14,0,1,9,1,1,1,1,1,1,1,1,branch;full;flag;coherent;coset,exact,1,1,1,1,1,0,0,10
14,0,1,9,1,2,1,1,1,1,1,1,branch;full;flag;coherent;coset,exact,1,1,1,1,1,0,0,10
14,0,2,9,0,1,1,1,1,1,1,1,branch;full;flag;coherent;coset,exact,1,1,3/4,1,0,0,0,25
14,0,2,9,0,2,1,1,1,1,1,1,branch;full;flag;coherent;coset,exact,1,1,1,1,1,0,0,26
14,0,2,9,1,1,1,1,1,1,1,1,branch;full;flag;coherent;coset,exact,1,1,1,1,1,0,0,16
14,0,2,9,1,2,1,1,1,1,1,1,branch;full;flag;coherent;coset,exact,1,1,1,1,1,0,0,16
14,1,1,9,0,1,1,1,1,1,1,1,branch;full;flag;coherent;coset,exact,1,1,1,1,1,0,0,10
14,1,1,9,0,2,1,1,1,1,1,1,branch;full;flag;coherent;coset,exact,1,1,1,1,1,0,0,10
14,1,1,9,1,1,1,1,1,1,1,1,branch;full;flag;coherent;coset,exact,1,1,1,1,1,0,0,10
14,1,1,9,1,2,1,1,1,1,1,1,branch;full;flag;coherent;coset,exact,1,1,1,1,1,0,0,10
14,1,2,9,0,1,1,1,1,1,1,1,branch;full;flag;coherent;coset,exact,1,1,1,1,1,0,0,11
14,1,2,9,0,2,1,1,1,1,1,1,branch;full;flag;coherent;coset,exact,1,1,1,1,1,0,0,11
14,1,2,9,1,1,1,1,1,1,1,1,branch;full;flag;coherent;coset,exact,1,1,1,1,1,0,0,11
14,1,2,9,1,2,1,1,1,1,1,1,branch;full;flag;coherent;coset,exact,1,1,1,1,1,0,0,11
14,0,1,10,0,1,1,1,1,1,1,1,branch;full;flag;coherent;coset,exact,1,1,3/4,1,0,0,0,15
14,0,1,10,0,2,1,1,1,1,1,1,branch;full;flag;coherent;coset,exact,1,1,1,1,1,0,0,16
14,0,1,10,1,1,1,1,1,1,1,1,branch;full;flag;coherent;coset,exact,1,1,1,1,1,0,0,12
14,0,1,10,1,2,1,1,1,1,1,1,branch;full;flag;coherent;coset,exact,1,1,1,1,1,0,0,12
14,0,2,10,0,1,1,1,1,1,1,1,branch;full;flag;coherent;coset,exact,1,1,1,1,1,0,0,26
14,0,2,10,0,2,1,1,1,1,1,1,branch;full;flag;coherent;coset,exact,1,1,1,1,1,0,0,26
14,0,2,10,1,1,1,1,1,1,1,1,branch;full;flag;coherent;coset,exact,1,1,1,1,1,0,0,18
14,0,2,10,1,2,1,1,1,1,1,1,branch;full;flag;coherent;coset,exact,1,1,1,1,1,0,0,18
14,1,1,10,0,1,1,1,1,1,1,1,branch;full;flag;coherent;coset,exact,1,1,1,1,1,0,0,10
14,1,1,10,0,2,1,1,1,1,1,1,branch;full;flag;coherent;coset,exact,1,1,1,1,1,0,0,10
14,1,1,10,1,1,1,1,1,1,1,1,branch;full;flag;coherent;coset,exact,1,1,1,1,1,0,0,10
14,1,1,10,1,2,1,1,1,1,1,1,branch;full;flag;coherent;coset,exact,1,1,1,1,1,0,0,10
14,1,2,10,0,1,1,1,1,1,1,1,branch;full;flag;coherent;coset,exact,1,1,1,1,1,0,0,11
14,1,2,10,0,2,1,1,1,1,1,1,branch;full;flag;coherent;coset,exact,1,1,1,1,1,0,0,11
14,1,2,10,1,1,1,1,1,1,1,1,branch;full;flag;coherent;coset,exact,1,1,1,1,1,0,0,11
14,1,2,10,1,2,1,1,1,1,1,1,branch;full;flag;coherent;coset,exact,1,1,1,1,1,0,0,11
14,0,1,11,0,1,1,1,1,1,1,1,branch;full;flag;coherent;coset,exact,1,1,1/2,1,0,0,0,15
14,0,1,11,0,2,1,1,1,1,1,1,branch;full;flag;coherent;coset,exact,1,1,3/4,1,0,0,0,19
14,0,1,11,1,1,1,1,1,1,1,1,branch;full;flag;coherent;coset,exact,1,1,1,1,1,0,0,10
14,0,1,11,1,2,1,1,1,1,1,1,branch;full;flag;coherent;coset,exact,1,1,1,1,1,0,0,10
14,0,2,11,0,1,1,1,1,1,1,1,branch;full;flag;coherent;coset,exact,1,1,3/4,1,0,0,0,25
14,0,2,11,0,2,1,1,1,1,1,1,branch;full;flag;coherent;coset,exact,1,1,1,1,1,0,0,26
14,0,2,11,1,1,1,1,1,1,1,1,branch;full;flag;coherent;coset,exact,1,1,1,1,1,0,0,16
14,0,2,11,1,2,1,1,1,1,1,1,branch;full;flag;coherent;coset,exact,1,1,1,1,1,0,0,16
14,1,1,11,0,1,1,1,1,1,1,1,branch;full;flag;coherent;coset,exact,1,1,1,1,1,0,0,10
14,1,1,11,0,2,1,1,1,1,1,1,branch;full;flag;coherent;coset,exact,1,1,1,1,1,0,0,10
14,1,1,11,1,1,1,1,1,1,1,1,branch;full;flag;coherent;coset,exact,1,1,1,1,1,0,0,10
14,1,1,11,1,2,1,1,1,1,1,1,branch;full;flag;coherent;coset,exact,1,1,1,1,1,0,0,10
14,1,2,11,0,1,1,1,1,1,1,1,branch;full;flag;coherent;coset,exact,1,1,1,1,1,0,0,11
14,1,2,11,0,2,1,1,1,1,1,1,branch;full;flag;coherent;coset,exact,1,1,1,1,1,0,0,11
14,1,2,11,1,1,1,1,1,1,1,1,branch;full;flag;coherent;coset,exact,1,1,1,1,1,0,0,11
14,1,2,11,1,2,1,1,1,1,1,1,branch;full;flag;coherent;coset,exact,1,1,1,1,1,0,0,11
14,0,1,12,0,1,1,1,1,1,1,1,branch;full;flag;coherent;coset,exact,1,1,3/4,1,0,0,0,15
14,0,1,12,0,2,1,1,1,1,1,1,branch;full;flag;coherent;coset,exact,1,1,1,1,1,0,0,16
14,0,1,12,1,1,1,1,1,1,1,1,branch;full;flag;coherent;coset,exact,1,1,1,1,1,0,0,12
14,0,1,12,1,2,1,1,1,1,1,1,branch;full;flag;coherent;coset,exact,1,1,1,1,1,0,0,12
14,0,2,12,0,1,1,1,1,1,1,1,branch;full;flag;coherent;coset,exact,1,1,1,1,1,0,0,26
14,0,2,12,0,2,1,1,1,1,1,1,branch;full;flag;coherent;coset,exact,1,1,1,1,1,0,0,26
14,0,2,12,1,1,1,1,1,1,1,1,branch;full;flag;coherent;coset,exact,1,1,1,1,1,0,0,18
14,0,2,12,1,2,1,1,1,1,1,1,branch;full;flag;coherent;coset,exact,1,1,1,1,1,0,0,18
14,1,1,12,0,1,1,1,1,1,1,1,branch;full;flag;coherent;coset,exact,1,1,1,1,1,0,0,10
14,1,1,12,0,2,1,1,1,1,1,1,branch;full;flag;coherent;coset,exact,1,1,1,1,1,0,0,10
14,1,1,12,1,1,1,1,1,1,1,1,branch;full;flag;coherent;coset,exact,1,1,1,1,1,0,0,10
14,1,1,12,1,2,1,1,1,1,1,1,branch;full;flag;coherent;coset,exact,1,1,1,1,1,0,0,10
14,1,2,12,0,1,1,1,1,1,1,1,branch;full;flag;coherent;coset,exact,1,1,1,1,1,0,0,11
14,1,2,12,0,2,1,1,1,1,1,1,branch;full;flag;coherent;coset,exact,1,1,1,1,1,0,0,11
14,1,2,12,1,1,1,1,1,1,1,1,branch;full;flag;coherent;coset,exact,1,1,1,1,1,0,0,11
14,1,2,12,1,2,1,1,1,1,1,1,branch;full;flag;coherent;coset,exact,1,1,1,1,1,0,0,11
14,0,1,13,0,1,1,1,1,1,1,1,branch;full;flag;coherent;coset,exact,1,1,1/2,1,0,0,0,15
14,0,1,13,0,2,1,1,1,1,1,1,branch;full;flag;coherent;coset,exact,1,1,3/4,1,0,0,0,19
14,0,1,13,1,1,1,1,1,1,1,1,branch;full;flag;coherent;coset,exact,1,1,1,1,1,0,0,10
14,0,1,13,1,2,1,1,1,1,1,1,branch;full;flag;coherent;coset,exact,1,1,1,1,1,0,0,10
14,0,2,13,0,1,1,1,1,1,1,1,branch;full;flag;coherent;coset,exact,1,1,3/4,1,0,0,0,25
14,0,2,13,0,2,1,1,1,1,1,1,branch;full;flag;coherent;coset,exact,1,1,1,1,1,0,0,26
14,0,2,13,1,1,1,1,1,1,1,1,branch;full;flag;coherent;coset,exact,1,1,1,1,1,0,0,16
14,0,2,13,1,2,1,1,1,1,1,1,branch;full;flag;coherent;coset,exact,1,1,1,1,1,0,0,16
14,1,1,13,0,1,1,1,1,1,1,1,branch;full;flag;coherent;coset,exact,1,1,1,1,1,0,0,10
14,1,1,13,0,2,1,1,1,1,1,1,branch;full;flag;coherent;coset,exact,1,1,1,1,1,0,0,10
14,1,1,13,1,1,1,1,1,1,1,1,branch;full;flag;coherent;coset,exact,1,1,1,1,1,0,0,10
14,1,1,13,1,2,1,1,1,1,1,1,branch;full;flag;coherent;coset,exact,1,1,1,1,1,0,0,10
14,1,2,13,0,1,1,1,1,1,1,1,branch;full;flag;coherent;coset,exact,1,1,1,1,1,0,0,11
14,1,2,13,0,2,1,1,1,1,1,1,branch;full;flag;coherent;coset,exact,1,1,1,1,1,0,0,11
14,1,2,13,1,1,1,1,1,1,1,1,branch;full;flag;coherent;coset,exact,1,1,1,1,1,0,0,11
14,1,2,13,1,2,1,1,1,1,1,1,branch;full;flag;coherent;coset,exact,1,1,1,1,1,0,0,11
14,0,1,14,0,1,1,1,1,1,1,1,branch;full;flag;coherent;coset,exact,1,1,1/2,1,0,0,0,15
14,0,1,14,0,2,1,1,1,1,1,1,branch;full;flag;coherent;coset,exact,1,1,3/4,1,0,0,0,19
14,0,1,14,1,1,1,1,1,1,1,1,branch;full;flag;coherent;coset,exact,1,1,1,1,1,0,0,10
14,0,1,14,1,2,1,1,1,1,1,1,branch;full;flag;coherent;coset,exact,1,1,1,1,1,0,0,10
14,0,2,14,0,1,1,1,1,1,1,1,branch;full;flag;coherent;coset,exact,1,1,3/4,1,0,0,0,25
14,0,2,14,0,2,1,1,1,1,1,1,branch;full;flag;coherent;coset,exact,1,1,1,1,1,0,0,26
14,0,2,14,1,1,1,1,1,1,1,1,branch;full;flag;coherent;coset,exact,1,1,1,1,1,0,0,16
14,0,2,14,1,2,1,1,1,1,1,1,branch;full;flag;coherent;coset,exact,1,1,1,1,1,0,0,16
14,1,1,14,0,1,1,1,1,1,1,1,branch;full;flag;coherent;coset,exact,1,1,1,1,1,0,0,10
14,1,1,14,0,2,1,1,1,1,1,1,branch;full;flag;coherent;coset,exact,1,1,1,1,1,0,0,10
14,1,1,14,1,1,1,1,1,1,1,1,branch;full;flag;coherent;coset,exact,1,1,1,1,1,0,0,10
14,1,1,14,1,2,1,1,1,1,1,1,branch;full;flag;coherent;coset,exact,1,1,1,1,1,0,0,10
14,1,2,14,0,1,1,1,1,1,1,1,branch;full;flag;coherent;coset,exact,1,1,1,1,1,0,0,11
14,1,2,14,0,2,1,1,1,1,1,1,branch;full;flag;coherent;coset,exact,1,1,1,1,1,0,0,11
14,1,2,14,1,1,1,1,1,1,1,1,branch;full;flag;coherent;coset,exact,1,1,1,1,1,0,0,11
14,1,2,14,1,2,1,1,1,1,1,1,branch;full;flag;coherent;coset,exact,1,1,1,1,1,0,0,11
14,0,1,15,0,1,1,1,1,1,1,1,branch;full;flag;coherent;coset,exact,1,1,3/4,1,0,0,0,15
14,0,1,15,0,2,1,1,1,1,1,1,branch;full;flag;coherent;coset,exact,1,1,1,1,1,0,0,16
14,0,1,15,1,1,1,1,1,1,1,1,branch;full;flag;coherent;coset,exact,1,1,1,1,1,0,0,12
14,0,1,15,1,2,1,1,1,1,1,1,branch;full;flag;coherent;coset,exact,1,1,1,1,1,0,0,12
14,0,2,15,0,1,1,1,1,1,1,1,branch;full;flag;coherent;coset,exact,1,1,1,1,1,0,0,26
14,0,2,15,0,2,1,1,1,1,1,1,branch;full;flag;coherent;coset,exact,1,1,1,1,1,0,0,26
14,0,2,15,1,1,1,1,1,1,1,1,branch;full;flag;coherent;coset,exact,1,1,1,1,1,0,0,18
14,0,2,15,1,2,1,1,1,1,1,1,branch;full;flag;coherent;coset,exact,1,1,1,1,1,0,0,18
14,1,1,15,0,1,1,1,1,1,1,1,branch;full;flag;coherent;coset,exact,1,1,1,1,1,0,0,10
14,1,1,15,0,2,1,1,1,1,1,1,branch;full;flag;coherent;coset,exact,1,1,1,1,1,0,0,10
14,1,1,15,1,1,1,1,1,1,1,1,branch;full;flag;coherent;coset,exact,1,1,1,1,1,0,0,10
14,1,1,15,1,2,1,1,1,1,1,1,branch;full;flag;coherent;coset,exact,1,1,1,1,1,0,0,10
14,1,2,15,0,1,1,1,1,1,1,1,branch;full;flag;coherent;coset,exact,1,1,1,1,1,0,0,11
14,1,2,15,0,2,1,1,1,1,1,1,branch;full;flag;coherent;coset,exact,1,1,1,1,1,0,0,11
14,1,2,15,1,1,1,1,1,1,1,1,branch;full;flag;coherent;coset,exact,1,1,1,1,1,0,0,11
14,1,2,15,1,2,1,1,1,1,1,1,branch;full;flag;coherent;coset,exact,1,1,1,1,1,0,0,11
15,0,1,0,0,1,1,1,1,1,1,1,branch;full;flag;coherent;coset,exact,1,1,1,1,1,0,0,8
15,0,1,0,0,2,1,1,1,1,1,1,branch;full;flag;coherent;coset,exact,1,1,1,1,1,0,0,8
15,0,1,0,1,1,1,1,1,1,1,1,branch;full;flag;coherent;coset,exact,1,1,1,1,1,0,0,8
15,0,1,0,1,2,1,1,1,1,1,1,branch;full;flag;coherent;coset,exact,1,1,1,1,1,0,0,8
15,0,2,0,0,1,1,1,1,1,1,1,branch;full;flag;coherent;coset,exact,1,1,1,1,1,0,0,9
15,0,2,0,0,2,1,1,1,1,1,1,branch;full;flag;coherent;coset,exact,1,1,1,1,1,0,0,9
15,0,2,0,1,1,1,1,1,1,1,1,branch;full;flag;coherent;coset,exact,1,1,1,1,1,0,0,9
15,0,2,0,1,2,1,1,1,1,1,1,branch;full;flag;coherent;coset,exact,1,1,1,1,1,0,0,9
15,1,1,0,0,1,1,1,1,1,1,1,branch;full;flag;coherent;coset,exact,1,1,1,1,1,0,0,7
15,1,1,0,0,2,1,1,1,1,1,1,branch;full;flag;coherent;coset,exact,1,1,1,1,1,0,0,7
15,1,1,0,1,1,1,1,1,1,1,1,branch;full;flag;coherent;coset,exact,1,1,1,1,1,0,0,7
15,1,1,0,1,2,1,1,1,1,1,1,branch;full;flag;coherent;coset,exact,1,1,1,1,1,0,0,7
15,1,2,0,0,1,1,1,1,1,1,1,branch;full;flag;coherent;coset,exact,1,1,1,1,1,0,0,7
15,1,2,0,0,2,1,1,1,1,1,1,branch;full;flag;coherent;coset,exact,1,1,1,1,1,0,0,7
15,1,2,0,1,1,1,1,1,1,1,1,branch;full;flag;coherent;coset,exact,1,1,1,1,1,0,0,7
15,1,2,0,1,2,1,1,1,1,1,1,branch;full;flag;coherent;coset,exact,1,1,1,1,1,0,0,7
15,0,1,1,0,1,3/4,3/4,3/4,3/4,3/4,3/4,branch;full;flag;coherent;coset,exact,1,1,3/4,1,1,0,0,13
15,0,1,1,0,2,1,1,1,1,1,1,branch;full;flag;coherent;coset,exact,1,1,1,1,1,0,0,14
15,0,1,1,1,1,1,1,1,1,1,1,branch;full;flag;coherent;coset,exact,1,1,1,1,1,0,0,11
15,0,1,1,1,2,1,1,1,1,1,1,branch;full;flag;coherent;coset,exact,1,1,1,1,1,0,0,11
15,0,2,1,0,1,1,1,1,1,1,1,branch;full;flag;coherent;coset,exact,1,1,1,1,1,0,0,15
15,0,2,1,0,2,1,1,1,1,1,1,branch;full;flag;coherent;coset,exact,1,1,1,1,1,0,0,15
15,0,2,1,1,1,1,1,1,1,1,1,branch;full;flag;coherent;coset,exact,1,1,1,1,1,0,0,12
15,0,2,1,1,2,1,1,1,1,1,1,branch;full;flag;coherent;coset,exact,1,1,1,1,1,0,0,12
15,1,1,1,0,1,1,1,1,1,1,1,branch;full;flag;coherent;coset,exact,1,1,1,1,1,0,0,11
15,1,1,1,0,2,1,1,1,1,1,1,branch;full;flag;coherent;coset,exact,1,1,1,1,1,0,0,11
15,1,1,1,1,1,1,1,1,1,1,1,branch;full;flag;coherent;coset,exact,1,1,1,1,1,0,0,9
15,1,1,1,1,2,1,1,1,1,1,1,branch;full;flag;coherent;coset,exact,1,1,1,1,1,0,0,9
15,1,2,1,0,1,1,1,1,1,1,1,branch;full;flag;coherent;coset,exact,1,1,1,1,1,0,0,11
15,1,2,1,0,2,1,1,1,1,1,1,branch;full;flag;coherent;coset,exact,1,1,1,1,1,0,0,11
15,1,2,1,1,1,1,1,1,1,1,1,branch;full;flag;coherent;coset,exact,1,1,1,1,1,0,0,9
15,1,2,1,1,2,1,1,1,1,1,1,branch;full;flag;coherent;coset,exact,1,1,1,1,1,0,0,9
15,0,1,2,0,1,3/4,3/4,3/4,3/4,3/4,3/4,branch;full;flag;coherent;coset,exact,1,1,3/4,1,1,0,0,13
15,0,1,2,0,2,1,1,1,1,1,1,branch;full;flag;coherent;coset,exact,1,1,1,1,1,0,0,14
15,0,1,2,1,1,1,1,1,1,1,1,branch;full;flag;coherent;coset,exact,1,1,1,1,1,0,0,11
15,0,1,2,1,2,1,1,1,1,1,1,branch;full;flag;coherent;coset,exact,1,1,1,1,1,0,0,11
15,0,2,2,0,1,1,1,1,1,1,1,branch;full;flag;coherent;coset,exact,1,1,1,1,1,0,0,15
15,0,2,2,0,2,1,1,1,1,1,1,branch;full;flag;coherent;coset,exact,1,1,1,1,1,0,0,15
15,0,2,2,1,1,1,1,1,1,1,1,branch;full;flag;coherent;coset,exact,1,1,1,1,1,0,0,12
15,0,2,2,1,2,1,1,1,1,1,1,branch;full;flag;coherent;coset,exact,1,1,1,1,1,0,0,12
15,1,1,2,0,1,1,1,1,1,1,1,branch;full;flag;coherent;coset,exact,1,1,1,1,1,0,0,11
15,1,1,2,0,2,1,1,1,1,1,1,branch;full;flag;coherent;coset,exact,1,1,1,1,1,0,0,11
15,1,1,2,1,1,1,1,1,1,1,1,branch;full;flag;coherent;coset,exact,1,1,1,1,1,0,0,9
15,1,1,2,1,2,1,1,1,1,1,1,branch;full;flag;coherent;coset,exact,1,1,1,1,1,0,0,9
15,1,2,2,0,1,1,1,1,1,1,1,branch;full;flag;coherent;coset,exact,1,1,1,1,1,0,0,11
15,1,2,2,0,2,1,1,1,1,1,1,branch;full;flag;coherent;coset,exact,1,1,1,1,1,0,0,11
15,1,2,2,1,1,1,1,1,1,1,1,branch;full;flag;coherent;coset,exact,1,1,1,1,1,0,0,9
15,1,2,2,1,2,1,1,1,1,1,1,branch;full;flag;coherent;coset,exact,1,1,1,1,1,0,0,9
15,0,1,3,0,1,1,1,1,1,1,1,branch;full;flag;coherent;coset,exact,1,1,1,1,1,0,0,8
15,0,1,3,0,2,1,1,1,1,1,1,branch;full;flag;coherent;coset,exact,1,1,1,1,1,0,0,8
15,0,1,3,1,1,1,1,1,1,1,1,branch;full;flag;coherent;coset,exact,1,1,1,1,1,0,0,7
15,0,1,3,1,2,1,1,1,1,1,1,branch;full;flag;coherent;coset,exact,1,1,1,1,1,0,0,7
15,0,2,3,0,1,1,1,1,1,1,1,branch;full;flag;coherent;coset,exact,1,1,1,1,1,0,0,9
15,0,2,3,0,2,1,1,1,1,1,1,branch;full;flag;coherent;coset,exact,1,1,1,1,1,0,0,9
15,0,2,3,1,1,1,1,1,1,1,1,branch;full;flag;coherent;coset,exact,1,1,1,1,1,0,0,8
15,0,2,3,1,2,1,1,1,1,1,1,branch;full;flag;coherent;coset,exact,1,1,1,1,1,0,0,8
15,1,1,3,0,1,1,1,1,1,1,1,branch;full;flag;coherent;coset,exact,1,1,1,1,1,0,0,7
15,1,1,3,0,2,1,1,1,1,1,1,branch;full;flag;coherent;coset,exact,1,1,1,1,1,0,0,7
15,1,1,3,1,1,1,1,1,1,1,1,branch;full;flag;coherent;coset,exact,1,1,1,1,1,0,0,7
15,1,1,3,1,2,1,1,1,1,1,1,branch;full;flag;coherent;coset,exact,1,1,1,1,1,0,0,7
15,1,2,3,0,1,1,1,1,1,1,1,branch;full;flag;coherent;coset,exact,1,1,1,1,1,0,0,7
15,1,2,3,0,2,1,1,1,1,1,1,branch;full;flag;coherent;coset,exact,1,1,1,1,1,0,0,7
15,1,2,3,1,1,1,1,1,1,1,1,branch;full;flag;coherent;coset,exact,1,1,1,1,1,0,0,7
15,1,2,3,1,2,1,1,1,1,1,1,branch;full;flag;coherent;coset,exact,1,1,1,1,1,0,0,7
15,0,1,4,0,1,3/4,3/4,3/4,3/4,3/4,3/4,branch;full;flag;coherent;coset,exact,1,1,3/4,1,1,0,0,13
15,0,1,4,0,2,1,1,1,1,1,1,branch;full;flag;coherent;coset,exact,1,1,1,1,1,0,0,14
15,0,1,4,1,1,1,1,1,1,1,1,branch;full;flag;coherent;coset,exact,1,1,1,1,1,0,0,11
15,0,1,4,1,2,1,1,1,1,1,1,branch;full;flag;coherent;coset,exact,1,1,1,1,1,0,0,11
15,0,2,4,0,1,1,1,1,1,1,1,branch;full;flag;coherent;coset,exact,1,1,1,1,1,0,0,15
15,0,2,4,0,2,1,1,1,1,1,1,branch;full;flag;coherent;coset,exact,1,1,1,1,1,0,0,15
15,0,2,4,1,1,1,1,1,1,1,1,branch;full;flag;coherent;coset,exact,1,1,1,1,1,0,0,12
15,0,2,4,1,2,1,1,1,1,1,1,branch;full;flag;coherent;coset,exact,1,1,1,1,1,0,0,12
15,1,1,4,0,1,1,1,1,1,1,1,branch;full;flag;coherent;coset,exact,1,1,1,1,1,0,0,11
15,1,1,4,0,2,1,1,1,1,1,1,branch;full;flag;coherent;coset,exact,1,1,1,1,1,0,0,11
15,1,1,4,1,1,1,1,1,1,1,1,branch;full;flag;coherent;coset,exact,1,1,1,1,1,0,0,9
15,1,1,4,1,2,1,1,1,1,1,1,branch;full;flag;coherent;coset,exact,1,1,1,1,1,0,0,9
15,1,2,4,0,1,1,1,1,1,1,1,branch;full;flag;coherent;coset,exact,1,1,1,1,1,0,0,11
15,1,2,4,0,2,1,1,1,1,1,1,branch;full;flag;coherent;coset,exact,1,1,1,1,1,0,0,11
15,1,2,4,1,1,1,1,1,1,1,1,branch;full;flag;coherent;coset,exact,1,1,1,1,1,0,0,9
15,1,2,4,1,2,1,1,1,1,1,1,branch;full;flag;coherent;coset,exact,1,1,1,1,1,0,0,9
15,0,1,5,0,1,3/4,3/4,3/4,3/4,3/4,3/4,branch;full;flag;coherent;coset,exact,1,1,3/4,1,1,0,0,13
15,0,1,5,0,2,1,1,1,1,1,1,branch;full;flag;coherent;coset,exact,1,1,1,1,1,0,0,14
15,0,1,5,1,1,1,1,1,1,1,1,branch;full;flag;coherent;coset,exact,1,1,1,1,1,0,0,11
15,0,1,5,1,2,1,1,1,1,1,1,branch;full;flag;coherent;coset,exact,1,1,1,1,1,0,0,11
15,0,2,5,0,1,1,1,1,1,1,1,branch;full;flag;coherent;coset,exact,1,1,1,1,1,0,0,15
15,0,2,5,0,2,1,1,1,1,1,1,branch;full;flag;coherent;coset,exact,1,1,1,1,1,0,0,15
15,0,2,5,1,1,1,1,1,1,1,1,branch;full;flag;coherent;coset,exact,1,1,1,1,1,0,0,12
15,0,2,5,1,2,1,1,1,1,1,1,branch;full;flag;coherent;coset,exact,1,1,1,1,1,0,0,12
15,1,1,5,0,1,1,1,1,1,1,1,branch;full;flag;coherent;coset,exact,1,1,1,1,1,0,0,11
15,1,1,5,0,2,1,1,1,1,1,1,branch;full;flag;coherent;coset,exact,1,1,1,1,1,0,0,11
15,1,1,5,1,1,1,1,1,1,1,1,branch;full;flag;coherent;coset,exact,1,1,1,1,1,0,0,9
15,1,1,5,1,2,1,1,1,1,1,1,branch;full;flag;coherent;coset,exact,1,1,1,1,1,0,0,9
15,1,2,5,0,1,1,1,1,1,1,1,branch;full;flag;coherent;coset,exact,1,1,1,1,1,0,0,11
15,1,2,5,0,2,1,1,1,1,1,1,branch;full;flag;coherent;coset,exact,1,1,1,1,1,0,0,11
15,1,2,5,1,1,1,1,1,1,1,1,branch;full;flag;coherent;coset,exact,1,1,1,1,1,0,0,9
15,1,2,5,1,2,1,1,1,1,1,1,branch;full;flag;coherent;coset,exact,1,1,1,1,1,0,0,9
15,0,1,6,0,1,3/4,3/4,3/4,3/4,3/4,3/4,branch;full;flag;coherent;coset,exact,1,1,3/4,1,1,0,0,14
15,0,1,6,0,2,1,1,1,1,1,1,branch;full;flag;coherent;coset,exact,1,1,1,1,1,0,0,19
15,0,1,6,1,1,1,1,1,1,1,1,branch;full;flag;coherent;coset,exact,1,1,1,1,1,0,0,9
15,0,1,6,1,2,1,1,1,1,1,1,branch;full;flag;coherent;coset,exact,1,1,1,1,1,0,0,9
15,0,2,6,0,1,1,1,1,1,1,1,branch;full;flag;coherent;coset,exact,1,1,1,1,1,0,0,16
15,0,2,6,0,2,1,1,1,1,1,1,branch;full;flag;coherent;coset,exact,1,1,1,1,1,0,0,20
15,0,2,6,1,1,1,1,1,1,1,1,branch;full;flag;coherent;coset,exact,1,1,1,1,1,0,0,10
15,0,2,6,1,2,1,1,1,1,1,1,branch;full;flag;coherent;coset,exact,1,1,1,1,1,0,0,10
15,1,1,6,0,1,1,1,1,1,1,1,branch;full;flag;coherent;coset,exact,1,1,1,1,1,0,0,11
15,1,1,6,0,2,1,1,1,1,1,1,branch;full;flag;coherent;coset,exact,1,1,1,1,1,0,0,11
15,1,1,6,1,1,1,1,1,1,1,1,branch;full;flag;coherent;coset,exact,1,1,1,1,1,0,0,9
15,1,1,6,1,2,1,1,1,1,1,1,branch;full;flag;coherent;coset,exact,1,1,1,1,1,0,0,9
15,1,2,6,0,1,1,1,1,1,1,1,branch;full;flag;coherent;coset,exact,1,1,1,1,1,0,0,11
15,1,2,6,0,2,1,1,1,1,1,1,branch;full;flag;coherent;coset,exact,1,1,1,1,1,0,0,11
15,1,2,6,1,1,1,1,1,1,1,1,branch;full;flag;coherent;coset,exact,1,1,1,1,1,0,0,9
15,1,2,6,1,2,1,1,1,1,1,1,branch;full;flag;coherent;coset,exact,1,1,1,1,1,0,0,9
15,0,1,7,0,1,3/4,3/4,3/4,3/4,3/4,3/4,branch;full;flag;coherent;coset,exact,1,1,3/4,1,1,0,0,14
15,0,1,7,0,2,1,1,1,1,1,1,branch;full;flag;coherent;coset,exact,1,1,1,1,1,0,0,19
15,0,1,7,1,1,1,1,1,1,1,1,branch;full;flag;coherent;coset,exact,1,1,1,1,1,0,0,9
15,0,1,7,1,2,1,1,1,1,1,1,branch;full;flag;coherent;coset,exact,1,1,1,1,1,0,0,9
15,0,2,7,0,1,1,1,1,1,1,1,branch;full;flag;coherent;coset,exact,1,1,1,1,1,0,0,16
15,0,2,7,0,2,1,1,1,1,1,1,branch;full;flag;coherent;coset,exact,1,1,1,1,1,0,0,20
15,0,2,7,1,1,1,1,1,1,1,1,branch;full;flag;coherent;coset,exact,1,1,1,1,1,0,0,10
15,0,2,7,1,2,1,1,1,1,1,1,branch;full;flag;coherent;coset,exact,1,1,1,1,1,0,0,10
15,1,1,7,0,1,1,1,1,1,1,1,branch;full;flag;coherent;coset,exact,1,1,1,1,1,0,0,11
15,1,1,7,0,2,1,1,1,1,1,1,branch;full;flag;coherent;coset,exact,1,1,1,1,1,0,0,11
15,1,1,7,1,1,1,1,1,1,1,1,branch;full;flag;coherent;coset,exact,1,1,1,1,1,0,0,9
15,1,1,7,1,2,1,1,1,1,1,1,branch;full;flag;coherent;coset,exact,1,1,1,1,1,0,0,9
15,1,2,7,0,1,1,1,1,1,1,1,branch;full;flag;coherent;coset,exact,1,1,1,1,1,0,0,11
15,1,2,7,0,2,1,1,1,1,1,1,branch;full;flag;coherent;coset,exact,1,1,1,1,1,0,0,11
15,1,2,7,1,1,1,1,1,1,1,1,branch;full;flag;coherent;coset,exact,1,1,1,1,1,0,0,9
15,1,2,7,1,2,1,1,1,1,1,1,branch;full;flag;coherent;coset,exact,1,1,1,1,1,0,0,9
15,0,1,8,0,1,3/4,3/4,3/4,3/4,3/4,3/4,branch;full;flag;coherent;coset,exact,1,1,3/4,1,1,0,0,13
15,0,1,8,0,2,1,1,1,1,1,1,branch;full;flag;coherent;coset,exact,1,1,1,1,1,0,0,14
15,0,1,8,1,1,1,1,1,1,1,1,branch;full;flag;coherent;coset,exact,1,1,1,1,1,0,0,11
15,0,1,8,1,2,1,1,1,1,1,1,branch;full;flag;coherent;coset,exact,1,1,1,1,1,0,0,11
15,0,2,8,0,1,1,1,1,1,1,1,branch;full;flag;coherent;coset,exact,1,1,1,1,1,0,0,15
15,0,2,8,0,2,1,1,1,1,1,1,branch;full;flag;coherent;coset,exact,1,1,1,1,1,0,0,15
15,0,2,8,1,1,1,1,1,1,1,1,branch;full;flag;coherent;coset,exact,1,1,1,1,1,0,0,12
15,0,2,8,1,2,1,1,1,1,1,1,branch;full;flag;coherent;coset,exact,1,1,1,1,1,0,0,12
15,1,1,8,0,1,1,1,1,1,1,1,branch;full;flag;coherent;coset,exact,1,1,1,1,1,0,0,11
15,1,1,8,0,2,1,1,1,1,1,1,branch;full;flag;coherent;coset,exact,1,1,1,1,1,0,0,11
15,1,1,8,1,1,1,1,1,1,1,1,branch;full;flag;coherent;coset,exact,1,1,1,1,1,0,0,9
15,1,1,8,1,2,1,1,1,1,1,1,branch;full;flag;coherent;coset,exact,1,1,1,1,1,0,0,9
15,1,2,8,0,1,1,1,1,1,1,1,branch;full;flag;coherent;coset,exact,1,1,1,1,1,0,0,11
15,1,2,8,0,2,1,1,1,1,1,1,branch;full;flag;coherent;coset,exact,1,1,1,1,1,0,0,11
15,1,2,8,1,1,1,1,1,1,1,1,branch;full;flag;coherent;coset,exact,1,1,1,1,1,0,0,9
15,1,2,8,1,2,1,1,1,1,1,1,branch;full;flag;coherent;coset,exact,1,1,1,1,1,0,0,9
15,0,1,9,0,1,3/4,3/4,3/4,3/4,3/4,3/4,branch;full;flag;coherent;coset,exact,1,1,3/4,1,1,0,0,14
15,0,1,9,0,2,1,1,1,1,1,1,branch;full;flag;coherent;coset,exact,1,1,1,1,1,0,0,19
15,0,1,9,1,1,1,1,1,1,1,1,branch;full;flag;coherent;coset,exact,1,1,1,1,1,0,0,9
15,0,1,9,1,2,1,1,1,1,1,1,branch;full;flag;coherent;coset,exact,1,1,1,1,1,0,0,9
15,0,2,9,0,1,1,1,1,1,1,1,branch;full;flag;coherent;coset,exact,1,1,1,1,1,0,0,16
15,0,2,9,0,2,1,1,1,1,1,1,branch;full;flag;coherent;coset,exact,1,1,1,1,1,0,0,20
15,0,2,9,1,1,1,1,1,1,1,1,branch;full;flag;coherent;coset,exact,1,1,1,1,1,0,0,10
15,0,2,9,1,2,1,1,1,1,1,1,branch;full;flag;coherent;coset,exact,1,1,1,1,1,0,0,10
15,1,1,9,0,1,1,1,1,1,1,1,branch;full;flag;coherent;coset,exact,1,1,1,1,1,0,0,11
15,1,1,9,0,2,1,1,1,1,1,1,branch;full;flag;coherent;coset,exact,1,1,1,1,1,0,0,11
15,1,1,9,1,1,1,1,1,1,1,1,branch;full;flag;coherent;coset,exact,1,1,1,1,1,0,0,9
15,1,1,9,1,2,1,1,1,1,1,1,branch;full;flag;coherent;coset,exact,1,1,1,1,1,0,0,9
15,1,2,9,0,1,1,1,1,1,1,1,branch;full;flag;coherent;coset,exact,1,1,1,1,1,0,0,11
15,1,2,9,0,2,1,1,1,1,1,1,branch;full;flag;coherent;coset,exact,1,1,1,1,1,0,0,11
15,1,2,9,1,1,1,1,1,1,1,1,branch;full;flag;coherent;coset,exact,1,1,1,1,1,0,0,9
15,1,2,9,1,2,1,1,1,1,1,1,branch;full;flag;coherent;coset,exact,1,1,1,1,1,0,0,9
15,0,1,10,0,1,3/4,3/4,3/4,3/4,3/4,3/4,branch;full;flag;coherent;coset,exact,1,1,3/4,1,1,0,0,13
15,0,1,10,0,2,1,1,1,1,1,1,branch;full;flag;coherent;coset,exact,1,1,1,1,1,0,0,14
15,0,1,10,1,1,1,1,1,1,1,1,branch;full;flag;coherent;coset,exact,1,1,1,1,1,0,0,11
15,0,1,10,1,2,1,1,1,1,1,1,branch;full;flag;coherent;coset,exact,1,1,1,1,1,0,0,11
15,0,2,10,0,1,1,1,1,1,1,1,branch;full;flag;coherent;coset,exact,1,1,1,1,1,0,0,15
15,0,2,10,0,2,1,1,1,1,1,1,branch;full;flag;coherent;coset,exact,1,1,1,1,1,0,0,15
15,0,2,10,1,1,1,1,1,1,1,1,branch;full;flag;coherent;coset,exact,1,1,1,1,1,0,0,12
15,0,2,10,1,2,1,1,1,1,1,1,branch;full;flag;coherent;coset,exact,1,1,1,1,1,0,0,12
15,1,1,10,0,1,1,1,1,1,1,1,branch;full;flag;coherent;coset,exact,1,1,1,1,1,0,0,11
15,1,1,10,0,2,1,1,1,1,1,1,branch;full;flag;coherent;coset,exact,1,1,1,1,1,0,0,11
15,1,1,10,1,1,1,1,1,1,1,1,branch;full;flag;coherent;coset,exact,1,1,1,1,1,0,0,9
15,1,1,10,1,2,1,1,1,1,1,1,branch;full;flag;coherent;coset,exact,1,1,1,1,1,0,0,9
15,1,2,10,0,1,1,1,1,1,1,1,branch;full;flag;coherent;coset,exact,1,1,1,1,1,0,0,11
15,1,2,10,0,2,1,1,1,1,1,1,branch;full;flag;coherent;coset,exact,1,1,1,1,1,0,0,11
15,1,2,10,1,1,1,1,1,1,1,1,branch;full;flag;coherent;coset,exact,1,1,1,1,1,0,0,9
15,1,2,10,1,2,1,1,1,1,1,1,branch;full;flag;coherent;coset,exact,1,1,1,1,1,0,0,9
15,0,1,11,0,1,3/4,3/4,3/4,3/4,3/4,3/4,branch;full;flag;coherent;coset,exact,1,1,3/4,1,1,0,0,14
15,0,1,11,0,2,1,1,1,1,1,1,branch;full;flag;coherent;coset,exact,1,1,1,1,1,0,0,19
15,0,1,11,1,1,1,1,1,1,1,1,branch;full;flag;coherent;coset,exact,1,1,1,1,1,0,0,9
15,0,1,11,1,2,1,1,1,1,1,1,branch;full;flag;coherent;coset,exact,1,1,1,1,1,0,0,9
15,0,2,11,0,1,1,1,1,1,1,1,branch;full;flag;coherent;coset,exact,1,1,1,1,1,0,0,16
15,0,2,11,0,2,1,1,1,1,1,1,branch;full;flag;coherent;coset,exact,1,1,1,1,1,0,0,20
15,0,2,11,1,1,1,1,1,1,1,1,branch;full;flag;coherent;coset,exact,1,1,1,1,1,0,0,10
15,0,2,11,1,2,1,1,1,1,1,1,branch;full;flag;coherent;coset,exact,1,1,1,1,1,0,0,10
15,1,1,11,0,1,1,1,1,1,1,1,branch;full;flag;coherent;coset,exact,1,1,1,1,1,0,0,11
15,1,1,11,0,2,1,1,1,1,1,1,branch;full;flag;coherent;coset,exact,1,1,1,1,1,0,0,11
15,1,1,11,1,1,1,1,1,1,1,1,branch;full;flag;coherent;coset,exact,1,1,1,1,1,0,0,9
15,1,1,11,1,2,1,1,1,1,1,1,branch;full;flag;coherent;coset,exact,1,1,1,1,1,0,0,9
15,1,2,11,0,1,1,1,1,1,1,1,branch;full;flag;coherent;coset,exact,1,1,1,1,1,0,0,11
15,1,2,11,0,2,1,1,1,1,1,1,branch;full;flag;coherent;coset,exact,1,1,1,1,1,0,0,11
15,1,2,11,1,1,1,1,1,1,1,1,branch;full;flag;coherent;coset,exact,1,1,1,1,1,0,0,9
15,1,2,11,1,2,1,1,1,1,1,1,branch;full;flag;coherent;coset,exact,1,1,1,1,1,0,0,9
15,0,1,12,0,1,1,1,1,1,1,1,branch;full;flag;coherent;coset,exact,1,1,1,1,1,0,0,8
15,0,1,12,0,2,1,1,1,1,1,1,branch;full;flag;coherent;coset,exact,1,1,1,1,1,0,0,8
15,0,1,12,1,1,1,1,1,1,1,1,branch;full;flag;coherent;coset,exact,1,1,1,1,1,0,0,7
15,0,1,12,1,2,1,1,1,1,1,1,branch;full;flag;coherent;coset,exact,1,1,1,1,1,0,0,7
15,0,2,12,0,1,1,1,1,1,1,1,branch;full;flag;coherent;coset,exact,1,1,1,1,1,0,0,9
15,0,2,12,0,2,1,1,1,1,1,1,branch;full;flag;coherent;coset,exact,1,1,1,1,1,0,0,9
15,0,2,12,1,1,1,1,1,1,1,1,branch;full;flag;coherent;coset,exact,1,1,1,1,1,0,0,8
15,0,2,12,1,2,1,1,1,1,1,1,branch;full;flag;coherent;coset,exact,1,1,1,1,1,0,0,8
15,1,1,12,0,1,1,1,1,1,1,1,branch;full;flag;coherent;coset,exact,1,1,1,1,1,0,0,7
15,1,1,12,0,2,1,1,1,1,1,1,branch;full;flag;coherent;coset,exact,1,1,1,1,1,0,0,7
15,1,1,12,1,1,1,1,1,1,1,1,branch;full;flag;coherent;coset,exact,1,1,1,1,1,0,0,7
15,1,1,12,1,2,1,1,1,1,1,1,branch;full;flag;coherent;coset,exact,1,1,1,1,1,0,0,7
15,1,2,12,0,1,1,1,1,1,1,1,branch;full;flag;coherent;coset,exact,1,1,1,1,1,0,0,7
15,1,2,12,0,2,1,1,1,1,1,1,branch;full;flag;coherent;coset,exact,1,1,1,1,1,0,0,7
15,1,2,12,1,1,1,1,1,1,1,1,branch;full;flag;coherent;coset,exact,1,1,1,1,1,0,0,7
15,1,2,12,1,2,1,1,1,1,1,1,branch;full;flag;coherent;coset,exact,1,1,1,1,1,0,0,7
15,0,1,13,0,1,3/4,3/4,3/4,3/4,3/4,3/4,branch;full;flag;coherent;coset,exact,1,1,3/4,1,1,0,0,14
15,0,1,13,0,2,1,1,1,1,1,1,branch;full;flag;coherent;coset,exact,1,1,1,1,1,0,0,19
15,0,1,13,1,1,1,1,1,1,1,1,branch;full;flag;coherent;coset,exact,1,1,1,1,1,0,0,9
15,0,1,13,1,2,1,1,1,1,1,1,branch;full;flag;coherent;coset,exact,1,1,1,1,1,0,0,9
15,0,2,13,0,1,1,1,1,1,1,1,branch;full;flag;coherent;coset,exact,1,1,1,1,1,0,0,16
15,0,2,13,0,2,1,1,1,1,1,1,branch;full;flag;coherent;coset,exact,1,1,1,1,1,0,0,20
15,0,2,13,1,1,1,1,1,1,1,1,branch;full;flag;coherent;coset,exact,1,1,1,1,1,0,0,10
15,0,2,13,1,2,1,1,1,1,1,1,branch;full;flag;coherent;coset,exact,1,1,1,1,1,0,0,10
15,1,1,13,0,1,1,1,1,1,1,1,branch;full;flag;coherent;coset,exact,1,1,1,1,1,0,0,11
15,1,1,13,0,2,1,1,1,1,1,1,branch;full;flag;coherent;coset,exact,1,1,1,1,1,0,0,11
15,1,1,13,1,1,1,1,1,1,1,1,branch;full;flag;coherent;coset,exact,1,1,1,1,1,0,0,9
15,1,1,13,1,2,1,1,1,1,1,1,branch;full;flag;coherent;coset,exact,1,1,1,1,1,0,0,9
15,1,2,13,0,1,1,1,1,1,1,1,branch;full;flag;coherent;coset,exact,1,1,1,1,1,0,0,11
15,1,2,13,0,2,1,1,1,1,1,1,branch;full;flag;coherent;coset,exact,1,1,1,1,1,0,0,11
15,1,2,13,1,1,1,1,1,1,1,1,branch;full;flag;coherent;coset,exact,1,1,1,1,1,0,0,9
15,1,2,13,1,2,1,1,1,1,1,1,branch;full;flag;coherent;coset,exact,1,1,1,1,1,0,0,9
15,0,1,14,0,1,3/4,3/4,3/4,3/4,3/4,3/4,branch;full;flag;coherent;coset,exact,1,1,3/4,1,1,0,0,14
15,0,1,14,0,2,1,1,1,1,1,1,branch;full;flag;coherent;coset,exact,1,1,1,1,1,0,0,19
15,0,1,14,1,1,1,1,1,1,1,1,branch;full;flag;coherent;coset,exact,1,1,1,1,1,0,0,9
15,0,1,14,1,2,1,1,1,1,1,1,branch;full;flag;coherent;coset,exact,1,1,1,1,1,0,0,9
15,0,2,14,0,1,1,1,1,1,1,1,branch;full;flag;coherent;coset,exact,1,1,1,1,1,0,0,16
15,0,2,14,0,2,1,1,1,1,1,1,branch;full;flag;coherent;coset,exact,1,1,1,1,1,0,0,20
15,0,2,14,1,1,1,1,1,1,1,1,branch;full;flag;coherent;coset,exact,1,1,1,1,1,0,0,10
15,0,2,14,1,2,1,1,1,1,1,1,branch;full;flag;coherent;coset,exact,1,1,1,1,1,0,0,10
15,1,1,14,0,1,1,1,1,1,1,1,branch;full;flag;coherent;coset,exact,1,1,1,1,1,0,0,11
15,1,1,14,0,2,1,1,1,1,1,1,branch;full;flag;coherent;coset,exact,1,1,1,1,1,0,0,11
15,1,1,14,1,1,1,1,1,1,1,1,branch;full;flag;coherent;coset,exact,1,1,1,1,1,0,0,9
15,1,1,14,1,2,1,1,1,1,1,1,branch;full;flag;coherent;coset,exact,1,1,1,1,1,0,0,9
15,1,2,14,0,1,1,1,1,1,1,1,branch;full;flag;coherent;coset,exact,1,1,1,1,1,0,0,11
15,1,2,14,0,2,1,1,1,1,1,1,branch;full;flag;coherent;coset,exact,1,1,1,1,1,0,0,11
15,1,2,14,1,1,1,1,1,1,1,1,branch;full;flag;coherent;coset,exact,1,1,1,1,1,0,0,9
15,1,2,14,1,2,1,1,1,1,1,1,branch;full;flag;coherent;coset,exact,1,1,1,1,1,0,0,9
15,0,1,15,0,1,1,1,1,1,1,1,branch;full;flag;coherent;coset,exact,1,1,1,1,1,0,0,8
15,0,1,15,0,2,1,1,1,1,1,1,branch;full;flag;coherent;coset,exact,1,1,1,1,1,0,0,8
15,0,1,15,1,1,1,1,1,1,1,1,branch;full;flag;coherent;coset,exact,1,1,1,1,1,0,0,7
15,0,1,15,1,2,1,1,1,1,1,1,branch;full;flag;coherent;coset,exact,1,1,1,1,1,0,0,7
15,0,2,15,0,1,1,1,1,1,1,1,branch;full;flag;coherent;coset,exact,1,1,1,1,1,0,0,9
15,0,2,15,0,2,1,1,1,1,1,1,branch;full;flag;coherent;coset,exact,1,1,1,1,1,0,0,9
15,0,2,15,1,1,1,1,1,1,1,1,branch;full;flag;coherent;coset,exact,1,1,1,1,1,0,0,8
15,0,2,15,1,2,1,1,1,1,1,1,branch;full;flag;coherent;coset,exact,1,1,1,1,1,0,0,8
15,1,1,15,0,1,1,1,1,1,1,1,branch;full;flag;coherent;coset,exact,1,1,1,1,1,0,0,7
15,1,1,15,0,2,1,1,1,1,1,1,branch;full;flag;coherent;coset,exact,1,1,1,1,1,0,0,7
15,1,1,15,1,1,1,1,1,1,1,1,branch;full;flag;coherent;coset,exact,1,1,1,1,1,0,0,7
15,1,1,15,1,2,1,1,1,1,1,1,branch;full;flag;coherent;coset,exact,1,1,1,1,1,0,0,7
15,1,2,15,0,1,1,1,1,1,1,1,branch;full;flag;coherent;coset,exact,1,1,1,1,1,0,0,7
15,1,2,15,0,2,1,1,1,1,1,1,branch;full;flag;coherent;coset,exact,1,1,1,1,1,0,0,7
15,1,2,15,1,1,1,1,1,1,1,1,branch;full;flag;coherent;coset,exact,1,1,1,1,1,0,0,7
15,1,2,15,1,2,1,1,1,1,1,1,branch;full;flag;coherent;coset,exact,1,1,1,1,1,0,0,7
