radius,small,large,balanced,unbalanced,holds,boundary
0,1,3,9/16,7/16,1,0
0,1,4,21/32,15/32,1,0
0,1,5,45/64,31/64,1,0
0,1,6,93/128,63/128,1,0
0,1,7,189/256,127/256,1,0
0,1,8,381/512,255/512,1,0
0,1,9,765/1024,511/1024,1,0
0,1,10,1533/2048,1023/2048,1,0
0,1,11,3069/4096,2047/4096,1,0
0,1,12,6141/8192,4095/8192,1,0
0,1,13,12285/16384,8191/16384,1,0
0,1,14,24573/32768,16383/32768,1,0
0,1,15,49149/65536,32767/65536,1,0
0,1,16,98301/131072,65535/131072,1,0
0,1,17,196605/262144,131071/262144,1,0
0,1,18,393213/524288,262143/524288,1,0
0,1,19,786429/1048576,524287/1048576,1,0
0,1,20,1572861/2097152,1048575/2097152,1,0
0,1,21,3145725/4194304,2097151/4194304,1,0
0,1,22,6291453/8388608,4194303/8388608,1,0
0,1,23,12582909/16777216,8388607/16777216,1,0
0,1,24,25165821/33554432,16777215/33554432,1,0
0,1,25,50331645/67108864,33554431/67108864,1,0
0,1,26,100663293/134217728,67108863/134217728,1,0
0,1,27,201326589/268435456,134217727/268435456,1,0
0,1,28,402653181/536870912,268435455/536870912,1,0
0,1,29,805306365/1073741824,536870911/1073741824,1,0
0,1,30,1610612733/2147483648,1073741823/2147483648,1,0
0,1,31,3221225469/4294967296,2147483647/4294967296,1,0
0,1,32,6442450941/8589934592,4294967295/8589934592,1,0
0,1,33,12884901885/17179869184,8589934591/17179869184,1,0
0,2,4,49/64,45/64,1,0
0,2,5,105/128,93/128,1,0
0,2,6,217/256,189/256,1,0
0,2,7,441/512,381/512,1,0
0,2,8,889/1024,765/1024,1,0
0,2,9,1785/2048,1533/2048,1,0
0,2,10,3577/4096,3069/4096,1,0
0,2,11,7161/8192,6141/8192,1,0
0,2,12,14329/16384,12285/16384,1,0
0,2,13,28665/32768,24573/32768,1,0
0,2,14,57337/65536,49149/65536,1,0
0,2,15,114681/131072,98301/131072,1,0
0,2,16,229369/262144,196605/262144,1,0
0,2,17,458745/524288,393213/524288,1,0
0,2,18,917497/1048576,786429/1048576,1,0
0,2,19,1835001/2097152,1572861/2097152,1,0
0,2,20,3670009/4194304,3145725/4194304,1,0
0,2,21,7340025/8388608,6291453/8388608,1,0
0,2,22,14680057/16777216,12582909/16777216,1,0
0,2,23,29360121/33554432,25165821/33554432,1,0
0,2,24,58720249/67108864,50331645/67108864,1,0
0,2,25,117440505/134217728,100663293/134217728,1,0
0,2,26,234881017/268435456,201326589/268435456,1,0
0,2,27,469762041/536870912,402653181/536870912,1,0
0,2,28,939524089/1073741824,805306365/1073741824,1,0
0,2,29,1879048185/2147483648,1610612733/2147483648,1,0
0,2,30,3758096377/4294967296,3221225469/4294967296,1,0
0,2,31,7516192761/8589934592,6442450941/8589934592,1,0
0,2,32,15032385529/17179869184,12884901885/17179869184,1,0
0,2,33,30064771065/34359738368,25769803773/34359738368,1,0
0,3,5,225/256,217/256,1,0
0,3,6,465/512,441/512,1,0
0,3,7,945/1024,889/1024,1,0
0,3,8,1905/2048,1785/2048,1,0
0,3,9,3825/4096,3577/4096,1,0
0,3,10,7665/8192,7161/8192,1,0
0,3,11,15345/16384,14329/16384,1,0
0,3,12,30705/32768,28665/32768,1,0
0,3,13,61425/65536,57337/65536,1,0
0,3,14,122865/131072,114681/131072,1,0
0,3,15,245745/262144,229369/262144,1,0
0,3,16,491505/524288,458745/524288,1,0
0,3,17,983025/1048576,917497/1048576,1,0
0,3,18,1966065/2097152,1835001/2097152,1,0
0,3,19,3932145/4194304,3670009/4194304,1,0
0,3,20,7864305/8388608,7340025/8388608,1,0
0,3,21,15728625/16777216,14680057/16777216,1,0
0,3,22,31457265/33554432,29360121/33554432,1,0
0,3,23,62914545/67108864,58720249/67108864,1,0
0,3,24,125829105/134217728,117440505/134217728,1,0
0,3,25,251658225/268435456,234881017/268435456,1,0
0,3,26,503316465/536870912,469762041/536870912,1,0
0,3,27,1006632945/1073741824,939524089/1073741824,1,0
0,3,28,2013265905/2147483648,1879048185/2147483648,1,0
0,3,29,4026531825/4294967296,3758096377/4294967296,1,0
0,3,30,8053063665/8589934592,7516192761/8589934592,1,0
0,3,31,16106127345/17179869184,15032385529/17179869184,1,0
0,3,32,32212254705/34359738368,30064771065/34359738368,1,0
0,3,33,64424509425/68719476736,60129542137/68719476736,1,0
0,4,6,961/1024,945/1024,1,0
0,4,7,1953/2048,1905/2048,1,0
0,4,8,3937/4096,3825/4096,1,0
0,4,9,7905/8192,7665/8192,1,0
0,4,10,15841/16384,15345/16384,1,0
0,4,11,31713/32768,30705/32768,1,0
0,4,12,63457/65536,61425/65536,1,0
0,4,13,126945/131072,122865/131072,1,0
0,4,14,253921/262144,245745/262144,1,0
0,4,15,507873/524288,491505/524288,1,0
0,4,16,1015777/1048576,983025/1048576,1,0
0,4,17,2031585/2097152,1966065/2097152,1,0
0,4,18,4063201/4194304,3932145/4194304,1,0
0,4,19,8126433/8388608,7864305/8388608,1,0
0,4,20,16252897/16777216,15728625/16777216,1,0
0,4,21,32505825/33554432,31457265/33554432,1,0
0,4,22,65011681/67108864,62914545/67108864,1,0
0,4,23,130023393/134217728,125829105/134217728,1,0
0,4,24,260046817/268435456,251658225/268435456,1,0
0,4,25,520093665/536870912,503316465/536870912,1,0
0,4,26,1040187361/1073741824,1006632945/1073741824,1,0
0,4,27,2080374753/2147483648,2013265905/2147483648,1,0
0,4,28,4160749537/4294967296,4026531825/4294967296,1,0
0,4,29,8321499105/8589934592,8053063665/8589934592,1,0
0,4,30,16642998241/17179869184,16106127345/17179869184,1,0
0,4,31,33285996513/34359738368,32212254705/34359738368,1,0
0,4,32,66571993057/68719476736,64424509425/68719476736,1,0
0,4,33,133143986145/137438953472,128849018865/137438953472,1,0
0,5,7,3969/4096,3937/4096,1,0
0,5,8,8001/8192,7905/8192,1,0
0,5,9,16065/16384,15841/16384,1,0
0,5,10,32193/32768,31713/32768,1,0
0,5,11,64449/65536,63457/65536,1,0
0,5,12,128961/131072,126945/131072,1,0
0,5,13,257985/262144,253921/262144,1,0
0,5,14,516033/524288,507873/524288,1,0
0,5,15,1032129/1048576,1015777/1048576,1,0
0,5,16,2064321/2097152,2031585/2097152,1,0
0,5,17,4128705/4194304,4063201/4194304,1,0
0,5,18,8257473/8388608,8126433/8388608,1,0
0,5,19,16515009/16777216,16252897/16777216,1,0
0,5,20,33030081/33554432,32505825/33554432,1,0
0,5,21,66060225/67108864,65011681/67108864,1,0
0,5,22,132120513/134217728,130023393/134217728,1,0
0,5,23,264241089/268435456,260046817/268435456,1,0
0,5,24,528482241/536870912,520093665/536870912,1,0
0,5,25,1056964545/1073741824,1040187361/1073741824,1,0
0,5,26,2113929153/2147483648,2080374753/2147483648,1,0
0,5,27,4227858369/4294967296,4160749537/4294967296,1,0
0,5,28,8455716801/8589934592,8321499105/8589934592,1,0
0,5,29,16911433665/17179869184,16642998241/17179869184,1,0
0,5,30,33822867393/34359738368,33285996513/34359738368,1,0
0,5,31,67645734849/68719476736,66571993057/68719476736,1,0
0,5,32,135291469761/137438953472,133143986145/137438953472,1,0
0,5,33,270582939585/274877906944,266287972321/274877906944,1,0
0,6,8,16129/16384,16065/16384,1,0
0,6,9,32385/32768,32193/32768,1,0
0,6,10,64897/65536,64449/65536,1,0
0,6,11,129921/131072,128961/131072,1,0
0,6,12,259969/262144,257985/262144,1,0
0,6,13,520065/524288,516033/524288,1,0
0,6,14,1040257/1048576,1032129/1048576,1,0
0,6,15,2080641/2097152,2064321/2097152,1,0
0,6,16,4161409/4194304,4128705/4194304,1,0
0,6,17,8322945/8388608,8257473/8388608,1,0
0,6,18,16646017/16777216,16515009/16777216,1,0
0,6,19,33292161/33554432,33030081/33554432,1,0
0,6,20,66584449/67108864,66060225/67108864,1,0
0,6,21,133169025/134217728,132120513/134217728,1,0
0,6,22,266338177/268435456,264241089/268435456,1,0
0,6,23,532676481/536870912,528482241/536870912,1,0
0,6,24,1065353089/1073741824,1056964545/1073741824,1,0
0,6,25,2130706305/2147483648,2113929153/2147483648,1,0
0,6,26,4261412737/4294967296,4227858369/4294967296,1,0
0,6,27,8522825601/8589934592,8455716801/8589934592,1,0
0,6,28,17045651329/17179869184,16911433665/17179869184,1,0
0,6,29,34091302785/34359738368,33822867393/34359738368,1,0
0,6,30,68182605697/68719476736,67645734849/68719476736,1,0
0,6,31,136365211521/137438953472,135291469761/137438953472,1,0
0,6,32,272730423169/274877906944,270582939585/274877906944,1,0
0,6,33,545460846465/549755813888,541165879233/549755813888,1,0
0,7,9,65025/65536,64897/65536,1,0
0,7,10,130305/131072,129921/131072,1,0
0,7,11,260865/262144,259969/262144,1,0
0,7,12,521985/524288,520065/524288,1,0
0,7,13,1044225/1048576,1040257/1048576,1,0
0,7,14,2088705/2097152,2080641/2097152,1,0
0,7,15,4177665/4194304,4161409/4194304,1,0
0,7,16,8355585/8388608,8322945/8388608,1,0
0,7,17,16711425/16777216,16646017/16777216,1,0
0,7,18,33423105/33554432,33292161/33554432,1,0
0,7,19,66846465/67108864,66584449/67108864,1,0
0,7,20,133693185/134217728,133169025/134217728,1,0
0,7,21,267386625/268435456,266338177/268435456,1,0
0,7,22,534773505/536870912,532676481/536870912,1,0
0,7,23,1069547265/1073741824,1065353089/1073741824,1,0
0,7,24,2139094785/2147483648,2130706305/2147483648,1,0
0,7,25,4278189825/4294967296,4261412737/4294967296,1,0
0,7,26,8556379905/8589934592,8522825601/8589934592,1,0
0,7,27,17112760065/17179869184,17045651329/17179869184,1,0
0,7,28,34225520385/34359738368,34091302785/34359738368,1,0
0,7,29,68451041025/68719476736,68182605697/68719476736,1,0
0,7,30,136902082305/137438953472,136365211521/137438953472,1,0
0,7,31,273804164865/274877906944,272730423169/274877906944,1,0
0,7,32,547608329985/549755813888,545460846465/549755813888,1,0
0,7,33,1095216660225/1099511627776,1090921693057/1099511627776,1,0
0,8,10,261121/262144,260865/262144,1,0
0,8,11,522753/524288,521985/524288,1,0
0,8,12,1046017/1048576,1044225/1048576,1,0
0,8,13,2092545/2097152,2088705/2097152,1,0
0,8,14,4185601/4194304,4177665/4194304,1,0
0,8,15,8371713/8388608,8355585/8388608,1,0
0,8,16,16743937/16777216,16711425/16777216,1,0
0,8,17,33488385/33554432,33423105/33554432,1,0
0,8,18,66977281/67108864,66846465/67108864,1,0
0,8,19,133955073/134217728,133693185/134217728,1,0
0,8,20,267910657/268435456,267386625/268435456,1,0
0,8,21,535821825/536870912,534773505/536870912,1,0
0,8,22,1071644161/1073741824,1069547265/1073741824,1,0
0,8,23,2143288833/2147483648,2139094785/2147483648,1,0
0,8,24,4286578177/4294967296,4278189825/4294967296,1,0
0,8,25,8573156865/8589934592,8556379905/8589934592,1,0
0,8,26,17146314241/17179869184,17112760065/17179869184,1,0
0,8,27,34292628993/34359738368,34225520385/34359738368,1,0
0,8,28,68585258497/68719476736,68451041025/68719476736,1,0
0,8,29,137170517505/137438953472,136902082305/137438953472,1,0
0,8,30,274341035521/274877906944,273804164865/274877906944,1,0
0,8,31,548682071553/549755813888,547608329985/549755813888,1,0
0,8,32,1097364143617/1099511627776,1095216660225/1099511627776,1,0
0,8,33,2194728287745/2199023255552,2190433320705/2199023255552,1,0
0,9,11,1046529/1048576,1046017/1048576,1,0
0,9,12,2094081/2097152,2092545/2097152,1,0
0,9,13,4189185/4194304,4185601/4194304,1,0
0,9,14,8379393/8388608,8371713/8388608,1,0
0,9,15,16759809/16777216,16743937/16777216,1,0
0,9,16,33520641/33554432,33488385/33554432,1,0
0,9,17,67042305/67108864,66977281/67108864,1,0
0,9,18,134085633/134217728,133955073/134217728,1,0
0,9,19,268172289/268435456,267910657/268435456,1,0
0,9,20,536345601/536870912,535821825/536870912,1,0
0,9,21,1072692225/1073741824,1071644161/1073741824,1,0
0,9,22,2145385473/2147483648,2143288833/2147483648,1,0
0,9,23,4290771969/4294967296,4286578177/4294967296,1,0
0,9,24,8581544961/8589934592,8573156865/8589934592,1,0
0,9,25,17163090945/17179869184,17146314241/17179869184,1,0
0,9,26,34326182913/34359738368,34292628993/34359738368,1,0
0,9,27,68652366849/68719476736,68585258497/68719476736,1,0
0,9,28,137304734721/137438953472,137170517505/137438953472,1,0
0,9,29,274609470465/274877906944,274341035521/274877906944,1,0
0,9,30,549218941953/549755813888,548682071553/549755813888,1,0
0,9,31,1098437884929/1099511627776,1097364143617/1099511627776,1,0
0,9,32,2196875770881/2199023255552,2194728287745/2199023255552,1,0
0,9,33,4393751542785/4398046511104,4389456576001/4398046511104,1,0
0,10,12,4190209/4194304,4189185/4194304,1,0
0,10,13,8382465/8388608,8379393/8388608,1,0
0,10,14,16766977/16777216,16759809/16777216,1,0
0,10,15,33536001/33554432,33520641/33554432,1,0
0,10,16,67074049/67108864,67042305/67108864,1,0
0,10,17,134150145/134217728,134085633/134217728,1,0
0,10,18,268302337/268435456,268172289/268435456,1,0
0,10,19,536606721/536870912,536345601/536870912,1,0
0,10,20,1073215489/1073741824,1072692225/1073741824,1,0
0,10,21,2146433025/2147483648,2145385473/2147483648,1,0
0,10,22,4292868097/4294967296,4290771969/4294967296,1,0
0,10,23,8585738241/8589934592,8581544961/8589934592,1,0
0,10,24,17171478529/17179869184,17163090945/17179869184,1,0
0,10,25,34342959105/34359738368,34326182913/34359738368,1,0
0,10,26,68685920257/68719476736,68652366849/68719476736,1,0
0,10,27,137371842561/137438953472,137304734721/137438953472,1,0
0,10,28,274743687169/274877906944,274609470465/274877906944,1,0
0,10,29,549487376385/549755813888,549218941953/549755813888,1,0
0,10,30,1098974754817/1099511627776,1098437884929/1099511627776,1,0
0,10,31,2197949511681/2199023255552,2196875770881/2199023255552,1,0
0,10,32,4395899025409/4398046511104,4393751542785/4398046511104,1,0
0,10,33,8791798052865/8796093022208,8787503086593/8796093022208,1,0
0,11,13,16769025/16777216,16766977/16777216,1,0
0,11,14,33542145/33554432,33536001/33554432,1,0
0,11,15,67088385/67108864,67074049/67108864,1,0
0,11,16,134180865/134217728,134150145/134217728,1,0
0,11,17,268365825/268435456,268302337/268435456,1,0
0,11,18,536735745/536870912,536606721/536870912,1,0
0,11,19,1073475585/1073741824,1073215489/1073741824,1,0
0,11,20,2146955265/2147483648,2146433025/2147483648,1,0
0,11,21,4293914625/4294967296,4292868097/4294967296,1,0
0,11,22,8587833345/8589934592,8585738241/8589934592,1,0
0,11,23,17175670785/17179869184,17171478529/17179869184,1,0
0,11,24,34351345665/34359738368,34342959105/34359738368,1,0
0,11,25,68702695425/68719476736,68685920257/68719476736,1,0
0,11,26,137405394945/137438953472,137371842561/137438953472,1,0
0,11,27,274810793985/274877906944,274743687169/274877906944,1,0
0,11,28,549621592065/549755813888,549487376385/549755813888,1,0
0,11,29,1099243188225/1099511627776,1098974754817/1099511627776,1,0
0,11,30,2198486380545/2199023255552,2197949511681/2199023255552,1,0
0,11,31,4396972765185/4398046511104,4395899025409/4398046511104,1,0
0,11,32,8793945534465/8796093022208,8791798052865/8796093022208,1,0
0,11,33,17587891073025/17592186044416,17583596107777/17592186044416,1,0
0,12,14,67092481/67108864,67088385/67108864,1,0
0,12,15,134193153/134217728,134180865/134217728,1,0
0,12,16,268394497/268435456,268365825/268435456,1,0
0,12,17,536797185/536870912,536735745/536870912,1,0
0,12,18,1073602561/1073741824,1073475585/1073741824,1,0
0,12,19,2147213313/2147483648,2146955265/2147483648,1,0
0,12,20,4294434817/4294967296,4293914625/4294967296,1,0
0,12,21,8588877825/8589934592,8587833345/8589934592,1,0
0,12,22,17177763841/17179869184,17175670785/17179869184,1,0
0,12,23,34355535873/34359738368,34351345665/34359738368,1,0
0,12,24,68711079937/68719476736,68702695425/68719476736,1,0
0,12,25,137422168065/137438953472,137405394945/137438953472,1,0
0,12,26,274844344321/274877906944,274810793985/274877906944,1,0
0,12,27,549688696833/549755813888,549621592065/549755813888,1,0
0,12,28,1099377401857/1099511627776,1099243188225/1099511627776,1,0
0,12,29,2198754811905/2199023255552,2198486380545/2199023255552,1,0
0,12,30,4397509632001/4398046511104,4396972765185/4398046511104,1,0
0,12,31,8795019272193/8796093022208,8793945534465/8796093022208,1,0
0,12,32,17590038552577/17592186044416,17587891073025/17592186044416,1,0
0,12,33,35180077113345/35184372088832,35175782150145/35184372088832,1,0
0,13,15,268402689/268435456,268394497/268435456,1,0
0,13,16,536821761/536870912,536797185/536870912,1,0
0,13,17,1073659905/1073741824,1073602561/1073741824,1,0
0,13,18,2147336193/2147483648,2147213313/2147483648,1,0
0,13,19,4294688769/4294967296,4294434817/4294967296,1,0
0,13,20,8589393921/8589934592,8588877825/8589934592,1,0
0,13,21,17178804225/17179869184,17177763841/17179869184,1,0
0,13,22,34357624833/34359738368,34355535873/34359738368,1,0
0,13,23,68715266049/68719476736,68711079937/68719476736,1,0
0,13,24,137430548481/137438953472,137422168065/137438953472,1,0
0,13,25,274861113345/274877906944,274844344321/274877906944,1,0
0,13,26,549722243073/549755813888,549688696833/549755813888,1,0
0,13,27,1099444502529/1099511627776,1099377401857/1099511627776,1,0
0,13,28,2198889021441/2199023255552,2198754811905/2199023255552,1,0
0,13,29,4397778059265/4398046511104,4397509632001/4398046511104,1,0
0,13,30,8795556134913/8796093022208,8795019272193/8796093022208,1,0
0,13,31,17591112286209/17592186044416,17590038552577/17592186044416,1,0
0,13,32,35182224588801/35184372088832,35180077113345/35184372088832,1,0
0,13,33,70364449193985/70368744177664,70360154234881/70368744177664,1,0
0,14,16,1073676289/1073741824,1073659905/1073741824,1,0
0,14,17,2147385345/2147483648,2147336193/2147483648,1,0
0,14,18,4294803457/4294967296,4294688769/4294967296,1,0
0,14,19,8589639681/8589934592,8589393921/8589934592,1,0
0,14,20,17179312129/17179869184,17178804225/17179869184,1,0
0,14,21,34358657025/34359738368,34357624833/34359738368,1,0
0,14,22,68717346817/68719476736,68715266049/68719476736,1,0
0,14,23,137434726401/137438953472,137430548481/137438953472,1,0
0,14,24,274869485569/274877906944,274861113345/274877906944,1,0
0,14,25,549739003905/549755813888,549722243073/549755813888,1,0
0,14,26,1099478040577/1099511627776,1099444502529/1099511627776,1,0
0,14,27,2198956113921/2199023255552,2198889021441/2199023255552,1,0
0,14,28,4397912260609/4398046511104,4397778059265/4398046511104,1,0
0,14,29,8795824553985/8796093022208,8795556134913/8796093022208,1,0
0,14,30,17591649140737/17592186044416,17591112286209/17592186044416,1,0
0,14,31,35183298314241/35184372088832,35182224588801/35184372088832,1,0
0,14,32,70366596661249/70368744177664,70364449193985/70368744177664,1,0
0,14,33,140733193355265/140737488355328,140728898404353/140737488355328,1,0
0,15,17,4294836225/4294967296,4294803457/4294967296,1,0
0,15,18,8589737985/8589934592,8589639681/8589934592,1,0
0,15,19,17179541505/17179869184,17179312129/17179869184,1,0
0,15,20,34359148545/34359738368,34358657025/34359738368,1,0
0,15,21,68718362625/68719476736,68717346817/68719476736,1,0
0,15,22,137436790785/137438953472,137434726401/137438953472,1,0
0,15,23,274873647105/274877906944,274869485569/274877906944,1,0
0,15,24,549747359745/549755813888,549739003905/549755813888,1,0
0,15,25,1099494785025/1099511627776,1099478040577/1099511627776,1,0
0,15,26,2198989635585/2199023255552,2198956113921/2199023255552,1,0
0,15,27,4397979336705/4398046511104,4397912260609/4398046511104,1,0
0,15,28,8795958738945/8796093022208,8795824553985/8796093022208,1,0
0,15,29,17591917543425/17592186044416,17591649140737/17592186044416,1,0
0,15,30,35183835152385/35184372088832,35183298314241/35184372088832,1,0
0,15,31,70367670370305/70368744177664,70366596661249/70368744177664,1,0
0,15,32,140735340806145/140737488355328,140733193355265/140737488355328,1,0
0,15,33,281470681677825/281474976710656,281466386743297/281474976710656,1,0
0,16,18,17179607041/17179869184,17179541505/17179869184,1,0
0,16,19,34359345153/34359738368,34359148545/34359738368,1,0
0,16,20,68718821377/68719476736,68718362625/68719476736,1,0
0,16,21,137437773825/137438953472,137436790785/137438953472,1,0
0,16,22,274875678721/274877906944,274873647105/274877906944,1,0
0,16,23,549751488513/549755813888,549747359745/549755813888,1,0
0,16,24,1099503108097/1099511627776,1099494785025/1099511627776,1,0
0,16,25,2199006347265/2199023255552,2198989635585/2199023255552,1,0
0,16,26,4398012825601/4398046511104,4397979336705/4398046511104,1,0
0,16,27,8796025782273/8796093022208,8795958738945/8796093022208,1,0
0,16,28,17592051695617/17592186044416,17591917543425/17592186044416,1,0
0,16,29,35184103522305/35184372088832,35183835152385/35184372088832,1,0
0,16,30,70368207175681/70368744177664,70367670370305/70368744177664,1,0
0,16,31,140736414482433/140737488355328,140735340806145/140737488355328,1,0
0,16,32,281472829095937/281474976710656,281470681677825/281474976710656,1,0
0,16,33,562945658322945/562949953421312,562941363421185/562949953421312,1,0
0,17,19,68718952449/68719476736,68718821377/68719476736,1,0
0,17,20,137438167041/137438953472,137437773825/137438953472,1,0
0,17,21,274876596225/274877906944,274875678721/274877906944,1,0
0,17,22,549753454593/549755813888,549751488513/549755813888,1,0
0,17,23,1099507171329/1099511627776,1099503108097/1099511627776,1,0
0,17,24,2199014604801/2199023255552,2199006347265/2199023255552,1,0
0,17,25,4398029471745/4398046511104,4398012825601/4398046511104,1,0
0,17,26,8796059205633/8796093022208,8796025782273/8796093022208,1,0
0,17,27,17592118673409/17592186044416,17592051695617/17592186044416,1,0
0,17,28,35184237608961/35184372088832,35184103522305/35184372088832,1,0
0,17,29,70368475480065/70368744177664,70368207175681/70368744177664,1,0
0,17,30,140736951222273/140737488355328,140736414482433/140737488355328,1,0
0,17,31,281473902706689/281474976710656,281472829095937/281474976710656,1,0
0,17,32,562947805675521/562949953421312,562945658322945/562949953421312,1,0
0,17,33,1125895611613185/1125899906842624,1125891316776961/1125899906842624,1,0
0,18,20,274876858369/274877906944,274876596225/274877906944,1,0
0,18,21,549754241025/549755813888,549753454593/549755813888,1,0
0,18,22,1099509006337/1099511627776,1099507171329/1099511627776,1,0
0,18,23,2199018536961/2199023255552,2199014604801/2199023255552,1,0
0,18,24,4398037598209/4398046511104,4398029471745/4398046511104,1,0
0,18,25,8796075720705/8796093022208,8796059205633/8796093022208,1,0
0,18,26,17592151965697/17592186044416,17592118673409/17592186044416,1,0
0,18,27,35184304455681/35184372088832,35184237608961/35184372088832,1,0
0,18,28,70368609435649/70368744177664,70368475480065/70368744177664,1,0
0,18,29,140737219395585/140737488355328,140736951222273/140737488355328,1,0
0,18,30,281474439315457/281474976710656,281473902706689/281474976710656,1,0
0,18,31,562948879155201/562949953421312,562947805675521/562949953421312,1,0
0,18,32,1125897758834689/1125899906842624,1125895611613185/1125899906842624,1,0
0,18,33,2251795518193665/2251799813685248,2251791223488513/2251799813685248,1,0
0,19,21,1099509530625/1099511627776,1099509006337/1099511627776,1,0
0,19,22,2199020109825/2199023255552,2199018536961/2199023255552,1,0
0,19,23,4398041268225/4398046511104,4398037598209/4398046511104,1,0
0,19,24,8796083585025/8796093022208,8796075720705/8796093022208,1,0
0,19,25,17592168218625/17592186044416,17592151965697/17592186044416,1,0
0,19,26,35184337485825/35184372088832,35184304455681/35184372088832,1,0
0,19,27,70368676020225/70368744177664,70368609435649/70368744177664,1,0
0,19,28,140737353089025/140737488355328,140737219395585/140737488355328,1,0
0,19,29,281474707226625/281474976710656,281474439315457/281474976710656,1,0
0,19,30,562949415501825/562949953421312,562948879155201/562949953421312,1,0
0,19,31,1125898832052225/1125899906842624,1125897758834689/1125899906842624,1,0
0,19,32,2251797665153025/2251799813685248,2251795518193665/2251799813685248,1,0
0,19,33,4503595331354625/4503599627370496,4503591036911617/4503599627370496,1,0
0,20,22,4398042316801/4398046511104,4398041268225/4398046511104,1,0
0,20,23,8796086730753/8796093022208,8796083585025/8796093022208,1,0
0,20,24,17592175558657/17592186044416,17592168218625/17592186044416,1,0
0,20,25,35184353214465/35184372088832,35184337485825/35184372088832,1,0
0,20,26,70368708526081/70368744177664,70368676020225/70368744177664,1,0
0,20,27,140737419149313/140737488355328,140737353089025/140737488355328,1,0
0,20,28,281474840395777/281474976710656,281474707226625/281474976710656,1,0
0,20,29,562949682888705/562949953421312,562949415501825/562949953421312,1,0
0,20,30,1125899367874561/1125899906842624,1125898832052225/1125899906842624,1,0
0,20,31,2251798737846273/2251799813685248,2251797665153025/2251799813685248,1,0
0,20,32,4503597477789697/4503599627370496,4503595331354625/4503599627370496,1,0
0,20,33,9007194957676545/9007199254740992,9007190663757825/9007199254740992,1,0
0,21,23,17592177655809/17592186044416,17592175558657/17592186044416,1,0
0,21,24,35184359505921/35184372088832,35184353214465/35184372088832,1,0
0,21,25,70368723206145/70368744177664,70368708526081/70368744177664,1,0
0,21,26,140737450606593/140737488355328,140737419149313/140737488355328,1,0
0,21,27,281474905407489/281474976710656,281474840395777/281474976710656,1,0
0,21,28,562949815009281/562949953421312,562949682888705/562949953421312,1,0
0,21,29,1125899634212865/1125899906842624,1125899367874561/1125899906842624,1,0
0,21,30,2251799272620033/2251799813685248,2251798737846273/2251799813685248,1,0
0,21,31,4503598549434369/4503599627370496,4503597477789697/4503599627370496,1,0
0,21,32,9007197103063041/9007199254740992,9007194957676545/9007199254740992,1,0
0,21,33,18014394210320385/18014398509481984,18014389917450241/18014398509481984,1,0
0,22,24,70368727400449/70368744177664,70368723206145/70368744177664,1,0
0,22,25,140737463189505/140737488355328,140737450606593/140737488355328,1,0
0,22,26,281474934767617/281474976710656,281474905407489/281474976710656,1,0
0,22,27,562949877923841/562949953421312,562949815009281/562949953421312,1,0
0,22,28,1125899764236289/1125899906842624,1125899634212865/1125899906842624,1,0
0,22,29,2251799536861185/2251799813685248,2251799272620033/2251799813685248,1,0
0,22,30,4503599082110977/4503599627370496,4503598549434369/4503599627370496,1,0
0,22,31,9007198172610561/9007199254740992,9007197103063041/9007199254740992,1,0
0,22,32,18014396353609729/18014398509481984,18014394210320385/18014398509481984,1,0
0,22,33,36028792715608065/36028797018963968,36028788424835073/36028797018963968,1,0
0,23,25,281474943156225/281474976710656,281474934767617/281474976710656,1,0
0,23,26,562949903089665/562949953421312,562949877923841/562949953421312,1,0
0,23,27,1125899822956545/1125899906842624,1125899764236289/1125899906842624,1,0
0,23,28,2251799662690305/2251799813685248,2251799536861185/2251799813685248,1,0
0,23,29,4503599342157825/4503599627370496,4503599082110977/4503599627370496,1,0
0,23,30,9007198701092865/9007199254740992,9007198172610561/9007199254740992,1,0
0,23,31,18014397418962945/18014398509481984,18014396353609729/18014398509481984,1,0
0,23,32,36028794854703105/36028797018963968,36028792715608065/36028797018963968,1,0
0,23,33,72057589726183425/72057594037927936,72057585439604737/72057594037927936,1,0
0,24,26,1125899839733761/1125899906842624,1125899822956545/1125899906842624,1,0
0,24,27,2251799713021953/2251799813685248,2251799662690305/2251799813685248,1,0
0,24,28,4503599459598337/4503599627370496,4503599342157825/4503599627370496,1,0
0,24,29,9007198952751105/9007199254740992,9007198701092865/9007199254740992,1,0
0,24,30,18014397939056641/18014398509481984,18014397418962945/18014398509481984,1,0
0,24,31,36028795911667713/36028797018963968,36028794854703105/36028797018963968,1,0
0,24,32,72057591856889857/72057594037927936,72057589726183425/72057594037927936,1,0
0,24,33,144115183747334145/144115188075855872,144115179469144065/144115188075855872,1,0
0,25,27,4503599493152769/4503599627370496,4503599459598337/4503599627370496,1,0
0,25,28,9007199053414401/9007199254740992,9007198952751105/9007199254740992,1,0
0,25,29,18014398173937665/18014398509481984,18014397939056641/18014398509481984,1,0
0,25,30,36028796414984193/36028797018963968,36028795911667713/36028797018963968,1,0
0,25,31,72057592897077249/72057594037927936,72057591856889857/72057594037927936,1,0
0,25,32,144115185861263361/144115188075855872,144115183747334145/144115188075855872,1,0
0,25,33,288230371789635585/288230376151711744,288230367528222721/288230376151711744,1,0
0,26,28,18014398241046529/18014398509481984,18014398173937665/18014398509481984,1,0
0,26,29,36028796616310785/36028797018963968,36028796414984193/36028797018963968,1,0
0,26,30,72057593366839297/72057594037927936,72057592897077249/72057594037927936,1,0
0,26,31,144115186867896321/144115188075855872,144115185861263361/144115188075855872,1,0
0,26,32,288230373870010369/288230376151711744,288230371789635585/288230376151711744,1,0
0,26,33,576460747874238465/576460752303423488,576460743646380033/576460752303423488,1,0
0,27,29,72057593501057025/72057594037927936,72057593366839297/72057594037927936,1,0
0,27,30,144115187270549505/144115188075855872,144115186867896321/144115188075855872,1,0
0,27,31,288230374809534465/288230376151711744,288230373870010369/288230376151711744,1,0
0,27,32,576460749887504385/576460752303423488,576460747874238465/576460752303423488,1,0
0,27,33,1152921500043444225/1152921504606846976,1152921495882694657/1152921504606846976,1,0
0,28,30,288230375077969921/288230376151711744,288230374809534465/288230376151711744,1,0
0,28,31,576460750692810753/576460752303423488,576460749887504385/576460752303423488,1,0
0,28,32,1152921501922492417/1152921504606846976,1152921500043444225/1152921504606846976,1,0
0,28,33,2305843004381855745/2305843009213693952,2305843000355323905/2305843009213693952,1,0
0,29,31,1152921502459363329/1152921504606846976,1152921501922492417/1152921504606846976,1,0
0,29,32,2305843005992468481/2305843009213693952,2305843004381855745/2305843009213693952,1,0
0,29,33,4611686013058678785/4611686018427387904,4611686009300582401/4611686018427387904,1,0
0,30,32,4611686014132420609/4611686018427387904,4611686013058678785/4611686018427387904,1,0
0,30,33,9223372030412324865/9223372036854775808,9223372027191099393/9223372036854775808,1,0
0,31,33,18446744065119617025/18446744073709551616,18446744062972133377/18446744073709551616,1,0
1,2,4,1/4,11/64,1,0
1,2,5,11/32,13/64,1,0
1,2,6,13/32,57/256,1,0
1,2,7,57/128,15/64,1,0
1,2,8,15/32,247/1024,1,0
1,2,9,247/512,251/1024,1,0
1,2,10,251/512,1013/4096,1,0
1,2,11,1013/2048,509/2048,1,0
1,2,12,509/1024,4083/16384,1,0
1,2,13,4083/8192,4089/16384,1,0
1,2,14,4089/8192,16369/65536,1,0
1,2,15,16369/32768,2047/8192,1,0
1,2,16,2047/4096,65519/262144,1,0
1,2,17,65519/131072,65527/262144,1,0
1,2,18,65527/131072,262125/1048576,1,0
1,2,19,262125/524288,131067/524288,1,0
1,2,20,131067/262144,1048555/4194304,1,0
1,2,21,1048555/2097152,1048565/4194304,1,0
1,2,22,1048565/2097152,4194281/16777216,1,0
1,2,23,4194281/8388608,1048573/4194304,1,0
1,2,24,1048573/2097152,16777191/67108864,1,0
1,2,25,16777191/33554432,16777203/67108864,1,0
1,2,26,16777203/33554432,67108837/268435456,1,0
1,2,27,67108837/134217728,33554425/134217728,1,0
1,2,28,33554425/67108864,268435427/1073741824,1,0
1,2,29,268435427/536870912,268435441/1073741824,1,0
1,2,30,268435441/536870912,1073741793/4294967296,1,0
1,2,31,1073741793/2147483648,67108863/268435456,1,0
1,2,32,67108863/134217728,4294967263/17179869184,1,0
1,2,33,4294967263/8589934592,4294967279/17179869184,1,0
1,3,5,121/256,13/32,1,0
1,3,6,143/256,57/128,1,0
1,3,7,627/1024,15/32,1,0
1,3,8,165/256,247/512,1,0
1,3,9,2717/4096,251/512,1,0
1,3,10,2761/4096,1013/2048,1,0
1,3,11,11143/16384,509/1024,1,0
1,3,12,5599/8192,4083/8192,1,0
1,3,13,44913/65536,4089/8192,1,0
1,3,14,44979/65536,16369/32768,1,0
1,3,15,180059/262144,2047/4096,1,0
1,3,16,22517/32768,65519/131072,1,0
1,3,17,720709/1048576,65527/131072,1,0
1,3,18,720797/1048576,262125/524288,1,0
1,3,19,2883375/4194304,131067/262144,1,0
1,3,20,1441737/2097152,1048555/2097152,1,0
1,3,21,11534105/16777216,1048565/2097152,1,0
1,3,22,11534215/16777216,4194281/8388608,1,0
1,3,23,46137091/67108864,1048573/2097152,1,0
1,3,24,11534303/16777216,16777191/33554432,1,0
1,3,25,184549101/268435456,16777203/33554432,1,0
1,3,26,184549233/268435456,67108837/134217728,1,0
1,3,27,738197207/1073741824,33554425/67108864,1,0
1,3,28,369098675/536870912,268435427/536870912,1,0
1,3,29,2952789697/4294967296,268435441/536870912,1,0
1,3,30,2952789851/4294967296,1073741793/2147483648,1,0
1,3,31,11811159723/17179869184,67108863/134217728,1,0
1,3,32,738197493/1073741824,4294967263/8589934592,1,0
1,3,33,47244639893/68719476736,4294967279/8589934592,1,0
1,4,6,169/256,627/1024,1,0
1,4,7,741/1024,165/256,1,0
1,4,8,195/256,2717/4096,1,0
1,4,9,3211/4096,2761/4096,1,0
1,4,10,3263/4096,11143/16384,1,0
1,4,11,13169/16384,5599/8192,1,0
1,4,12,6617/8192,44913/65536,1,0
1,4,13,53079/65536,44979/65536,1,0
1,4,14,53157/65536,180059/262144,1,0
1,4,15,212797/262144,22517/32768,1,0
1,4,16,26611/32768,720709/1048576,1,0
1,4,17,851747/1048576,720797/1048576,1,0
1,4,18,851851/1048576,2883375/4194304,1,0
1,4,19,3407625/4194304,1441737/2097152,1,0
1,4,20,1703871/2097152,11534105/16777216,1,0
1,4,21,13631215/16777216,11534215/16777216,1,0
1,4,22,13631345/16777216,46137091/67108864,1,0
1,4,23,54525653/67108864,11534303/16777216,1,0
1,4,24,13631449/16777216,184549101/268435456,1,0
1,4,25,218103483/268435456,184549233/268435456,1,0
1,4,26,218103639/268435456,738197207/1073741824,1,0
1,4,27,872414881/1073741824,369098675/536870912,1,0
1,4,28,436207525/536870912,2952789697/4294967296,1,0
1,4,29,3489660551/4294967296,2952789851/4294967296,1,0
1,4,30,3489660733/4294967296,11811159723/17179869184,1,0
1,4,31,13958643309/17179869184,738197493/1073741824,1,0
1,4,32,872415219/1073741824,47244639893/68719476736,1,0
1,4,33,55834574419/68719476736,47244640069/68719476736,1,0
1,5,7,3249/4096,195/256,1,0
1,5,8,855/1024,3211/4096,1,0
1,5,9,14079/16384,3263/4096,1,0
1,5,10,14307/16384,13169/16384,1,0
1,5,11,57741/65536,6617/8192,1,0
1,5,12,29013/32768,53079/65536,1,0
1,5,13,232731/262144,53157/65536,1,0
1,5,14,233073/262144,212797/262144,1,0
1,5,15,933033/1048576,26611/32768,1,0
1,5,16,116679/131072,851747/1048576,1,0
1,5,17,3734583/4194304,851851/1048576,1,0
1,5,18,3735039/4194304,3407625/4194304,1,0
1,5,19,14941125/16777216,1703871/2097152,1,0
1,5,20,7470819/8388608,13631215/16777216,1,0
1,5,21,59767635/67108864,13631345/16777216,1,0
1,5,22,59768205/67108864,54525653/67108864,1,0
1,5,23,239074017/268435456,13631449/16777216,1,0
1,5,24,59768661/67108864,218103483/268435456,1,0
1,5,25,956299887/1073741824,218103639/268435456,1,0
1,5,26,956300571/1073741824,872414881/1073741824,1,0
1,5,27,3825203709/4294967296,436207525/536870912,1,0
1,5,28,1912602225/2147483648,3489660551/4294967296,1,0
1,5,29,15300819339/17179869184,3489660733/4294967296,1,0
1,5,30,15300820137/17179869184,13958643309/17179869184,1,0
1,5,31,61203282201/68719476736,872415219/1073741824,1,0
1,5,32,3825205191/4294967296,55834574419/68719476736,1,0
1,5,33,244813133991/274877906944,55834574627/68719476736,1,0
1,6,8,225/256,14079/16384,1,0
1,6,9,3705/4096,14307/16384,1,0
1,6,10,3765/4096,57741/65536,1,0
1,6,11,15195/16384,29013/32768,1,0
1,6,12,7635/8192,232731/262144,1,0
1,6,13,61245/65536,233073/262144,1,0
1,6,14,61335/65536,933033/1048576,1,0
1,6,15,245535/262144,116679/131072,1,0
1,6,16,30705/32768,3734583/4194304,1,0
1,6,17,982785/1048576,3735039/4194304,1,0
1,6,18,982905/1048576,14941125/16777216,1,0
1,6,19,3931875/4194304,7470819/8388608,1,0
1,6,20,1966005/2097152,59767635/67108864,1,0
1,6,21,15728325/16777216,59768205/67108864,1,0
1,6,22,15728475/16777216,239074017/268435456,1,0
1,6,23,62914215/67108864,59768661/67108864,1,0
1,6,24,15728595/16777216,956299887/1073741824,1,0
1,6,25,251657865/268435456,956300571/1073741824,1,0
1,6,26,251658045/268435456,3825203709/4294967296,1,0
1,6,27,1006632555/1073741824,1912602225/2147483648,1,0
1,6,28,503316375/536870912,15300819339/17179869184,1,0
1,6,29,4026531405/4294967296,15300820137/17179869184,1,0
1,6,30,4026531615/4294967296,61203282201/68719476736,1,0
1,6,31,16106126895/17179869184,3825205191/4294967296,1,0
1,6,32,1006632945/1073741824,244813133991/274877906944,1,0
1,6,33,64424508945/68719476736,244813134903/274877906944,1,0
1,7,9,61009/65536,3765/4096,1,0
1,7,10,61997/65536,15195/16384,1,0
1,7,11,250211/262144,7635/8192,1,0
1,7,12,125723/131072,61245/65536,1,0
1,7,13,1008501/1048576,61335/65536,1,0
1,7,14,1009983/1048576,245535/262144,1,0
1,7,15,4043143/4194304,30705/32768,1,0
1,7,16,505609/524288,982785/1048576,1,0
1,7,17,16183193/16777216,982905/1048576,1,0
1,7,18,16185169/16777216,3931875/4194304,1,0
1,7,19,64744875/67108864,1966005/2097152,1,0
1,7,20,32373549/33554432,15728325/16777216,1,0
1,7,21,258993085/268435456,15728475/16777216,1,0
1,7,22,258995555/268435456,62914215/67108864,1,0
1,7,23,1035987407/1073741824,15728595/16777216,1,0
1,7,24,258997531/268435456,251657865/268435456,1,0
1,7,25,4143966177/4294967296,251658045/268435456,1,0
1,7,26,4143969141/4294967296,1006632555/1073741824,1,0
1,7,27,16575882739/17179869184,503316375/536870912,1,0
1,7,28,8287942975/8589934592,4026531405/4294967296,1,0
1,7,29,66303550469/68719476736,4026531615/4294967296,1,0
1,7,30,66303553927/68719476736,16106126895/17179869184,1,0
1,7,31,265214222871/274877906944,1006632945/1073741824,1,0
1,7,32,16575889161/17179869184,64424508945/68719476736,1,0
1,7,33,1060856913961/1099511627776,64424509185/68719476736,1,0
1,8,10,63001/65536,250211/262144,1,0
1,8,11,254263/262144,125723/131072,1,0
1,8,12,127759/131072,1008501/1048576,1,0
1,8,13,1024833/1048576,1009983/1048576,1,0
1,8,14,1026339/1048576,4043143/4194304,1,0
1,8,15,4108619/4194304,505609/524288,1,0
1,8,16,513797/524288,16183193/16777216,1,0
1,8,17,16445269/16777216,16185169/16777216,1,0
1,8,18,16447277/16777216,64744875/67108864,1,0
1,8,19,65793375/67108864,32373549/33554432,1,0
1,8,20,32897817/33554432,258993085/268435456,1,0
1,8,21,263187305/268435456,258995555/268435456,1,0
1,8,22,263189815/268435456,1035987407/1073741824,1,0
1,8,23,1052764531/1073741824,258997531/268435456,1,0
1,8,24,263191823/268435456,4143966177/4294967296,1,0
1,8,25,4211074941/4294967296,4143969141/4294967296,1,0
1,8,26,4211077953/4294967296,16575882739/17179869184,1,0
1,8,27,16844318087/17179869184,8287942975/8589934592,1,0
1,8,28,8422160675/8589934592,66303550469/68719476736,1,0
1,8,29,67377292177/68719476736,66303553927/68719476736,1,0
1,8,30,67377295691/68719476736,265214222871/274877906944,1,0
1,8,31,269509190043/274877906944,16575889161/17179869184,1,0
1,8,32,16844324613/17179869184,1060856913961/1099511627776,1,0
1,8,33,1078036783013/1099511627776,1060856917913/1099511627776,1,0
1,9,11,1026169/1048576,127759/131072,1,0
1,9,12,515617/524288,1024833/1048576,1,0
1,9,13,4136079/4194304,1026339/1048576,1,0
1,9,14,4142157/4194304,4108619/4194304,1,0
1,9,15,16581797/16777216,513797/524288,1,0
1,9,16,2073611/2097152,16445269/16777216,1,0
1,9,17,66370747/67108864,16447277/16777216,1,0
1,9,18,66378851/67108864,65793375/67108864,1,0
1,9,19,265532625/268435456,32897817/33554432,1,0
1,9,20,132770871/134217728,263187305/268435456,1,0
1,9,21,1062186215/1073741824,263189815/268435456,1,0
1,9,22,1062196345/1073741824,1052764531/1073741824,1,0
1,9,23,4248806653/4294967296,263191823/268435456,1,0
1,9,24,1062204449/1073741824,4211074941/4294967296,1,0
1,9,25,16995294483/17179869184,4211077953/4294967296,1,0
1,9,26,16995306639/17179869184,16844318087/17179869184,1,0
1,9,27,67981251881/68719476736,8422160675/8589934592,1,0
1,9,28,33990632525/34359738368,67377292177/68719476736,1,0
1,9,29,271925087551/274877906944,67377295691/68719476736,1,0
1,9,30,271925101733/274877906944,269509190043/274877906944,1,0
1,9,31,1087700436309/1099511627776,16844324613/17179869184,1,0
1,9,32,67981278219/68719476736,1078036783013/1099511627776,1,0
1,9,33,4350801837419/4398046511104,1078036787029/1099511627776,1,0
1,10,12,259081/262144,4136079/4194304,1,0
1,10,13,2078247/2097152,4142157/4194304,1,0
1,10,14,2081301/2097152,16581797/16777216,1,0
1,10,15,8331821/8388608,2073611/2097152,1,0
1,10,16,1041923/1048576,66370747/67108864,1,0
1,10,17,33349171/33554432,66378851/67108864,1,0
1,10,18,33353243/33554432,265532625/268435456,1,0
1,10,19,133421625/134217728,132770871/134217728,1,0
1,10,20,66713103/67108864,1062186215/1073741824,1,0
1,10,21,533714495/536870912,1062196345/1073741824,1,0
1,10,22,533719585/536870912,4248806653/4294967296,1,0
1,10,23,2134889029/2147483648,1062204449/1073741824,1,0
1,10,24,533723657/536870912,16995294483/17179869184,1,0
1,10,25,8539590219/8589934592,16995306639/17179869184,1,0
1,10,26,8539596327/8589934592,67981251881/68719476736,1,0
1,10,27,34158398033/34359738368,33990632525/34359738368,1,0
1,10,28,17079202325/17179869184,271925087551/274877906944,1,0
1,10,29,136633632343/137438953472,271925101733/274877906944,1,0
1,10,30,136633639469/137438953472,1087700436309/1099511627776,1,0
1,10,31,546534572637/549755813888,67981278219/68719476736,1,0
1,10,32,34158411267/34359738368,4350801837419/4398046511104,1,0
1,10,33,2186138336867/2199023255552,4350801853627/4398046511104,1,0
1,11,13,16670889/16777216,2081301/2097152,1,0
1,11,14,16695387/16777216,8331821/8388608,1,0
1,11,15,66834627/67108864,1041923/1048576,1,0
1,11,16,8357901/8388608,33349171/33554432,1,0
1,11,17,267514077/268435456,33353243/33554432,1,0
1,11,18,267546741/268435456,133421625/134217728,1,0
1,11,19,1070256375/1073741824,66713103/67108864,1,0
1,11,20,535146561/536870912,533714495/536870912,1,0
1,11,21,4281250065/4294967296,533719585/536870912,1,0
1,11,22,4281290895/4294967296,2134889029/2147483648,1,0
1,11,23,17125249323/17179869184,533723657/536870912,1,0
1,11,24,4281323559/4294967296,8539590219/8589934592,1,0
1,11,25,68501270853/68719476736,8539596327/8589934592,1,0
1,11,26,68501319849/68719476736,34158398033/34359738368,1,0
1,11,27,274005381471/274877906944,17079202325/17179869184,1,0
1,11,28,137002717275/137438953472,136633632343/137438953472,1,0
1,11,29,1096021848441/1099511627776,136633639469/137438953472,1,0
1,11,30,1096021905603/1099511627776,546534572637/549755813888,1,0
1,11,31,4384087740819/4398046511104,34158411267/34359738368,1,0
1,11,32,274005487629/274877906944,2186138336867/2199023255552,1,0
1,11,33,17536351334829/17592186044416,2186138345011/2199023255552,1,0
1,12,14,16719921/16777216,66834627/67108864,1,0
1,12,15,66932841/67108864,8357901/8388608,1,0
1,12,16,8370183/8388608,267514077/268435456,1,0
1,12,17,267907191/268435456,267546741/268435456,1,0
1,12,18,267939903/268435456,1070256375/1073741824,1,0
1,12,19,1071829125/1073741824,535146561/536870912,1,0
1,12,20,535932963/536870912,4281250065/4294967296,1,0
1,12,21,4287541395/4294967296,4281290895/4294967296,1,0
1,12,22,4287582285/4294967296,17125249323/17179869184,1,0
1,12,23,17150415009/17179869184,4281323559/4294967296,1,0
1,12,24,4287614997/4294967296,68501270853/68719476736,1,0
1,12,25,68601933999/68719476736,68501319849/68719476736,1,0
1,12,26,68601983067/68719476736,274005381471/274877906944,1,0
1,12,27,274408034493/274877906944,137002717275/137438953472,1,0
1,12,28,137204043825/137438953472,1096021848441/1099511627776,1,0
1,12,29,1097632461003/1099511627776,1096021905603/1099511627776,1,0
1,12,30,1097632518249/1099511627776,4384087740819/4398046511104,1,0
1,12,31,4390530191577/4398046511104,274005487629/274877906944,1,0
1,12,32,274408140807/274877906944,17536351334829/17592186044416,1,0
1,12,33,17562121138407/17592186044416,17536351400157/17592186044416,1,0
1,13,15,267944161/268435456,8370183/8388608,1,0
1,13,16,33507343/33554432,267907191/268435456,1,0
1,13,17,1072480511/1073741824,267939903/268435456,1,0
1,13,18,1072611463/1073741824,1071829125/1073741824,1,0
1,13,19,4290724125/4294967296,535932963/536870912,1,0
1,13,20,2145435723/2147483648,4287541395/4294967296,1,0
1,13,21,17163796795/17179869184,4287582285/4294967296,1,0
1,13,22,17163960485/17179869184,17150415009/17179869184,1,0
1,13,23,68656185689/68719476736,4287614997/4294967296,1,0
1,13,24,17164091437/17179869184,68601933999/68719476736,1,0
1,13,25,274625839479/274877906944,68601983067/68719476736,1,0
1,13,26,274626035907/274877906944,274408034493/274877906944,1,0
1,13,27,1098504552853/1099511627776,137204043825/137438953472,1,0
1,13,28,549252382825/549755813888,1097632461003/1099511627776,1,0
1,13,29,4394019504563/4398046511104,1097632518249/1099511627776,1,0
1,13,30,4394019733729/4398046511104,4390530191577/4398046511104,1,0
1,13,31,17576079409617/17592186044416,274408140807/274877906944,1,0
1,13,32,1098504978447/1099511627776,17562121138407/17592186044416,1,0
1,13,33,70304319128047/70368744177664,17562121203831/17592186044416,1,0
1,14,16,4190209/4194304,1072480511/1073741824,1,0
1,14,17,134117393/134217728,1072611463/1073741824,1,0
1,14,18,134133769/134217728,4290724125/4294967296,1,0
1,14,19,536569875/536870912,2145435723/2147483648,1,0
1,14,20,268294149/268435456,17163796795/17179869184,1,0
1,14,21,2146392085/2147483648,17163960485/17179869184,1,0
1,14,22,2146412555/2147483648,68656185689/68719476736,1,0
1,14,23,8585693207/8589934592,17164091437/17179869184,1,0
1,14,24,2146428931/2147483648,274625839479/274877906944,1,0
1,14,25,34342909977/34359738368,274626035907/274877906944,1,0
1,14,26,34342934541/34359738368,1098504552853/1099511627776,1,0
1,14,27,137371789339/137438953472,549252382825/549755813888,1,0
1,14,28,68685907975/68719476736,4394019504563/4398046511104,1,0
1,14,29,549487319069/549755813888,4394019733729/4398046511104,1,0
1,14,30,549487347727/549755813888,17576079409617/17592186044416,1,0
1,14,31,2197949450271/2199023255552,1098504978447/1099511627776,1,0
1,14,32,137371842561/137438953472,70304319128047/70368744177664,1,0
1,14,33,8791797987361/8796093022208,70304319389951/70368744177664,1,0
1,15,17,4292739361/4294967296,134133769/134217728,1,0
1,15,18,4293263513/4294967296,536569875/536870912,1,0
1,15,19,17174167875/17179869184,268294149/268435456,1,0
1,15,20,8587378773/8589934592,2146392085/2147483648,1,0
1,15,21,68700275045/68719476736,2146412555/2147483648,1,0
1,15,22,68700930235/68719476736,8585693207/8589934592,1,0
1,15,23,274805096839/274877906944,2146428931/2147483648,1,0
1,15,24,68701454387/68719476736,34342909977/34359738368,1,0
1,15,25,1099224777129/1099511627776,34342934541/34359738368,1,0
1,15,26,1099225563357/1099511627776,137371789339/137438953472,1,0
1,15,27,4396903891403/4398046511104,68685907975/68719476736,1,0
1,15,28,2198452371575/2199023255552,549487319069/549755813888,1,0
1,15,29,17587620741613/17592186044416,549487347727/549755813888,1,0
1,15,30,17587621658879/17592186044416,2197949450271/2199023255552,1,0
1,15,31,70350488535567/70368744177664,137371842561/137438953472,1,0
1,15,32,4396905594897/4398046511104,8791797987361/8796093022208,1,0
1,15,33,281401960104497/281474976710656,8791798020113/8796093022208,1,0
1,16,18,4293787729/4294967296,17174167875/17179869184,1,0
1,16,19,17176264875/17179869184,8587378773/8589934592,1,0
1,16,20,8588427309/8589934592,68700275045/68719476736,1,0
1,16,21,68708663485/68719476736,68700930235/68719476736,1,0
1,16,22,68709318755/68719476736,274805096839/274877906944,1,0
1,16,23,274838651087/274877906944,68701454387/68719476736,1,0
1,16,24,68709842971/68719476736,1099224777129/1099511627776,1,0
1,16,25,1099358994657/1099511627776,1099225563357/1099511627776,1,0
1,16,26,1099359780981/1099511627776,4396903891403/4398046511104,1,0
1,16,27,4397440762099/4398046511104,2198452371575/2199023255552,1,0
1,16,28,2198720806975/2199023255552,17587620741613/17592186044416,1,0
1,16,29,17589768225029/17592186044416,17587621658879/17592186044416,1,0
1,16,30,17589769142407/17592186044416,70350488535567/70368744177664,1,0
1,16,31,70359078469911/70368744177664,4396905594897/4398046511104,1,0
1,16,32,4397442465801/4398046511104,281401960104497/281474976710656,1,0
1,16,33,281436319842601/281474976710656,281401961152801/281474976710656,1,0
1,17,19,68709515625/68719476736,8588427309/8589934592,1,0
1,17,20,34355937375/34359738368,68708663485/68719476736,1,0
1,17,21,274852479375/274877906944,68709318755/68719476736,1,0
1,17,22,274855100625/274877906944,274838651087/274877906944,1,0
1,17,23,1099425907125/1099511627776,68709842971/68719476736,1,0
1,17,24,274857197625/274877906944,1099358994657/1099511627776,1,0
1,17,25,4397721190875/4398046511104,1099359780981/1099511627776,1,0
1,17,26,4397724336375/4398046511104,4397440762099/4398046511104,1,0
1,17,27,17590903898625/17592186044416,2198720806975/2199023255552,1,0
1,17,28,8795453653125/8796093022208,17589768225029/17592186044416,1,0
1,17,29,70363636302375/70368744177664,17589769142407/17592186044416,1,0
1,17,30,70363639972125/70368744177664,70359078469911/70368744177664,1,0
1,17,31,281454567490125/281474976710656,4397442465801/4398046511104,1,0
1,17,32,17590910713875/17592186044416,281436319842601/281474976710656,1,0
1,17,33,1125818293813875/1125899906842624,281436320891033/281474976710656,1,0
1,18,20,17178558489/17179869184,274852479375/274877906944,1,0
1,18,21,137430958185/137438953472,274855100625/274877906944,1,0
1,18,22,137432268855/137438953472,1099425907125/1099511627776,1,0
1,18,23,549731827827/549755813888,274857197625/274877906944,1,0
1,18,24,137433317391/137438953472,4397721190875/4398046511104,1,0
1,18,25,2198936092797/2199023255552,4397724336375/4398046511104,1,0
1,18,26,2198937665601/2199023255552,17590903898625/17592186044416,1,0
1,18,27,8795753939079/8796093022208,8795453653125/8796093022208,1,0
1,18,28,4397877821475/4398046511104,70363636302375/70368744177664,1,0
1,18,29,35183026110609/35184372088832,70363639972125/70368744177664,1,0
1,18,30,35183027945547/35184372088832,281454567490125/281474976710656,1,0
1,18,31,140732115583131/140737488355328,17590910713875/17592186044416,1,0
1,18,32,8795757346821/8796093022208,1125818293813875/1125899906842624,1,0
1,18,33,562928474259621/562949953421312,1125818298007875/1125899906842624,1,0
1,19,21,1099467588025/1099511627776,137432268855/137438953472,1,0
1,19,22,1099478073575/1099511627776,549731827827/549755813888,1,0
1,19,23,4397934313955/4398046511104,137433317391/137438953472,1,0
1,19,24,1099486462015/1099511627776,2198936092797/2199023255552,1,0
1,19,25,17591807509005/17592186044416,2198937665601/2199023255552,1,0
1,19,26,17591820091665/17592186044416,8795753939079/8796093022208,1,0
1,19,27,70367306580535/70368744177664,4397877821475/4398046511104,1,0
1,19,28,35183660105875/35184372088832,35183026110609/35184372088832,1,0
1,19,29,281469309157985/281474976710656,35183027945547/35184372088832,1,0
1,19,30,281469323837755/281474976710656,140732115583131/140737488355328,1,0
1,19,31,1125877325759115/1125899906842624,8795757346821/8796093022208,1,0
1,19,32,70367333842965/70368744177664,562928474259621/562949953421312,1,0
1,19,33,4503509398454965/4503599627370496,562928476356693/562949953421312,1,0
1,20,22,1099488559225/1099511627776,4397934313955/4398046511104,1,0
1,20,23,4397976256765/4398046511104,1099486462015/1099511627776,1,0
1,20,24,1099496947745/1099511627776,17591807509005/17592186044416,1,0
1,20,25,17591975280915/17592186044416,17591820091665/17592186044416,1,0
1,20,26,17591987863695/17592186044416,70367306580535/70368744177664,1,0
1,20,27,70367977668905/70368744177664,35183660105875/35184372088832,1,0
1,20,28,35183995650125/35184372088832,281469309157985/281474976710656,1,0
1,20,29,281471993512255/281474976710656,281469323837755/281474976710656,1,0
1,20,30,281472008192165/281474976710656,1125877325759115/1125899906842624,1,0
1,20,31,1125888063177045/1125899906842624,70367333842965/70368744177664,1,0
1,20,32,70368004931595/70368744177664,4503509398454965/4503599627370496,1,0
1,20,33,4503552348127595/4503599627370496,4503509415231845/4503599627370496,1,0
1,21,23,17591993106961/17592186044416,1099496947745/1099511627776,1,0
1,21,24,4398009811013/4398046511104,17591975280915/17592186044416,1,0
1,21,25,70368253444671/70368744177664,17591987863695/17592186044416,1,0
1,21,26,70368303776043/70368744177664,70367977668905/70368744177664,1,0
1,21,27,281473319961197/281474976710656,35183995650125/35184372088832,1,0
1,21,28,140736687243425/140737488355328,281471993512255/281474976710656,1,0
1,21,29,1125893611192987/1125899906842624,281472008192165/281474976710656,1,0
1,21,30,1125893669912921/1125899906842624,1125888063177045/1125899906842624,1,0
1,21,31,4503574801285833/4503599627370496,70368004931595/70368744177664,1,0
1,21,32,281473429012503/281474976710656,4503552348127595/4503599627370496,1,0
1,21,33,18014299586822903/18014398509481984,4503552364904635/4503599627370496,1,0
1,22,24,1099505336329/1099511627776,70368253444671/70368744177664,1,0
1,22,25,17592109498443/17592186044416,70368303776043/70368744177664,1,0
1,22,26,17592122081319/17592186044416,281473319961197/281474976710656,1,0
1,22,27,70368514539601/70368744177664,140736687243425/140737488355328,1,0
1,22,28,35184264085525/35184372088832,1125893611192987/1125899906842624,1,0
1,22,29,281474140995671/281474976710656,1125893669912921/1125899906842624,1,0
1,22,30,281474155675693/281474976710656,4503574801285833/4503599627370496,1,0
1,22,31,1125896653111389/1125899906842624,281473429012503/281474976710656,1,0
1,22,32,70368541802499/70368744177664,18014299586822903/18014398509481984,1,0
1,22,33,4503586707865699/4503599627370496,18014299653931399/18014398509481984,1,0
1,23,25,281474137850481/281474976710656,17592122081319/17592186044416,1,0
1,23,26,281474339176773/281474976710656,70368514539601/70368744177664,1,0
1,23,27,1125897776136867/1125899906842624,35184264085525/35184372088832,1,0
1,23,28,562948997120175/562949953421312,281474140995671/281474976710656,1,0
1,23,29,4503592429945557/4503599627370496,281474155675693/281474976710656,1,0
1,23,30,4503592664826231/4503599627370496,1125896653111389/1125899906842624,1,0
1,23,31,18014371145843463/18014398509481984,70368541802499/70368744177664,1,0
1,23,32,1125898212343833/1125899906842624,4503586707865699/4503599627370496,1,0
1,23,33,72057486110098233/72057594037927936,4503586724642867/4503599627370496,1,0
1,24,26,281474540503209/281474976710656,1125897776136867/1125899906842624,1,0
1,24,27,1125898581442911/1125899906842624,562948997120175/562949953421312,1,0
1,24,28,562949399773275/562949953421312,4503592429945557/4503599627370496,1,0
1,24,29,4503595651170681/4503599627370496,4503592664826231/4503599627370496,1,0
1,24,30,4503595886051523/4503599627370496,18014371145843463/18014398509481984,1,0
1,24,31,18014384030744979/18014398509481984,1125898212343833/1125899906842624,1,0
1,24,32,1125899017650189/1125899906842624,72057486110098233/72057594037927936,1,0
1,24,33,72057537649705389/72057594037927936,72057486378533289/72057594037927936,1,0
1,25,27,4503596003492569/4503599627370496,562949399773275/562949953421312,1,0
1,25,28,2251798437953725/2251799813685248,4503595651170681/4503599627370496,1,0
1,25,29,18014389315568399/18014398509481984,4503595886051523/4503599627370496,1,0
1,25,30,18014390255092117/18014398509481984,18014384030744979/18014398509481984,1,0
1,25,31,72057562966524741/72057594037927936,1125899017650189/1125899906842624,1,0
1,25,32,4503597748322331/4503599627370496,72057537649705389/72057594037927936,1,0
1,25,33,288230257973003131/288230376151711744,72057537918140637/72057594037927936,1,0
1,26,28,1125899437080625/1125899906842624,18014389315568399/18014398509481984,1,0
1,26,29,9007196402614475/9007199254740992,18014390255092117/18014398509481984,1,0
1,26,30,9007196872376425/9007199254740992,72057562966524741/72057594037927936,1,0
1,26,31,36028788462584025/36028797018963968,4503597748322331/4503599627370496,1,0
1,26,32,2251799310368775/2251799813685248,288230257973003131/288230376151711744,1,0
1,26,33,144115156903788775/144115188075855872,288230259046744523/288230376151711744,1,0
1,27,29,72057578468672329/72057594037927936,9007196872376425/9007199254740992,1,0
1,27,30,72057582226768307/72057594037927936,36028788462584025/36028797018963968,1,0
1,27,31,288230336691700611/288230376151711744,2251799310368775/2251799813685248,1,0
1,27,32,18014396294889501/18014398509481984,144115156903788775/144115188075855872,1,0
1,27,33,1152921371194426301/1152921504606846976,144115157440659575/144115188075855872,1,0
1,28,30,72057585984864481/72057594037927936,288230336691700611/288230376151711744,1,0
1,28,31,288230351724085713/288230376151711744,18014396294889501/18014398509481984,1,0
1,28,32,18014397234413583/18014398509481984,1152921371194426301/1152921504606846976,1,0
1,28,33,1152921431323967983/1152921504606846976,1152921375489393133/1152921504606846976,1,0
1,29,31,1152921438034854849/1152921504606846976,18014397234413583/18014398509481984,1,0
1,29,32,72057590883811359/72057594037927936,1152921431323967983/1152921504606846976,1,0
1,29,33,4611685849849922559/4611686018427387904,1152921435618935039/1152921504606846976,1,0
1,30,32,4503599493152769/4503599627370496,4611685849849922559/4611686018427387904,1,0
1,30,33,288230369642151969/288230376151711744,4611685867029791247/4611686018427387904,1,0
1,31,33,18446743790241711169/18446744073709551616,288230370715893777/288230376151711744,1,0
2,3,5,25/256,1/16,1,0
2,3,6,5/32,21/256,1,0
2,3,7,105/512,99/1024,1,0
2,3,8,495/2048,219/2048,1,0
2,3,9,1095/4096,233/2048,1,0
2,3,10,1165/4096,121/1024,1,0
2,3,11,605/2048,1981/16384,1,0
2,3,12,9905/32768,4017/32768,1,0
2,3,13,20085/65536,2025/16384,1,0
2,3,14,10125/32768,8139/65536,1,0
2,3,15,40695/131072,32647/262144,1,0
2,3,16,163235/524288,65399/524288,1,0
2,3,17,326995/1048576,65459/524288,1,0
2,3,18,327295/1048576,65493/524288,1,0
2,3,19,327465/1048576,524097/4194304,1,0
2,3,20,2620485/8388608,1048365/8388608,1,0
2,3,21,5241825/16777216,262115/2097152,1,0
2,3,22,1310575/4194304,2097025/16777216,1,0
2,3,23,10485125/33554432,8388331/67108864,1,0
2,3,24,41941655/134217728,16776915/134217728,1,0
2,3,25,83884575/268435456,16777053/134217728,1,0
2,3,26,83885265/268435456,2097141/16777216,1,0
2,3,27,10485705/33554432,134217349/1073741824,1,0
2,3,28,671086745/2147483648,268435049/2147483648,1,0
2,3,29,1342175245/4294967296,134217619/1073741824,1,0
2,3,30,671088095/2147483648,536870679/4294967296,1,0
2,3,31,2684353395/8589934592,2147483151/17179869184,1,0
2,3,32,10737415755/34359738368,4294966767/34359738368,1,0
2,3,33,21474833835/68719476736,4294967015/34359738368,1,0
2,4,6,1/4,105/512,1,0
2,4,7,21/64,495/2048,1,0
2,4,8,99/256,1095/4096,1,0
2,4,9,219/512,1165/4096,1,0
2,4,10,233/512,605/2048,1,0
2,4,11,121/256,9905/32768,1,0
2,4,12,1981/4096,20085/65536,1,0
2,4,13,4017/8192,10125/32768,1,0
2,4,14,2025/4096,40695/131072,1,0
2,4,15,8139/16384,163235/524288,1,0
2,4,16,32647/65536,326995/1048576,1,0
2,4,17,65399/131072,327295/1048576,1,0
2,4,18,65459/131072,327465/1048576,1,0
2,4,19,65493/131072,2620485/8388608,1,0
2,4,20,524097/1048576,5241825/16777216,1,0
2,4,21,1048365/2097152,1310575/4194304,1,0
2,4,22,262115/524288,10485125/33554432,1,0
2,4,23,2097025/4194304,41941655/134217728,1,0
2,4,24,8388331/16777216,83884575/268435456,1,0
2,4,25,16776915/33554432,83885265/268435456,1,0
2,4,26,16777053/33554432,10485705/33554432,1,0
2,4,27,2097141/4194304,671086745/2147483648,1,0
2,4,28,134217349/268435456,1342175245/4294967296,1,0
2,4,29,268435049/536870912,671088095/2147483648,1,0
2,4,30,134217619/268435456,2684353395/8589934592,1,0
2,4,31,536870679/1073741824,10737415755/34359738368,1,0
2,4,32,2147483151/4294967296,21474833835/68719476736,1,0
2,4,33,4294966767/8589934592,21474835075/68719476736,1,0
2,5,7,441/1024,99/256,1,0
2,5,8,2079/4096,219/512,1,0
2,5,9,4599/8192,233/512,1,0
2,5,10,4893/8192,121/256,1,0
2,5,11,2541/4096,1981/4096,1,0
2,5,12,41601/65536,4017/8192,1,0
2,5,13,84357/131072,2025/4096,1,0
2,5,14,42525/65536,8139/16384,1,0
2,5,15,170919/262144,32647/65536,1,0
2,5,16,685587/1048576,65399/131072,1,0
2,5,17,1373379/2097152,65459/131072,1,0
2,5,18,1374639/2097152,65493/131072,1,0
2,5,19,1375353/2097152,524097/1048576,1,0
2,5,20,11006037/16777216,1048365/2097152,1,0
2,5,21,22015665/33554432,262115/524288,1,0
2,5,22,5504415/8388608,2097025/4194304,1,0
2,5,23,44037525/67108864,8388331/16777216,1,0
2,5,24,176154951/268435456,16776915/33554432,1,0
2,5,25,352315215/536870912,16777053/33554432,1,0
2,5,26,352318113/536870912,2097141/4194304,1,0
2,5,27,44039961/67108864,134217349/268435456,1,0
2,5,28,2818564329/4294967296,268435049/536870912,1,0
2,5,29,5637136029/8589934592,134217619/268435456,1,0
2,5,30,2818569999/4294967296,536870679/1073741824,1,0
2,5,31,11274284259/17179869184,2147483151/4294967296,1,0
2,5,32,45097146171/68719476736,4294966767/8589934592,1,0
2,5,33,90194302107/137438953472,4294967015/8589934592,1,0
2,6,8,9801/16384,4599/8192,1,0
2,6,9,21681/32768,4893/8192,1,0
2,6,10,23067/32768,2541/4096,1,0
2,6,11,11979/16384,41601/65536,1,0
2,6,12,196119/262144,84357/131072,1,0
2,6,13,397683/524288,42525/65536,1,0
2,6,14,200475/262144,170919/262144,1,0
2,6,15,805761/1048576,685587/1048576,1,0
2,6,16,3232053/4194304,1373379/2097152,1,0
2,6,17,6474501/8388608,1374639/2097152,1,0
2,6,18,6480441/8388608,1375353/2097152,1,0
2,6,19,6483807/8388608,11006037/16777216,1,0
2,6,20,51885603/67108864,22015665/33554432,1,0
2,6,21,103788135/134217728,5504415/8388608,1,0
2,6,22,25949385/33554432,44037525/67108864,1,0
2,6,23,207605475/268435456,176154951/268435456,1,0
2,6,24,830444769/1073741824,352315215/536870912,1,0
2,6,25,1660914585/2147483648,352318113/536870912,1,0
2,6,26,1660928247/2147483648,44039961/67108864,1,0
2,6,27,207616959/268435456,2818564329/4294967296,1,0
2,6,28,13287517551/17179869184,5637136029/8589934592,1,0
2,6,29,26575069851/34359738368,2818569999/4294967296,1,0
2,6,30,13287544281/17179869184,11274284259/17179869184,1,0
2,6,31,53150197221/68719476736,45097146171/68719476736,1,0
2,6,32,212600831949/274877906944,90194302107/137438953472,1,0
2,6,33,425201709933/549755813888,90194307315/137438953472,1,0
2,7,9,47961/65536,23067/32768,1,0
2,7,10,51027/65536,11979/16384,1,0
2,7,11,26499/32768,196119/262144,1,0
2,7,12,433839/524288,397683/524288,1,0
2,7,13,879723/1048576,200475/262144,1,0
2,7,14,443475/524288,805761/1048576,1,0
2,7,15,1782441/2097152,3232053/4194304,1,0
2,7,16,7149693/8388608,6474501/8388608,1,0
2,7,17,14322381/16777216,6480441/8388608,1,0
2,7,18,14335521/16777216,6483807/8388608,1,0
2,7,19,14342967/16777216,51885603/67108864,1,0
2,7,20,114777243/134217728,103788135/134217728,1,0
2,7,21,229591935/268435456,25949385/33554432,1,0
2,7,22,57403185/67108864,207605475/268435456,1,0
2,7,23,459248475/536870912,830444769/1073741824,1,0
2,7,24,1837044489/2147483648,1660914585/2147483648,1,0
2,7,25,3674144385/4294967296,1660928247/2147483648,1,0
2,7,26,3674174607/4294967296,207616959/268435456,1,0
2,7,27,459273879/536870912,13287517551/17179869184,1,0
2,7,28,29393599431/34359738368,26575069851/34359738368,1,0
2,7,29,58787275731/68719476736,13287544281/17179869184,1,0
2,7,30,29393658561/34359738368,53150197221/68719476736,1,0
2,7,31,117574678701/137438953472,212600831949/274877906944,1,0
2,7,32,470298810069/549755813888,425201709933/549755813888,1,0
2,7,33,940597721973/1099511627776,425201734485/549755813888,1,0
2,8,10,54289/65536,26499/32768,1,0
2,8,11,28193/32768,433839/524288,1,0
2,8,12,461573/524288,879723/1048576,1,0
2,8,13,935961/1048576,443475/524288,1,0
2,8,14,471825/524288,1782441/2097152,1,0
2,8,15,1896387/2097152,7149693/8388608,1,0
2,8,16,7606751/8388608,14322381/16777216,1,0
2,8,17,15237967/16777216,14335521/16777216,1,0
2,8,18,15251947/16777216,14342967/16777216,1,0
2,8,19,15259869/16777216,114777243/134217728,1,0
2,8,20,122114601/134217728,229591935/268435456,1,0
2,8,21,244269045/268435456,57403185/67108864,1,0
2,8,22,61072795/67108864,459248475/536870912,1,0
2,8,23,488606825/536870912,1837044489/2147483648,1,0
2,8,24,1954481123/2147483648,3674144385/4294967296,1,0
2,8,25,3909021195/4294967296,3674174607/4294967296,1,0
2,8,26,3909053349/4294967296,459273879/536870912,1,0
2,8,27,488633853/536870912,29393599431/34359738368,1,0
2,8,28,31272642317/34359738368,58787275731/68719476736,1,0
2,8,29,62545366417/68719476736,29393658561/34359738368,1,0
2,8,30,31272705227/34359738368,117574678701/137438953472,1,0
2,8,31,125090868207/137438953472,470298810069/549755813888,1,0
2,8,32,500363574183/549755813888,940597721973/1099511627776,1,0
2,8,33,1000727256711/1099511627776,940597776285/1099511627776,1,0
2,9,11,14641/16384,461573/524288,1,0
2,9,12,239701/262144,935961/1048576,1,0
2,9,13,486057/524288,471825/524288,1,0
2,9,14,245025/262144,1896387/2097152,1,0
2,9,15,984819/1048576,7606751/8388608,1,0
2,9,16,3950287/4194304,15237967/16777216,1,0
2,9,17,7913279/8388608,15251947/16777216,1,0
2,9,18,7920539/8388608,15259869/16777216,1,0
2,9,19,7924653/8388608,122114601/134217728,1,0
2,9,20,63415737/67108864,244269045/268435456,1,0
2,9,21,126852165/134217728,61072795/67108864,1,0
2,9,22,31715915/33554432,488606825/536870912,1,0
2,9,23,253740025/268435456,1954481123/2147483648,1,0
2,9,24,1014988051/1073741824,3909021195/4294967296,1,0
2,9,25,2030006715/2147483648,3909053349/4294967296,1,0
2,9,26,2030023413/2147483648,488633853/536870912,1,0
2,9,27,253754061/268435456,31272642317/34359738368,1,0
2,9,28,16240299229/17179869184,62545366417/68719476736,1,0
2,9,29,32480640929/34359738368,31272705227/34359738368,1,0
2,9,30,16240331899/17179869184,125090868207/137438953472,1,0
2,9,31,64961352159/68719476736,500363574183/549755813888,1,0
2,9,32,259845461271/274877906944,1000727256711/1099511627776,1,0
2,9,33,519690978807/549755813888,1000727314495/1099511627776,1,0
2,10,12,3924361/4194304,486057/524288,1,0
2,10,13,7957677/8388608,245025/262144,1,0
2,10,14,4011525/4194304,984819/1048576,1,0
2,10,15,16123359/16777216,3950287/4194304,1,0
2,10,16,64673707/67108864,7913279/8388608,1,0
2,10,17,129555419/134217728,7920539/8388608,1,0
2,10,18,129674279/134217728,7924653/8388608,1,0
2,10,19,129741633/134217728,63415737/67108864,1,0
2,10,20,1038236157/1073741824,126852165/134217728,1,0
2,10,21,2076811065/2147483648,31715915/33554432,1,0
2,10,22,519249815/536870912,253740025/268435456,1,0
2,10,23,4154206525/4294967296,1014988051/1073741824,1,0
2,10,24,16617283711/17179869184,2030006715/2147483648,1,0
2,10,25,33235068615/34359738368,2030023413/2147483648,1,0
2,10,26,33235341993/34359738368,253754061/268435456,1,0
2,10,27,4154436321/4294967296,16240299229/17179869184,1,0
2,10,28,265884568369/274877906944,32480640929/34359738368,1,0
2,10,29,531769832069/549755813888,16240331899/17179869184,1,0
2,10,30,265885103239/274877906944,64961352159/68719476736,1,0
2,10,31,1063540815099/1099511627776,259845461271/274877906944,1,0
2,10,32,4254164122131/4398046511104,519690978807/549755813888,1,0
2,10,33,8508329165427/8796093022208,519691008815/549755813888,1,0
2,11,13,16136289/16777216,4011525/4194304,1,0
2,11,14,8134425/8388608,16123359/16777216,1,0
2,11,15,32694363/33554432,64673707/67108864,1,0
2,11,16,131142999/134217728,129555419/134217728,1,0
2,11,17,262707783/268435456,129674279/134217728,1,0
2,11,18,262948803/268435456,129741633/134217728,1,0
2,11,19,263085381/268435456,1038236157/1073741824,1,0
2,11,20,2105297649/2147483648,2076811065/2147483648,1,0
2,11,21,4211282205/4294967296,519249815/536870912,1,0
2,11,22,1052915955/1073741824,4154206525/4294967296,1,0
2,11,23,8423749425/8589934592,16617283711/17179869184,1,0
2,11,24,33695925627/34359738368,33235068615/34359738368,1,0
2,11,25,67392867555/68719476736,33235341993/34359738368,1,0
2,11,26,67393421901/68719476736,4154436321/4294967296,1,0
2,11,27,8424215397/8589934592,265884568369/274877906944,1,0
2,11,28,539151090933/549755813888,531769832069/549755813888,1,0
2,11,29,1078303591833/1099511627776,265885103239/274877906944,1,0
2,11,30,539152175523/549755813888,1063540815099/1099511627776,1,0
2,11,31,2156609517543/2199023255552,4254164122131/4398046511104,1,0
2,11,32,8626439817567/8796093022208,8508329165427/8796093022208,1,0
2,11,33,17252881503039/17592186044416,8508329656715/8796093022208,1,0
2,12,14,4100625/4194304,32694363/33554432,1,0
2,12,15,16481475/16777216,131142999/134217728,1,0
2,12,16,66110175/67108864,262707783/268435456,1,0
2,12,17,132432975/134217728,262948803/268435456,1,0
2,12,18,132554475/134217728,263085381/268435456,1,0
2,12,19,132623325/134217728,2105297649/2147483648,1,0
2,12,20,1061296425/1073741824,4211282205/4294967296,1,0
2,12,21,2122939125/2147483648,1052915955/1073741824,1,0
2,12,22,530782875/536870912,8423749425/8589934592,1,0
2,12,23,4246475625/4294967296,33695925627/34359738368,1,0
2,12,24,16986370275/17179869184,67392867555/68719476736,1,0
2,12,25,33973252875/34359738368,67393421901/68719476736,1,0
2,12,26,33973532325/34359738368,8424215397/8589934592,1,0
2,12,27,4246710525/4294967296,539151090933/549755813888,1,0
2,12,28,271790131725/274877906944,1078303591833/1099511627776,1,0
2,12,29,543580974225/549755813888,539152175523/549755813888,1,0
2,12,30,271790678475/274877906944,2156609517543/2199023255552,1,0
2,12,31,1087163124975/1099511627776,8626439817567/8796093022208,1,0
2,12,32,4348653380775/4398046511104,17252881503039/17592186044416,1,0
2,12,33,8697307703175/8796093022208,17252882499255/17592186044416,1,0
2,13,15,66243321/67108864,66110175/67108864,1,0
2,13,16,265713933/268435456,132432975/134217728,1,0
2,13,17,532282461/536870912,132554475/134217728,1,0
2,13,18,532770801/536870912,132623325/134217728,1,0
2,13,19,533047527/536870912,1061296425/1073741824,1,0
2,13,20,4265625483/4294967296,2122939125/2147483648,1,0
2,13,21,8532642735/8589934592,530782875/536870912,1,0
2,13,22,2133353985/2147483648,4246475625/4294967296,1,0
2,13,23,17067686475/17179869184,16986370275/17179869184,1,0
2,13,24,68272626009/68719476736,33973252875/34359738368,1,0
2,13,25,136547311185/137438953472,33973532325/34359738368,1,0
2,13,26,136548434367/137438953472,4246710525/4294967296,1,0
2,13,27,17068630599/17179869184,271790131725/274877906944,1,0
2,13,28,1092395003511/1099511627776,543580974225/549755813888,1,0
2,13,29,2184792863811/2199023255552,271790678475/274877906944,1,0
2,13,30,1092397201041/1099511627776,1087163124975/1099511627776,1,0
2,13,31,4369590456381/4398046511104,4348653380775/4398046511104,1,0
2,13,32,17478365365989/17592186044416,8697307703175/8796093022208,1,0
2,13,33,34956734516613/35184372088832,8697308205375/8796093022208,1,0
2,14,16,1065826609/1073741824,532282461/536870912,1,0
2,14,17,2135081153/2147483648,532770801/536870912,1,0
2,14,18,2137039973/2147483648,533047527/536870912,1,0
2,14,19,2138149971/2147483648,4265625483/4294967296,1,0
2,14,20,17110194759/17179869184,8532642735/8589934592,1,0
2,14,21,34225972155/34359738368,2133353985/2147483648,1,0
2,14,22,8557268405/8589934592,17067686475/17179869184,1,0
2,14,23,68461575175/68719476736,68272626009/68719476736,1,0
2,14,24,273853842157/274877906944,136547311185/137438953472,1,0
2,14,25,547715944005/549755813888,136548434367/137438953472,1,0
2,14,26,547720449291/549755813888,17068630599/17179869184,1,0
2,14,27,68465362227/68719476736,1092395003511/1099511627776,1,0
2,14,28,4381793792803/4398046511104,2184792863811/2199023255552,1,0
2,14,29,8763599044703/8796093022208,1092397201041/1099511627776,1,0
2,14,30,4381802607493/4398046511104,4369590456381/4398046511104,1,0
2,14,31,17527217057313/17592186044416,17478365365989/17592186044416,1,0
2,14,32,70108882430697/70368744177664,34956734516613/35184372088832,1,0
2,14,33,140217780042249/140737488355328,34956736535085/35184372088832,1,0
2,15,17,4277029201/4294967296,2137039973/2147483648,1,0
2,15,18,4280953141/4294967296,2138149971/2147483648,1,0
2,15,19,4283176707/4294967296,17110194759/17179869184,1,0
2,15,20,34275419703/34359738368,34225972155/34359738368,1,0
2,15,21,68562022635/68719476736,8557268405/8589934592,1,0
2,15,22,17142058885/17179869184,68461575175/68719476736,1,0
2,15,23,137143337975/137438953472,273853842157/274877906944,1,0
2,15,24,548588459069/549755813888,547715944005/549755813888,1,0
2,15,25,1097193464085/1099511627776,547720449291/549755813888,1,0
2,15,26,1097202489147/1099511627776,68465362227/68719476736,1,0
2,15,27,137150924259/137438953472,4381793792803/4398046511104,1,0
2,15,28,8777680407251/8796093022208,8763599044703/8796093022208,1,0
2,15,29,17555383769551/17592186044416,4381802607493/4398046511104,1,0
2,15,30,8777698064981/8796093022208,17527217057313/17592186044416,1,0
2,15,31,35110805535921/35184372088832,70108882430697/70368744177664,1,0
2,15,32,140443250592249/140737488355328,140217780042249/140737488355328,1,0
2,15,33,280886531595033/281474976710656,140217788138705/140737488355328,1,0
2,16,18,4284880681/4294967296,4283176707/4294967296,1,0
2,16,19,4287106287/4294967296,34275419703/34359738368,1,0
2,16,20,34306865523/34359738368,68562022635/68719476736,1,0
2,16,21,68624924535/68719476736,17142058885/17179869184,1,0
2,16,22,17157785785/17179869184,137143337975/137438953472,1,0
2,16,23,137269159475/137438953472,548588459069/549755813888,1,0
2,16,24,549091758929/549755813888,1097193464085/1099511627776,1,0
2,16,25,1098200078985/1099511627776,1097202489147/1099511627776,1,0
2,16,26,1098209112327/1099511627776,137150924259/137438953472,1,0
2,16,27,137276752719/137438953472,8777680407251/8796093022208,1,0
2,16,28,8785733448191/8796093022208,17555383769551/17592186044416,1,0
2,16,29,17571489872491/17592186044416,8777698064981/8796093022208,1,0
2,16,30,8785751122121/8796093022208,35110805535921/35184372088832,1,0
2,16,31,35143017776661/35184372088832,140443250592249/140737488355328,1,0
2,16,32,140572099581309/140737488355328,280886531595033/281474976710656,1,0
2,16,33,281144229601053/281474976710656,280886547813985/281474976710656,1,0
2,17,19,4289333049/4294967296,34306865523/34359738368,1,0
2,17,20,34324684821/34359738368,68624924535/68719476736,1,0
2,17,21,68660568945/68719476736,17157785785/17179869184,1,0
2,17,22,17166697695/17179869184,137269159475/137438953472,1,0
2,17,23,137340458325/137438953472,549091758929/549755813888,1,0
2,17,24,549376962183/549755813888,1098200078985/1099511627776,1,0
2,17,25,1098770494095/1099511627776,1098209112327/1099511627776,1,0
2,17,26,1098779532129/1099511627776,137276752719/137438953472,1,0
2,17,27,137348055513/137438953472,8785733448191/8796093022208,1,0
2,17,28,8790296838057/8796093022208,17571489872491/17592186044416,1,0
2,17,29,17580616664157/17592186044416,8785751122121/8796093022208,1,0
2,17,30,8790314521167/8796093022208,35143017776661/35184372088832,1,0
2,17,31,35161271379747/35184372088832,140572099581309/140737488355328,1,0
2,17,32,140645114008443/140737488355328,281144229601053/281474976710656,1,0
2,17,33,281290258471131/281474976710656,281144245834885/281474976710656,1,0
2,18,20,274677665409/274877906944,68660568945/68719476736,1,0
2,18,21,549444951405/549755813888,17166697695/17179869184,1,0
2,18,22,137373685155/137438953472,137340458325/137438953472,1,0
2,18,23,1099044511425/1099511627776,549376962183/549755813888,1,0
2,18,24,4396299112107/4398046511104,1098770494095/1099511627776,1,0
2,18,25,8792730820755/8796093022208,1098779532129/1099511627776,1,0
2,18,26,8792803146141/8796093022208,137348055513/137438953472,1,0
2,18,27,1099105306677/1099511627776,8790296838057/8796093022208,1,0
2,18,28,70342909958853/70368744177664,17580616664157/17592186044416,1,0
2,18,29,140686003875753/140737488355328,8790314521167/8796093022208,1,0
2,18,30,70343051465043/70368744177664,35161271379747/35184372088832,1,0
2,18,31,281372312251863/281474976710656,140645114008443/140737488355328,1,0
2,18,32,1125489476989647/1125899906842624,281290258471131/281474976710656,1,0
2,18,33,2250979197684399/2251799813685248,281290274713395/281474976710656,1,0
2,19,21,1099069173225/1099511627776,137373685155/137438953472,1,0
2,19,22,274792191975/274877906944,1099044511425/1099511627776,1,0
2,19,23,2198447614125/2199023255552,4396299112107/4398046511104,1,0
2,19,24,8794032628815/8796093022208,8792730820755/8796093022208,1,0
2,19,25,17588330493975/17592186044416,8792803146141/8796093022208,1,0
2,19,26,17588475168345/17592186044416,1099105306677/1099511627776,1,0
2,19,27,2198569224465/2199023255552,70342909958853/70368744177664,1,0
2,19,28,140708771084385/140737488355328,140686003875753/140737488355328,1,0
2,19,29,281417910144885/281474976710656,70343051465043/70368744177664,1,0
2,19,30,140709054142935/140737488355328,281372312251863/281474976710656,1,0
2,19,31,562836429389835/562949953421312,1125489476989647/1125899906842624,1,0
2,19,32,2251346173598115/2251799813685248,2250979197684399/2251799813685248,1,0
2,19,33,4502692834685955/4503599627370496,2250979327660455/2251799813685248,1,0
2,20,22,68704273225/68719476736,2198447614125/2199023255552,1,0
2,20,23,549661707875/549755813888,8794032628815/8796093022208,1,0
2,20,24,2198707380065/2199023255552,17588330493975/17592186044416,1,0
2,20,25,4397481075225/4398046511104,17588475168345/17592186044416,1,0
2,20,26,4397517247095/4398046511104,2198569224465/2199023255552,1,0
2,20,27,549692113215/549755813888,140708771084385/140737488355328,1,0
2,20,28,35180380433135/35184372088832,281417910144885/281474976710656,1,0
2,20,29,70360852868635/70368744177664,140709054142935/140737488355328,1,0
2,20,30,35180451204185/35184372088832,562836429389835/562949953421312,1,0
2,20,31,140721858026085/140737488355328,2251346173598115/2251799813685248,1,0
2,20,32,562887546124365/562949953421312,4502692834685955/4503599627370496,1,0
2,20,33,1125775214132205/1125899906842624,4502693094680475/4503599627370496,1,0
2,21,23,4397513850625/4398046511104,2198707380065/2199023255552,1,0
2,21,24,17590539815275/17592186044416,4397481075225/4398046511104,1,0
2,21,25,35181610177875/35184372088832,4397517247095/4398046511104,1,0
2,21,26,35181899567325/35184372088832,549692113215/549755813888,1,0
2,21,27,4397757105525/4398046511104,35180380433135/35184372088832,1,0
2,21,28,281457136286725/281474976710656,70360852868635/70368744177664,1,0
2,21,29,562915008629225/562949953421312,35180451204185/35184372088832,1,0
2,21,30,281457702483475/281474976710656,140721858026085/140737488355328,1,0
2,21,31,1125831235629975/1125899906842624,562887546124365/562949953421312,1,0
2,21,32,4503325854725775/4503599627370496,1125775214132205/1125899906842624,1,0
2,21,33,9006652684568175/9007199254740992,1125775279136725/1125899906842624,1,0
2,22,24,70364096965561/70368744177664,35181610177875/35184372088832,1,0
2,22,25,140730316178865/140737488355328,35181899567325/35184372088832,1,0
2,22,26,140731473768543/140737488355328,4397757105525/4398046511104,1,0
2,22,27,17591512861671/17592186044416,281457136286725/281474976710656,1,0
2,22,28,1125859549354519/1125899906842624,562915008629225/562949953421312,1,0
2,22,29,2251722043013219/2251799813685248,281457702483475/281474976710656,1,0
2,22,30,1125861814203889/1125899906842624,1125831235629975/1125899906842624,1,0
2,22,31,4503448959646749/4503599627370496,4503325854725775/4503599627370496,1,0
2,22,32,18013799487510981/18014398509481984,9006652684568175/9007199254740992,1,0
2,22,33,36027602875595877/36028797018963968,9006653204630375/9007199254740992,1,0
2,23,25,281464876917225/281474976710656,140731473768543/140737488355328,1,0
2,23,26,281467192131495/281474976710656,17591512861671/17592186044416,1,0
2,23,27,35183556300015/35184372088832,1125859549354519/1125899906842624,1,0
2,23,28,2251753055698335/2251799813685248,2251722043013219/2251799813685248,1,0
2,23,29,4503512000093835/4503599627370496,1125861814203889/1125899906842624,1,0
2,23,30,2251757585465385/2251799813685248,4503448959646749/4503599627370496,1,0
2,23,31,9007033747575285/9007199254740992,18013799487510981/18014398509481984,1,0
2,23,32,36028142288259165/36028797018963968,36027602875595877/36028797018963968,1,0
2,23,33,72056292377783805/72057594037927936,36027604955901965/36028797018963968,1,0
2,24,26,281469507364809/281474976710656,35183556300015/35184372088832,1,0
2,24,27,35183845705473/35184372088832,2251753055698335/2251799813685248,1,0
2,24,28,2251771577692497/2251799813685248,4503512000093835/4503599627370496,1,0
2,24,29,4503549044130597/4503599627370496,2251757585465385/2251799813685248,1,0
2,24,30,2251776107496807/2251799813685248,9007033747575285/9007199254740992,1,0
2,24,31,9007107835728987/9007199254740992,36028142288259165/36028797018963968,1,0
2,24,32,36028438640934003/36028797018963968,72056292377783805/72057594037927936,1,0
2,24,33,72056885083197651/72057594037927936,72056296538458725/72057594037927936,1,0
2,25,27,4398000373881/4398046511104,2251771577692497/2251799813685248,1,0
2,25,28,281472705499209/281474976710656,4503549044130597/4503599627370496,1,0
2,25,29,562946147094909/562949953421312,2251776107496807/2251799813685248,1,0
2,25,30,281473271727279/281474976710656,9007107835728987/9007199254740992,1,0
2,25,31,1125893512628739/1125899906842624,36028438640934003/36028797018963968,1,0
2,25,32,4503574962771291/4503599627370496,72056885083197651/72057594037927936,1,0
2,25,33,9007150900713147/9007199254740992,72056889243906795/72057594037927936,1,0
2,26,28,18014296772587801/18014398509481984,562946147094909/562949953421312,1,0
2,26,29,36028640655465101/36028797018963968,281473271727279/281474976710656,1,0
2,26,30,18014333011272031/18014398509481984,1125893512628739/1125899906842624,1,0
2,26,31,72057359291209971/72057594037927936,4503574962771291/4503599627370496,1,0
2,26,32,288229495549386699/288230376151711744,9007150900713147/9007199254740992,1,0
2,26,33,576459053509840683/576460752303423488,9007151420804115/9007199254740992,1,0
2,27,29,72057375531632401/72057594037927936,18014333011272031/18014398509481984,1,0
2,27,30,36028713132928331/36028797018963968,72057359291209971/72057594037927936,1,0
2,27,31,144114907024028271/144115188075855872,288229495549386699/288230376151711744,1,0
2,27,32,576459744865359399/576460752303423488,576459053509840683/576460752303423488,1,0
2,27,33,1152919614553016583/1152921504606846976,576459086795743235/576460752303423488,1,0
2,28,30,18014369250029161/18014398509481984,144114907024028271/144115188075855872,1,0
2,28,31,72057504246293301/72057594037927936,576459744865359399/576460752303423488,1,0
2,28,32,288230075369837469/288230376151711744,1152919614553016583/1152921504606846976,1,0
2,28,33,576460213150867773/576460752303423488,1152919681124908735/1152921504606846976,1,0
2,29,31,288230125969921041/288230376151711744,288230075369837469/288230376151711744,1,0
2,29,32,1152920737418429529/1152921504606846976,576460213150867773/576460752303423488,1,0
2,29,33,2305841724481724793/2305843009213693952,576460246436837285/576460752303423488,1,0
2,30,32,4611683883828888801/4611686018427387904,2305841724481724793/2305843009213693952,1,0
2,30,33,9223368766237442817/9223372036854775808,2305841857625653185/2305843009213693952,1,0
2,31,33,18446739529634432289/18446744073709551616,9223369298813264265/9223372036854775808,1,0
3,4,6,9/256,11/512,1,0
3,4,7,33/512,1/32,1,0
3,4,8,3/32,163/4096,1,0
3,4,9,489/4096,191/4096,1,0
3,4,10,573/4096,53/1024,1,0
3,4,11,159/1024,227/4096,1,0
3,4,12,681/4096,3797/65536,1,0
3,4,13,11391/65536,3907/65536,1,0
3,4,14,11721/65536,7957/131072,1,0
3,4,15,23871/131072,503/8192,1,0
3,4,16,1509/8192,64839/1048576,1,0
3,4,17,194517/1048576,65119/1048576,1,0
3,4,18,195357/1048576,65289/1048576,1,0
3,4,19,195867/1048576,65391/1048576,1,0
3,4,20,196173/1048576,1047225/16777216,1,0
3,4,21,3141675/16777216,1047795/16777216,1,0
3,4,22,3143385/16777216,2096255/33554432,1,0
3,4,23,6288765/33554432,4095/65536,1,0
3,4,24,12285/65536,16774891/268435456,1,0
3,4,25,50324673/268435456,16775903/268435456,1,0
3,4,26,50327709/268435456,8388239/134217728,1,0
3,4,27,25164717/134217728,16776803/268435456,1,0
3,4,28,50330409/268435456,268431773/4294967296,1,0
3,4,29,805295319/4294967296,268433411/4294967296,1,0
3,4,30,805300233/4294967296,536868649/8589934592,1,0
3,4,31,1610605947/8589934592,16777177/268435456,1,0
3,4,32,50331531/268435456,4294961807/68719476736,1,0
3,4,33,12884885421/68719476736,4294964287/68719476736,1,0
3,5,7,121/1024,3/32,1,0
3,5,8,11/64,489/4096,1,0
3,5,9,1793/8192,573/4096,1,0
3,5,10,2101/8192,159/1024,1,0
3,5,11,583/2048,681/4096,1,0
3,5,12,2497/8192,11391/65536,1,0
3,5,13,41767/131072,11721/65536,1,0
3,5,14,42977/131072,23871/131072,1,0
3,5,15,87527/262144,1509/8192,1,0
3,5,16,5533/16384,194517/1048576,1,0
3,5,17,713229/2097152,195357/1048576,1,0
3,5,18,716309/2097152,195867/1048576,1,0
3,5,19,718179/2097152,196173/1048576,1,0
3,5,20,719301/2097152,3141675/16777216,1,0
3,5,21,11519475/33554432,3143385/16777216,1,0
3,5,22,11525745/33554432,6288765/33554432,1,0
3,5,23,23058805/67108864,12285/65536,1,0
3,5,24,45045/131072,50324673/268435456,1,0
3,5,25,184523801/536870912,50327709/268435456,1,0
3,5,26,184534933/536870912,25164717/134217728,1,0
3,5,27,92270629/268435456,50330409/268435456,1,0
3,5,28,184544833/536870912,805295319/4294967296,1,0
3,5,29,2952749503/8589934592,805300233/4294967296,1,0
3,5,30,2952767521/8589934592,1610605947/8589934592,1,0
3,5,31,5905555139/17179869184,50331531/268435456,1,0
3,5,32,184548947/536870912,12884885421/68719476736,1,0
3,5,33,47244579877/137438953472,12884892861/68719476736,1,0
3,6,8,1/4,1793/8192,1,0
3,6,9,163/512,2101/8192,1,0
3,6,10,191/512,583/2048,1,0
3,6,11,53/128,2497/8192,1,0
3,6,12,227/512,41767/131072,1,0
3,6,13,3797/8192,42977/131072,1,0
3,6,14,3907/8192,87527/262144,1,0
3,6,15,7957/16384,5533/16384,1,0
3,6,16,503/1024,713229/2097152,1,0
3,6,17,64839/131072,716309/2097152,1,0
3,6,18,65119/131072,718179/2097152,1,0
3,6,19,65289/131072,719301/2097152,1,0
3,6,20,65391/131072,11519475/33554432,1,0
3,6,21,1047225/2097152,11525745/33554432,1,0
3,6,22,1047795/2097152,23058805/67108864,1,0
3,6,23,2096255/4194304,45045/131072,1,0
3,6,24,4095/8192,184523801/536870912,1,0
3,6,25,16774891/33554432,184534933/536870912,1,0
3,6,26,16775903/33554432,92270629/268435456,1,0
3,6,27,8388239/16777216,184544833/536870912,1,0
3,6,28,16776803/33554432,2952749503/8589934592,1,0
3,6,29,268431773/536870912,2952767521/8589934592,1,0
3,6,30,268433411/536870912,5905555139/17179869184,1,0
3,6,31,536868649/1073741824,184548947/536870912,1,0
3,6,32,16777177/33554432,47244579877/137438953472,1,0
3,6,33,4294961807/8589934592,47244607157/137438953472,1,0
3,7,9,26569/65536,191/512,1,0
3,7,10,31133/65536,53/128,1,0
3,7,11,8639/16384,227/512,1,0
3,7,12,37001/65536,3797/8192,1,0
3,7,13,618911/1048576,3907/8192,1,0
3,7,14,636841/1048576,7957/16384,1,0
3,7,15,1296991/2097152,503/1024,1,0
3,7,16,81989/131072,64839/131072,1,0
3,7,17,10568757/16777216,65119/131072,1,0
3,7,18,10614397/16777216,65289/131072,1,0
3,7,19,10642107/16777216,65391/131072,1,0
3,7,20,10658733/16777216,1047225/2097152,1,0
3,7,21,170697675/268435456,1047795/2097152,1,0
3,7,22,170790585/268435456,2096255/4194304,1,0
3,7,23,341689565/536870912,4095/8192,1,0
3,7,24,667485/1048576,16774891/33554432,1,0
3,7,25,2734307233/4294967296,16775903/33554432,1,0
3,7,26,2734472189/4294967296,8388239/16777216,1,0
3,7,27,1367282957/2147483648,16776803/33554432,1,0
3,7,28,2734618889/4294967296,268431773/536870912,1,0
3,7,29,43754378999/68719476736,268433411/536870912,1,0
3,7,30,43754645993/68719476736,536868649/1073741824,1,0
3,7,31,87509589787/137438953472,16777177/33554432,1,0
3,7,32,2734679851/4294967296,4294961807/8589934592,1,0
3,7,33,700078774541/1099511627776,4294964287/8589934592,1,0
3,8,10,36481/65536,8639/16384,1,0
3,8,11,10123/16384,37001/65536,1,0
3,8,12,43357/65536,618911/1048576,1,0
3,8,13,725227/1048576,636841/1048576,1,0
3,8,14,746237/1048576,1296991/2097152,1,0
3,8,15,1519787/2097152,81989/131072,1,0
3,8,16,96073/131072,10568757/16777216,1,0
3,8,17,12384249/16777216,10614397/16777216,1,0
3,8,18,12437729/16777216,10642107/16777216,1,0
3,8,19,12470199/16777216,10658733/16777216,1,0
3,8,20,12489681/16777216,170697675/268435456,1,0
3,8,21,200019975/268435456,170790585/268435456,1,0
3,8,22,200128845/268435456,341689565/536870912,1,0
3,8,23,400384705/536870912,667485/1048576,1,0
3,8,24,782145/1048576,2734307233/4294967296,1,0
3,8,25,3204004181/4294967296,2734472189/4294967296,1,0
3,8,26,3204197473/4294967296,1367282957/2147483648,1,0
3,8,27,1602153649/2147483648,2734618889/4294967296,1,0
3,8,28,3204369373/4294967296,43754378999/68719476736,1,0
3,8,29,51270468643/68719476736,43754645993/68719476736,1,0
3,8,30,51270781501/68719476736,87509589787/137438953472,1,0
3,8,31,102541911959/137438953472,2734679851/4294967296,1,0
3,8,32,3204440807/4294967296,700078774541/1099511627776,1,0
3,8,33,820337705137/1099511627776,700079178781/1099511627776,1,0
3,9,11,2809/4096,43357/65536,1,0
3,9,12,12031/16384,725227/1048576,1,0
3,9,13,201241/262144,746237/1048576,1,0
3,9,14,207071/262144,1519787/2097152,1,0
3,9,15,421721/524288,96073/131072,1,0
3,9,16,26659/32768,12384249/16777216,1,0
3,9,17,3436467/4194304,12437729/16777216,1,0
3,9,18,3451307/4194304,12470199/16777216,1,0
3,9,19,3460317/4194304,12489681/16777216,1,0
3,9,20,3465723/4194304,200019975/268435456,1,0
3,9,21,55502925/67108864,200128845/268435456,1,0
3,9,22,55533135/67108864,400384705/536870912,1,0
3,9,23,111101515/134217728,782145/1048576,1,0
3,9,24,217035/262144,3204004181/4294967296,1,0
3,9,25,889069223/1073741824,3204197473/4294967296,1,0
3,9,26,889122859/1073741824,1602153649/2147483648,1,0
3,9,27,444576667/536870912,3204369373/4294967296,1,0
3,9,28,889170559/1073741824,51270468643/68719476736,1,0
3,9,29,14226883969/17179869184,51270781501/68719476736,1,0
3,9,30,14226970783/17179869184,102541911959/137438953472,1,0
3,9,31,28454038397/34359738368,3204440807/4294967296,1,0
3,9,32,889190381/1073741824,820337705137/1099511627776,1,0
3,9,33,227632975771/274877906944,820338178817/1099511627776,1,0
3,10,12,51529/65536,201241/262144,1,0
3,10,13,861919/1048576,207071/262144,1,0
3,10,14,886889/1048576,421721/524288,1,0
3,10,15,1806239/2097152,26659/32768,1,0
3,10,16,114181/131072,3436467/4194304,1,0
3,10,17,14718453/16777216,3451307/4194304,1,0
3,10,18,14782013/16777216,3460317/4194304,1,0
3,10,19,14820603/16777216,3465723/4194304,1,0
3,10,20,14843757/16777216,55502925/67108864,1,0
3,10,21,237720075/268435456,55533135/67108864,1,0
3,10,22,237849465/268435456,111101515/134217728,1,0
3,10,23,475849885/536870912,217035/262144,1,0
3,10,24,929565/1048576,889069223/1073741824,1,0
3,10,25,3807900257/4294967296,889122859/1073741824,1,0
3,10,26,3808129981/4294967296,444576667/536870912,1,0
3,10,27,1904130253/2147483648,889170559/1073741824,1,0
3,10,28,3808334281/4294967296,14226883969/17179869184,1,0
3,10,29,60934012471/68719476736,14226970783/17179869184,1,0
3,10,30,60934384297/68719476736,28454038397/34359738368,1,0
3,10,31,121869183323/137438953472,889190381/1073741824,1,0
3,10,32,3808419179/4294967296,227632975771/274877906944,1,0
3,10,33,974956330189/1099511627776,227633107211/274877906944,1,0
3,11,13,14417209/16777216,886889/1048576,1,0
3,11,14,14834879/16777216,1806239/2097152,1,0
3,11,15,30212729/33554432,114181/131072,1,0
3,11,16,1909891/2097152,14718453/16777216,1,0
3,11,17,246193683/268435456,14782013/16777216,1,0
3,11,18,247256843/268435456,14820603/16777216,1,0
3,11,19,247902333/268435456,14843757/16777216,1,0
3,11,20,248289627/268435456,237720075/268435456,1,0
3,11,21,3976313325/4294967296,237849465/268435456,1,0
3,11,22,3978477615/4294967296,475849885/536870912,1,0
3,11,23,7959480235/8589934592,929565/1048576,1,0
3,11,24,15548715/16777216,3807900257/4294967296,1,0
3,11,25,63694261127/68719476736,3808129981/4294967296,1,0
3,11,26,63698103691/68719476736,1904130253/2147483648,1,0
3,11,27,31850143483/34359738368,3808334281/4294967296,1,0
3,11,28,63701520991/68719476736,60934012471/68719476736,1,0
3,11,29,1019235442081/1099511627776,60934384297/68719476736,1,0
3,11,30,1019241661567/1099511627776,121869183323/137438953472,1,0
3,11,31,2038490260253/2199023255552,3808419179/4294967296,1,0
3,11,32,63702941069/68719476736,974956330189/1099511627776,1,0
3,11,33,16307969981179/17592186044416,974956893149/1099511627776,1,0
3,12,14,15264649/16777216,30212729/33554432,1,0
3,12,15,31087999/33554432,1909891/2097152,1,0
3,12,16,1965221/2097152,246193683/268435456,1,0
3,12,17,253325973/268435456,247256843/268435456,1,0
3,12,18,254419933/268435456,247902333/268435456,1,0
3,12,19,255084123/268435456,248289627/268435456,1,0
3,12,20,255482637/268435456,3976313325/4294967296,1,0
3,12,21,4091508075/4294967296,3978477615/4294967296,1,0
3,12,22,4093735065/4294967296,7959480235/8589934592,1,0
3,12,23,8190068285/8589934592,15548715/16777216,1,0
3,12,24,15999165/16777216,63694261127/68719476736,1,0
3,12,25,65539499137/68719476736,63698103691/68719476736,1,0
3,12,26,65543453021/68719476736,31850143483/34359738368,1,0
3,12,27,32772849773/34359738368,63701520991/68719476736,1,0
3,12,28,65546969321/68719476736,1019235442081/1099511627776,1,0
3,12,29,1048762937111/1099511627776,1019241661567/1099511627776,1,0
3,12,30,1048769336777/1099511627776,2038490260253/2199023255552,1,0
3,12,31,2097545811643/2199023255552,63702941069/68719476736,1,0
3,12,32,65548430539/68719476736,16307969981179/17592186044416,1,0
3,12,33,16780415779949/17592186044416,16307979397739/17592186044416,1,0
3,13,15,63313849/67108864,1965221/2097152,1,0
3,13,16,4002371/4194304,253325973/268435456,1,0
3,13,17,515923923/536870912,254419933/268435456,1,0
3,13,18,518151883/536870912,255084123/268435456,1,0
3,13,19,519504573/536870912,255482637/268435456,1,0
3,13,20,520316187/536870912,4091508075/4294967296,1,0
3,13,21,8332769325/8589934592,4093735065/4294967296,1,0
3,13,22,8337304815/8589934592,8190068285/8589934592,1,0
3,13,23,16679901035/17179869184,15999165/16777216,1,0
3,13,24,32583915/33554432,65539499137/68719476736,1,0
3,13,25,133477807687/137438953472,65543453021/68719476736,1,0
3,13,26,133485860171/137438953472,32772849773/34359738368,1,0
3,13,27,66745217723/68719476736,65546969321/68719476736,1,0
3,13,28,133493021471/137438953472,1048762937111/1099511627776,1,0
3,13,29,2135911617761/2199023255552,1048769336777/1099511627776,1,0
3,13,30,2135924651327/2199023255552,2097545811643/2199023255552,1,0
3,13,31,4271863840093/4398046511104,65548430539/68719476736,1,0
3,13,32,133495997389/137438953472,16780415779949/17592186044416,1,0
3,13,33,34175011098299/35184372088832,16780425469309/17592186044416,1,0
3,14,16,253009/262144,515923923/536870912,1,0
3,14,17,32614017/33554432,518151883/536870912,1,0
3,14,18,32754857/33554432,519504573/536870912,1,0
3,14,19,32840367/33554432,520316187/536870912,1,0
3,14,20,32891673/33554432,8332769325/8589934592,1,0
3,14,21,526754175/536870912,8337304815/8589934592,1,0
3,14,22,527040885/536870912,16679901035/17179869184,1,0
3,14,23,1054416265/1073741824,32583915/33554432,1,0
3,14,24,2059785/2097152,133477807687/137438953472,1,0
3,14,25,8437770173/8589934592,133485860171/137438953472,1,0
3,14,26,8438279209/8589934592,66745217723/68719476736,1,0
3,14,27,4219284217/4294967296,133493021471/137438953472,1,0
3,14,28,8438731909/8589934592,2135911617761/2199023255552,1,0
3,14,29,135021181819/137438953472,2135924651327/2199023255552,1,0
3,14,30,135022005733/137438953472,4271863840093/4398046511104,1,0
3,14,31,270044930447/274877906944,133495997389/137438953472,1,0
3,14,32,8438920031/8589934592,34175011098299/35184372088832,1,0
3,14,33,2160365788921/2199023255552,34175030831659/35184372088832,1,0
3,15,17,4204095921/4294967296,32754857/33554432,1,0
3,15,18,4222250841/4294967296,32840367/33554432,1,0
3,15,19,4233273471/4294967296,32891673/33554432,1,0
3,15,20,4239887049/4294967296,526754175/536870912,1,0
3,15,21,67901021775/68719476736,527040885/536870912,1,0
3,15,22,67937980005/68719476736,1054416265/1073741824,1,0
3,15,23,135919077945/137438953472,2059785/2097152,1,0
3,15,24,265515705/268435456,8437770173/8589934592,1,0
3,15,25,1087667157549/1099511627776,8438279209/8589934592,1,0
3,15,26,1087732774617/1099511627776,4219284217/4294967296,1,0
3,15,27,543885028521/549755813888,8438731909/8589934592,1,0
3,15,28,1087791129717/1099511627776,135021181819/137438953472,1,0
3,15,29,17404847729547/17592186044416,135022005733/137438953472,1,0
3,15,30,17404953935829/17592186044416,270044930447/274877906944,1,0
3,15,31,34810026332511/35184372088832,8438920031/8589934592,1,0
3,15,32,1087815379503/1099511627776,2160365788921/2199023255552,1,0
3,15,33,278481028604073/281474976710656,2160367036361/2199023255552,1,0
3,16,18,4240484161/4294967296,4233273471/4294967296,1,0
3,16,19,4251554391/4294967296,4239887049/4294967296,1,0
3,16,20,4258196529/4294967296,67901021775/68719476736,1,0
3,16,21,68194244775/68719476736,67937980005/68719476736,1,0
3,16,22,68231362605/68719476736,135919077945/137438953472,1,0
3,16,23,136506029345/137438953472,265515705/268435456,1,0
3,16,24,266662305/268435456,1087667157549/1099511627776,1,0
3,16,25,1092364127029/1099511627776,1087732774617/1099511627776,1,0
3,16,26,1092430027457/1099511627776,543885028521/549755813888,1,0
3,16,27,546233735441/549755813888,1087791129717/1099511627776,1,0
3,16,28,1092488634557/1099511627776,17404847729547/17592186044416,1,0
3,16,29,17480008625987/17592186044416,17404953935829/17592186044416,1,0
3,16,30,17480115290909/17592186044416,34810026332511/35184372088832,1,0
3,16,31,34960349554231/35184372088832,1087815379503/1099511627776,1,0
3,16,32,1092512989063/1099511627776,278481028604073/281474976710656,1,0
3,16,33,279683617910033/281474976710656,278481189404793/281474976710656,1,0
3,17,19,4262653521/4294967296,4258196529/4294967296,1,0
3,17,20,4269312999/4294967296,68194244775/68719476736,1,0
3,17,21,68372273025/68719476736,68231362605/68719476736,1,0
3,17,22,68409487755/68719476736,136506029345/137438953472,1,0
3,17,23,136862392695/137438953472,266662305/268435456,1,0
3,17,24,267358455/268435456,1092364127029/1099511627776,1,0
3,17,25,1095215858499/1099511627776,1092430027457/1099511627776,1,0
3,17,26,1095281930967/1099511627776,546233735441/549755813888,1,0
3,17,27,547659736071/549755813888,1092488634557/1099511627776,1,0
3,17,28,1095340691067/1099511627776,17480008625987/17592186044416,1,0
3,17,29,17525642027397/17592186044416,17480115290909/17592186044416,1,0
3,17,30,17525748970779/17592186044416,34960349554231/35184372088832,1,0
3,17,31,35051617224561/35184372088832,1092512989063/1099511627776,1,0
3,17,32,1095365109153/1099511627776,279683617910033/281474976710656,1,0
3,17,33,280413761417223/281474976710656,279683779405153/281474976710656,1,0
3,18,20,4275982881/4294967296,68372273025/68719476736,1,0
3,18,21,68479089975/68719476736,68409487755/68719476736,1,0
3,18,22,68516362845/68719476736,136862392695/137438953472,1,0
3,18,23,137076210705/137438953472,267358455/268435456,1,0
3,18,24,267776145/268435456,1095215858499/1099511627776,1,0
3,18,25,1096926897381/1099511627776,1095281930967/1099511627776,1,0
3,18,26,1096993073073/1099511627776,547659736071/549755813888,1,0
3,18,27,548515336449/549755813888,1095340691067/1099511627776,1,0
3,18,28,1097051924973/1099511627776,17525642027397/17592186044416,1,0
3,18,29,17553022068243/17592186044416,17525748970779/17592186044416,1,0
3,18,30,17553129178701/17592186044416,35051617224561/35184372088832,1,0
3,18,31,35106377826759/35184372088832,1095365109153/1099511627776,1,0
3,18,32,1097076381207/1099511627776,280413761417223/281474976710656,1,0
3,18,33,280851847521537/281474976710656,280413923333943/281474976710656,1,0
3,19,21,1096680200625/1099511627776,68516362845/68719476736,1,0
3,19,22,1097277118875/1099511627776,137076210705/137438953472,1,0
3,19,23,2195250642375/2199023255552,267776145/268435456,1,0
3,19,24,4288386375/4294967296,1096926897381/1099511627776,1,0
3,19,25,17567085227475/17592186044416,1096993073073/1099511627776,1,0
3,19,26,17568145019175/17592186044416,548515336449/549755813888,1,0
3,19,27,8784373586775/8796093022208,1097051924973/1099511627776,1,0
3,19,28,17569087521675/17592186044416,17553022068243/17592186044416,1,0
3,19,29,281108463479925/281474976710656,17553129178701/17592186044416,1,0
3,19,30,281110178834475/281474976710656,35106377826759/35184372088832,1,0
3,19,31,562222270949025/562949953421312,1097076381207/1099511627776,1,0
3,19,32,17569479183825/17592186044416,280851847521537/281474976710656,1,0
3,19,33,4497791378335575/4503599627370496,280852009691217/281474976710656,1,0
3,20,22,1097874362025/1099511627776,2195250642375/2199023255552,1,0
3,20,23,2196445507725/2199023255552,4288386375/4294967296,1,0
3,20,24,4290720525/4294967296,17567085227475/17592186044416,1,0
3,20,25,17576646915345/17592186044416,17568145019175/17592186044416,1,0
3,20,26,17577707283885/17592186044416,8784373586775/8796093022208,1,0
3,20,27,8789154883005/8796093022208,17569087521675/17592186044416,1,0
3,20,28,17578650299385/17592186044416,281108463479925/281474976710656,1,0
3,20,29,281261469590535/281474976710656,281110178834475/281474976710656,1,0
3,20,30,281263185878745/281474976710656,562222270949025/562949953421312,1,0
3,20,31,562528286078955/562949953421312,17569479183825/17592186044416,1,0
3,20,32,17579042174715/17592186044416,4497791378335575/4503599627370496,1,0
3,20,33,4500239506565565/4503599627370496,4497793975453575/4503599627370496,1,0
3,21,23,4394285025025/4398046511104,4290720525/4294967296,1,0
3,21,24,8584164225/8589934592,17576646915345/17592186044416,1,0
3,21,25,35164449133205/35184372088832,17577707283885/17592186044416,1,0
3,21,26,35166570543265/35184372088832,8789154883005/8796093022208,1,0
3,21,27,17583887944945/17592186044416,17578650299385/17592186044416,1,0
3,21,28,35168457172765/35184372088832,281261469590535/281474976710656,1,0
3,21,29,562701446310115/562949953421312,281263185878745/281474976710656,1,0
3,21,30,562704879975805/562949953421312,562528286078955/562949953421312,1,0
3,21,31,1125413589809495/1125899906842624,17579042174715/17592186044416,1,0
3,21,32,35169241172135/35184372088832,4500239506565565/4503599627370496,1,0
3,21,33,9003335162732785/9007199254740992,4500242105097165/4503599627370496,1,0
3,22,24,16769025/16777216,35164449133205/35184372088832,1,0
3,22,25,68693178645/68719476736,35166570543265/35184372088832,1,0
3,22,26,68697322785/68719476736,17583887944945/17592186044416,1,0
3,22,27,34349838705/34359738368,35168457172765/35184372088832,1,0
3,22,28,68701008285/68719476736,562701446310115/562949953421312,1,0
3,22,29,1099228110435/1099511627776,562704879975805/562949953421312,1,0
3,22,30,1099234818045/1099511627776,1125413589809495/1125899906842624,1,0
3,22,31,2198477117655/2199023255552,35169241172135/35184372088832,1,0
3,22,32,68702539815/68719476736,9003335162732785/9007199254740992,1,0
3,22,33,17587868599665/17592186044416,9003340361445185/9007199254740992,1,0
3,23,25,281396968061881/281474976710656,68697322785/68719476736,1,0
3,23,26,281413944251573/281474976710656,34349838705/34359738368,1,0
3,23,27,140711794906949/140737488355328,68701008285/68719476736,1,0
3,23,28,281429041653473/281474976710656,1099228110435/1099511627776,1,0
3,23,29,4502913733011743/4503599627370496,1099234818045/1099511627776,1,0
3,23,30,4502941210283201/4503599627370496,2198477117655/2199023255552,1,0
3,23,31,9005913068292259/9007199254740992,68702539815/68719476736,1,0
3,23,32,281435315462707/281474976710656,17587868599665/17592186044416,1,0
3,23,33,72047516161588037/72057594037927936,17587878755265/17592186044416,1,0
3,24,26,281430921465409/281474976710656,140711794906949/140737488355328,1,0
3,24,27,140720283804817/140737488355328,281429041653473/281474976710656,1,0
3,24,28,281446019778109/281474976710656,4502913733011743/4503599627370496,1,0
3,24,29,4503185385966019/4503599627370496,4502941210283201/4503599627370496,1,0
3,24,30,4503212864895133/4503599627370496,9005913068292259/9007199254740992,1,0
3,24,31,9006456379365047/9007199254740992,281435315462707/281474976710656,1,0
3,24,32,281452293965831/281474976710656,72047516161588037/72057594037927936,1,0
3,24,33,72051862662936721/72057594037927936,72047557763317717/72057594037927936,1,0
3,25,27,70362553521121/70368744177664,281446019778109/281474976710656,1,0
3,25,28,140727833219917/140737488355328,4503185385966019/4503599627370496,1,0
3,25,29,2251669867117747/2251799813685248,4503212864895133/4503599627370496,1,0
3,25,30,2251683607053229/2251799813685248,9006456379365047/9007199254740992,1,0
3,25,31,4503382539419111/4503599627370496,281452293965831/281474976710656,1,0
3,25,32,140730970421303/140737488355328,72051862662936721/72057594037927936,1,0
3,25,33,36027166132987873/36028797018963968,72051904267176161/72057594037927936,1,0
3,26,28,281461118900809/281474976710656,2251669867117747/2251799813685248,1,0
3,26,29,4503426974561719/4503599627370496,2251683607053229/2251799813685248,1,0
3,26,30,4503454454965033/4503599627370496,4503382539419111/4503599627370496,1,0
3,26,31,9006939561149147/9007199254740992,140730970421303/140737488355328,1,0
3,26,32,281467393425131/281474976710656,36027166132987873/36028797018963968,1,0
3,26,33,72055728128563021/72057594037927936,36027186935820593/36028797018963968,1,0
3,27,29,72055616755923529/72057594037927936,4503454454965033/4503599627370496,1,0
3,27,30,72056056447167703/72057594037927936,9006939561149147/9007199254740992,1,0
3,27,31,144112603319184677/144115188075855872,281467393425131/281474976710656,1,0
3,27,32,4503527368044821/4503599627370496,72055728128563021/72057594037927936,1,0
3,27,33,1152904212820293811/1152921504606846976,72055769735034461/72057594037927936,1,0
3,28,30,72056496141094921/72057594037927936,144112603319184677/144115188075855872,1,0
3,28,31,144113482710031739/144115188075855872,4503527368044821/4503599627370496,1,0
3,28,32,4503554849060747/4503599627370496,1152904212820293811/1152921504606846976,1,0
3,28,33,1152911247967733677/1152921504606846976,1152904878531090851/1152921504606846976,1,0
3,29,31,288227946279085201/288230376151711744,4503554849060747/4503599627370496,1,0
3,29,32,9007140350023873/9007199254740992,1152911247967733677/1152921504606846976,1,0
3,29,33,2305830342830688743/2305843009213693952,1152911913682592957/1152921504606846976,1,0
3,30,32,281473668089329/281474976710656,2305830342830688743/2305843009213693952,1,0
3,30,33,72057334444278839/72057594037927936,2305831674264938263/2305843009213693952,1,0
3,31,33,18446696923588705249/18446744073709551616,72057376051677799/72057594037927936,1,0
4,5,7,49/4096,29/4096,1,0
4,5,8,203/8192,93/8192,1,0
4,5,9,651/16384,1/64,1,0
4,5,10,7/128,319/16384,1,0
4,5,11,2233/32768,743/32768,1,0
4,5,12,5201/65536,1651/65536,1,0
4,5,13,11557/131072,7099/262144,1,0
4,5,14,49693/524288,14913/524288,1,0
4,5,15,104391/1048576,30827/1048576,1,0
4,5,16,215789/2097152,63019/2097152,1,0
4,5,17,441133/4194304,63929/2097152,1,0
4,5,18,447503/4194304,16131/524288,1,0
4,5,19,112917/1048576,129813/4194304,1,0
4,5,20,908691/8388608,260595/8388608,1,0
4,5,21,1824165/16777216,2089605/67108864,1,0
4,5,22,14627235/134217728,4185195/134217728,1,0
4,5,23,29296365/268435456,8377705/268435456,1,0
4,5,24,58643935/536870912,16764265/536870912,1,0
4,5,25,117349855/1073741824,8384789/268435456,1,0
4,5,26,58693523/536870912,33545481/1073741824,1,0
4,5,27,234818367/2147483648,67098437/2147483648,1,0
4,5,28,469689059/4294967296,134205649/4294967296,1,0
4,5,29,939439543/8589934592,536843071/17179869184,1,0
4,5,30,3757901497/34359738368,1073709893/34359738368,1,0
4,5,31,7515969251/68719476736,2147447191/68719476736,1,0
4,5,32,15032130337/137438953472,4294925847/137438953472,1,0
4,5,33,30064480929/274877906944,4294943827/137438953472,1,0
4,6,8,841/16384,651/16384,1,0
4,6,9,2697/32768,7/128,1,0
4,6,10,29/256,2233/32768,1,0
4,6,11,9251/65536,5201/65536,1,0
4,6,12,21547/131072,11557/131072,1,0
4,6,13,47879/262144,49693/524288,1,0
4,6,14,205871/1048576,104391/1048576,1,0
4,6,15,432477/2097152,215789/2097152,1,0
4,6,16,893983/4194304,441133/4194304,1,0
4,6,17,1827551/8388608,447503/4194304,1,0
4,6,18,1853941/8388608,112917/1048576,1,0
4,6,19,467799/2097152,908691/8388608,1,0
4,6,20,3764577/16777216,1824165/16777216,1,0
4,6,21,7557255/33554432,14627235/134217728,1,0
4,6,22,60598545/268435456,29296365/268435456,1,0
4,6,23,121370655/536870912,58643935/536870912,1,0
4,6,24,242953445/1073741824,117349855/1073741824,1,0
4,6,25,486163685/2147483648,58693523/536870912,1,0
4,6,26,243158881/1073741824,234818367/2147483648,1,0
4,6,27,972818949/4294967296,469689059/4294967296,1,0
4,6,28,1945854673/8589934592,939439543/8589934592,1,0
4,6,29,3891963821/17179869184,3757901497/34359738368,1,0
4,6,30,15568449059/68719476736,7515969251/68719476736,1,0
4,6,31,31137586897/137438953472,15032130337/137438953472,1,0
4,6,32,62275968539/274877906944,30064480929/274877906944,1,0
4,6,33,124552849563/549755813888,30064606789/274877906944,1,0
4,7,9,8649/65536,29/256,1,0
4,7,10,93/512,9251/65536,1,0
4,7,11,29667/131072,21547/131072,1,0
4,7,12,69099/262144,47879/262144,1,0
4,7,13,153543/524288,205871/1048576,1,0
4,7,14,660207/2097152,432477/2097152,1,0
4,7,15,1386909/4194304,893983/4194304,1,0
4,7,16,2866911/8388608,1827551/8388608,1,0
4,7,17,5860767/16777216,1853941/8388608,1,0
4,7,18,5945397/16777216,467799/2097152,1,0
4,7,19,1500183/4194304,3764577/16777216,1,0
4,7,20,12072609/33554432,7557255/33554432,1,0
4,7,21,24235335/67108864,60598545/268435456,1,0
4,7,22,194333265/536870912,121370655/536870912,1,0
4,7,23,389223135/1073741824,242953445/1073741824,1,0
4,7,24,779126565/2147483648,486163685/2147483648,1,0
4,7,25,1559076645/4294967296,243158881/1073741824,1,0
4,7,26,779785377/2147483648,972818949/4294967296,1,0
4,7,27,3119729733/8589934592,1945854673/8589934592,1,0
4,7,28,6240154641/17179869184,3891963821/17179869184,1,0
4,7,29,12481125357/34359738368,15568449059/68719476736,1,0
4,7,30,49926405603/137438953472,31137586897/137438953472,1,0
4,7,31,99855020049/274877906944,62275968539/274877906944,1,0
4,7,32,199712588763/549755813888,124552849563/549755813888,1,0
4,7,33,399428103771/1099511627776,124553370983/549755813888,1,0
4,8,10,1/4,29667/131072,1,0
4,8,11,319/1024,69099/262144,1,0
4,8,12,743/2048,153543/524288,1,0
4,8,13,1651/4096,660207/2097152,1,0
4,8,14,7099/16384,1386909/4194304,1,0
4,8,15,14913/32768,2866911/8388608,1,0
4,8,16,30827/65536,5860767/16777216,1,0
4,8,17,63019/131072,5945397/16777216,1,0
4,8,18,63929/131072,1500183/4194304,1,0
4,8,19,16131/32768,12072609/33554432,1,0
4,8,20,129813/262144,24235335/67108864,1,0
4,8,21,260595/524288,194333265/536870912,1,0
4,8,22,2089605/4194304,389223135/1073741824,1,0
4,8,23,4185195/8388608,779126565/2147483648,1,0
4,8,24,8377705/16777216,1559076645/4294967296,1,0
4,8,25,16764265/33554432,779785377/2147483648,1,0
4,8,26,8384789/16777216,3119729733/8589934592,1,0
4,8,27,33545481/67108864,6240154641/17179869184,1,0
4,8,28,67098437/134217728,12481125357/34359738368,1,0
4,8,29,134205649/268435456,49926405603/137438953472,1,0
4,8,30,536843071/1073741824,99855020049/274877906944,1,0
4,8,31,1073709893/2147483648,199712588763/549755813888,1,0
4,8,32,2147447191/4294967296,399428103771/1099511627776,1,0
4,8,33,4294925847/8589934592,399429775911/1099511627776,1,0
4,9,11,101761/262144,743/2048,1,0
4,9,12,237017/524288,1651/4096,1,0
4,9,13,526669/1048576,7099/16384,1,0
4,9,14,2264581/4194304,14913/32768,1,0
4,9,15,4757247/8388608,30827/65536,1,0
4,9,16,9833813/16777216,63019/131072,1,0
4,9,17,20103061/33554432,63929/131072,1,0
4,9,18,20393351/33554432,16131/32768,1,0
4,9,19,5145789/8388608,129813/262144,1,0
4,9,20,41410347/67108864,260595/524288,1,0
4,9,21,83129805/134217728,2089605/4194304,1,0
4,9,22,666583995/1073741824,4185195/8388608,1,0
4,9,23,1335077205/2147483648,8377705/16777216,1,0
4,9,24,2672487895/4294967296,16764265/33554432,1,0
4,9,25,5347800535/8589934592,8384789/16777216,1,0
4,9,26,2674747691/4294967296,33545481/67108864,1,0
4,9,27,10701008439/17179869184,67098437/134217728,1,0
4,9,28,21404401403/34359738368,134205649/268435456,1,0
4,9,29,42811602031/68719476736,536843071/1073741824,1,0
4,9,30,171252939649/274877906944,1073709893/2147483648,1,0
4,9,31,342513455867/549755813888,2147447191/4294967296,1,0
4,9,32,685035653929/1099511627776,4294925847/8589934592,1,0
4,9,33,1370081345193/2199023255552,4294943827/8589934592,1,0
4,10,12,552049/1048576,526669/1048576,1,0
4,10,13,1226693/2097152,2264581/4194304,1,0
4,10,14,5274557/8388608,4757247/8388608,1,0
4,10,15,11080359/16777216,9833813/16777216,1,0
4,10,16,22904461/33554432,20103061/33554432,1,0
4,10,17,46823117/67108864,20393351/33554432,1,0
4,10,18,47499247/67108864,5145789/8388608,1,0
4,10,19,11985333/16777216,41410347/67108864,1,0
4,10,20,96451059/134217728,83129805/134217728,1,0
4,10,21,193622085/268435456,666583995/1073741824,1,0
4,10,22,1552576515/2147483648,1335077205/2147483648,1,0
4,10,23,3109599885/4294967296,2672487895/4294967296,1,0
4,10,24,6224634815/8589934592,5347800535/8589934592,1,0
4,10,25,12455848895/17179869184,2674747691/4294967296,1,0
4,10,26,6229898227/8589934592,10701008439/17179869184,1,0
4,10,27,24924292383/34359738368,21404401403/34359738368,1,0
4,10,28,49854138691/68719476736,42811602031/68719476736,1,0
4,10,29,99714797207/137438953472,171252939649/274877906944,1,0
4,10,30,398874401753/549755813888,342513455867/549755813888,1,0
4,10,31,797766450499/1099511627776,685035653929/1099511627776,1,0
4,10,32,1595553262913/2199023255552,1370081345193/2199023255552,1,0
4,10,33,3191129904321/4398046511104,1370087080813/2199023255552,1,0
4,11,13,2725801/4194304,5274557/8388608,1,0
4,11,14,11720449/16777216,11080359/16777216,1,0
4,11,15,24621363/33554432,22904461/33554432,1,0
4,11,16,50895377/67108864,46823117/67108864,1,0
4,11,17,104044369/134217728,47499247/67108864,1,0
4,11,18,105546779/134217728,11985333/16777216,1,0
4,11,19,26632281/33554432,96451059/134217728,1,0
4,11,20,214321263/268435456,193622085/268435456,1,0
4,11,21,430242345/536870912,1552576515/2147483648,1,0
4,11,22,3449937855/4294967296,3109599885/4294967296,1,0
4,11,23,6909756945/8589934592,6224634815/8589934592,1,0
4,11,24,13831590955/17179869184,12455848895/17179869184,1,0
4,11,25,27677801515/34359738368,6229898227/8589934592,1,0
4,11,26,13843286639/17179869184,24924292383/34359738368,1,0
4,11,27,55383589131/68719476736,49854138691/68719476736,1,0
4,11,28,110779519487/137438953472,99714797207/137438953472,1,0
4,11,29,221573526499/274877906944,398874401753/549755813888,1,0
4,11,30,886327910221/1099511627776,797766450499/1099511627776,1,0
4,11,31,1772695033343/2199023255552,1595553262913/2199023255552,1,0
4,11,32,3545435312341/4398046511104,3191129904321/4398046511104,1,0
4,11,33,7090922573397/8796093022208,3191143263461/4398046511104,1,0
4,12,14,50395801/67108864,24621363/33554432,1,0
4,12,15,105867387/134217728,50895377/67108864,1,0
4,12,16,218840873/268435456,104044369/134217728,1,0
4,12,17,447371881/536870912,105546779/134217728,1,0
4,12,18,453831971/536870912,26632281/33554432,1,0
4,12,19,114513969/134217728,214321263/268435456,1,0
4,12,20,921542487/1073741824,430242345/536870912,1,0
4,12,21,1849963905/2147483648,3449937855/4294967296,1,0
4,12,22,14834105895/17179869184,6909756945/8589934592,1,0
4,12,23,29710699305/34359738368,13831590955/17179869184,1,0
4,12,24,59473327795/68719476736,27677801515/34359738368,1,0
4,12,25,119009517235/137438953472,13843286639/17179869184,1,0
4,12,26,59523617111/68719476736,55383589131/68719476736,1,0
4,12,27,238139369619/274877906944,110779519487/137438953472,1,0
4,12,28,476331804263/549755813888,221573526499/274877906944,1,0
4,12,29,952725902251/1099511627776,886327910221/1099511627776,1,0
4,12,30,3811048961029/4398046511104,1772695033343/2199023255552,1,0
4,12,31,7622266530407/8796093022208,3545435312341/4398046511104,1,0
4,12,32,15244727608909/17592186044416,7090922573397/8796093022208,1,0
4,12,33,30489678587853/35184372088832,7090952258377/8796093022208,1,0
4,13,15,222397569/268435456,218840873/268435456,1,0
4,13,16,459723051/536870912,447371881/536870912,1,0
4,13,17,939802347/1073741824,453831971/536870912,1,0
4,13,18,953373177/1073741824,114513969/134217728,1,0
4,13,19,240561603/268435456,921542487/1073741824,1,0
4,13,20,1935901269/2147483648,1849963905/2147483648,1,0
4,13,21,3886253235/4294967296,14834105895/17179869184,1,0
4,13,22,31162279365/34359738368,29710699305/34359738368,1,0
4,13,23,62413813035/68719476736,59473327795/68719476736,1,0
4,13,24,124936714665/137438953472,119009517235/137438953472,1,0
4,13,25,250005483945/274877906944,59523617111/68719476736,1,0
4,13,26,125042358357/137438953472,238139369619/274877906944,1,0
4,13,27,500263758153/549755813888,476331804263/549755813888,1,0
4,13,28,1000638990981/1099511627776,952725902251/1099511627776,1,0
4,13,29,2001408843537/2199023255552,3811048961029/4398046511104,1,0
4,13,30,8005940717823/8796093022208,7622266530407/8796093022208,1,0
4,13,31,16012235634309/17592186044416,15244727608909/17592186044416,1,0
4,13,32,32024879959383/35184372088832,30489678587853/35184372088832,1,0
4,13,33,64050229156311/70368744177664,30489806227873/35184372088832,1,0
4,14,16,950303929/1073741824,939802347/1073741824,1,0
4,14,17,1942686713/2147483648,953373177/1073741824,1,0
4,14,18,1970739283/2147483648,240561603/268435456,1,0
4,14,19,497270337/536870912,1935901269/2147483648,1,0
4,14,20,4001745351/4294967296,3886253235/4294967296,1,0
4,14,21,8033362065/8589934592,31162279365/34359738368,1,0
4,14,22,64416253335/68719476736,62413813035/68719476736,1,0
4,14,23,129017006265/137438953472,124936714665/137438953472,1,0
4,14,24,258259512035/274877906944,250005483945/274877906944,1,0
4,14,25,516791997155/549755813888,125042358357/137438953472,1,0
4,14,26,258477890503/274877906944,500263758153/549755813888,1,0
4,14,27,1034106542787/1099511627776,1000638990981/1099511627776,1,0
4,14,28,2068443517399/2199023255552,2001408843537/2199023255552,1,0
4,14,29,4137157541723/4398046511104,8005940717823/8796093022208,1,0
4,14,30,16549261349717/17592186044416,16012235634309/17592186044416,1,0
4,14,31,33099254871511/35184372088832,32024879959383/35184372088832,1,0
4,14,32,66199354556957/70368744177664,64050229156311/70368744177664,1,0
4,14,33,132399679085469/140737488355328,64050497292051/70368744177664,1,0
4,15,17,3971394361/4294967296,1970739283/2147483648,1,0
4,15,18,4028741651/4294967296,497270337/536870912,1,0
4,15,19,1016559489/1073741824,4001745351/4294967296,1,0
4,15,20,8180685447/8589934592,8033362065/8589934592,1,0
4,15,21,16422436305/17179869184,64416253335/68719476736,1,0
4,15,22,131684817495/137438953472,129017006265/137438953472,1,0
4,15,23,263746803705/274877906944,258259512035/274877906944,1,0
4,15,24,527954591395/549755813888,516791997155/549755813888,1,0
4,15,25,1056467216035/1099511627776,258477890503/274877906944,1,0
4,15,26,528401017991/549755813888,1034106542787/1099511627776,1,0
4,15,27,2114002667139/2199023255552,2068443517399/2199023255552,1,0
4,15,28,4228476401303/4398046511104,4137157541723/4398046511104,1,0
4,15,29,8457505794331/8796093022208,16549261349717/17592186044416,1,0
4,15,30,33831313491349/35184372088832,33099254871511/35184372088832,1,0
4,15,31,67664123746967/70368744177664,66199354556957/70368744177664,1,0
4,15,32,135329974529629/140737488355328,132399679085469/140737488355328,1,0
4,15,33,270661931952093/281474976710656,132400233354929/140737488355328,1,0
4,16,18,4086917041/4294967296,1016559489/1073741824,1,0
4,16,19,1031238699/1073741824,8180685447/8589934592,1,0
4,16,20,8298815277/8589934592,16422436305/17179869184,1,0
4,16,21,16659577755/17179869184,131684817495/137438953472,1,0
4,16,22,133586358045/137438953472,263746803705/274877906944,1,0
4,16,23,267555331155/274877906944,527954591395/549755813888,1,0
4,16,24,535578302945/549755813888,1056467216035/1099511627776,1,0
4,16,25,1071722697185/1099511627776,528401017991/549755813888,1,0
4,16,26,536031175981/549755813888,2114002667139/2199023255552,1,0
4,16,27,2144529054849/2199023255552,4228476401303/4398046511104,1,0
4,16,28,4289535978973/4398046511104,8457505794331/8796093022208,1,0
4,16,29,8579632934921/8796093022208,33831313491349/35184372088832,1,0
4,16,30,34319840685959/35184372088832,67664123746967/70368744177664,1,0
4,16,31,68641199749597/70368744177664,135329974529629/140737488355328,1,0
4,16,32,137284151473439/140737488355328,270661931952093/281474976710656,1,0
4,16,33,274570314472863/281474976710656,270663065033713/281474976710656,1,0
4,17,19,260209161/268435456,8298815277/8589934592,1,0
4,17,20,2094013503/2147483648,16659577755/17179869184,1,0
4,17,21,4203657945/4294967296,133586358045/137438953472,1,0
4,17,22,33707418255/34359738368,267555331155/274877906944,1,0
4,17,23,67511380545/68719476736,535578302945/549755813888,1,0
4,17,24,135140759355/137438953472,1071722697185/1099511627776,1,0
4,17,25,270424358715/274877906944,536031175981/549755813888,1,0
4,17,26,135255031359/137438953472,2144529054849/2199023255552,1,0
4,17,27,541122154011/549755813888,4289535978973/4398046511104,1,0
4,17,28,1082364887247/1099511627776,8579632934921/8796093022208,1,0
4,17,29,2164871324019/2199023255552,34319840685959/35184372088832,1,0
4,17,30,8659815578301/8796093022208,68641199749597/70368744177664,1,0
4,17,31,17320014283983/17592186044416,137284151473439/140737488355328,1,0
4,17,32,34640470638021/35184372088832,274570314472863/281474976710656,1,0
4,17,33,69281448837957/70368744177664,274571463916283/281474976710656,1,0
4,18,20,16851414969/17179869184,4203657945/4294967296,1,0
4,18,21,33828618735/34359738368,33707418255/34359738368,1,0
4,18,22,271257893865/274877906944,67511380545/68719476736,1,0
4,18,23,543292718535/549755813888,135140759355/137438953472,1,0
4,18,24,1087535019165/1099511627776,270424358715/274877906944,1,0
4,18,25,2176219532445/2199023255552,135255031359/137438953472,1,0
4,18,26,1088454614457/1099511627776,541122154011/549755813888,1,0
4,18,27,4354639525053/4398046511104,1082364887247/1099511627776,1,0
4,18,28,8710249402281/8796093022208,2164871324019/2199023255552,1,0
4,18,29,17421637913637/17592186044416,8659815578301/8796093022208,1,0
4,18,30,69689209575723/70368744177664,17320014283983/17592186044416,1,0
4,18,31,139381502340009/140737488355328,34640470638021/35184372088832,1,0
4,18,32,278766562205283/281474976710656,69281448837957/70368744177664,1,0
4,18,33,557537208976611/562949953421312,69281738873337/70368744177664,1,0
4,19,21,67909754025/68719476736,271257893865/274877906944,1,0
4,19,22,544540614975/549755813888,543292718535/549755813888,1,0
4,19,23,1090640891025/1099511627776,1087535019165/1099511627776,1,0
4,19,24,2183188034475/2199023255552,2176219532445/2199023255552,1,0
4,19,25,4368683637675/4398046511104,1088454614457/1099511627776,1,0
4,19,26,2185034089455/2199023255552,4354639525053/4398046511104,1,0
4,19,27,8741784621195/8796093022208,8710249402281/8796093022208,1,0
4,19,28,17485517190015/17592186044416,17421637913637/17592186044416,1,0
4,19,29,34973321101155/35184372088832,69689209575723/70368744177664,1,0
4,19,30,139898620087245/140737488355328,139381502340009/140737488355328,1,0
4,19,31,279803429566335/281474976710656,278766562205283/281474976710656,1,0
4,19,32,559614000738645/562949953421312,557537208976611/562949953421312,1,0
4,19,33,1119236201098965/1125899906842624,557539543014351/562949953421312,1,0
4,20,22,4366449056025/4398046511104,1090640891025/1099511627776,1,0
4,20,23,8745404397975/8796093022208,2183188034475/2199023255552,1,0
4,20,24,17506094256525/17592186044416,4368683637675/4398046511104,1,0
4,20,25,35030691965325/35184372088832,2185034089455/2199023255552,1,0
4,20,26,17520897018345/17592186044416,8741784621195/8796093022208,1,0
4,20,27,70096804825005/70368744177664,17485517190015/17592186044416,1,0
4,20,28,140209229447385/140737488355328,34973321101155/35184372088832,1,0
4,20,29,280436795178645/281474976710656,139898620087245/140737488355328,1,0
4,20,30,1121789965376955/1125899906842624,279803429566335/281474976710656,1,0
4,20,31,2243629560962265/2251799813685248,559614000738645/562949953421312,1,0
4,20,32,4487316387549555/4503599627370496,1119236201098965/1125899906842624,1,0
4,20,33,8974698524520435/9007199254740992,1119240886597065/1125899906842624,1,0
4,21,23,17515857188025/17592186044416,17506094256525/17592186044416,1,0
4,21,24,35062329077475/35184372088832,35030691965325/35184372088832,1,0
4,21,25,70161718056675/70368744177664,17520897018345/17592186044416,1,0
4,21,26,35091976998855/35184372088832,70096804825005/70368744177664,1,0
4,21,27,140394379353795/140737488355328,140209229447385/140737488355328,1,0
4,21,28,280820043040215/281474976710656,280436795178645/281474976710656,1,0
4,21,29,561676811166555/562949953421312,1121789965376955/1125899906842624,1,0
4,21,30,2246792936533845/2251799813685248,2243629560962265/2251799813685248,1,0
4,21,31,4493685275634135/4503599627370496,4487316387549555/4503599627370496,1,0
4,21,32,8987485246537245/9007199254740992,8974698524520435/9007199254740992,1,0
4,21,33,17975102180235165/18014398509481984,8974736095618335/9007199254740992,1,0
4,22,24,70185941067025/70368744177664,70161718056675/70368744177664,1,0
4,22,25,140446066711825/140737488355328,35091976998855/35184372088832,1,0
4,22,26,70245288729245/70368744177664,140394379353795/140737488355328,1,0
4,22,27,281034143901105/281474976710656,280820043040215/281474976710656,1,0
4,22,28,562130911147085/562949953421312,561676811166555/562949953421312,1,0
4,22,29,1124335336655545/1125899906842624,2246792936533845/2251799813685248,1,0
4,22,30,4497512880132055/4503599627370496,4493685275634135/4503599627370496,1,0
4,22,31,8995224739135565/9007199254740992,8987485246537245/9007199254740992,1,0
4,22,32,17990679069276655/18014398509481984,17975102180235165/18014398509481984,1,0
4,22,33,35981621743041135/36028797018963968,17975177430041265/18014398509481984,1,0
4,23,25,281040580990225/281474976710656,70245288729245/70368744177664,1,0
4,23,26,140564824765085/140737488355328,281034143901105/281474976710656,1,0
4,23,27,562365333036465/562949953421312,562130911147085/562949953421312,1,0
4,23,28,1124855978953805/1125899906842624,1124335336655545/1125899906842624,1,0
4,23,29,2249859064332985/2251799813685248,4497512880132055/4503599627370496,1,0
4,23,30,8999779505657815/9007199254740992,8995224739135565/9007199254740992,1,0
4,23,31,17999957179373645/18014398509481984,17990679069276655/18014398509481984,1,0
4,23,32,36000373783429615/36028797018963968,35981621743041135/36028797018963968,1,0
4,23,33,72001275054457455/72057594037927936,35981772374177035/36028797018963968,1,0
4,24,26,70304686574521/70368744177664,562365333036465/562949953421312,1,0
4,24,27,281271780088509/281474976710656,1124855978953805/1125899906842624,1,0
4,24,28,562606236474793/562949953421312,2249859064332985/2251799813685248,1,0
4,24,29,1125286049473061/1125899906842624,8999779505657815/9007199254740992,1,0
4,24,30,4501315876447019/4503599627370496,17999957179373645/18014398509481984,1,0
4,24,31,9002830900017577/9007199254740992,36000373783429615/36028797018963968,1,0
4,24,32,18005891585177699/18014398509481984,72001275054457455/72057594037927936,1,0
4,24,33,36012046997741283/36028797018963968,72001576475942155/72057594037927936,1,0
4,25,27,1125299295521361/1125899906842624,562606236474793/562949953421312,1,0
4,25,28,2250849343513197/2251799813685248,1125286049473061/1125899906842624,1,0
4,25,29,4501993048622169/4503599627370496,4501315876447019/4503599627370496,1,0
4,25,30,18008659038212151/18014398509481984,9002830900017577/9007199254740992,1,0
4,25,31,36018114815143533/36028797018963968,18005891585177699/18014398509481984,1,0
4,25,32,72037148944193871/72057594037927936,36012046997741283/36028797018963968,1,0
4,25,33,144075353396947407/144115188075855872,36012197756247503/36028797018963968,1,0
4,26,28,4502200247842969/4503599627370496,4501993048622169/4503599627370496,1,0
4,26,29,9004989284470613/9007199254740992,18008659038212151/18014398509481984,1,0
4,26,30,36021330978380027/36028797018963968,36018114815143533/36028797018963968,1,0
4,26,31,72044255611737241/72057594037927936,72037148944193871/72057594037927936,1,0
4,26,32,144090350056140467/144115188075855872,144075353396947407/144115188075855872,1,0
4,26,33,288182811364601139/288230376151711744,144075956544695787/144115188075855872,1,0
4,27,29,18011156223511201/18014398509481984,36021330978380027/36028797018963968,1,0
4,27,30,72047372754708079/72057594037927936,72044255611737241/72057594037927936,1,0
4,27,31,144097933027785557/144115188075855872,144090350056140467/144115188075855872,1,0
4,27,32,288199543961381959/288230376151711744,288182811364601139/288230376151711744,1,0
4,27,33,576403310703509703/576460752303423488,288184017794498399/288230376151711744,1,0
4,28,30,288200482880711041/288230376151711744,144097933027785557/144115188075855872,1,0
4,28,31,576413716321201403/576460752303423488,288199543961381959/288230376151711744,1,0
4,28,32,1152842144826763561/1152921504606846976,576403310703509703/576460752303423488,1,0
4,28,33,2305701181420756137/2305843009213693952,576405723721078723/576460752303423488,1,0
4,29,31,1152852934326071449/1152921504606846976,1152842144826763561/1152921504606846976,1,0
4,29,32,2305735293671760563/2305843009213693952,2305701181420756137/2305843009213693952,1,0
4,29,33,4611504371625304371/4611686018427387904,2305710833859172717/2305843009213693952,1,0
4,30,32,4611529438133790481/4611686018427387904,4611504371625304371/4611686018427387904,1,0
4,30,33,9223126445693445777/9223372036854775808,4611523676929180511/4611686018427387904,1,0
4,31,33,18446388031228667409/18446744073709551616,9223165056793939957/9223372036854775808,1,0
5,6,8,1/256,37/16384,1,0
5,6,9,37/4096,65/16384,1,0
5,6,10,65/4096,193/32768,1,0
5,6,11,193/8192,1/128,1,0
5,6,12,1/32,1255/131072,1,0
5,6,13,1255/32768,1453/131072,1,0
5,6,14,1453/32768,12911/1048576,1,0
5,6,15,12911/262144,1739/131072,1,0
5,6,16,1739/32768,58651/4194304,1,0
5,6,17,58651/1048576,60835/4194304,1,0
5,6,18,60835/1048576,31191/2097152,1,0
5,6,19,31191/524288,63453/4194304,1,0
5,6,20,63453/1048576,256719/16777216,1,0
5,6,21,256719/4194304,258657/16777216,1,0
5,6,22,258657/4194304,4158861/268435456,1,0
5,6,23,4158861/67108864,1043007/67108864,1,0
5,6,24,1043007/16777216,16721761/1073741824,1,0
5,6,25,16721761/268435456,16743013/1073741824,1,0
5,6,26,16743013/268435456,33512591/2147483648,1,0
5,6,27,33512591/536870912,8382259/536870912,1,0
5,6,28,8382259/134217728,134156509/8589934592,1,0
5,6,29,134156509/2147483648,134181079/8589934592,1,0
5,6,30,134181079/2147483648,1073567387/68719476736,1,0
5,6,31,1073567387/17179869184,67102415/4294967296,1,0
5,6,32,67102415/1073741824,4294724471/274877906944,1,0
5,6,33,4294724471/68719476736,4294825159/274877906944,1,0
5,7,9,1369/65536,65/4096,1,0
5,7,10,2405/65536,193/8192,1,0
5,7,11,7141/131072,1/32,1,0
5,7,12,37/512,1255/32768,1,0
5,7,13,46435/524288,1453/32768,1,0
5,7,14,53761/524288,12911/262144,1,0
5,7,15,477707/4194304,1739/32768,1,0
5,7,16,64343/524288,58651/1048576,1,0
5,7,17,2170087/16777216,60835/1048576,1,0
5,7,18,2250895/16777216,31191/524288,1,0
5,7,19,1154067/8388608,63453/1048576,1,0
5,7,20,2347761/16777216,256719/4194304,1,0
5,7,21,9498603/67108864,258657/4194304,1,0
5,7,22,9570309/67108864,4158861/67108864,1,0
5,7,23,153877857/1073741824,1043007/16777216,1,0
5,7,24,38591259/268435456,16721761/268435456,1,0
5,7,25,618705157/4294967296,16743013/268435456,1,0
5,7,26,619491481/4294967296,33512591/536870912,1,0
5,7,27,1239965867/8589934592,8382259/134217728,1,0
5,7,28,310143583/2147483648,134156509/2147483648,1,0
5,7,29,4963790833/34359738368,134181079/2147483648,1,0
5,7,30,4964699923/34359738368,1073567387/17179869184,1,0
5,7,31,39721993319/274877906944,67102415/1073741824,1,0
5,7,32,2482789355/17179869184,4294724471/68719476736,1,0
5,7,33,158904805427/1099511627776,4294825159/68719476736,1,0
5,8,10,4225/65536,7141/131072,1,0
5,8,11,12545/131072,37/512,1,0
5,8,12,65/512,46435/524288,1,0
5,8,13,81575/524288,53761/524288,1,0
5,8,14,94445/524288,477707/4194304,1,0
5,8,15,839215/4194304,64343/524288,1,0
5,8,16,113035/524288,2170087/16777216,1,0
5,8,17,3812315/16777216,2250895/16777216,1,0
5,8,18,3954275/16777216,1154067/8388608,1,0
5,8,19,2027415/8388608,2347761/16777216,1,0
5,8,20,4124445/16777216,9498603/67108864,1,0
5,8,21,16686735/67108864,9570309/67108864,1,0
5,8,22,16812705/67108864,153877857/1073741824,1,0
5,8,23,270325965/1073741824,38591259/268435456,1,0
5,8,24,67795455/268435456,618705157/4294967296,1,0
5,8,25,1086914465/4294967296,619491481/4294967296,1,0
5,8,26,1088295845/4294967296,1239965867/8589934592,1,0
5,8,27,2178318415/8589934592,310143583/2147483648,1,0
5,8,28,544846835/2147483648,4963790833/34359738368,1,0
5,8,29,8720173085/34359738368,4964699923/34359738368,1,0
5,8,30,8721770135/34359738368,39721993319/274877906944,1,0
5,8,31,69781880155/274877906944,2482789355/17179869184,1,0
5,8,32,4361656975/17179869184,158904805427/1099511627776,1,0
5,8,33,279157090615/1099511627776,158908530883/1099511627776,1,0
5,9,11,37249/262144,65/512,1,0
5,9,12,193/1024,81575/524288,1,0
5,9,13,242215/1048576,94445/524288,1,0
5,9,14,280429/1048576,839215/4194304,1,0
5,9,15,2491823/8388608,113035/524288,1,0
5,9,16,335627/1048576,3812315/16777216,1,0
5,9,17,11319643/33554432,3954275/16777216,1,0
5,9,18,11741155/33554432,2027415/8388608,1,0
5,9,19,6019863/16777216,4124445/16777216,1,0
5,9,20,12246429/33554432,16686735/67108864,1,0
5,9,21,49546767/134217728,16812705/67108864,1,0
5,9,22,49920801/134217728,270325965/1073741824,1,0
5,9,23,802660173/2147483648,67795455/268435456,1,0
5,9,24,201300351/536870912,1086914465/4294967296,1,0
5,9,25,3227299873/8589934592,1088295845/4294967296,1,0
5,9,26,3231401509/8589934592,2178318415/8589934592,1,0
5,9,27,6467930063/17179869184,544846835/2147483648,1,0
5,9,28,1617775987/4294967296,8720173085/34359738368,1,0
5,9,29,25892206237/68719476736,8721770135/34359738368,1,0
5,9,30,25896948247/68719476736,69781880155/274877906944,1,0
5,9,31,207198505691/549755813888,4361656975/17179869184,1,0
5,9,32,12950766095/34359738368,279157090615/1099511627776,1,0
5,9,33,828881822903/2199023255552,279163635335/1099511627776,1,0
5,10,12,1/4,242215/1048576,1,0
5,10,13,1255/4096,280429/1048576,1,0
5,10,14,1453/4096,2491823/8388608,1,0
5,10,15,12911/32768,335627/1048576,1,0
5,10,16,1739/4096,11319643/33554432,1,0
5,10,17,58651/131072,11741155/33554432,1,0
5,10,18,60835/131072,6019863/16777216,1,0
5,10,19,31191/65536,12246429/33554432,1,0
5,10,20,63453/131072,49546767/134217728,1,0
5,10,21,256719/524288,49920801/134217728,1,0
5,10,22,258657/524288,802660173/2147483648,1,0
5,10,23,4158861/8388608,201300351/536870912,1,0
5,10,24,1043007/2097152,3227299873/8589934592,1,0
5,10,25,16721761/33554432,3231401509/8589934592,1,0
5,10,26,16743013/33554432,6467930063/17179869184,1,0
5,10,27,33512591/67108864,1617775987/4294967296,1,0
5,10,28,8382259/16777216,25892206237/68719476736,1,0
5,10,29,134156509/268435456,25896948247/68719476736,1,0
5,10,30,134181079/268435456,207198505691/549755813888,1,0
5,10,31,1073567387/2147483648,12950766095/34359738368,1,0
5,10,32,67102415/134217728,828881822903/2199023255552,1,0
5,10,33,4294724471/8589934592,828901255687/2199023255552,1,0
5,11,13,1575025/4194304,1453/4096,1,0
5,11,14,1823515/4194304,12911/32768,1,0
5,11,15,16203305/33554432,1739/4096,1,0
5,11,16,2182445/4194304,58651/131072,1,0
5,11,17,73607005/134217728,60835/131072,1,0
5,11,18,76347925/134217728,31191/65536,1,0
5,11,19,39144705/67108864,63453/131072,1,0
5,11,20,79633515/134217728,256719/524288,1,0
5,11,21,322182345/536870912,258657/524288,1,0
5,11,22,324614535/536870912,4158861/8388608,1,0
5,11,23,5219370555/8589934592,1043007/2097152,1,0
5,11,24,1308973785/2147483648,16721761/33554432,1,0
5,11,25,20985810055/34359738368,16743013/33554432,1,0
5,11,26,21012481315/34359738368,33512591/67108864,1,0
5,11,27,42058301705/68719476736,8382259/16777216,1,0
5,11,28,10519735045/17179869184,134156509/268435456,1,0
5,11,29,168366418795/274877906944,134181079/268435456,1,0
5,11,30,168397254145/274877906944,1073567387/2147483648,1,0
5,11,31,1347327070685/2199023255552,67102415/134217728,1,0
5,11,32,84213530825/137438953472,4294724471/8589934592,1,0
5,11,33,5389879211105/8796093022208,4294825159/8589934592,1,0
5,12,14,2111209/4194304,16203305/33554432,1,0
5,12,15,18759683/33554432,2182445/4194304,1,0
5,12,16,2526767/4194304,73607005/134217728,1,0
5,12,17,85219903/134217728,76347925/134217728,1,0
5,12,18,88393255/134217728,39144705/67108864,1,0
5,12,19,45320523/67108864,79633515/134217728,1,0
5,12,20,92197209/134217728,322182345/536870912,1,0
5,12,21,373012707/536870912,324614535/536870912,1,0
5,12,22,375828621/536870912,5219370555/8589934592,1,0
5,12,23,6042825033/8589934592,1308973785/2147483648,1,0
5,12,24,1515489171/2147483648,20985810055/34359738368,1,0
5,12,25,24296718733/34359738368,21012481315/34359738368,1,0
5,12,26,24327597889/34359738368,42058301705/68719476736,1,0
5,12,27,48693794723/68719476736,10519735045/17179869184,1,0
5,12,28,12179422327/17179869184,168366418795/274877906944,1,0
5,12,29,194929407577/274877906944,168397254145/274877906944,1,0
5,12,30,194965107787/274877906944,1347327070685/2199023255552,1,0
5,12,31,1559893413311/2199023255552,84213530825/137438953472,1,0
5,12,32,97499808995/137438953472,5389879211105/8796093022208,1,0
5,12,33,6240234656363/8796093022208,5390005574545/8796093022208,1,0
5,13,15,166693921/268435456,2526767/4194304,1,0
5,13,16,22452229/33554432,85219903/134217728,1,0
5,13,17,757243061/1073741824,88393255/134217728,1,0
5,13,18,785440685/1073741824,45320523/67108864,1,0
5,13,19,402707001/536870912,92197209/134217728,1,0
5,13,20,819241683/1073741824,373012707/536870912,1,0
5,13,21,3314499009/4294967296,375828621/536870912,1,0
5,13,22,3339520527/4294967296,6042825033/8589934592,1,0
5,13,23,53695054371/68719476736,1515489171/2147483648,1,0
5,13,24,13466263377/17179869184,24296718733/34359738368,1,0
5,13,25,215894656271/274877906944,24327597889/34359738368,1,0
5,13,26,216169040843/274877906944,48693794723/68719476736,1,0
5,13,27,432681062401/549755813888,12179422327/17179869184,1,0
5,13,28,108223345949/137438953472,194929407577/274877906944,1,0
5,13,29,1732094687699/2199023255552,194965107787/274877906944,1,0
5,13,30,1732411910969/2199023255552,1559893413311/2199023255552,1,0
5,13,31,13860828533557/17592186044416,97499808995/137438953472,1,0
5,13,32,866359280065/1099511627776,6240234656363/8796093022208,1,0
5,13,33,55449187645081/70368744177664,6240380956027/8796093022208,1,0
5,14,16,3024121/4194304,757243061/1073741824,1,0
5,14,17,101994089/134217728,785440685/1073741824,1,0
5,14,18,105792065/134217728,402707001/536870912,1,0
5,14,19,54241149/67108864,819241683/1073741824,1,0
5,14,20,110344767/134217728,3314499009/4294967296,1,0
5,14,21,446434341/536870912,3339520527/4294967296,1,0
5,14,22,449804523/536870912,53695054371/68719476736,1,0
5,14,23,7232259279/8589934592,13466263377/17179869184,1,0
5,14,24,1813789173/2147483648,215894656271/274877906944,1,0
5,14,25,29079142379/34359738368,216169040843/274877906944,1,0
5,14,26,29116099607/34359738368,432681062401/549755813888,1,0
5,14,27,58278395749/68719476736,108223345949/137438953472,1,0
5,14,28,14576748401/17179869184,1732094687699/2199023255552,1,0
5,14,29,233298169151/274877906944,1732411910969/2199023255552,1,0
5,14,30,233340896381/274877906944,13860828533557/17592186044416,1,0
5,14,31,1866933685993/2199023255552,866359280065/1099511627776,1,0
5,14,32,116691099685/137438953472,55449187645081/70368744177664,1,0
5,14,33,7468525855069/8796093022208,55450487627849/70368744177664,1,0
5,15,17,3439939801/4294967296,105792065/134217728,1,0
5,15,18,3568033585/4294967296,54241149/67108864,1,0
5,15,19,1829383341/2147483648,110344767/134217728,1,0
5,15,20,3721581903/4294967296,446434341/536870912,1,0
5,15,21,15056826069/17179869184,449804523/536870912,1,0
5,15,22,15170491707/17179869184,7232259279/8589934592,1,0
5,15,23,243921356511/274877906944,1813789173/2147483648,1,0
5,15,24,61173403557/68719476736,29079142379/34359738368,1,0
5,15,25,980748004411/1099511627776,29116099607/34359738368,1,0
5,15,26,981994455463/1099511627776,58278395749/68719476736,1,0
5,15,27,1965546974741/2199023255552,14576748401/17179869184,1,0
5,15,28,491627872609/549755813888,233298169151/274877906944,1,0
5,15,29,7868413409359/8796093022208,233340896381/274877906944,1,0
5,15,30,7869854464429/8796093022208,1866933685993/2199023255552,1,0
5,15,31,62965800814937/70368744177664,116691099685/137438953472,1,0
5,15,32,3935623742165/4398046511104,7468525855069/8796093022208,1,0
5,15,33,251889884948621/281474976710656,7468700951501/8796093022208,1,0
5,16,18,3700897225/4294967296,1829383341/2147483648,1,0
5,16,19,1897504485/2147483648,3721581903/4294967296,1,0
5,16,20,3860163255/4294967296,15056826069/17179869184,1,0
5,16,21,15617500365/17179869184,15170491707/17179869184,1,0
5,16,22,15735398595/17179869184,243921356511/274877906944,1,0
5,16,23,253004308935/274877906944,61173403557/68719476736,1,0
5,16,24,63451330845/68719476736,980748004411/1099511627776,1,0
5,16,25,1017268330435/1099511627776,981994455463/1099511627776,1,0
5,16,26,1018561195855/1099511627776,1965546974741/2199023255552,1,0
5,16,27,2038738473485/2199023255552,491627872609/549755813888,1,0
5,16,28,509934726265/549755813888,7868413409359/8796093022208,1,0
5,16,29,8161411225015/8796093022208,7869854464429/8796093022208,1,0
5,16,30,8162905940965/8796093022208,62965800814937/70368744177664,1,0
5,16,31,65310471988145/70368744177664,3935623742165/4398046511104,1,0
5,16,32,4082175416525/4398046511104,251889884948621/281474976710656,1,0
5,16,33,261269563193285/281474976710656,251895790400509/281474976710656,1,0
5,17,19,972878481/1073741824,3860163255/4294967296,1,0
5,17,20,1979162523/2147483648,15617500365/17179869184,1,0
5,17,21,8007322329/8589934592,15735398595/17179869184,1,0
5,17,22,8067770487/8589934592,253004308935/274877906944,1,0
5,17,23,129719033451/137438953472,63451330845/68719476736,1,0
5,17,24,32532431337/34359738368,1017268330435/1099511627776,1,0
5,17,25,521568447351/549755813888,1018561195855/1099511627776,1,0
5,17,26,522231318483/549755813888,2038738473485/2199023255552,1,0
5,17,27,1045291225881/1099511627776,509934726265/549755813888,1,0
5,17,28,261451040469/274877906944,8161411225015/8796093022208,1,0
5,17,29,4184475672219/4398046511104,8162905940965/8796093022208,1,0
5,17,30,4185242035089/4398046511104,65310471988145/70368744177664,1,0
5,17,31,33485640367917/35184372088832,4082175416525/4398046511104,1,0
5,17,32,2092991426265/2199023255552,261269563193285/281474976710656,1,0
5,17,33,133956750974961/140737488355328,261275688547765/281474976710656,1,0
5,18,20,4026283209/4294967296,8007322329/8589934592,1,0
5,18,21,16289590707/17179869184,8067770487/8589934592,1,0
5,18,22,16412562621/17179869184,129719033451/137438953472,1,0
5,18,23,263892207033/274877906944,32532431337/34359738368,1,0
5,18,24,66181923171/68719476736,521568447351/549755813888,1,0
5,18,25,1061045900733/1099511627776,522231318483/549755813888,1,0
5,18,26,1062394403889/1099511627776,1045291225881/1099511627776,1,0
5,18,27,2126474436723/2199023255552,261451040469/274877906944,1,0
5,18,28,531879480327/549755813888,4184475672219/4398046511104,1,0
5,18,29,8512632965577/8796093022208,4185242035089/4398046511104,1,0
5,18,30,8514192005787/8796093022208,33485640367917/35184372088832,1,0
5,18,31,68121071407311/70368744177664,2092991426265/2199023255552,1,0
5,18,32,4257849538995/4398046511104,133956750974961/140737488355328,1,0
5,18,33,272513151858363/281474976710656,133959891534369/140737488355328,1,0
5,19,21,65904644961/68719476736,16412562621/17179869184,1,0
5,19,22,66402166383/68719476736,263892207033/274877906944,1,0
5,19,23,1067658637059/1099511627776,66181923171/68719476736,1,0
5,19,24,267759714033/274877906944,1061045900733/1099511627776,1,0
5,19,25,4292793762159/4398046511104,1062394403889/1099511627776,1,0
5,19,26,4298249554347/4398046511104,2126474436723/2199023255552,1,0
5,19,27,8603318848929/8796093022208,531879480327/549755813888,1,0
5,19,28,2151885148221/2199023255552,8512632965577/8796093022208,1,0
5,19,29,34440524833971/35184372088832,8514192005787/8796093022208,1,0
5,19,30,34446832419801/35184372088832,68121071407311/70368744177664,1,0
5,19,31,275605146023253/281474976710656,4257849538995/4398046511104,1,0
5,19,32,17226464876385/17592186044416,272513151858363/281474976710656,1,0
5,19,33,1102537371470649/1125899906842624,272519540814027/281474976710656,1,0
5,20,22,66903443649/68719476736,1067658637059/1099511627776,1,0
5,20,23,1075718509677/1099511627776,267759714033/274877906944,1,0
5,20,24,269781061599/274877906944,4292793762159/4398046511104,1,0
5,20,25,4325200534977/4398046511104,4298249554347/4398046511104,1,0
5,20,26,4330697513541/4398046511104,8603318848929/8796093022208,1,0
5,20,27,8668266250287/8796093022208,2151885148221/2199023255552,1,0
5,20,28,2168129966163/2199023255552,34440524833971/35184372088832,1,0
5,20,29,34700520148413/35184372088832,34446832419801/35184372088832,1,0
5,20,30,34706875350903/35184372088832,275605146023253/281474976710656,1,0
5,20,31,277685719619259/281474976710656,17226464876385/17592186044416,1,0
5,20,32,17356509356655/17592186044416,1102537371470649/1125899906842624,1,0
5,20,33,1110860547495447/1125899906842624,1102563219993321/1125899906842624,1,0
5,21,23,17296124817321/17592186044416,269781061599/274877906944,1,0
5,21,24,4337721135027/4398046511104,4325200534977/4398046511104,1,0
5,21,25,69543479674221/70368744177664,4330697513541/4398046511104,1,0
5,21,26,69631863788193/70368744177664,8668266250287/8796093022208,1,0
5,21,27,139374207718851/140737488355328,2168129966163/2199023255552,1,0
5,21,28,34860650046999/35184372088832,34700520148413/35184372088832,1,0
5,21,29,557938273176249/562949953421312,34706875350903/35184372088832,1,0
5,21,30,558040456391019/562949953421312,277685719619259/281474976710656,1,0
5,21,31,4464817536666207/4503599627370496,17356509356655/17592186044416,1,0
5,21,32,279069616749315/281474976710656,1110860547495447/1125899906842624,1,0
5,21,33,17861162108187531/18014398509481984,1110886591151463/1125899906842624,1,0
5,22,24,1087863602049/1099511627776,69543479674221/70368744177664,1,0
5,22,25,17440913775327/17592186044416,69631863788193/70368744177664,1,0
5,22,26,17463079760091/17592186044416,139374207718851/140737488355328,1,0
5,22,27,34953867001137/35184372088832,34860650046999/35184372088832,1,0
5,22,28,8742754812813/8796093022208,557938273176249/562949953421312,1,0
5,22,29,139926177982563/140737488355328,558040456391019/562949953421312,1,0
5,22,30,139951804664553/140737488355328,4464817536666207/4503599627370496,1,0
5,22,31,1119738299612709/1125899906842624,279069616749315/281474976710656,1,0
5,22,32,69988288561905/70368744177664,17861162108187531/18014398509481984,1,0
5,22,33,4479427686324297/4503599627370496,17861580855583899/18014398509481984,1,0
5,23,25,279617290941121/281474976710656,17463079760091/17592186044416,1,0
5,23,26,279972661805893/281474976710656,34953867001137/35184372088832,1,0
5,23,27,560389537192751/562949953421312,8742754812813/8796093022208,1,0
5,23,28,140166131638099/140737488355328,139926177982563/140737488355328,1,0
5,23,29,2243333080092349/2251799813685248,139951804664553/140737488355328,1,0
5,23,30,2243743933760119/2251799813685248,1119738299612709/1125899906842624,1,0
5,23,31,17951937262808507/18014398509481984,69988288561905/70368744177664,1,0
5,23,32,1122070546152815/1125899906842624,4479427686324297/4503599627370496,1,0
5,23,33,71815356164913431/72057594037927936,4479532704613113/4503599627370496,1,0
5,24,26,280328484318169/281474976710656,560389537192751/562949953421312,1,0
5,24,27,561101746776683/562949953421312,140166131638099/140737488355328,1,0
5,24,28,140344271406367/140737488355328,2243333080092349/2251799813685248,1,0
5,24,29,2246184174221617/2251799813685248,2243743933760119/2251799813685248,1,0
5,24,30,2246595550051027/2251799813685248,17951937262808507/18014398509481984,1,0
5,24,31,17974752716917031/18014398509481984,1122070546152815/1125899906842624,1,0
5,24,32,1123496606676395/1125899906842624,71815356164913431/72057594037927936,1,0
5,24,33,71906627649371123/72057594037927936,71817039845584999/72057594037927936,1,0
5,25,27,1123093755533281/1125899906842624,140344271406367/140737488355328,1,0
5,25,28,280911217523069/281474976710656,2246184174221617/2251799813685248,1,0
5,25,29,4495932216104819/4503599627370496,2246595550051027/2251799813685248,1,0
5,25,30,4496755620465689/4503599627370496,17974752716917031/18014398509481984,1,0
5,25,31,35978024751469717/36028797018963968,1123496606676395/1125899906842624,1,0
5,25,32,2248775789007265/2251799813685248,71906627649371123/72057594037927936,1,0
5,25,33,143927344654314361/144115188075855872,71908313469864067/72057594037927936,1,0
5,26,28,70262265943081/70368744177664,4495932216104819/4503599627370496,1,0
5,26,29,1124534604973831/1125899906842624,4496755620465689/4503599627370496,1,0
5,26,30,1124740557077461/1125899906842624,35978024751469717/36028797018963968,1,0
5,26,31,8998919891787233/9007199254740992,2248775789007265/2251799813685248,1,0
5,26,32,562469822055485/562949953421312,143927344654314361/144115188075855872,1,0
5,26,33,35999492849559989/36028797018963968,143930718970076969/144115188075855872,1,0
5,27,29,17997968907067081/18014398509481984,1124740557077461/1125899906842624,1,0
5,27,30,18001265132493211/18014398509481984,8998919891787233/9007199254740992,1,0
5,27,31,144026052816171983/144115188075855872,562469822055485/562949953421312,1,0
5,27,32,9002225741869235/9007199254740992,35999492849559989/36028797018963968,1,0
5,27,33,576165242146231739/576460752303423488,36000336842454181/36028797018963968,1,0
5,28,30,18004561961604241/18014398509481984,144026052816171983/144115188075855872,1,0
5,28,31,144052430366870573/144115188075855872,9002225741869235/9007199254740992,1,0
5,28,32,9003874448205785/9007199254740992,576165242146231739/576460752303423488,1,0
5,28,33,576270763526484209/576460752303423488,576178750096809931/576460752303423488,1,0
5,29,31,1152546934430007769/1152921504606846976,9003874448205785/9007199254740992,1,0
5,29,32,72038964332939605/72057594037927936,576270763526484209/576460752303423488,1,0
5,29,33,4610676128216427277/4611686018427387904,576284273950966561/576460752303423488,1,0
5,30,32,4502734098832225/4503599627370496,4610676128216427277/4611686018427387904,1,0
5,30,33,288186383763697465/288230376151711744,4610784223569489533/4611686018427387904,1,0
5,31,33,18444658281806229841/18446744073709551616,288193140171658985/288230376151711744,1,0
6,7,9,81/65536,23/32768,1,0
6,7,10,207/65536,11/8192,1,0
6,7,11,99/16384,281/131072,1,0
6,7,12,2529/262144,793/262144,1,0
6,7,13,7137/524288,1/256,1,0
6,7,14,9/512,2477/524288,1,0
6,7,15,22293/1048576,22819/4194304,1,0
6,7,16,205371/8388608,50643/8388608,1,0
6,7,17,455787/16777216,54647/8388608,1,0
6,7,18,491823/16777216,57741/8388608,1,0
6,7,19,519669/16777216,120123/16777216,1,0
6,7,20,1081107/33554432,247029/33554432,1,0
6,7,21,2223261/67108864,125937/16777216,1,0
6,7,22,1133433/33554432,510531/67108864,1,0
6,7,23,4594779/134217728,8243109/1073741824,1,0
6,7,24,74187981/2147483648,16587165/2147483648,1,0
6,7,25,149284485/4294967296,16654463/2147483648,1,0
6,7,26,149890167/4294967296,8349369/1073741824,1,0
6,7,27,75144321/2147483648,66910067/8589934592,1,0
6,7,28,602190603/17179869184,133968139/17179869184,1,0
6,7,29,1205713251/34359738368,33515581/4294967296,1,0
6,7,30,301640229/8589934592,268243403/34359738368,1,0
6,7,31,2414190627/68719476736,2146540999/274877906944,1,0
6,7,32,19318868991/549755813888,4293818279/549755813888,1,0
6,7,33,38644364511/1099511627776,4294271375/549755813888,1,0
6,8,10,529/65536,99/16384,1,0
6,8,11,253/16384,2529/262144,1,0
6,8,12,6463/262144,7137/524288,1,0
6,8,13,18239/524288,9/512,1,0
6,8,14,23/512,22293/1048576,1,0
6,8,15,56971/1048576,205371/8388608,1,0
6,8,16,524837/8388608,455787/16777216,1,0
6,8,17,1164789/16777216,491823/16777216,1,0
6,8,18,1256881/16777216,519669/16777216,1,0
6,8,19,1328043/16777216,1081107/33554432,1,0
6,8,20,2762829/33554432,2223261/67108864,1,0
6,8,21,5681667/67108864,1133433/33554432,1,0
6,8,22,2896551/33554432,4594779/134217728,1,0
6,8,23,11742213/134217728,74187981/2147483648,1,0
6,8,24,189591507/2147483648,149284485/4294967296,1,0
6,8,25,381504795/4294967296,149890167/4294967296,1,0
6,8,26,383052649/4294967296,75144321/2147483648,1,0
6,8,27,192035487/2147483648,602190603/17179869184,1,0
6,8,28,1538931541/17179869184,1205713251/34359738368,1,0
6,8,29,3081267197/34359738368,301640229/8589934592,1,0
6,8,30,770858363/8589934592,2414190627/68719476736,1,0
6,8,31,6169598269/68719476736,19318868991/549755813888,1,0
6,8,32,49370442977/549755813888,38644364511/1099511627776,1,0
6,8,33,98757820417/1099511627776,38648442375/1099511627776,1,0
6,9,11,121/4096,6463/262144,1,0
6,9,12,3091/65536,18239/524288,1,0
6,9,13,8723/131072,23/512,1,0
6,9,14,11/128,56971/1048576,1,0
6,9,15,27247/262144,524837/8388608,1,0
6,9,16,251009/2097152,1164789/16777216,1,0
6,9,17,557073/4194304,1256881/16777216,1,0
6,9,18,601117/4194304,1328043/16777216,1,0
6,9,19,635151/4194304,2762829/33554432,1,0
6,9,20,1321353/8388608,5681667/67108864,1,0
6,9,21,2717319/16777216,2896551/33554432,1,0
6,9,22,1385307/8388608,11742213/134217728,1,0
6,9,23,5615841/33554432,189591507/2147483648,1,0
6,9,24,90674199/536870912,381504795/4294967296,1,0
6,9,25,182458815/1073741824,383052649/4294967296,1,0
6,9,26,183199093/1073741824,192035487/2147483648,1,0
6,9,27,91843059/536870912,1538931541/17179869184,1,0
6,9,28,736010737/4294967296,3081267197/34359738368,1,0
6,9,29,1473649529/8589934592,770858363/8589934592,1,0
6,9,30,368671391/2147483648,6169598269/68719476736,1,0
6,9,31,2950677433/17179869184,49370442977/549755813888,1,0
6,9,32,23611950989/137438953472,98757820417/1099511627776,1,0
6,9,33,47232001069/274877906944,98768241625/1099511627776,1,0
6,10,12,78961/1048576,8723/131072,1,0
6,10,13,222833/2097152,11/128,1,0
6,10,14,281/2048,27247/262144,1,0
6,10,15,696037/4194304,251009/2097152,1,0
6,10,16,6412139/33554432,557073/4194304,1,0
6,10,17,14230683/67108864,601117/4194304,1,0
6,10,18,15355807/67108864,635151/4194304,1,0
6,10,19,16225221/67108864,1321353/8388608,1,0
6,10,20,33754563/134217728,2717319/16777216,1,0
6,10,21,69415149/268435456,1385307/8388608,1,0
6,10,22,35388297/134217728,5615841/33554432,1,0
6,10,23,143459211/536870912,90674199/536870912,1,0
6,10,24,2316313629/8589934592,182458815/1073741824,1,0
6,10,25,4660993365/17179869184,183199093/1073741824,1,0
6,10,26,4679904103/17179869184,91843059/536870912,1,0
6,10,27,2346172689/8589934592,736010737/4294967296,1,0
6,10,28,18801728827/68719476736,1473649529/8589934592,1,0
6,10,29,37645047059/137438953472,368671391/2147483648,1,0
6,10,30,9417878261/34359738368,2950677433/17179869184,1,0
6,10,31,75376396243/274877906944,23611950989/137438953472,1,0
6,10,32,603178020719/2199023255552,47232001069/274877906944,1,0
6,10,33,1206562936399/4398046511104,47236985125/274877906944,1,0
6,11,13,628849/4194304,281/2048,1,0
6,11,14,793/4096,696037/4194304,1,0
6,11,15,1964261/8388608,6412139/33554432,1,0
6,11,16,18095467/67108864,14230683/67108864,1,0
6,11,17,40159899/134217728,15355807/67108864,1,0
6,11,18,43335071/134217728,16225221/67108864,1,0
6,11,19,45788613/134217728,33754563/134217728,1,0
6,11,20,95257539/268435456,69415149/268435456,1,0
6,11,21,195893997/536870912,35388297/134217728,1,0
6,11,22,99868041/268435456,143459211/536870912,1,0
6,11,23,404851083/1073741824,2316313629/8589934592,1,0
6,11,24,6536785437/17179869184,4660993365/17179869184,1,0
6,11,25,13153621845/34359738368,4679904103/17179869184,1,0
6,11,26,13206989159/34359738368,2346172689/8589934592,1,0
6,11,27,6621049617/17179869184,18801728827/68719476736,1,0
6,11,28,53059683131/137438953472,37645047059/137438953472,1,0
6,11,29,106236734227/274877906944,9417878261/34359738368,1,0
6,11,30,26577855733/68719476736,75376396243/274877906944,1,0
6,11,31,212717018579/549755813888,603178020719/2199023255552,1,0
6,11,32,1702207012207/4398046511104,1206562936399/4398046511104,1,0
6,11,33,3404997895247/8796093022208,1206690256375/4398046511104,1,0
6,12,14,1/4,1964261/8388608,1,0
6,12,15,2477/8192,18095467/67108864,1,0
6,12,16,22819/65536,40159899/134217728,1,0
6,12,17,50643/131072,43335071/134217728,1,0
6,12,18,54647/131072,45788613/134217728,1,0
6,12,19,57741/131072,95257539/268435456,1,0
6,12,20,120123/262144,195893997/536870912,1,0
6,12,21,247029/524288,99868041/268435456,1,0
6,12,22,125937/262144,404851083/1073741824,1,0
6,12,23,510531/1048576,6536785437/17179869184,1,0
6,12,24,8243109/16777216,13153621845/34359738368,1,0
6,12,25,16587165/33554432,13206989159/34359738368,1,0
6,12,26,16654463/33554432,6621049617/17179869184,1,0
6,12,27,8349369/16777216,53059683131/137438953472,1,0
6,12,28,66910067/134217728,106236734227/274877906944,1,0
6,12,29,133968139/268435456,26577855733/68719476736,1,0
6,12,30,33515581/67108864,212717018579/549755813888,1,0
6,12,31,268243403/536870912,1702207012207/4398046511104,1,0
6,12,32,2146540999/4294967296,3404997895247/8796093022208,1,0
6,12,33,4293818279/8589934592,3405357200375/8796093022208,1,0
6,13,15,6135529/16777216,22819/65536,1,0
6,13,16,56522663/134217728,50643/131072,1,0
6,13,17,125442711/268435456,54647/131072,1,0
6,13,18,135360619/268435456,57741/131072,1,0
6,13,19,143024457/268435456,120123/262144,1,0
6,13,20,297544671/536870912,247029/524288,1,0
6,13,21,611890833/1073741824,125937/262144,1,0
6,13,22,311945949/536870912,510531/1048576,1,0
6,13,23,1264585287/2147483648,8243109/16777216,1,0
6,13,24,20418180993/34359738368,16587165/33554432,1,0
6,13,25,41086407705/68719476736,16654463/33554432,1,0
6,13,26,41253104851/68719476736,8349369/16777216,1,0
6,13,27,20681387013/34359738368,66910067/134217728,1,0
6,13,28,165736235959/274877906944,133968139/268435456,1,0
6,13,29,331839080303/549755813888,33515581/67108864,1,0
6,13,30,83018094137/137438953472,268243403/536870912,1,0
6,13,31,664438909231/1099511627776,2146540999/4294967296,1,0
6,13,32,5316982054523/8796093022208,4293818279/8589934592,1,0
6,13,33,10635787877083/17592186044416,4294271375/8589934592,1,0
6,14,16,520706761/1073741824,125442711/268435456,1,0
6,14,17,1155622617/2147483648,135360619/268435456,1,0
6,14,18,1246989893/2147483648,143024457/268435456,1,0
6,14,19,1317591879/2147483648,297544671/536870912,1,0
6,14,20,2741086737/4294967296,611890833/1073741824,1,0
6,14,21,5636954751/8589934592,311945949/536870912,1,0
6,14,22,2873756403/4294967296,1264585287/2147483648,1,0
6,14,23,11649806889/17179869184,20418180993/34359738368,1,0
6,14,24,188099504271/274877906944,41086407705/68719476736,1,0
6,14,25,378502518135/549755813888,41253104851/68719476736,1,0
6,14,26,380038191197/549755813888,20681387013/34359738368,1,0
6,14,27,190524251211/274877906944,165736235959/274877906944,1,0
6,14,28,1526820818873/2199023255552,331839080303/549755813888,1,0
6,14,29,3057018963841/4398046511104,83018094137/137438953472,1,0
6,14,30,764792042839/1099511627776,664438909231/1099511627776,1,0
6,14,31,6121046213057/8796093022208,5316982054523/8796093022208,1,0
6,14,32,48981919056181/70368744177664,10635787877083/17592186044416,1,0
6,14,33,97980639308501/140737488355328,10636910195875/17592186044416,1,0
6,15,17,2564713449/4294967296,1246989893/2147483648,1,0
6,15,18,2767488021/4294967296,1317591879/2147483648,1,0
6,15,19,2924177463/4294967296,2741086737/4294967296,1,0
6,15,20,6083389089/8589934592,5636954751/8589934592,1,0
6,15,21,12510289647/17179869184,2873756403/4294967296,1,0
6,15,22,6377827491/8589934592,11649806889/17179869184,1,0
6,15,23,25854821433/34359738368,188099504271/274877906944,1,0
6,15,24,417455769087/549755813888,378502518135/549755813888,1,0
6,15,25,840023797095/1099511627776,380038191197/549755813888,1,0
6,15,26,843431969709/1099511627776,190524251211/274877906944,1,0
6,15,27,422837094267/549755813888,1526820818873/2199023255552,1,0
6,15,28,3388526523081/4398046511104,3057018963841/4398046511104,1,0
6,15,29,6784548463377/8796093022208,764792042839/1099511627776,1,0
6,15,30,1697329568583/2199023255552,6121046213057/8796093022208,1,0
6,15,31,13584650658129/17592186044416,48981919056181/70368744177664,1,0
6,15,32,108707275812357/140737488355328,97980639308501/140737488355328,1,0
6,15,33,217451839103397/281474976710656,97990978506125/140737488355328,1,0
6,16,18,2986294609/4294967296,2924177463/4294967296,1,0
6,16,19,3155372427/4294967296,6083389089/8589934592,1,0
6,16,20,6564361581/8589934592,12510289647/17179869184,1,0
6,16,21,13499393763/17179869184,6377827491/8589934592,1,0
6,16,22,6882079239/8589934592,25854821433/34359738368,1,0
6,16,23,27898987557/34359738368,417455769087/549755813888,1,0
6,16,24,450461177523/549755813888,840023797095/1099511627776,1,0
6,16,25,906438805755/1099511627776,843431969709/1099511627776,1,0
6,16,26,910116439561/1099511627776,422837094267/549755813888,1,0
6,16,27,456267967743/549755813888,3388526523081/4398046511104,1,0
6,16,28,3656434431349/4398046511104,6784548463377/8796093022208,1,0
6,16,29,7320956891933/8796093022208,1697329568583/2199023255552,1,0
6,16,30,1831525954907/2199023255552,13584650658129/17592186044416,1,0
6,16,31,14658697243741/17592186044416,108707275812357/140737488355328,1,0
6,16,32,117302025972353/140737488355328,217451839103397/281474976710656,1,0
6,16,33,234644287492513/281474976710656,217474785244125/281474976710656,1,0
6,17,19,3334023081/4294967296,6564361581/8589934592,1,0
6,17,20,6936022143/8589934592,13499393763/17179869184,1,0
6,17,21,14263701489/17179869184,6882079239/8589934592,1,0
6,17,22,7271728317/8589934592,27898987557/34359738368,1,0
6,17,23,29478570471/34359738368,450461177523/549755813888,1,0
6,17,24,475965356769/549755813888,906438805755/1099511627776,1,0
6,17,25,957759494265/1099511627776,910116439561/1099511627776,1,0
6,17,26,961645348083/1099511627776,456267967743/549755813888,1,0
6,17,27,482100915429/549755813888,3656434431349/4398046511104,1,0
6,17,28,3863454178647/4398046511104,7320956891933/8796093022208,1,0
6,17,29,7735454313999/8796093022208,1831525954907/2199023255552,1,0
6,17,30,1935223162521/2199023255552,14658697243741/17592186044416,1,0
6,17,31,15488642332623/17592186044416,117302025972353/140737488355328,1,0
6,17,32,123943423823259/140737488355328,234644287492513/281474976710656,1,0
6,17,33,247929361247739/281474976710656,234669047829625/281474976710656,1,0
6,18,20,14429535129/17179869184,14263701489/17179869184,1,0
6,18,21,29673864567/34359738368,7271728317/8589934592,1,0
6,18,22,15127930251/17179869184,29478570471/34359738368,1,0
6,18,23,61326515313/68719476736,475965356769/549755813888,1,0
6,18,24,990186982407/1099511627776,957759494265/1099511627776,1,0
6,18,25,1992500021295/2199023255552,961645348083/1099511627776,1,0
6,18,26,2000584058949/2199023255552,482100915429/549755813888,1,0
6,18,27,1002951252387/1099511627776,3863454178647/4398046511104,1,0
6,18,28,8037437978241/8796093022208,7735454313999/8796093022208,1,0
6,18,29,16092654761097/17592186044416,1935223162521/2199023255552,1,0
6,18,30,4025992136463/4398046511104,15488642332623/17592186044416,1,0
6,18,31,32222202298569/35184372088832,123943423823259/140737488355328,1,0
6,18,32,257848944422877/281474976710656,247929361247739/281474976710656,1,0
6,18,33,515786333128317/562949953421312,247955523463875/281474976710656,1,0
6,19,21,61023326841/68719476736,15127930251/17179869184,1,0
6,19,22,31110091173/34359738368,61326515313/68719476736,1,0
6,19,23,126115962399/137438953472,990186982407/1099511627776,1,0
6,19,24,2036286973161/2199023255552,1992500021295/2199023255552,1,0
6,19,25,4097510782785/4398046511104,2000584058949/2199023255552,1,0
6,19,26,4114135340427/4398046511104,1002951252387/1099511627776,1,0
6,19,27,2062536274701/2199023255552,8037437978241/8796093022208,1,0
6,19,28,16528726940943/17592186044416,16092654761097/17592186044416,1,0
6,19,29,33094015409031/35184372088832,4025992136463/4398046511104,1,0
6,19,30,8279320458849/8796093022208,32222202298569/35184372088832,1,0
6,19,31,66263899599687/70368744177664,257848944422877/281474976710656,1,0
6,19,32,530257876441971/562949953421312,515786333128317/562949953421312,1,0
6,19,33,1060697635643091/1125899906842624,515840760379125/562949953421312,1,0
6,20,22,15860127969/17179869184,126115962399/137438953472,1,0
6,20,23,64294742547/68719476736,2036286973161/2199023255552,1,0
6,20,24,1038112418133/1099511627776,4097510782785/4398046511104,1,0
6,20,25,2088937798605/2199023255552,4114135340427/4398046511104,1,0
6,20,26,2097413106831/2199023255552,2062536274701/2199023255552,1,0
6,20,27,1051494483753/1099511627776,16528726940943/17592186044416,1,0
6,20,28,8426453107779/8796093022208,33094015409031/35184372088832,1,0
6,20,29,16871545521243/17592186044416,8279320458849/8796093022208,1,0
6,20,30,4220851724397/4398046511104,66263899599687/70368744177664,1,0
6,20,31,33781769443611/35184372088832,530257876441971/562949953421312,1,0
6,20,32,270328933791063/281474976710656,1060697635643091/1125899906842624,1,0
6,20,33,540750592602423/562949953421312,1060809563494875/1125899906842624,1,0
6,21,23,260641901961/274877906944,1038112418133/1099511627776,1,0
6,21,24,4208362680879/4398046511104,2088937798605/2199023255552,1,0
6,21,25,8468261934615/8796093022208,2097413106831/2199023255552,1,0
6,21,26,8502619649853/8796093022208,1051494483753/1099511627776,1,0
6,21,27,4262611704939/4398046511104,8426453107779/8796093022208,1,0
6,21,28,34159663415577/35184372088832,16871545521243/17592186044416,1,0
6,21,29,68394887971809/70368744177664,4220851724397/4398046511104,1,0
6,21,30,17110743083511/17592186044416,33781769443611/35184372088832,1,0
6,21,31,136946572776993/140737488355328,270328933791063/281474976710656,1,0
6,21,32,1095875722760469/1125899906842624,540750592602423/562949953421312,1,0
6,21,33,2192127339796149/2251799813685248,540807654153375/562949953421312,1,0
6,22,24,67948845985881/70368744177664,8468261934615/8796093022208,1,0
6,22,25,136729809095985/140737488355328,8502619649853/8796093022208,1,0
6,22,26,137284553845467/140737488355328,4262611704939/4398046511104,1,0
6,22,27,68824758748221/70368744177664,34159663415577/35184372088832,1,0
6,22,28,551546975478303/562949953421312,68394887971809/70368744177664,1,0
6,22,29,1104313972304151/1125899906842624,17110743083511/17592186044416,1,0
6,22,30,276272587381329/281474976710656,136946572776993/140737488355328,1,0
6,22,31,2211159609459927/2251799813685248,1095875722760469/1125899906842624,1,0
6,22,32,17694171427725891/18014398509481984,2192127339796149/2251799813685248,1,0
6,22,33,35394412099989411/36028797018963968,2192358659350125/2251799813685248,1,0
6,23,25,275134042737225/281474976710656,137284553845467/140737488355328,1,0
6,23,26,276250325767395/281474976710656,68824758748221/70368744177664,1,0
6,23,27,138492361248885/140737488355328,551546975478303/562949953421312,1,0
6,23,28,1109848321490055/1125899906842624,1104313972304151/1125899906842624,1,0
6,23,29,2222151626335935/2251799813685248,276272587381329/281474976710656,1,0
6,23,30,555928472117865/562949953421312,2211159609459927/2251799813685248,1,0
6,23,31,4449397585722495/4503599627370496,17694171427725891/18014398509481984,1,0
6,23,32,35605029729677835/36028797018963968,35394412099989411/36028797018963968,1,0
6,23,33,71222272273789035/72057594037927936,35398147019704875/36028797018963968,1,0
6,24,26,277371137818369/281474976710656,138492361248885/140737488355328,1,0
6,24,27,139054257083847/140737488355328,1109848321490055/1125899906842624,1,0
6,24,28,1114351235179021/1125899906842624,2222151626335935/2251799813685248,1,0
6,24,29,2231167414154357/2251799813685248,555928472117865/562949953421312,1,0
6,24,30,558184003688003/562949953421312,4449397585722495/4503599627370496,1,0
6,24,31,4467449830257589/4503599627370496,35605029729677835/36028797018963968,1,0
6,24,32,35749487645828537/36028797018963968,71222272273789035/72057594037927936,1,0
6,24,33,71511237656329177/72057594037927936,71229787851901875/72057594037927936,1,0
6,25,27,69711962698161/70368744177664,1114351235179021/1125899906842624,1,0
6,25,28,558656839197723/562949953421312,2231167414154357/2251799813685248,1,0
6,25,29,1118549426754291/1125899906842624,558184003688003/562949953421312,1,0
6,25,30,279833953018389/281474976710656,4467449830257589/4503599627370496,1,0
6,25,31,2239663153462707/2251799813685248,35749487645828537/36028797018963968,1,0
6,25,32,17922262874279631/18014398509481984,71511237656329177/72057594037927936,1,0
6,25,33,35850673230315951/36028797018963968,71518783726896625/72057594037927936,1,0
6,26,28,4476957065944489/4503599627370496,1118549426754291/1125899906842624,1,0
6,26,29,8963817156355313/9007199254740992,279833953018389/281474976710656,1,0
6,26,30,2242529770253927/2251799813685248,2239663153462707/2251799813685248,1,0
6,26,31,17948184067038001/18014398509481984,17922262874279631/18014398509481984,1,0
6,26,32,143625202061336933/144115188075855872,35850673230315951/36028797018963968,1,0
6,26,33,287299668733714693/288230376151711744,35854456296012375/36028797018963968,1,0
6,27,29,17947462267123321/18014398509481984,2242529770253927/2251799813685248,1,0
6,27,30,4490020014073759/4503599627370496,17948184067038001/18014398509481984,1,0
6,27,31,35936069498937017/36028797018963968,143625202061336933/144115188075855872,1,0
6,27,32,287568102923230861/288230376151711744,287299668733714693/288230376151711744,1,0
6,27,33,575234844041812781/576460752303423488,287329985417432125/288230376151711744,1,0
6,28,30,1123294169767561/1125899906842624,35936069498937017/36028797018963968,1,0
6,28,31,8990333500962143/9007199254740992,287568102923230861/288230376151711744,1,0
6,28,32,71942568721805419/72057594037927936,575234844041812781/576460752303423488,1,0
6,28,33,143909814329105099/144115188075855872,575295544469721125/576460752303423488,1,0
6,29,31,71954523253020409/72057594037927936,71942568721805419/72057594037927936,1,0
6,29,32,575795462250779597/576460752303423488,143909814329105099/144115188075855872,1,0
6,29,33,1151788427022563437/1152921504606846976,143925000104793875/144115188075855872,1,0
6,30,32,4607638260387918001/4611686018427387904,1151788427022563437/1152921504606846976,1,0
6,30,33,9216856978129120721/9223372036854775808,1151909967035489125/1152921504606846976,1,0
6,31,33,18436875413074521841/18446744073709551616,9217829567269603625/9223372036854775808,1,0
7,8,10,25/65536,7/32768,1,0
7,8,11,35/32768,29/65536,1,0
7,8,12,145/65536,397/524288,1,0
7,8,13,1985/524288,595/524288,1,0
7,8,14,2975/524288,1619/1048576,1,0
7,8,15,8095/1048576,1/512,1,0
7,8,16,5/512,39203/16777216,1,0
7,8,17,196015/16777216,44923/16777216,1,0
7,8,18,224615/16777216,49785/16777216,1,0
7,8,19,248925/16777216,53763/16777216,1,0
7,8,20,268815/16777216,227649/67108864,1,0
7,8,21,1138245/67108864,237339/67108864,1,0
7,8,22,1186695/67108864,489213/134217728,1,0
7,8,23,2446065/134217728,15621/4194304,1,0
7,8,24,78105/4194304,16241061/4294967296,1,0
7,8,25,81205305/4294967296,16414113/4294967296,1,0
7,8,26,82070565/4294967296,1033393/268435456,1,0
7,8,27,5166965/268435456,16616513/4294967296,1,0
7,8,28,83082565/4294967296,133376119/34359738368,1,0
7,8,29,666880595/34359738368,133672129/34359738368,1,0
7,8,30,668360645/34359738368,267734453/68719476736,1,0
7,8,31,1338672265/68719476736,4187327/1073741824,1,0
7,8,32,20936635/1073741824,4290452423/1099511627776,1,0
7,8,33,21452262115/1099511627776,4292135351/1099511627776,1,0
7,9,11,49/16384,145/65536,1,0
7,9,12,203/32768,1985/524288,1,0
7,9,13,2779/262144,2975/524288,1,0
7,9,14,4165/262144,8095/1048576,1,0
7,9,15,11333/524288,5/512,1,0
7,9,16,7/256,196015/16777216,1,0
7,9,17,274421/8388608,224615/16777216,1,0
7,9,18,314461/8388608,248925/16777216,1,0
7,9,19,348495/8388608,268815/16777216,1,0
7,9,20,376341/8388608,1138245/67108864,1,0
7,9,21,1593543/33554432,1186695/67108864,1,0
7,9,22,1661373/33554432,2446065/134217728,1,0
7,9,23,3424491/67108864,78105/4194304,1,0
7,9,24,109347/2097152,81205305/4294967296,1,0
7,9,25,113687427/2147483648,82070565/4294967296,1,0
7,9,26,114898791/2147483648,5166965/268435456,1,0
7,9,27,7233751/134217728,83082565/4294967296,1,0
7,9,28,116315591/2147483648,666880595/34359738368,1,0
7,9,29,933632833/17179869184,668360645/34359738368,1,0
7,9,30,935704903/17179869184,1338672265/68719476736,1,0
7,9,31,1874141171/34359738368,20936635/1073741824,1,0
7,9,32,29311289/536870912,21452262115/1099511627776,1,0
7,9,33,30033166961/549755813888,21460676755/1099511627776,1,0
7,10,12,841/65536,2779/262144,1,0
7,10,13,11513/524288,4165/262144,1,0
7,10,14,17255/524288,11333/524288,1,0
7,10,15,46951/1048576,7/256,1,0
7,10,16,29/512,274421/8388608,1,0
7,10,17,1136887/16777216,314461/8388608,1,0
7,10,18,1302767/16777216,348495/8388608,1,0
7,10,19,1443765/16777216,376341/8388608,1,0
7,10,20,1559127/16777216,1593543/33554432,1,0
7,10,21,6601821/67108864,1661373/33554432,1,0
7,10,22,6882831/67108864,3424491/67108864,1,0
7,10,23,14187177/134217728,109347/2097152,1,0
7,10,24,453009/4194304,113687427/2147483648,1,0
7,10,25,470990769/4294967296,114898791/2147483648,1,0
7,10,26,476009277/4294967296,7233751/134217728,1,0
7,10,27,29968397/268435456,116315591/2147483648,1,0
7,10,28,481878877/4294967296,933632833/17179869184,1,0
7,10,29,3867907451/34359738368,935704903/17179869184,1,0
7,10,30,3876491741/34359738368,1874141171/34359738368,1,0
7,10,31,7764299137/68719476736,29311289/536870912,1,0
7,10,32,121432483/1073741824,30033166961/549755813888,1,0
7,10,33,124423120267/1099511627776,30044947457/549755813888,1,0
7,11,13,157609/4194304,17255/524288,1,0
7,11,14,236215/4194304,46951/1048576,1,0
7,11,15,642743/8388608,29/512,1,0
7,11,16,397/4096,1136887/16777216,1,0
7,11,17,15563591/134217728,1302767/16777216,1,0
7,11,18,17834431/134217728,1443765/16777216,1,0
7,11,19,19764645/134217728,1559127/16777216,1,0
7,11,20,21343911/134217728,6601821/67108864,1,0
7,11,21,90376653/536870912,6882831/67108864,1,0
7,11,22,94223583/536870912,14187177/134217728,1,0
7,11,23,194217561/1073741824,453009/4194304,1,0
7,11,24,6201537/33554432,470990769/4294967296,1,0
7,11,25,6447701217/34359738368,476009277/4294967296,1,0
7,11,26,6516402861/34359738368,29968397/268435456,1,0
7,11,27,410257021/2147483648,481878877/4294967296,1,0
7,11,28,6596755661/34359738368,3867907451/34359738368,1,0
7,11,29,52950319243/274877906944,3876491741/34359738368,1,0
7,11,30,53067835213/274877906944,7764299137/68719476736,1,0
7,11,31,106290577841/549755813888,121432483/1073741824,1,0
7,11,32,1662368819/8589934592,124423120267/1099511627776,1,0
7,11,33,1703309611931/8796093022208,124471925179/1099511627776,1,0
7,12,14,354025/4194304,642743/8388608,1,0
7,12,15,963305/8388608,397/4096,1,0
7,12,16,595/4096,15563591/134217728,1,0
7,12,17,23325785/134217728,17834431/134217728,1,0
7,12,18,26729185/134217728,19764645/134217728,1,0
7,12,19,29622075/134217728,21343911/134217728,1,0
7,12,20,31988985/134217728,90376653/536870912,1,0
7,12,21,135451155/536870912,94223583/536870912,1,0
7,12,22,141216705/536870912,194217561/1073741824,1,0
7,12,23,291081735/1073741824,6201537/33554432,1,0
7,12,24,9294495/33554432,6447701217/34359738368,1,0
7,12,25,9663431295/34359738368,6516402861/34359738368,1,0
7,12,26,9766397235/34359738368,410257021/2147483648,1,0
7,12,27,614868835/2147483648,6596755661/34359738368,1,0
7,12,28,9886825235/34359738368,52950319243/274877906944,1,0
7,12,29,79358790805/274877906944,53067835213/274877906944,1,0
7,12,30,79534916755/274877906944,106290577841/549755813888,1,0
7,12,31,159301999535/549755813888,1662368819/8589934592,1,0
7,12,32,2491459565/8589934592,1703309611931/8796093022208,1,0
7,12,33,2552819191685/8796093022208,1703977734347/8796093022208,1,0
7,13,15,2621161/16777216,595/4096,1,0
7,13,16,1619/8192,23325785/134217728,1,0
7,13,17,63469657/268435456,26729185/134217728,1,0
7,13,18,72730337/268435456,29622075/134217728,1,0
7,13,19,80601915/268435456,31988985/134217728,1,0
7,13,20,87042297/268435456,135451155/536870912,1,0
7,13,21,368563731/1073741824,141216705/536870912,1,0
7,13,22,384251841/1073741824,291081735/1073741824,1,0
7,13,23,792035847/2147483648,9294495/33554432,1,0
7,13,24,25290399/67108864,9663431295/34359738368,1,0
7,13,25,26294277759/68719476736,9766397235/34359738368,1,0
7,13,26,26574448947/68719476736,614868835/2147483648,1,0
7,13,27,1673063267/4294967296,9886825235/34359738368,1,0
7,13,28,26902134547/68719476736,79358790805/274877906944,1,0
7,13,29,215935936661/549755813888,79534916755/274877906944,1,0
7,13,30,216415176851/549755813888,159301999535/549755813888,1,0
7,13,31,433462079407/1099511627776,2491459565/8589934592,1,0
7,13,32,6779282413/17179869184,2552819191685/8796093022208,1,0
7,13,33,6946242472837/17592186044416,2553820533845/8796093022208,1,0
7,14,16,1/4,63469657/268435456,1,0
7,14,17,39203/131072,72730337/268435456,1,0
7,14,18,44923/131072,80601915/268435456,1,0
7,14,19,49785/131072,87042297/268435456,1,0
7,14,20,53763/131072,368563731/1073741824,1,0
7,14,21,227649/524288,384251841/1073741824,1,0
7,14,22,237339/524288,792035847/2147483648,1,0
7,14,23,489213/1048576,25290399/67108864,1,0
7,14,24,15621/32768,26294277759/68719476736,1,0
7,14,25,16241061/33554432,26574448947/68719476736,1,0
7,14,26,16414113/33554432,1673063267/4294967296,1,0
7,14,27,1033393/2097152,26902134547/68719476736,1,0
7,14,28,16616513/33554432,215935936661/549755813888,1,0
7,14,29,133376119/268435456,216415176851/549755813888,1,0
7,14,30,133672129/268435456,433462079407/1099511627776,1,0
7,14,31,267734453/536870912,6779282413/17179869184,1,0
7,14,32,4187327/8388608,6946242472837/17592186044416,1,0
7,14,33,4290452423/8589934592,6948967133269/17592186044416,1,0
7,15,17,1536875209/4294967296,44923/131072,1,0
7,15,18,1761116369/4294967296,49785/131072,1,0
7,15,19,1951721355/4294967296,53763/131072,1,0
7,15,20,2107670889/4294967296,227649/524288,1,0
7,15,21,8924523747/17179869184,237339/524288,1,0
7,15,22,9304400817/17179869184,489213/1048576,1,0
7,15,23,19178617239/34359738368,15621/32768,1,0
7,15,24,612390063/1073741824,16241061/33554432,1,0
7,15,25,636698314383/1099511627776,16414113/33554432,1,0
7,15,26,643482471939/1099511627776,1033393/2097152,1,0
7,15,27,40512105779/68719476736,16616513/33554432,1,0
7,15,28,651417159139/1099511627776,133376119/268435456,1,0
7,15,29,5228743993157/8796093022208,133672129/268435456,1,0
7,15,30,5240348473187/8796093022208,267734453/536870912,1,0
7,15,31,10495993760959/17592186044416,4187327/8388608,1,0
7,15,32,164155780381/274877906944,4290452423/8589934592,1,0
7,15,33,168198606338869/281474976710656,4292135351/8589934592,1,0
7,16,18,2018075929/4294967296,1951721355/4294967296,1,0
7,16,19,2236491555/4294967296,2107670889/4294967296,1,0
7,16,20,2415195249/4294967296,8924523747/17179869184,1,0
7,16,21,10226676027/17179869184,9304400817/17179869184,1,0
7,16,22,10661979897/17179869184,19178617239/34359738368,1,0
7,16,23,21976915599/34359738368,612390063/1073741824,1,0
7,16,24,701742183/1073741824,636698314383/1099511627776,1,0
7,16,25,729597183303/1099511627776,643482471939/1099511627776,1,0
7,16,26,737371198299/1099511627776,40512105779/68719476736,1,0
7,16,27,46423113739/68719476736,651417159139/1099511627776,1,0
7,16,28,746463613499/1099511627776,5228743993157/8796093022208,1,0
7,16,29,5991655393837/8796093022208,5240348473187/8796093022208,1,0
7,16,30,6004953051067/8796093022208,10495993760959/17592186044416,1,0
7,16,31,12027434832119/17592186044416,164155780381/274877906944,1,0
7,16,32,188107290821/274877906944,168198606338869/281474976710656,1,0
7,16,33,192739994198429/281474976710656,168264582165253/281474976710656,1,0
7,17,19,2478546225/4294967296,2415195249/4294967296,1,0
7,17,20,2676590955/4294967296,10226676027/17179869184,1,0
7,17,21,11333505465/17179869184,10661979897/17179869184,1,0
7,17,22,11815922115/17179869184,21976915599/34359738368,1,0
7,17,23,24355469205/34359738368,701742183/1073741824,1,0
7,17,24,777691485/1073741824,729597183303/1099511627776,1,0
7,17,25,808561221885/1099511627776,737371198299/1099511627776,1,0
7,17,26,817176615705/1099511627776,46423113739/68719476736,1,0
7,17,27,51447470505/68719476736,746463613499/1099511627776,1,0
7,17,28,827253099705/1099511627776,5991655393837/8796093022208,1,0
7,17,29,6640130084415/8796093022208,6004953051067/8796093022208,1,0
7,17,30,6654866942265/8796093022208,12027434832119/17592186044416,1,0
7,17,31,13329159742605/17592186044416,188107290821/274877906944,1,0
7,17,32,208466074695/274877906944,192739994198429/281474976710656,1,0
7,17,33,213600173879055/281474976710656,192815596372973/281474976710656,1,0
7,18,20,2890460169/4294967296,11333505465/17179869184,1,0
7,18,21,12239093187/17179869184,11815922115/17179869184,1,0
7,18,22,12760056657/17179869184,24355469205/34359738368,1,0
7,18,23,26301558519/34359738368,777691485/1073741824,1,0
7,18,24,839831823/1073741824,808561221885/1099511627776,1,0
7,18,25,873168162543/1099511627776,817176615705/1099511627776,1,0
7,18,26,882471957219/1099511627776,51447470505/68719476736,1,0
7,18,27,55558307859/68719476736,827253099705/1099511627776,1,0
7,18,28,893353588419/1099511627776,6640130084415/8796093022208,1,0
7,18,29,7170700285797/8796093022208,6654866942265/8796093022208,1,0
7,18,30,7186614671427/8796093022208,13329159742605/17592186044416,1,0
7,18,31,14394207396639/17592186044416,208466074695/274877906944,1,0
7,18,32,225123261501/274877906944,213600173879055/281474976710656,1,0
7,18,33,230667593617749/281474976710656,213683958449535/281474976710656,1,0
7,19,21,51824067201/68719476736,12760056657/17179869184,1,0
7,19,22,54029986011/68719476736,26301558519/34359738368,1,0
7,19,23,111368850237/137438953472,839831823/1073741824,1,0
7,19,24,3556105029/4294967296,873168162543/1099511627776,1,0
7,19,25,3697261295589/4398046511104,882471957219/1099511627776,1,0
7,19,26,3736656410337/4398046511104,55558307859/68719476736,1,0
7,19,27,235250883057/274877906944,893353588419/1099511627776,1,0
7,19,28,3782732567937/4398046511104,7170700285797/8796093022208,1,0
7,19,29,30362940114231/35184372088832,7186614671427/8796093022208,1,0
7,19,30,30430326494721/35184372088832,14394207396639/17592186044416,1,0
7,19,31,60949480490997/70368744177664,225123261501/274877906944,1,0
7,19,32,953240804223/1099511627776,230667593617749/281474976710656,1,0
7,19,33,976717203643527/1125899906842624,230758072875813/281474976710656,1,0
7,20,22,56329800921/68719476736,111368850237/137438953472,1,0
7,20,23,116109324207/137438953472,3556105029/4294967296,1,0
7,20,24,3707472519/4294967296,3697261295589/4398046511104,1,0
7,20,25,3854637176679/4398046511104,3736656410337/4398046511104,1,0
7,20,26,3895709165307/4398046511104,235250883057/274877906944,1,0
7,20,27,245264461227/274877906944,3782732567937/4398046511104,1,0
7,20,28,3943746578907/4398046511104,30362940114231/35184372088832,1,0
7,20,29,31655354707341/35184372088832,30430326494721/35184372088832,1,0
7,20,30,31725609424731/35184372088832,60949480490997/70368744177664,1,0
7,20,31,63543827340567/70368744177664,953240804223/1099511627776,1,0
7,20,32,993816002853/1099511627776,976717203643527/1125899906842624,1,0
7,20,33,1018291687622397/1125899906842624,977100320519799/1125899906842624,1,0
7,21,23,239329359369/274877906944,3707472519/4294967296,1,0
7,21,24,7641996273/8589934592,3854637176679/4398046511104,1,0
7,21,25,7945338174993/8796093022208,3895709165307/4398046511104,1,0
7,21,26,8029997463069/8796093022208,245264461227/274877906944,1,0
7,21,27,505549289709/549755813888,3943746578907/4398046511104,1,0
7,21,28,8129014174269/8796093022208,31655354707341/35184372088832,1,0
7,21,29,65249331304347/70368744177664,31725609424731/35184372088832,1,0
7,21,30,65394143244477/70368744177664,63543827340567/70368744177664,1,0
7,21,31,130979174955489/140737488355328,993816002853/1099511627776,1,0
7,21,32,2048494803651/2199023255552,1018291687622397/1125899906842624,1,0
7,21,33,2098945101213099/2251799813685248,1018691112070989/1125899906842624,1,0
7,22,24,244015641/268435456,7945338174993/8796093022208,1,0
7,22,25,253701613881/274877906944,8029997463069/8796093022208,1,0
7,22,26,256404859173/274877906944,505549289709/549755813888,1,0
7,22,27,16142632053/17179869184,8129014174269/8796093022208,1,0
7,22,28,259566549573/274877906944,65249331304347/70368744177664,1,0
7,22,29,2083468354899/2199023255552,65394143244477/70368744177664,1,0
7,22,30,2088092327109/2199023255552,130979174955489/140737488355328,1,0
7,22,31,4182279890313/4398046511104,2048494803651/2199023255552,1,0
7,22,32,65410235067/68719476736,2098945101213099/2251799813685248,1,0
7,22,33,67021157299683/70368744177664,2099768411468763/2251799813685248,1,0
7,23,25,263772062405721/281474976710656,256404859173/274877906944,1,0
7,23,26,266582610493893/281474976710656,16142632053/17179869184,1,0
7,23,27,16783398749973/17592186044416,259566549573/274877906944,1,0
7,23,28,269869801240293/281474976710656,2083468354899/2199023255552,1,0
7,23,29,2166169684622259/2251799813685248,2088092327109/2199023255552,1,0
7,23,30,2170977201088869/2251799813685248,4182279890313/4398046511104,1,0
7,23,31,4348291582974633/4503599627370496,65410235067/68719476736,1,0
7,23,32,68006633233947/70368744177664,67021157299683/70368744177664,1,0
7,23,33,69681499519540803/72057594037927936,67047446317971/70368744177664,1,0
7,24,26,269423105576769/281474976710656,16783398749973/17592186044416,1,0
7,24,27,16962229475409/17592186044416,269869801240293/281474976710656,1,0
7,24,28,272745322047969/281474976710656,2166169684622259/2251799813685248,1,0
7,24,29,2189250688767447/2251799813685248,2170977201088869/2251799813685248,1,0
7,24,30,2194109430356577/2251799813685248,4348291582974633/4503599627370496,1,0
7,24,31,4394623565535189/4503599627370496,68006633233947/70368744177664,1,0
7,24,32,68731258545951/70368744177664,69681499519540803/72057594037927936,1,0
7,24,33,70423970892245799/72057594037927936,69708832055847411/72057594037927936,1,0
7,25,27,1067901092449/1099511627776,272745322047969/281474976710656,1,0
7,25,28,17171388218609/17592186044416,2189250688767447/2251799813685248,1,0
7,25,29,137829947741767/140737488355328,2194109430356577/2251799813685248,1,0
7,25,30,138135842403697/140737488355328,4394623565535189/4503599627370496,1,0
7,25,31,276674909589029/281474976710656,68731258545951/70368744177664,1,0
7,25,32,4327154410511/4398046511104,70423970892245799/72057594037927936,1,0
7,25,33,4433723500761239/4503599627370496,70451594662608663/72057594037927936,1,0
7,26,28,276108504279169/281474976710656,137829947741767/140737488355328,1,0
7,26,29,2216246015253047/2251799813685248,138135842403697/140737488355328,1,0
7,26,30,2221164669266177/2251799813685248,276674909589029/281474976710656,1,0
7,26,31,4448813018822389/4503599627370496,4327154410511/4398046511104,1,0
7,26,32,69578773530751/70368744177664,4433723500761239/4503599627370496,1,0
7,26,33,71292358462660999/72057594037927936,4435462626775943/4503599627370496,1,0
7,27,29,17789189119502161/18014398509481984,2221164669266177/2251799813685248,1,0
7,27,30,17828669784487351/18014398509481984,4448813018822389/4503599627370496,1,0
7,27,31,35709382263727907/36028797018963968,69578773530751/70368744177664,1,0
7,27,32,558489424243913/562949953421312,71292358462660999/72057594037927936,1,0
7,27,33,572243892933886337/576460752303423488,71320322857651063/72057594037927936,1,0
7,28,30,17868238071392641/18014398509481984,35709382263727907/36028797018963968,1,0
7,28,31,35788634339160437/36028797018963968,558489424243913/562949953421312,1,0
7,28,32,559728914909183/562949953421312,572243892933886337/576460752303423488,1,0
7,28,33,573513909755618567/576460752303423488,572468355339082769/576460752303423488,1,0
7,29,31,71681737323209209/72057594037927936,559728914909183/562949953421312,1,0
7,29,32,1121091703877131/1125899906842624,573513909755618567/576460752303423488,1,0
7,29,33,1148701932594429619/1152921504606846976,573738870324332279/576460752303423488,1,0
7,30,32,17533707404929/17592186044416,1148701932594429619/1152921504606846976,1,0
7,30,33,17965527273043321/18014398509481984,1149152510401948003/1152921504606846976,1,0
7,31,33,18407981994026570929/18446744073709551616,17972574242896777/18014398509481984,1,0
8,9,11,121/1048576,67/1048576,1,0
8,9,12,737/2097152,299/2097152,1,0
8,9,13,3289/4194304,1093/4194304,1,0
8,9,14,12023/8388608,3473/8388608,1,0
8,9,15,38203/16777216,9949/16777216,1,0
8,9,16,109439/33554432,26333/33554432,1,0
8,9,17,289663/67108864,1/1024,1,0
8,9,18,11/2048,77691/67108864,1,0
8,9,19,854601/134217728,177261/134217728,1,0
8,9,20,1949871/268435456,392313/268435456,1,0
8,9,21,4315443/536870912,847611/536870912,1,0
8,9,22,9323721/1073741824,1796967/1073741824,1,0
8,9,23,19766637/2147483648,3753819/2147483648,1,0
8,9,24,41292009/4294967296,7752795/4294967296,1,0
8,9,25,85280745/8589934592,31746651/17179869184,1,0
8,9,26,349213161/34359738368,64574877/34359738368,1,0
8,9,27,710323647/68719476736,130712029/68719476736,1,0
8,9,28,1437832319/137438953472,263644133/137438953472,1,0
8,9,29,2900085463/274877906944,530396371/274877906944,1,0
8,9,30,5834360081/549755813888,1065084887/549755813888,1,0
8,9,31,11715933757/1099511627776,2136022699/1099511627776,1,0
8,9,32,23496249689/2199023255552,4279934123/2199023255552,1,0
8,9,33,47079275353/4398046511104,4285193273/2199023255552,1,0
8,10,12,4489/4194304,3289/4194304,1,0
8,10,13,20033/8388608,12023/8388608,1,0
8,10,14,73231/16777216,38203/16777216,1,0
8,10,15,232691/33554432,109439/33554432,1,0
8,10,16,666583/67108864,289663/67108864,1,0
8,10,17,1764311/134217728,11/2048,1,0
8,10,18,67/4096,854601/134217728,1,0
8,10,19,5205297/268435456,1949871/268435456,1,0
8,10,20,11876487/536870912,4315443/536870912,1,0
8,10,21,26284971/1073741824,9323721/1073741824,1,0
8,10,22,56789937/2147483648,19766637/2147483648,1,0
8,10,23,120396789/4294967296,41292009/4294967296,1,0
8,10,24,251505873/8589934592,85280745/8589934592,1,0
8,10,25,519437265/17179869184,349213161/34359738368,1,0
8,10,26,2127025617/68719476736,710323647/68719476736,1,0
8,10,27,4326516759/137438953472,1437832319/137438953472,1,0
8,10,28,8757705943/274877906944,2900085463/274877906944,1,0
8,10,29,17664156911/549755813888,5834360081/549755813888,1,0
8,10,30,35536556857/1099511627776,11715933757/1099511627776,1,0
8,10,31,71360687429/2199023255552,23496249689/2199023255552,1,0
8,10,32,143113520833/4398046511104,47079275353/4398046511104,1,0
8,10,33,286755586241/8796093022208,47137126003/4398046511104,1,0
8,11,13,89401/16777216,73231/16777216,1,0
8,11,14,326807/33554432,232691/33554432,1,0
8,11,15,1038427/67108864,666583/67108864,1,0
8,11,16,2974751/134217728,1764311/134217728,1,0
8,11,17,7873567/268435456,67/4096,1,0
8,11,18,299/8192,5205297/268435456,1,0
8,11,19,23229609/536870912,11876487/536870912,1,0
8,11,20,53001039/1073741824,26284971/1073741824,1,0
8,11,21,117301587/2147483648,56789937/2147483648,1,0
8,11,22,253435689/4294967296,120396789/4294967296,1,0
8,11,23,537293133/8589934592,251505873/8589934592,1,0
8,11,24,1122391881/17179869184,519437265/17179869184,1,0
8,11,25,2318085705/34359738368,2127025617/68719476736,1,0
8,11,26,9492248649/137438953472,4326516759/137438953472,1,0
8,11,27,19307888223/274877906944,8757705943/274877906944,1,0
8,11,28,39082896671/549755813888,17664156911/549755813888,1,0
8,11,29,78829595767/1099511627776,35536556857/1099511627776,1,0
8,11,30,158588514929/2199023255552,71360687429/2199023255552,1,0
8,11,31,318460381213/4398046511104,143113520833/4398046511104,1,0
8,11,32,638670787001/8796093022208,286755586241/8796093022208,1,0
8,11,33,1279700302777/17592186044416,287107949291/8796093022208,1,0
8,12,14,1194649/67108864,1038427/67108864,1,0
8,12,15,3795989/134217728,2974751/134217728,1,0
8,12,16,10874257/268435456,7873567/268435456,1,0
8,12,17,28781969/536870912,299/8192,1,0
8,12,18,1093/16384,23229609/536870912,1,0
8,12,19,84916263/1073741824,53001039/1073741824,1,0
8,12,20,193746273/2147483648,117301587/2147483648,1,0
8,12,21,428798109/4294967296,253435689/4294967296,1,0
8,12,22,926438823/8589934592,537293133/8589934592,1,0
8,12,23,1964084931/17179869184,1122391881/17179869184,1,0
8,12,24,4102924167/34359738368,2318085705/34359738368,1,0
8,12,25,8473804935/68719476736,9492248649/137438953472,1,0
8,12,26,34699089543/274877906944,19307888223/274877906944,1,0
8,12,27,70580340561/549755813888,39082896671/549755813888,1,0
8,12,28,142868247697/1099511627776,78829595767/1099511627776,1,0
8,12,29,288163037369/2199023255552,158588514929/2199023255552,1,0
8,12,30,579723233503/4398046511104,318460381213/4398046511104,1,0
8,12,31,1164137781491/8796093022208,638670787001/8796093022208,1,0
8,12,32,2334672810007/17592186044416,1279700302777/17592186044416,1,0
8,12,33,4677967996439/35184372088832,1281272788627/17592186044416,1,0
8,13,15,12061729/268435456,10874257/268435456,1,0
8,13,16,34552877/536870912,28781969/536870912,1,0
8,13,17,91454509/1073741824,1093/16384,1,0
8,13,18,3473/32768,84916263/1073741824,1,0
8,13,19,269820843/2147483648,193746273/2147483648,1,0
8,13,20,615627453/4294967296,428798109/4294967296,1,0
8,13,21,1362503049/8589934592,926438823/8589934592,1,0
8,13,22,2943753003/17179869184,1964084931/17179869184,1,0
8,13,23,6240866391/34359738368,4102924167/34359738368,1,0
8,13,24,13037013387/68719476736,8473804935/68719476736,1,0
8,13,25,26925457035/137438953472,34699089543/274877906944,1,0
8,13,26,110256118923/549755813888,70580340561/549755813888,1,0
8,13,27,224268547821/1099511627776,142868247697/1099511627776,1,0
8,13,28,453962876717/2199023255552,288163037369/2199023255552,1,0
8,13,29,915636073909/4398046511104,579723233503/4398046511104,1,0
8,13,30,1842066596483/8796093022208,1164137781491/8796093022208,1,0
8,13,31,3699039812551/17592186044416,2334672810007/17592186044416,1,0
8,13,32,7418406833627/35184372088832,4677967996439/35184372088832,1,0
8,13,33,14864211209179/70368744177664,4683716247389/35184372088832,1,0
8,14,16,98982601/1073741824,91454509/1073741824,1,0
8,14,17,261987017/2147483648,3473/32768,1,0
8,14,18,9949/65536,269820843/2147483648,1,0
8,14,19,772947759/4294967296,615627453/4294967296,1,0
8,14,20,1763569689/8589934592,1362503049/8589934592,1,0
8,14,21,3903122037/17179869184,2943753003/17179869184,1,0
8,14,22,8432881839/34359738368,6240866391/34359738368,1,0
8,14,23,17878024683/68719476736,13037013387/68719476736,1,0
8,14,24,37346745231/137438953472,26925457035/137438953472,1,0
8,14,25,77132557455/274877906944,110256118923/549755813888,1,0
8,14,26,315847430799/1099511627776,224268547821/1099511627776,1,0
8,14,27,642455451273/2199023255552,453962876717/2199023255552,1,0
8,14,28,1300453976521/4398046511104,915636073909/4398046511104,1,0
8,14,29,2622995479217/8796093022208,1842066596483/8796093022208,1,0
8,14,30,5276913495079/17592186044416,3699039812551/17592186044416,1,0
8,14,31,10596529540763/35184372088832,7418406833627/35184372088832,1,0
8,14,32,21251289832351/70368744177664,14864211209179/70368744177664,1,0
8,14,33,42581064589727/140737488355328,14882476237129/70368744177664,1,0
8,15,17,693426889/4294967296,9949/65536,1,0
8,15,18,26333/131072,772947759/4294967296,1,0
8,15,19,2045837103/8589934592,1763569689/8589934592,1,0
8,15,20,4667813913/17179869184,3903122037/17179869184,1,0
8,15,21,10330778229/34359738368,8432881839/34359738368,1,0
8,15,22,22320140463/68719476736,17878024683/68719476736,1,0
8,15,23,47319532011/137438953472,37346745231/137438953472,1,0
8,15,24,98849315727/274877906944,77132557455/274877906944,1,0
8,15,25,204154350735/549755813888,315847430799/1099511627776,1,0
8,15,26,835984560783/2199023255552,642455451273/2199023255552,1,0
8,15,27,1700450236041/4398046511104,1300453976521/4398046511104,1,0
8,15,28,3442039859657/8796093022208,2622995479217/8796093022208,1,0
8,15,29,6942540954289/17592186044416,5276913495079/17592186044416,1,0
8,15,30,13966927637543/35184372088832,10596529540763/35184372088832,1,0
8,15,31,28046880329371/70368744177664,21251289832351/70368744177664,1,0
8,15,32,56247885732767/140737488355328,42581064589727/140737488355328,1,0
8,15,33,112703505260959/281474976710656,42633387873077/140737488355328,1,0
8,16,18,1/4,2045837103/8589934592,1,0
8,16,19,77691/262144,4667813913/17179869184,1,0
8,16,20,177261/524288,10330778229/34359738368,1,0
8,16,21,392313/1048576,22320140463/68719476736,1,0
8,16,22,847611/2097152,47319532011/137438953472,1,0
8,16,23,1796967/4194304,98849315727/274877906944,1,0
8,16,24,3753819/8388608,204154350735/549755813888,1,0
8,16,25,7752795/16777216,835984560783/2199023255552,1,0
8,16,26,31746651/67108864,1700450236041/4398046511104,1,0
8,16,27,64574877/134217728,3442039859657/8796093022208,1,0
8,16,28,130712029/268435456,6942540954289/17592186044416,1,0
8,16,29,263644133/536870912,13966927637543/35184372088832,1,0
8,16,30,530396371/1073741824,28046880329371/70368744177664,1,0
8,16,31,1065084887/2147483648,56247885732767/140737488355328,1,0
8,16,32,2136022699/4294967296,112703505260959/281474976710656,1,0
8,16,33,4279934123/8589934592,112841994457909/281474976710656,1,0
8,17,19,6035891481/17179869184,177261/524288,1,0
8,17,20,13771584351/34359738368,392313/1048576,1,0
8,17,21,30479189283/68719476736,847611/2097152,1,0
8,17,22,65851746201/137438953472,1796967/4194304,1,0
8,17,23,139608163197/274877906944,3753819/8388608,1,0
8,17,24,291637951929/549755813888,7752795/16777216,1,0
8,17,25,602322396345/1099511627776,31746651/67108864,1,0
8,17,26,2466429062841/4398046511104,64574877/134217728,1,0
8,17,27,5016886769007/8796093022208,130712029/268435456,1,0
8,17,28,10155148245039/17592186044416,263644133/536870912,1,0
8,17,29,20482776336903/35184372088832,530396371/1073741824,1,0
8,17,30,41207024459361/70368744177664,1065084887/2147483648,1,0
8,17,31,82747509955917/140737488355328,2136022699/4294967296,1,0
8,17,32,165949739508009/281474976710656,4279934123/8589934592,1,0
8,17,33,332512361949993/562949953421312,4285193273/8589934592,1,0
8,18,20,31421462121/68719476736,30479189283/68719476736,1,0
8,18,21,69541794693/137438953472,65851746201/137438953472,1,0
8,18,22,150248373471/274877906944,139608163197/274877906944,1,0
8,18,23,318532167387/549755813888,291637951929/549755813888,1,0
8,18,24,665405709759/1099511627776,602322396345/1099511627776,1,0
8,18,25,1374268194495/2199023255552,2466429062841/4398046511104,1,0
8,18,26,5627443102911/8796093022208,5016886769007/8796093022208,1,0
8,18,27,11446607271897/17592186044416,10155148245039/17592186044416,1,0
8,18,28,23170144972569/35184372088832,20482776336903/35184372088832,1,0
8,18,29,46733822659713/70368744177664,41207024459361/70368744177664,1,0
8,18,30,94018591119831/140737488355328,82747509955917/140737488355328,1,0
8,18,31,188798012154507/281474976710656,165949739508009/281474976710656,1,0
8,18,32,378633519647439/562949953421312,332512361949993/562949953421312,1,0
8,18,33,758665402577103/1125899906842624,332920950572643/562949953421312,1,0
8,19,21,153909489969/274877906944,150248373471/274877906944,1,0
8,19,22,332528814243/549755813888,318532167387/549755813888,1,0
8,19,23,704973514671/1099511627776,665405709759/1099511627776,1,0
8,19,24,1472671993347/2199023255552,1374268194495/2199023255552,1,0
8,19,25,3041522264835/4398046511104,5627443102911/8796093022208,1,0
8,19,26,12454623893763/17592186044416,11446607271897/17592186044416,1,0
8,19,27,25333563720501/35184372088832,23170144972569/35184372088832,1,0
8,19,28,51280028233077/70368744177664,46733822659713/70368744177664,1,0
8,19,29,103431020749629/140737488355328,94018591119831/140737488355328,1,0
8,19,30,208081391496123/281474976710656,188798012154507/281474976710656,1,0
8,19,31,417846647273631/562949953421312,378633519647439/562949953421312,1,0
8,19,32,837989473112787/1125899906842624,758665402577103/1125899906842624,1,0
8,19,33,1679073795596499/2251799813685248,759597644765253/1125899906842624,1,0
8,20,22,718444407321/1099511627776,704973514671/1099511627776,1,0
8,20,23,1523128995837/2199023255552,1472671993347/2199023255552,1,0
8,20,24,3181778276409/4398046511104,3041522264835/4398046511104,1,0
8,20,25,6571354322745/8796093022208,12454623893763/17592186044416,1,0
8,20,26,26908810600761/35184372088832,25333563720501/35184372088832,1,0
8,20,27,54734376068847/70368744177664,51280028233077/70368744177664,1,0
8,20,28,110792953612719/140737488355328,103431020749629/140737488355328,1,0
8,20,29,223467667216263/281474976710656,208081391496123/281474976710656,1,0
8,20,30,449569798419681/562949953421312,417846647273631/562949953421312,1,0
8,20,31,902777666154957/1125899906842624,837989473112787/1125899906842624,1,0
8,20,32,1810516335922089/2251799813685248,1679073795596499/2251799813685248,1,0
8,20,33,3627719241930153/4503599627370496,1681137028510449/2251799813685248,1,0
8,21,23,3229090399089/4398046511104,3181778276409/4398046511104,1,0
8,21,24,6745488866973/8796093022208,6571354322745/8796093022208,1,0
8,21,25,13931516772765/17592186044416,26908810600761/35184372088832,1,0
8,21,26,57047684207517/70368744177664,54734376068847/70368744177664,1,0
8,21,27,116038922998059/140737488355328,110792953612719/140737488355328,1,0
8,21,28,234885202616043/281474976710656,223467667216263/281474976710656,1,0
8,21,29,473759806744611/562949953421312,449569798419681/562949953421312,1,0
8,21,30,953104775606757/1125899906842624,902777666154957/1125899906842624,1,0
8,21,31,1913922394137729/2251799813685248,1810516335922089/2251799813685248,1,0
8,21,32,3838362301353933/4503599627370496,3627719241930153/4503599627370496,1,0
8,21,33,7690900381204941/9007199254740992,3632176955320803/4503599627370496,1,0
8,22,24,14091157084761/17592186044416,13931516772765/17592186044416,1,0
8,22,25,29102589174105/35184372088832,57047684207517/70368744177664,1,0
8,22,26,119171181710169/140737488355328,116038922998059/140737488355328,1,0
8,22,27,242402400205263/281474976710656,234885202616043/281474976710656,1,0
8,22,28,490669297988751/562949953421312,473759806744611/562949953421312,1,0
8,22,29,989672355693927/1125899906842624,953104775606757/1125899906842624,1,0
8,22,30,1991011974990849/2251799813685248,1913922394137729/2251799813685248,1,0
8,22,31,3998135885433453/4503599627370496,3838362301353933/4503599627370496,1,0
8,22,32,8018242591937481/9007199254740992,7690900381204941/9007199254740992,1,0
8,22,33,16066098029665737/18014398509481984,7700350900202991/9007199254740992,1,0
8,23,25,60105830312025/70368744177664,119171181710169/140737488355328,1,0
8,23,26,246125277139545/281474976710656,242402400205263/281474976710656,1,0
8,23,27,500635783531215/562949953421312,490669297988751/562949953421312,1,0
8,23,28,1013383564871055/1125899906842624,989672355693927/1125899906842624,1,0
8,23,29,2043978916101735/2251799813685248,1991011974990849/2251799813685248,1,0
8,23,30,4112054333106945/4503599627370496,3998135885433453/4503599627370496,1,0
8,23,31,8257384786509165/9007199254740992,8018242591937481/9007199254740992,1,0
8,23,32,16560146100693705/18014398509481984,16066098029665737/18014398509481984,1,0
8,23,33,33181451869123785/36028797018963968,16085839926859587/18014398509481984,1,0
8,24,26,1007849849715801/1125899906842624,500635783531215/562949953421312,1,0
8,24,27,2050036083486927/2251799813685248,1013383564871055/1125899906842624,1,0
8,24,28,4149669166164879/4503599627370496,2043978916101735/2251799813685248,1,0
8,24,29,8369818278548583/9007199254740992,4112054333106945/4503599627370496,1,0
8,24,30,16838308481803521/18014398509481984,8257384786509165/9007199254740992,1,0
8,24,31,33812878192963437/36028797018963968,16560146100693705/18014398509481984,1,0
8,24,32,67811567153231049/72057594037927936,33181451869123785/36028797018963968,1,0
8,24,33,135873574905872073/144115188075855872,33222224980948035/36028797018963968,1,0
8,25,27,4169914739565129/4503599627370496,4149669166164879/4503599627370496,1,0
8,25,28,8440713195095433/9007199254740992,8369818278548583/9007199254740992,1,0
8,25,29,17024787460246641/18014398509481984,16838308481803521/18014398509481984,1,0
8,25,30,34250280418571367/36028797018963968,33812878192963437/36028797018963968,1,0
8,25,31,68777725572583899/72057594037927936,67811567153231049/72057594037927936,1,0
8,25,32,137933403057133023/144115188075855872,135873574905872073/144115188075855872,1,0
8,25,33,276376219560827871/288230376151711744,136040535305478723/144115188075855872,1,0
8,26,28,17085634525296841/18014398509481984,17024787460246641/18014398509481984,1,0
8,26,29,34461459558375857/36028797018963968,34250280418571367/36028797018963968,1,0
8,26,30,69329185827646759/72057594037927936,68777725572583899/72057594037927936,1,0
8,26,31,139219406637005723/144115188075855872,137933403057133023/144115188075855872,1,0
8,26,32,279203860976346271/288230376151711744,276376219560827871/288230376151711744,1,0
8,26,33,559438873203665567/576460752303423488,276715828525202421/288230376151711744,1,0
8,27,29,69508228865321689/72057594037927936,69329185827646759/72057594037927936,1,0
8,27,30,139835891378641343/144115188075855872,139219406637005723/144115188075855872,1,0
8,27,31,280803381604517971/288230376151711744,279203860976346271/288230376151711744,1,0
8,27,32,563149852546174967/576460752303423488,559438873203665567/576460752303423488,1,0
8,27,33,1128379521155450359/1152921504606846976,560126307370980917/576460752303423488,1,0
8,28,30,281320310369969641/288230376151711744,280803381604517971/288230376151711744,1,0
8,28,31,564917158871745077/576460752303423488,563149852546174967/576460752303423488,1,0
8,28,32,1132938687923225329/1152921504606846976,1128379521155450359/1152921504606846976,1,0
8,28,33,2270061526958267633/2305843009213693952,1129766065197517309/1152921504606846976,1,0
8,29,31,1134405816515802769/1152921504606846976,1132938687923225329/1152921504606846976,1,0
8,29,32,2275045494993850013/2305843009213693952,2270061526958267633/2305843009213693952,1,0
8,29,33,4558493151762899101/4611686018427387904,2272850961032812283/2305843009213693952,1,0
8,30,32,4562592970643244601/4611686018427387904,4558493151762899101/4611686018427387904,1,0
8,30,33,9142036436952657977/9223372036854775808,4564094592946365151/4611686018427387904,1,0
8,31,33,18317836097219779129/18446744073709551616,9153270100730103827/9223372036854775808,1,0
9,10,12,9/262144,79/4194304,1,0
9,10,13,237/2097152,189/4194304,1,0
9,10,14,567/2097152,1471/16777216,1,0
9,10,15,4413/8388608,309/2097152,1,0
9,10,16,927/1048576,14893/67108864,1,0
9,10,17,44679/33554432,20613/67108864,1,0
9,10,18,61839/33554432,53381/134217728,1,0
9,10,19,160143/67108864,1/2048,1,0
9,10,20,3/1024,308333/536870912,1,0
9,10,21,924999/268435456,350323/536870912,1,0
9,10,22,1050969/268435456,1548257/2147483648,1,0
9,10,23,4644771/1073741824,418153/536870912,1,0
9,10,24,1254459/268435456,7099043/8589934592,1,0
9,10,25,21297129/4294967296,7425919/8589934592,1,0
9,10,26,22277757/4294967296,61450327/68719476736,1,0
9,10,27,184350981/34359738368,31506301/34359738368,1,0
9,10,28,94518903/17179869184,256737233/274877906944,1,0
9,10,29,770211699/137438953472,260190683/274877906944,1,0
9,10,30,780572049/137438953472,1050777737/1099511627776,1,0
9,10,31,3152333211/549755813888,66120707/68719476736,1,0
9,10,32,198362121/34359738368,4251885323/4398046511104,1,0
9,10,33,12755655969/2199023255552,4265909723/4398046511104,1,0
9,11,13,6241/16777216,567/2097152,1,0
9,11,14,14931/16777216,4413/8388608,1,0
9,11,15,116209/67108864,927/1048576,1,0
9,11,16,24411/8388608,44679/33554432,1,0
9,11,17,1176547/268435456,61839/33554432,1,0
9,11,18,1628427/268435456,160143/67108864,1,0
9,11,19,4217099/536870912,3/1024,1,0
9,11,20,79/8192,924999/268435456,1,0
9,11,21,24358307/2147483648,1050969/268435456,1,0
9,11,22,27675517/2147483648,4644771/1073741824,1,0
9,11,23,122312303/8589934592,1254459/268435456,1,0
9,11,24,33034087/2147483648,21297129/4294967296,1,0
9,11,25,560824397/34359738368,22277757/4294967296,1,0
9,11,26,586647601/34359738368,184350981/34359738368,1,0
9,11,27,4854575833/274877906944,94518903/17179869184,1,0
9,11,28,2488997779/137438953472,770211699/137438953472,1,0
9,11,29,20282241407/1099511627776,780572049/137438953472,1,0
9,11,30,20555063957/1099511627776,3152333211/549755813888,1,0
9,11,31,83011441223/4398046511104,198362121/34359738368,1,0
9,11,32,5223535853/274877906944,12755655969/2199023255552,1,0
9,11,33,335898940517/17592186044416,12797729169/2199023255552,1,0
9,12,14,35721/16777216,116209/67108864,1,0
9,12,15,278019/67108864,24411/8388608,1,0
9,12,16,58401/8388608,1176547/268435456,1,0
9,12,17,2814777/268435456,1628427/268435456,1,0
9,12,18,3895857/268435456,4217099/536870912,1,0
9,12,19,10089009/536870912,79/8192,1,0
9,12,20,189/8192,24358307/2147483648,1,0
9,12,21,58274937/2147483648,27675517/2147483648,1,0
9,12,22,66211047/2147483648,122312303/8589934592,1,0
9,12,23,292620573/8589934592,33034087/2147483648,1,0
9,12,24,79030917/2147483648,560824397/34359738368,1,0
9,12,25,1341719127/34359738368,586647601/34359738368,1,0
9,12,26,1403498691/34359738368,4854575833/274877906944,1,0
9,12,27,11614111803/274877906944,2488997779/137438953472,1,0
9,12,28,5954690889/137438953472,20282241407/1099511627776,1,0
9,12,29,48523337037/1099511627776,20555063957/1099511627776,1,0
9,12,30,49176039087/1099511627776,83011441223/4398046511104,1,0
9,12,31,198596992293/4398046511104,5223535853/274877906944,1,0
9,12,32,12496813623/274877906944,335898940517/17592186044416,1,0
9,12,33,803606326047/17592186044416,337006868117/17592186044416,1,0
9,13,15,2163841/268435456,58401/8388608,1,0
9,13,16,454539/33554432,2814777/268435456,1,0
9,13,17,21907603/1073741824,3895857/268435456,1,0
9,13,18,30321723/1073741824,10089009/536870912,1,0
9,13,19,78523451/2147483648,189/8192,1,0
9,13,20,1471/32768,58274937/2147483648,1,0
9,13,21,453557843/8589934592,66211047/2147483648,1,0
9,13,22,515325133/8589934592,292620573/8589934592,1,0
9,13,23,2277486047/34359738368,79030917/2147483648,1,0
9,13,24,615103063/8589934592,1341719127/34359738368,1,0
9,13,25,10442692253/137438953472,1403498691/34359738368,1,0
9,13,26,10923526849/137438953472,11614111803/274877906944,1,0
9,13,27,90393431017/1099511627776,5954690889/137438953472,1,0
9,13,28,46345768771/549755813888,48523337037/1099511627776,1,0
9,13,29,377660469743/4398046511104,49176039087/1099511627776,1,0
9,13,30,382740494693/4398046511104,198596992293/4398046511104,1,0
9,13,31,1545694051127/17592186044416,12496813623/274877906944,1,0
9,13,32,97263559997/1099511627776,803606326047/17592186044416,1,0
9,13,33,6254523310133/70368744177664,806256937647/17592186044416,1,0
9,14,16,95481/4194304,21907603/1073741824,1,0
9,14,17,4601937/134217728,30321723/1073741824,1,0
9,14,18,6369417/134217728,78523451/2147483648,1,0
9,14,19,16494729/268435456,1471/32768,1,0
9,14,20,309/4096,453557843/8589934592,1,0
9,14,21,95274897/1073741824,515325133/8589934592,1,0
9,14,22,108249807/1073741824,2277486047/34359738368,1,0
9,14,23,478411413/4294967296,615103063/8589934592,1,0
9,14,24,129209277/1073741824,10442692253/137438953472,1,0
9,14,25,2193604287/17179869184,10923526849/137438953472,1,0
9,14,26,2294608971/17179869184,90393431017/1099511627776,1,0
9,14,27,18988151043/137438953472,46345768771/549755813888,1,0
9,14,28,9735447009/68719476736,377660469743/4398046511104,1,0
9,14,29,79331804997/549755813888,382740494693/4398046511104,1,0
9,14,30,80398921047/549755813888,1545694051127/17592186044416,1,0
9,14,31,324690320733/2199023255552,97263559997/1099511627776,1,0
9,14,32,20431298463/137438953472,6254523310133/70368744177664,1,0
9,14,33,1313832564807/8796093022208,6275153202533/70368744177664,1,0
9,15,17,221801449/4294967296,6369417/134217728,1,0
9,15,18,306989409/4294967296,16494729/268435456,1,0
9,15,19,795003233/8589934592,309/4096,1,0
9,15,20,14893/131072,95274897/1073741824,1,0
9,15,21,4592003369/34359738368,108249807/1073741824,1,0
9,15,22,5217360439/34359738368,478411413/4294967296,1,0
9,15,23,23058191501/137438953472,129209277/1073741824,1,0
9,15,24,6227552629/34359738368,2193604287/17179869184,1,0
9,15,25,105726047399/549755813888,2294608971/17179869184,1,0
9,15,26,110594211667/549755813888,18988151043/137438953472,1,0
9,15,27,915179720011/4398046511104,9735447009/68719476736,1,0
9,15,28,469223340793/2199023255552,79331804997/549755813888,1,0
9,15,29,3823587611069/17592186044416,80398921047/549755813888,1,0
9,15,30,3875019841919/17592186044416,324690320733/2199023255552,1,0
9,15,31,15649232837141/70368744177664,20431298463/137438953472,1,0
9,15,32,984735689351/4398046511104,1313832564807/8796093022208,1,0
9,15,33,63323328115439/281474976710656,1318166104407/8796093022208,1,0
9,16,18,424895769/4294967296,795003233/8589934592,1,0
9,16,19,1100342553/8589934592,14893/131072,1,0
9,16,20,20613/131072,4592003369/34359738368,1,0
9,16,21,6355668129/34359738368,5217360439/34359738368,1,0
9,16,22,7221207999/34359738368,23058191501/137438953472,1,0
9,16,23,31914221541/137438953472,6227552629/34359738368,1,0
9,16,24,8619387789/34359738368,105726047399/549755813888,1,0
9,16,25,146332573359/549755813888,110594211667/549755813888,1,0
9,16,26,153070468347/549755813888,915179720011/4398046511104,1,0
9,16,27,1266675590451/4398046511104,469223340793/2199023255552,1,0
9,16,28,649439382513/2199023255552,3823587611069/17592186044416,1,0
9,16,29,5292124583829/17592186044416,3875019841919/17592186044416,1,0
9,16,30,5363310548679/17592186044416,15649232837141/70368744177664,1,0
9,16,31,21659681492781/70368744177664,984735689351/4398046511104,1,0
9,16,32,1362946133391/4398046511104,63323328115439/281474976710656,1,0
9,16,33,87644112162999/281474976710656,63532193504639/281474976710656,1,0
9,17,19,2849531161/17179869184,20613/131072,1,0
9,17,20,53381/262144,6355668129/34359738368,1,0
9,17,21,16459123873/68719476736,7221207999/34359738368,1,0
9,17,22,18700592063/68719476736,31914221541/137438953472,1,0
9,17,23,82647506917/274877906944,8619387789/34359738368,1,0
9,17,24,22321425293/68719476736,146332573359/549755813888,1,0
9,17,25,378954014383/1099511627776,153070468347/549755813888,1,0
9,17,26,396402982139/1099511627776,1266675590451/4398046511104,1,0
9,17,27,3280279905587/8796093022208,649439382513/2199023255552,1,0
9,17,28,1681837853681/4398046511104,5292124583829/17592186044416,1,0
9,17,29,13704890234773/35184372088832,5363310548679/17592186044416,1,0
9,17,30,13889238849223/35184372088832,21659681492781/70368744177664,1,0
9,17,31,56091566378797/140737488355328,1362946133391/4398046511104,1,0
9,17,32,3529589460367/8796093022208,87644112162999/281474976710656,1,0
9,17,33,226969890427063/562949953421312,87933197120199/281474976710656,1,0
9,18,20,1/4,16459123873/68719476736,1,0
9,18,21,308333/1048576,18700592063/68719476736,1,0
9,18,22,350323/1048576,82647506917/274877906944,1,0
9,18,23,1548257/4194304,22321425293/68719476736,1,0
9,18,24,418153/1048576,378954014383/1099511627776,1,0
9,18,25,7099043/16777216,396402982139/1099511627776,1,0
9,18,26,7425919/16777216,3280279905587/8796093022208,1,0
9,18,27,61450327/134217728,1681837853681/4398046511104,1,0
9,18,28,31506301/67108864,13704890234773/35184372088832,1,0
9,18,29,256737233/536870912,13889238849223/35184372088832,1,0
9,18,30,260190683/536870912,56091566378797/140737488355328,1,0
9,18,31,1050777737/2147483648,3529589460367/8796093022208,1,0
9,18,32,66120707/134217728,226969890427063/562949953421312,1,0
9,18,33,4251885323/8589934592,227718526923463/562949953421312,1,0
9,19,21,95069238889/274877906944,350323/1048576,1,0
9,19,22,108016141559/274877906944,1548257/4194304,1,0
9,19,23,477378725581/1099511627776,418153/1048576,1,0
9,19,24,128930368949/274877906944,7099043/16777216,1,0
9,19,25,2188869225319/4398046511104,7425919/16777216,1,0
9,19,26,2289655883027/4398046511104,61450327/134217728,1,0
9,19,27,18947163674891/35184372088832,31506301/67108864,1,0
9,19,28,9714432306233/17592186044416,256737233/536870912,1,0
9,19,29,79160561262589/140737488355328,260190683/536870912,1,0
9,19,30,80225373861439/140737488355328,1050777737/2147483648,1,0
9,19,31,323989451982421/562949953421312,66120707/134217728,1,0
9,19,32,20387195951431/35184372088832,4251885323/8589934592,1,0
9,19,33,1310996557296559/2251799813685248,4265909723/8589934592,1,0
9,20,22,122726204329/274877906944,477378725581/1099511627776,1,0
9,20,23,542390037011/1099511627776,128930368949/274877906944,1,0
9,20,24,146488613419/274877906944,2188869225319/4398046511104,1,0
9,20,25,2486958040889/4398046511104,2289655883027/4398046511104,1,0
9,20,26,2601470221837/4398046511104,18947163674891/35184372088832,1,0
9,20,27,21527462905621/35184372088832,9714432306233/17592186044416,1,0
9,20,28,11037381885223/17592186044416,79160561262589/140737488355328,1,0
9,20,29,89940957676259/140737488355328,80225373861439/140737488355328,1,0
9,20,30,91150780640609/140737488355328,323989451982421/562949953421312,1,0
9,20,31,368111609159051/562949953421312,20387195951431/35184372088832,1,0
9,20,32,23163604438361/35184372088832,1310996557296559/2251799813685248,1,0
9,20,33,1489533222009329/2251799813685248,1315320742621759/2251799813685248,1,0
9,21,23,2397099738049/4398046511104,146488613419/274877906944,1,0
9,21,24,647408309321/1099511627776,2486958040889/4398046511104,1,0
9,21,25,10991143018051/17592186044416,2601470221837/4398046511104,1,0
9,21,26,11497231073183/17592186044416,21527462905621/35184372088832,1,0
9,21,27,95140898930039/140737488355328,11037381885223/17592186044416,1,0
9,21,28,48779851067357/70368744177664,89940957676259/140737488355328,1,0
9,21,29,397495218152881/562949953421312,91150780640609/140737488355328,1,0
9,21,30,402842046289531/562949953421312,368111609159051/562949953421312,1,0
9,21,31,1626873986754409/2251799813685248,23163604438361/35184372088832,1,0
9,21,32,102371847457699/140737488355328,1489533222009329/2251799813685248,1,0
9,21,33,6583011214532011/9007199254740992,1494446291890529/2251799813685248,1,0
9,22,24,174851931409/274877906944,10991143018051/17592186044416,1,0
9,22,25,2968486127579/4398046511104,11497231073183/17592186044416,1,0
9,22,26,3105170307607/4398046511104,95140898930039/140737488355328,1,0
9,22,27,25695638586031/35184372088832,48779851067357/70368744177664,1,0
9,22,28,13174454282053/17592186044416,397495218152881/562949953421312,1,0
9,22,29,107355444190649/140737488355328,402842046289531/562949953421312,1,0
9,22,30,108799514668499/140737488355328,1626873986754409/2251799813685248,1,0
9,22,31,439385863059761/562949953421312,102371847457699/140737488355328,1,0
9,22,32,27648571994171/35184372088832,6583011214532011/9007199254740992,1,0
9,22,33,1777938603468419/2251799813685248,6604724590002811/9007199254740992,1,0
9,23,25,50396411515849/70368744177664,3105170307607/4398046511104,1,0
9,23,26,52716918295517/70368744177664,25695638586031/35184372088832,1,0
9,23,27,436238513737061/562949953421312,13174454282053/17592186044416,1,0
9,23,28,223664585569943/281474976710656,107355444190649/140737488355328,1,0
9,23,29,1822588656768019/2251799813685248,108799514668499/140737488355328,1,0
9,23,30,1847104846816369/2251799813685248,439385863059761/562949953421312,1,0
9,23,31,7459516338405691/9007199254740992,27648571994171/35184372088832,1,0
9,23,32,469393742183401/562949953421312,1777938603468419/2251799813685248,1,0
9,23,33,30184316739045889/36028797018963968,1783802948401619/2251799813685248,1,0
9,24,26,55144272994561/70368744177664,436238513737061/562949953421312,1,0
9,24,27,456325150825513/562949953421312,223664585569943/281474976710656,1,0
9,24,28,233963239215619/281474976710656,1822588656768019/2251799813685248,1,0
9,24,29,1906509896542127/2251799813685248,1847104846816369/2251799813685248,1,0
9,24,30,1932154936512677/2251799813685248,7459516338405691/9007199254740992,1,0
9,24,31,7802990361965303/9007199254740992,469393742183401/562949953421312,1,0
9,24,32,491007014404733/562949953421312,30184316739045889/36028797018963968,1,0
9,24,33,31574156005886837/36028797018963968,30283876557695089/36028797018963968,1,0
9,25,27,3776142688406929/4503599627370496,233963239215619/281474976710656,1,0
9,25,28,1936072499010427/2251799813685248,1906509896542127/2251799813685248,1,0
9,25,29,15776586920925191/18014398509481984,1932154936512677/2251799813685248,1,0
9,25,30,15988802552703341/18014398509481984,7802990361965303/9007199254740992,1,0
9,25,31,64570635542969999/72057594037927936,491007014404733/562949953421312,1,0
9,25,32,4063139066621189/4503599627370496,31574156005886837/36028797018963968,1,0
9,25,33,261279743464850621/288230376151711744,31678300064310437/36028797018963968,1,0
9,26,28,992647002702601/1125899906842624,15776586920925191/18014398509481984,1,0
9,26,29,8088840540805133/9007199254740992,15988802552703341/18014398509481984,1,0
9,26,30,8197645975993583/9007199254740992,64570635542969999/72057594037927936,1,0
9,26,31,33106119666020837/36028797018963968,4063139066621189/4503599627370496,1,0
9,26,32,2083218897074807/2251799813685248,261279743464850621/288230376151711744,1,0
9,26,33,133961178803920223/144115188075855872,262141547430829421/288230376151711744,1,0
9,27,29,65914006808496289/72057594037927936,8197645975993583/9007199254740992,1,0
9,27,30,66800636005800139/72057594037927936,33106119666020837/36028797018963968,1,0
9,27,31,269773768695381721/288230376151711744,2083218897074807/2251799813685248,1,0
9,27,32,16975647359183731/18014398509481984,133961178803920223/144115188075855872,1,0
9,27,33,1091617272860331259/1152921504606846976,134403035771664623/144115188075855872,1,0
9,28,30,67699191520006489/72057594037927936,269773768695381721/288230376151711744,1,0
9,28,31,273402577071224371/288230376151711744,16975647359183731/18014398509481984,1,0
9,28,32,17203991914772881/18014398509481984,1091617272860331259/1152921504606846976,1,0
9,28,33,1106300946229045609/1152921504606846976,1095217858510816459/1152921504606846976,1,0
9,29,31,1104133852574841169/1152921504606846976,17203991914772881/18014398509481984,1,0
9,29,32,69478166870300059/72057594037927936,1106300946229045609/1152921504606846976,1,0
9,29,33,4467786437685454051/4611686018427387904,1109949964443710809/1152921504606846976,1,0
9,30,32,4371947894179849/4503599627370496,4467786437685454051/4611686018427387904,1,0
9,30,33,281137663639683361/288230376151711744,4482522964980236851/4611686018427387904,1,0
9,31,33,18078528799942814329/18446744073709551616,282064966882934161/288230376151711744,1,0
10,11,13,169/16777216,23/4194304,1,0
10,11,14,299/8388608,235/16777216,1,0
10,11,15,3055/33554432,1941/67108864,1,0
10,11,16,25233/134217728,6885/134217728,1,0
10,11,17,89505/268435456,10889/134217728,1,0
10,11,18,141557/268435456,15751/134217728,1,0
10,11,19,204763/268435456,84883/536870912,1,0
10,11,20,1103479/1073741824,215955/1073741824,1,0
10,11,21,2807415/2147483648,1/4096,1,0
10,11,22,13/8192,612467/2147483648,1,0
10,11,23,7962071/4294967296,2773191/8589934592,1,0
10,11,24,36051483/17179869184,6118415/17179869184,1,0
10,11,25,79539395/34359738368,6608729/17179869184,1,0
10,11,26,85913477/34359738368,1754331/4294967296,1,0
10,11,27,22806303/8589934592,117588919/274877906944,1,0
10,11,28,1528655947/549755813888,243614123/549755813888,1,0
10,11,29,3166983599/1099511627776,125087839/274877906944,1,0
10,11,30,1626141907/549755813888,510366361/1099511627776,1,0
10,11,31,6634762693/2199023255552,2071510459/4398046511104,1,0
10,11,32,26929635967/8796093022208,4187373083/8796093022208,1,0
10,11,33,54435850079/17592186044416,4219629203/8796093022208,1,0
10,12,14,529/4194304,3055/33554432,1,0
10,12,15,5405/16777216,25233/134217728,1,0
10,12,16,44643/67108864,89505/268435456,1,0
10,12,17,158355/134217728,141557/268435456,1,0
10,12,18,250447/134217728,204763/268435456,1,0
10,12,19,362273/134217728,1103479/1073741824,1,0
10,12,20,1952309/536870912,2807415/2147483648,1,0
10,12,21,4966965/1073741824,13/8192,1,0
10,12,22,23/4096,7962071/4294967296,1,0
10,12,23,14086741/2147483648,36051483/17179869184,1,0
10,12,24,63783393/8589934592,79539395/34359738368,1,0
10,12,25,140723545/17179869184,85913477/34359738368,1,0
10,12,26,152000767/17179869184,22806303/8589934592,1,0
10,12,27,40349613/4294967296,1528655947/549755813888,1,0
10,12,28,2704545137/274877906944,3166983599/1099511627776,1,0
10,12,29,5603124829/549755813888,1626141907/549755813888,1,0
10,12,30,2877020297/274877906944,6634762693/2199023255552,1,0
10,12,31,11738426303/1099511627776,26929635967/8796093022208,1,0
10,12,32,47644740557/4398046511104,54435850079/17592186044416,1,0
10,12,33,96309580909/8796093022208,54855179639/17592186044416,1,0
10,13,15,55225/67108864,44643/67108864,1,0
10,13,16,456135/268435456,158355/134217728,1,0
10,13,17,1617975/536870912,250447/134217728,1,0
10,13,18,2558915/536870912,362273/134217728,1,0
10,13,19,3701485/536870912,1952309/536870912,1,0
10,13,20,19947505/2147483648,4966965/1073741824,1,0
10,13,21,50749425/4294967296,23/4096,1,0
10,13,22,235/16384,14086741/2147483648,1,0
10,13,23,143929745/8589934592,63783393/8589934592,1,0
10,13,24,651699885/34359738368,140723545/17179869184,1,0
10,13,25,1437827525/68719476736,152000767/17179869184,1,0
10,13,26,1553051315/68719476736,40349613/4294967296,1,0
10,13,27,412267785/17179869184,2704545137/274877906944,1,0
10,13,28,27633395965/1099511627776,5603124829/549755813888,1,0
10,13,29,57249318905/2199023255552,2877020297/274877906944,1,0
10,13,30,29395642165/1099511627776,11738426303/1099511627776,1,0
10,13,31,119936094835/4398046511104,47644740557/4398046511104,1,0
10,13,32,486804957865/17592186044416,96309580909/8796093022208,1,0
10,13,33,984032674505/35184372088832,97051471669/8796093022208,1,0
10,14,16,3767481/1073741824,1617975/536870912,1,0
10,14,17,13363785/2147483648,2558915/536870912,1,0
10,14,18,21135549/2147483648,3701485/536870912,1,0
10,14,19,30572691/2147483648,19947505/2147483648,1,0
10,14,20,164757903/8589934592,50749425/4294967296,1,0
10,14,21,419168655/17179869184,235/16384,1,0
10,14,22,1941/65536,143929745/8589934592,1,0
10,14,23,1188798447/34359738368,651699885/34359738368,1,0
10,14,24,5382763731/137438953472,1437827525/68719476736,1,0
10,14,25,11875843515/274877906944,1553051315/68719476736,1,0
10,14,26,12827542989/274877906944,412267785/17179869184,1,0
10,14,27,3405156471/68719476736,27633395965/1099511627776,1,0
10,14,28,228240091779/4398046511104,57249318905/2199023255552,1,0
10,14,29,472855012743/8796093022208,29395642165/1099511627776,1,0
10,14,30,242795495499/4398046511104,119936094835/4398046511104,1,0
10,14,31,990621106701/17592186044416,486804957865/17592186044416,1,0
10,14,32,4020801800919/70368744177664,984032674505/35184372088832,1,0
10,14,33,8127691154103/140737488355328,991612862705/35184372088832,1,0
10,15,17,47403225/4294967296,21135549/2147483648,1,0
10,15,18,74970765/4294967296,30572691/2147483648,1,0
10,15,19,108445635/4294967296,164757903/8589934592,1,0
10,15,20,584419455/17179869184,419168655/17179869184,1,0
10,15,21,1486850175/34359738368,1941/65536,1,0
10,15,22,6885/131072,1188798447/34359738368,1,0
10,15,23,4216835295/68719476736,5382763731/137438953472,1,0
10,15,24,19093420035/274877906944,11875843515/274877906944,1,0
10,15,25,42125287275/549755813888,12827542989/274877906944,1,0
10,15,26,45501099165/549755813888,3405156471/68719476736,1,0
10,15,27,12078568935/137438953472,228240091779/4398046511104,1,0
10,15,28,809599707315/8796093022208,472855012743/8796093022208,1,0
10,15,29,1677283236855/17592186044416,242795495499/4398046511104,1,0
10,15,30,861229771515/8796093022208,990621106701/17592186044416,1,0
10,15,31,3513872395485/35184372088832,4020801800919/70368744177664,1,0
10,15,32,14262349510215/140737488355328,8127691154103/140737488355328,1,0
10,15,33,28830063676455/281474976710656,8190300283023/140737488355328,1,0
10,16,18,118570321/4294967296,108445635/4294967296,1,0
10,16,19,171512639/4294967296,584419455/17179869184,1,0
10,16,20,924290987/17179869184,1486850175/34359738368,1,0
10,16,21,2351533995/34359738368,6885/131072,1,0
10,16,22,10889/131072,4216835295/68719476736,1,0
10,16,23,6669153163/68719476736,19093420035/274877906944,1,0
10,16,24,30197276799/274877906944,42125287275/549755813888,1,0
10,16,25,66623420935/549755813888,45501099165/549755813888,1,0
10,16,26,71962450081/549755813888,12078568935/137438953472,1,0
10,16,27,19102910259/137438953472,809599707315/8796093022208,1,0
10,16,28,1280425738991/8796093022208,1677283236855/17592186044416,1,0
10,16,29,2652714185347/17592186044416,861229771515/8796093022208,1,0
10,16,30,1362081478871/8796093022208,3513872395485/35184372088832,1,0
10,16,31,5557379304929/35184372088832,14262349510215/140737488355328,1,0
10,16,32,22556677388051/140737488355328,28830063676455/281474976710656,1,0
10,16,33,45596305500787/281474976710656,29052147062655/281474976710656,1,0
10,17,19,248094001/4294967296,924290987/17179869184,1,0
10,17,20,1336992133/17179869184,2351533995/34359738368,1,0
10,17,21,3401507205/34359738368,10889/131072,1,0
10,17,22,15751/131072,6669153163/68719476736,1,0
10,17,23,9646967717/68719476736,30197276799/274877906944,1,0
10,17,24,43680531441/274877906944,66623420935/549755813888,1,0
10,17,25,96371154665/549755813888,71962450081/549755813888,1,0
10,17,26,104094090479/549755813888,19102910259/137438953472,1,0
10,17,27,27632467581/137438953472,1280425738991/8796093022208,1,0
10,17,28,1852143063169/8796093022208,2652714185347/17592186044416,1,0
10,17,29,3837166051373/17592186044416,1362081478871/8796093022208,1,0
10,17,30,1970258552089/8796093022208,5557379304929/35184372088832,1,0
10,17,31,8038780552111/35184372088832,22556677388051/140737488355328,1,0
10,17,32,32628361239709/140737488355328,45596305500787/281474976710656,1,0
10,17,33,65955313430333/281474976710656,45947542391467/281474976710656,1,0
10,18,20,7205123689/68719476736,3401507205/34359738368,1,0
10,18,21,18330908265/137438953472,15751/131072,1,0
10,18,22,84883/524288,9646967717/68719476736,1,0
10,18,23,51988036361/274877906944,43680531441/274877906944,1,0
10,18,24,235396771653/1099511627776,96371154665/549755813888,1,0
10,18,25,519349420445/2199023255552,104094090479/549755813888,1,0
10,18,26,560968743707/2199023255552,27632467581/137438953472,1,0
10,18,27,148912878273/549755813888,1852143063169/8796093022208,1,0
10,18,28,9981300211477/35184372088832,3837166051373/17592186044416,1,0
10,18,29,20678697602609/70368744177664,1970258552089/8796093022208,1,0
10,18,30,10617831037837/35184372088832,8038780552111/35184372088832,1,0
10,18,31,43321427820763/140737488355328,32628361239709/140737488355328,1,0
10,18,32,175836022291297/562949953421312,65955313430333/281474976710656,1,0
10,18,33,355436789404289/1125899906842624,66463379576453/281474976710656,1,0
10,19,21,46636562025/274877906944,84883/524288,1,0
10,19,22,215955/1048576,51988036361/274877906944,1,0
10,19,23,132265310985/549755813888,235396771653/1099511627776,1,0
10,19,24,598884462405/2199023255552,519349420445/2199023255552,1,0
10,19,25,1321302311325/4398046511104,560968743707/2199023255552,1,0
10,19,26,1427188071195/4398046511104,148912878273/549755813888,1,0
10,19,27,378856551105/1099511627776,9981300211477/35184372088832,1,0
10,19,28,25393915002645/70368744177664,20678697602609/70368744177664,1,0
10,19,29,52609687932465/140737488355328,10617831037837/35184372088832,1,0
10,19,30,27013344271245/70368744177664,43321427820763/140737488355328,1,0
10,19,31,110216167489755/281474976710656,175836022291297/562949953421312,1,0
10,19,32,447353041173345/1125899906842624,355436789404289/1125899906842624,1,0
10,19,33,904284154139265/2251799813685248,358174785638249/1125899906842624,1,0
10,20,22,1/4,132265310985/549755813888,1,0
10,20,23,612467/2097152,598884462405/2199023255552,1,0
10,20,24,2773191/8388608,1321302311325/4398046511104,1,0
10,20,25,6118415/16777216,1427188071195/4398046511104,1,0
10,20,26,6608729/16777216,378856551105/1099511627776,1,0
10,20,27,1754331/4194304,25393915002645/70368744177664,1,0
10,20,28,117588919/268435456,52609687932465/140737488355328,1,0
10,20,29,243614123/536870912,27013344271245/70368744177664,1,0
10,20,30,125087839/268435456,110216167489755/281474976710656,1,0
10,20,31,510366361/1073741824,447353041173345/1125899906842624,1,0
10,20,32,2071510459/4294967296,904284154139265/2251799813685248,1,0
10,20,33,4187373083/8589934592,911250024533865/2251799813685248,1,0
10,21,23,375115826089/1099511627776,2773191/8388608,1,0
10,21,24,1698487972197/4398046511104,6118415/16777216,1,0
10,21,25,3747327279805/8796093022208,6608729/16777216,1,0
10,21,26,4047628424443/8796093022208,1754331/4194304,1,0
10,21,27,1074469844577/2199023255552,117588919/268435456,1,0
10,21,28,72019332453173/140737488355328,243614123/536870912,1,0
10,21,29,149205611071441/281474976710656,125087839/268435456,1,0
10,21,30,76612173488813/140737488355328,510366361/1073741824,1,0
10,21,31,312582554022587/562949953421312,2071510459/4294967296,1,0
10,21,32,1268731796292353/2251799813685248,4187373083/8589934592,1,0
10,21,33,2564627830025761/4503599627370496,4219629203/8589934592,1,0
10,22,24,7690588322481/17592186044416,3747327279805/8796093022208,1,0
10,22,25,16967533412265/35184372088832,4047628424443/8796093022208,1,0
10,22,26,18327267784239/35184372088832,1074469844577/2199023255552,1,0
10,22,27,4865094940221/8796093022208,72019332453173/140737488355328,1,0
10,22,28,326096531870529/562949953421312,149205611071441/281474976710656,1,0
10,22,29,675588493376493/1125899906842624,76612173488813/140737488355328,1,0
10,22,30,346892469324249/562949953421312,312582554022587/562949953421312,1,0
10,22,31,1415343399027951/2251799813685248,1268731796292353/2251799813685248,1,0
10,22,32,5744694161304669/9007199254740992,2564627830025761/4503599627370496,1,0
10,22,33,11612385347417853/18014398509481984,2584383639073801/4503599627370496,1,0
10,23,25,37435002112225/70368744177664,18327267784239/35184372088832,1,0
10,23,26,40434946644535/70368744177664,4865094940221/8796093022208,1,0
10,23,27,10733725105365/17592186044416,326096531870529/562949953421312,1,0
10,23,28,719457805843385/1125899906842624,675588493376493/1125899906842624,1,0
10,23,29,1490532304375045/2251799813685248,346892469324249/562949953421312,1,0
10,23,30,765339310455185/1125899906842624,1415343399027951/2251799813685248,1,0
10,23,31,3122633198637815/4503599627370496,5744694161304669/9007199254740992,1,0
10,23,32,12674360665002485/18014398509481984,11612385347417853/18014398509481984,1,0
10,23,33,25620086281623445/36028797018963968,11701837729096773/18014398509481984,1,0
10,24,26,43675298995441/70368744177664,10733725105365/17592186044416,1,0
10,24,27,11593898155299/17592186044416,719457805843385/1125899906842624,1,0
10,24,28,777113299073951/1125899906842624,1490532304375045/2251799813685248,1,0
10,24,29,1609979719479667/2251799813685248,765339310455185/1125899906842624,1,0
10,24,30,826671629146631/1125899906842624,3122633198637815/4503599627370496,1,0
10,24,31,3372872970565169/4503599627370496,12674360665002485/18014398509481984,1,0
10,24,32,13690051244196611/18014398509481984,25620086281623445/36028797018963968,1,0
10,24,33,27673213927441507/36028797018963968,25817442610073245/36028797018963968,1,0
10,25,27,3077677257561/4398046511104,777113299073951/1125899906842624,1,0
10,25,28,206289885858189/281474976710656,1609979719479667/2251799813685248,1,0
10,25,29,427379808016713/562949953421312,826671629146631/1125899906842624,1,0
10,25,30,219445473680709/281474976710656,3372872970565169/4503599627370496,1,0
10,25,31,895351528459491/1125899906842624,13690051244196611/18014398509481984,1,0
10,25,32,3634115015047929/4503599627370496,27673213927441507/36028797018963968,1,0
10,25,33,7346038408072473/9007199254740992,27886385883112987/36028797018963968,1,0
10,26,28,13827153871588561/18014398509481984,427379808016713/562949953421312,1,0
10,26,29,28646321376703037/36028797018963968,219445473680709/281474976710656,1,0
10,26,30,14708943768056041/18014398509481984,895351528459491/1125899906842624,1,0
10,26,31,60013428683953759/72057594037927936,3634115015047929/4503599627370496,1,0
10,26,32,243586675571003821/288230376151711744,7346038408072473/9007199254740992,1,0
10,26,33,492388674279667277/576460752303423488,7402626319328193/9007199254740992,1,0
10,27,29,59347840925059129/72057594037927936,14708943768056041/18014398509481984,1,0
10,27,30,30473164195950197/36028797018963968,60013428683953759/72057594037927936,1,0
10,27,31,124332453443716403/144115188075855872,243586675571003821/288230376151711744,1,0
10,27,32,504649203754612457/576460752303423488,492388674279667277/576460752303423488,1,0
10,27,33,1020103221288851209/1152921504606846976,496181636561601557/576460752303423488,1,0
10,28,30,15646967465689921/18014398509481984,124332453443716403/144115188075855872,1,0
10,28,31,63840625195783879/72057594037927936,504649203754612457/576460752303423488,1,0
10,28,32,259120766782208101/288230376151711744,1020103221288851209/1152921504606846976,1,0
10,28,33,523789450039237637/576460752303423488,1027961267674033969/1152921504606846976,1,0
10,29,31,260473822440382321/288230376151711744,259120766782208101/288230376151711744,1,0
10,29,32,1057229254733269699/1152921504606846976,523789450039237637/576460752303423488,1,0
10,29,33,2137094362520060963/2305843009213693952,527824298384562317/576460752303423488,1,0
10,30,32,4291155581746390681/4611686018427387904,2137094362520060963/2305843009213693952,1,0
10,30,33,8674187137169575097/9223372036854775808,2153556801104440283/2305843009213693952,1,0
10,31,33,17534093336232924889/18446744073709551616,8741006027116334177/9223372036854775808,1,0
11,12,14,49/16777216,53/33554432,1,0
11,12,15,371/33554432,9/2097152,1,0
11,12,16,63/2097152,2517/268435456,1,0
11,12,17,17619/268435456,4701/268435456,1,0
11,12,18,32907/268435456,7795/268435456,1,0
11,12,19,54565/268435456,11773/268435456,1,0
11,12,20,82411/268435456,131975/2147483648,1,0
11,12,21,923825/2147483648,173965/2147483648,1,0
11,12,22,1217755/2147483648,436109/4294967296,1,0
11,12,23,3052763/4294967296,1/8192,1,0
11,12,24,7/8192,4870343/34359738368,1,0
11,12,25,34092401/34359738368,5494379/34359738368,1,0
11,12,26,38460653/34359738368,3025777/17179869184,1,0
11,12,27,21180439/17179869184,6534439/34359738368,1,0
11,12,28,45741073/34359738368,222139943/1099511627776,1,0
11,12,29,1554979601/1099511627776,232877033/1099511627776,1,0
11,12,30,1630139231/1099511627776,483052711/2199023255552,1,0
11,12,31,3381368977/2199023255552,15522173/68719476736,1,0
11,12,32,108655211/68719476736,4058348603/17592186044416,1,0
11,12,33,28408440221/17592186044416,4122860843/17592186044416,1,0
11,13,15,2809/67108864,63/2097152,1,0
11,13,16,477/4194304,17619/268435456,1,0
11,13,17,133401/536870912,32907/268435456,1,0
11,13,18,249153/536870912,54565/268435456,1,0
11,13,19,413135/536870912,82411/268435456,1,0
11,13,20,623969/536870912,923825/2147483648,1,0
11,13,21,6994675/4294967296,1217755/2147483648,1,0
11,13,22,9220145/4294967296,3052763/4294967296,1,0
11,13,23,23113777/8589934592,7/8192,1,0
11,13,24,53/16384,34092401/34359738368,1,0
11,13,25,258128179/68719476736,38460653/34359738368,1,0
11,13,26,291202087/68719476736,21180439/17179869184,1,0
11,13,27,160366181/34359738368,45741073/34359738368,1,0
11,13,28,346325267/68719476736,1554979601/1099511627776,1,0
11,13,29,11773416979/2199023255552,1630139231/1099511627776,1,0
11,13,30,12342482749/2199023255552,3381368977/2199023255552,1,0
11,13,31,25601793683/4398046511104,108655211/68719476736,1,0
11,13,32,822675169/137438953472,28408440221/17592186044416,1,0
11,13,33,215092475959/35184372088832,28860025901/17592186044416,1,0
11,14,16,81/262144,133401/536870912,1,0
11,14,17,22653/33554432,249153/536870912,1,0
11,14,18,42309/33554432,413135/536870912,1,0
11,14,19,70155/33554432,623969/536870912,1,0
11,14,20,105957/33554432,6994675/4294967296,1,0
11,14,21,1187775/268435456,9220145/4294967296,1,0
11,14,22,1565685/268435456,23113777/8589934592,1,0
11,14,23,3924981/536870912,53/16384,1,0
11,14,24,9/1024,258128179/68719476736,1,0
11,14,25,43833087/4294967296,291202087/68719476736,1,0
11,14,26,49449411/4294967296,160366181/34359738368,1,0
11,14,27,27231993/2147483648,346325267/68719476736,1,0
11,14,28,58809951/4294967296,11773416979/2199023255552,1,0
11,14,29,1999259487/137438953472,12342482749/2199023255552,1,0
11,14,30,2095893297/137438953472,25601793683/4398046511104,1,0
11,14,31,4347474399/274877906944,822675169/137438953472,1,0
11,14,32,139699557/8589934592,215092475959/35184372088832,1,0
11,14,33,36525137427/2199023255552,218511624679/35184372088832,1,0
11,15,17,6335289/4294967296,42309/33554432,1,0
11,15,18,11832417/4294967296,70155/33554432,1,0
11,15,19,19620015/4294967296,105957/33554432,1,0
11,15,20,29632641/4294967296,1187775/268435456,1,0
11,15,21,332181075/34359738368,1565685/268435456,1,0
11,15,22,437869905/34359738368,3924981/536870912,1,0
11,15,23,1097686353/68719476736,9/1024,1,0
11,15,24,2517/131072,43833087/4294967296,1,0
11,15,25,12258653331/549755813888,49449411/4294967296,1,0
11,15,26,13829351943/549755813888,27231993/2147483648,1,0
11,15,27,7615880709/274877906944,58809951/4294967296,1,0
11,15,28,16447182963/549755813888,1999259487/137438953472,1,0
11,15,29,559126236531/17592186044416,2095893297/137438953472,1,0
11,15,30,586151492061/17592186044416,4347474399/274877906944,1,0
11,15,31,1215843673587/35184372088832,139699557/8589934592,1,0
11,15,32,39069309441/1099511627776,36525137427/2199023255552,1,0
11,15,33,10214863433751/281474976710656,37105747587/2199023255552,1,0
11,16,18,22099401/4294967296,19620015/4294967296,1,0
11,16,19,36644295/4294967296,29632641/4294967296,1,0
11,16,20,55344873/4294967296,332181075/34359738368,1,0
11,16,21,620414475/34359738368,437869905/34359738368,1,0
11,16,22,817809465/34359738368,1097686353/68719476736,1,0
11,16,23,2050148409/68719476736,2517/131072,1,0
11,16,24,4701/131072,12258653331/549755813888,1,0
11,16,25,22895482443/549755813888,13829351943/549755813888,1,0
11,16,26,25829075679/549755813888,7615880709/274877906944,1,0
11,16,27,14224177677/274877906944,16447182963/549755813888,1,0
11,16,28,30718397739/549755813888,559126236531/17592186044416,1,0
11,16,29,1044279872043/17592186044416,586151492061/17592186044416,1,0
11,16,30,1094754932133/17592186044416,1215843673587/35184372088832,1,0
11,16,31,2270830794411/35184372088832,39069309441/1099511627776,1,0
11,16,32,72969735273/1099511627776,10214863433751/281474976710656,1,0
11,16,33,19078296782703/281474976710656,10377240741831/281474976710656,1,0
11,17,19,60762025/4294967296,55344873/4294967296,1,0
11,17,20,91770535/4294967296,620414475/34359738368,1,0
11,17,21,1028745125/34359738368,817809465/34359738368,1,0
11,17,22,1356057175/34359738368,2050148409/68719476736,1,0
11,17,23,3399469655/68719476736,4701/131072,1,0
11,17,24,7795/131072,22895482443/549755813888,1,0
11,17,25,37964323685/549755813888,25829075679/549755813888,1,0
11,17,26,42828684305/549755813888,14224177677/274877906944,1,0
11,17,27,23585931715/274877906944,30718397739/549755813888,1,0
11,17,28,50935952005/549755813888,1044279872043/17592186044416,1,0
11,17,29,1731580855685/17592186044416,1094754932133/17592186044416,1,0
11,17,30,1815276472235/17592186044416,2270830794411/35184372088832,1,0
11,17,31,3765395882245/35184372088832,72969735273/1099511627776,1,0
11,17,32,120995338535/1099511627776,19078296782703/281474976710656,1,0
11,17,33,31634827360385/281474976710656,19381568822943/281474976710656,1,0
11,18,20,138603529/4294967296,1028745125/34359738368,1,0
11,18,21,1553741675/34359738368,1356057175/34359738368,1,0
11,18,22,2048089945/34359738368,3399469655/68719476736,1,0
11,18,23,5134311257/68719476736,7795/131072,1,0
11,18,24,11773/131072,37964323685/549755813888,1,0
11,18,25,57338548139/549755813888,42828684305/549755813888,1,0
11,18,26,64685323967/549755813888,23585931715/274877906944,1,0
11,18,27,35622472621/274877906944,50935952005/549755813888,1,0
11,18,28,76929950347/549755813888,1731580855685/17592186044416,1,0
11,18,29,2615253548939/17592186044416,1815276472235/17592186044416,1,0
11,18,30,2741661309509/17592186044416,3765395882245/35184372088832,1,0
11,18,31,5686979566603/35184372088832,120995338535/1099511627776,1,0
11,18,32,182742542729/1099511627776,31634827360385/281474976710656,1,0
11,18,33,47778938103119/281474976710656,32137700271185/281474976710656,1,0
11,19,21,17417400625/274877906944,2048089945/34359738368,1,0
11,19,22,22959030875/274877906944,5134311257/68719476736,1,0
11,19,23,57555485275/549755813888,11773/131072,1,0
11,19,24,131975/1048576,57338548139/549755813888,1,0
11,19,25,642763517425/4398046511104,64685323967/549755813888,1,0
11,19,26,725120668525/4398046511104,35622472621/274877906944,1,0
11,19,27,399326919575/2199023255552,76929950347/549755813888,1,0
11,19,28,862382587025/4398046511104,2615253548939/17592186044416,1,0
11,19,29,29316918977425/140737488355328,2741661309509/17592186044416,1,0
11,19,30,30733946430175/140737488355328,5686979566603/35184372088832,1,0
11,19,31,63750881534225/281474976710656,182742542729/1099511627776,1,0
11,19,32,2048538781675/8796093022208,47778938103119/281474976710656,1,0
11,19,33,535600556880925/2251799813685248,48538440704639/281474976710656,1,0
11,20,22,30263821225/274877906944,57555485275/549755813888,1,0
11,20,23,75867702185/549755813888,131975/1048576,1,0
11,20,24,173965/1048576,642763517425/4398046511104,1,0
11,20,25,847269219995/4398046511104,725120668525/4398046511104,1,0
11,20,26,955829642735/4398046511104,399326919575/2199023255552,1,0
11,20,27,526379295805/2199023255552,862382587025/4398046511104,1,0
11,20,28,1136763680635/4398046511104,29316918977425/140737488355328,1,0
11,20,29,38644575183995/140737488355328,30733946430175/140737488355328,1,0
11,20,30,40512453045845/140737488355328,63750881534225/281474976710656,1,0
11,20,31,84034264869115/281474976710656,2048538781675/8796093022208,1,0
11,20,32,2700314825945/8796093022208,535600556880925/2251799813685248,1,0
11,20,33,706010614720895/2251799813685248,544114559754925/2251799813685248,1,0
11,21,23,190191059881/1099511627776,173965/1048576,1,0
11,21,24,436109/2097152,847269219995/4398046511104,1,0
11,21,25,2124000415387/8796093022208,955829642735/4398046511104,1,0
11,21,26,2396148131311/8796093022208,526379295805/2199023255552,1,0
11,21,27,1319568581693/4398046511104,1136763680635/4398046511104,1,0
11,21,28,2849727657851/8796093022208,38644575183995/140737488355328,1,0
11,21,29,96877228401787/281474976710656,40512453045845/140737488355328,1,0
11,21,30,101559769984597/281474976710656,84034264869115/281474976710656,1,0
11,21,31,210663634741499/562949953421312,2700314825945/8796093022208,1,0
11,21,32,6769359344857/17592186044416,706010614720895/2251799813685248,1,0
11,21,33,1769882350905727/4503599627370496,717233486552495/2251799813685248,1,0
11,22,24,1/4,2124000415387/8796093022208,1,0
11,22,25,4870343/16777216,2396148131311/8796093022208,1,0
11,22,26,5494379/16777216,1319568581693/4398046511104,1,0
11,22,27,3025777/8388608,2849727657851/8796093022208,1,0
11,22,28,6534439/16777216,96877228401787/281474976710656,1,0
11,22,29,222139943/536870912,101559769984597/281474976710656,1,0
11,22,30,232877033/536870912,210663634741499/562949953421312,1,0
11,22,31,483052711/1073741824,6769359344857/17592186044416,1,0
11,22,32,15522173/33554432,1769882350905727/4503599627370496,1,0
11,22,33,4058348603/8589934592,1798016719379887/4503599627370496,1,0
11,23,25,23720240937649/70368744177664,5494379/16777216,1,0
11,23,26,26759510301997/70368744177664,3025777/8388608,1,0
11,23,27,14736571831511/35184372088832,6534439/16777216,1,0
11,23,28,31824959242577/70368744177664,222139943/536870912,1,0
11,23,29,1081897716410449/2251799813685248,232877033/536870912,1,0
11,23,30,1134191027532319/2251799813685248,483052711/1073741824,1,0
11,23,31,2352632389649873/4503599627370496,15522173/33554432,1,0
11,23,32,75598306615339/140737488355328,4058348603/8589934592,1,0
11,23,33,19765549710180829/36028797018963968,4122860843/8589934592,1,0
11,24,26,30188200595641/70368744177664,14736571831511/35184372088832,1,0
11,24,27,16624765607483/35184372088832,31824959242577/70368744177664,1,0
11,24,28,35902684418381/70368744177664,1081897716410449/2251799813685248,1,0
11,24,29,1220521037880397/2251799813685248,1134191027532319/2251799813685248,1,0
11,24,30,1279514679697507/2251799813685248,2352632389649873/4503599627370496,1,0
11,24,31,2654074671211469/4503599627370496,75598306615339/140737488355328,1,0
11,24,32,85284701365567/140737488355328,19765549710180829/36028797018963968,1,0
11,24,33,22298105339002537/36028797018963968,20079746446679149/36028797018963968,1,0
11,25,27,9155326453729/17592186044416,35902684418381/70368744177664,1,0
11,25,28,19771755234103/35184372088832,1220521037880397/2251799813685248,1,0
11,25,29,672145930310711/1125899906842624,1279514679697507/2251799813685248,1,0
11,25,30,704633970279641/1125899906842624,2654074671211469/4503599627370496,1,0
11,25,31,1461609782731447/2251799813685248,85284701365567/140737488355328,1,0
11,25,32,46966634053421/70368744177664,22298105339002537/36028797018963968,1,0
11,25,33,12279657860939531/18014398509481984,22652560035701497/36028797018963968,1,0
11,26,28,42698893044721/70368744177664,672145930310711/1125899906842624,1,0
11,26,29,1451559906996977/2251799813685248,704633970279641/1125899906842624,1,0
11,26,30,1521720766639487/2251799813685248,1461609782731447/2251799813685248,1,0
11,26,31,3156478473814129/4503599627370496,46966634053421/70368744177664,1,0
11,26,32,101428692615947/140737488355328,12279657860939531/18014398509481984,1,0
11,26,33,26519031387038717/36028797018963968,12474857512950011/18014398509481984,1,0
11,27,29,49346154276043249/72057594037927936,1521720766639487/2251799813685248,1,0
11,27,30,51731290836629119/72057594037927936,3156478473814129/4503599627370496,1,0
11,27,31,107305301687535473/144115188075855872,101428692615947/140737488355328,1,0
11,27,32,3448094625456139/4503599627370496,26519031387038717/36028797018963968,1,0
11,27,33,901521327344549629/1152921504606846976,26940582684072077/36028797018963968,1,0
11,28,30,54231712498883089/72057594037927936,107305301687535473/144115188075855872,1,0
11,28,31,112491882120286463/144115188075855872,3448094625456139/4503599627370496,1,0
11,28,32,3614757593952709/4503599627370496,901521327344549629/1152921504606846976,1,0
11,28,33,945096181546334899/1152921504606846976,915852072660951949/1152921504606846976,1,0
11,29,31,233339921604449521/288230376151711744,3614757593952709/4503599627370496,1,0
11,29,32,7498027748261003/9007199254740992,945096181546334899/1152921504606846976,1,0
11,29,33,1960396294862212733/2305843009213693952,960119600589718819/1152921504606846976,1,0
11,30,32,240937854641929/281474976710656,1960396294862212733/2305843009213693952,1,0
11,30,33,62994389110074319/72057594037927936,1991559107286895373/2305843009213693952,1,0
11,31,33,16470193383472051609/18446744073709551616,63995759259971839/72057594037927936,1,0
12,13,15,225/268435456,121/268435456,1,0
12,13,16,1815/536870912,697/536870912,1,0
12,13,17,10455/1073741824,1607/536870912,1,0
12,13,18,24105/1073741824,1577/268435456,1,0
12,13,19,23655/536870912,10949/1073741824,1,0
12,13,20,164235/2147483648,34495/2147483648,1,0
12,13,21,517425/4294967296,200965/8589934592,1,0
12,13,22,3014475/17179869184,548895/17179869184,1,0
12,13,23,8233425/34359738368,1421113/34359738368,1,0
12,13,24,21316695/68719476736,3518265/68719476736,1,0
12,13,25,52773975/137438953472,1/16384,1,0
12,13,26,15/32768,9688683/137438953472,1,0
12,13,27,145330245/274877906944,21791791/274877906944,1,0
12,13,28,326876865/549755813888,47929547/549755813888,1,0
12,13,29,718943205/1099511627776,413858131/4398046511104,1,0
12,13,30,6207871965/8796093022208,879612197/8796093022208,1,0
12,13,31,13194182955/17592186044416,1845717619/17592186044416,1,0
12,13,32,27685764285/35184372088832,3832555763/35184372088832,1,0
12,13,33,57488336445/70368744177664,3945452183/35184372088832,1,0
12,14,16,14641/1073741824,10455/1073741824,1,0
12,14,17,84337/2147483648,24105/1073741824,1,0
12,14,18,194447/2147483648,23655/536870912,1,0
12,14,19,190817/1073741824,164235/2147483648,1,0
12,14,20,1324829/4294967296,517425/4294967296,1,0
12,14,21,4173895/8589934592,3014475/17179869184,1,0
12,14,22,24316765/34359738368,8233425/34359738368,1,0
12,14,23,66416295/68719476736,21316695/68719476736,1,0
12,14,24,171954673/137438953472,52773975/137438953472,1,0
12,14,25,425710065/274877906944,15/32768,1,0
12,14,26,121/65536,145330245/274877906944,1,0
12,14,27,1172330643/549755813888,326876865/549755813888,1,0
12,14,28,2636806711/1099511627776,718943205/1099511627776,1,0
12,14,29,5799475187/2199023255552,6207871965/8796093022208,1,0
12,14,30,50076833851/17592186044416,13194182955/17592186044416,1,0
12,14,31,106433075837/35184372088832,27685764285/35184372088832,1,0
12,14,32,223331831899/70368744177664,57488336445/70368744177664,1,0
12,14,33,463739247323/140737488355328,59181782745/70368744177664,1,0
12,15,17,485809/4294967296,194447/2147483648,1,0
12,15,18,1120079/4294967296,190817/1073741824,1,0
12,15,19,1099169/2147483648,1324829/4294967296,1,0
12,15,20,7631453/8589934592,4173895/8589934592,1,0
12,15,21,24043015/17179869184,24316765/34359738368,1,0
12,15,22,140072605/68719476736,66416295/68719476736,1,0
12,15,23,382579815/137438953472,171954673/137438953472,1,0
12,15,24,990515761/274877906944,425710065/274877906944,1,0
12,15,25,2452230705/549755813888,121/65536,1,0
12,15,26,697/131072,1172330643/549755813888,1,0
12,15,27,6753012051/1099511627776,2636806711/1099511627776,1,0
12,15,28,15188878327/2199023255552,5799475187/2199023255552,1,0
12,15,29,33406894259/4398046511104,50076833851/17592186044416,1,0
12,15,30,288459117307/35184372088832,106433075837/35184372088832,1,0
12,15,31,613089701309/70368744177664,223331831899/70368744177664,1,0
12,15,32,1286465180443/140737488355328,463739247323/140737488355328,1,0
12,15,33,2671291366811/281474976710656,477399714143/140737488355328,1,0
12,16,18,2582449/4294967296,1099169/2147483648,1,0
12,16,19,2534239/2147483648,7631453/8589934592,1,0
12,16,20,17595043/8589934592,24043015/17179869184,1,0
12,16,21,55433465/17179869184,140072605/68719476736,1,0
12,16,22,322950755/68719476736,382579815/137438953472,1,0
12,16,23,882074265/137438953472,990515761/274877906944,1,0
12,16,24,2283728591/274877906944,2452230705/549755813888,1,0
12,16,25,5653851855/549755813888,697/131072,1,0
12,16,26,1607/131072,6753012051/1099511627776,1,0
12,16,27,15569713581/1099511627776,15188878327/2199023255552,1,0
12,16,28,35019408137/2199023255552,33406894259/4398046511104,1,0
12,16,29,77022782029/4398046511104,288459117307/35184372088832,1,0
12,16,30,665070016517/35184372088832,613089701309/70368744177664,1,0
12,16,31,1413536800579/70368744177664,1286465180443/140737488355328,1,0
12,16,32,2966068213733/140737488355328,2671291366811/281474976710656,1,0
12,16,33,6158917111141/281474976710656,2749980171551/281474976710656,1,0
12,17,19,2486929/1073741824,17595043/8589934592,1,0
12,17,20,17266573/4294967296,55433465/17179869184,1,0
12,17,21,54398615/8589934592,322950755/68719476736,1,0
12,17,22,316921805/34359738368,882074265/137438953472,1,0
12,17,23,865607415/68719476736,2283728591/274877906944,1,0
12,17,24,2241095201/137438953472,5653851855/549755813888,1,0
12,17,25,5548303905/274877906944,1607/131072,1,0
12,17,26,1577/65536,15569713581/1099511627776,1,0
12,17,27,15279053091/549755813888,35019408137/2199023255552,1,0
12,17,28,34365654407/1099511627776,77022782029/4398046511104,1,0
12,17,29,75584895619/2199023255552,665070016517/35184372088832,1,0
12,17,30,652654272587/17592186044416,1413536800579/70368744177664,1,0
12,17,31,1387148434669/35184372088832,2966068213733/140737488355328,1,0
12,17,32,2910696685163/70368744177664,6158917111141/281474976710656,1,0
12,17,33,6043940438251/140737488355328,6340341658081/281474976710656,1,0
12,18,20,119880601/17179869184,54398615/8589934592,1,0
12,18,21,377685755/34359738368,316921805/34359738368,1,0
12,18,22,2200365785/137438953472,865607415/68719476736,1,0
12,18,23,6009851355/274877906944,2241095201/137438953472,1,0
12,18,24,15559766237/549755813888,5548303905/274877906944,1,0
12,18,25,38521483485/1099511627776,1577/65536,1,0
12,18,26,10949/262144,15279053091/549755813888,1,0
12,18,27,106081390167/2199023255552,34365654407/1099511627776,1,0
12,18,28,238598319659/4398046511104,75584895619/2199023255552,1,0
12,18,29,524780610103/8796093022208,652654272587/17592186044416,1,0
12,18,30,4531332676319/70368744177664,1387148434669/35184372088832,1,0
12,18,31,9630873944953/140737488355328,2910696685163/70368744177664,1,0
12,18,32,20208762210431/281474976710656,6043940438251/140737488355328,1,0
12,18,33,41962653049087/562949953421312,6221978092591/140737488355328,1,0
12,19,21,1189905025/68719476736,2200365785/137438953472,1,0
12,19,22,6932287675/274877906944,6009851355/274877906944,1,0
12,19,23,18934133025/549755813888,15559766237/549755813888,1,0
12,19,24,49021292935/1099511627776,38521483485/1099511627776,1,0
12,19,25,121362551175/2199023255552,10949/262144,1,0
12,19,26,34495/524288,106081390167/2199023255552,1,0
12,19,27,334211120085/4398046511104,238598319659/4398046511104,1,0
12,19,28,751707830545/8796093022208,524780610103/8796093022208,1,0
12,19,29,1653329723765/17592186044416,4531332676319/70368744177664,1,0
12,19,30,14276036228845/140737488355328,9630873944953/140737488355328,1,0
12,19,31,30342222735515/281474976710656,20208762210431/281474976710656,1,0
12,19,32,63668029267405/562949953421312,41962653049087/562949953421312,1,0
12,19,33,132204011044685/1125899906842624,43198755951667/562949953421312,1,0
12,20,22,40386931225/1099511627776,18934133025/549755813888,1,0
12,20,23,110308683675/2199023255552,49021292935/1099511627776,1,0
12,20,24,285593974045/4398046511104,121362551175/2199023255552,1,0
12,20,25,707048125725/8796093022208,34495/524288,1,0
12,20,26,200965/2097152,334211120085/4398046511104,1,0
12,20,27,1947086179095/17592186044416,751707830545/8796093022208,1,0
12,20,28,4379387278315/35184372088832,1653329723765/17592186044416,1,0
12,20,29,9632161412855/70368744177664,14276036228845/140737488355328,1,0
12,20,30,83170999296415/562949953421312,30342222735515/281474976710656,1,0
12,20,31,176771265170105/1125899906842624,63668029267405/562949953421312,1,0
12,20,32,370924641302335/2251799813685248,132204011044685/1125899906842624,1,0
12,20,33,770209568911295/4503599627370496,136098373052585/1125899906842624,1,0
12,21,23,301285721025/4398046511104,285593974045/4398046511104,1,0
12,21,24,780041820135/8796093022208,707048125725/8796093022208,1,0
12,21,25,1931158067175/17592186044416,200965/2097152,1,0
12,21,26,548895/4194304,1947086179095/17592186044416,1,0
12,21,27,5318069655285/35184372088832,4379387278315/35184372088832,1,0
12,21,28,11961405120945/70368744177664,9632161412855/70368744177664,1,0
12,21,29,26308288700565/140737488355328,83170999296415/562949953421312,1,0
12,21,30,227164658815245/1125899906842624,176771265170105/1125899906842624,1,0
12,21,31,482814736872315/2251799813685248,370924641302335/2251799813685248,1,0
12,21,32,1013105172481005/4503599627370496,770209568911295/4503599627370496,1,0
12,21,33,2103670695531885/9007199254740992,792897797956595/4503599627370496,1,0
12,22,24,2019562158769/17592186044416,1931158067175/17592186044416,1,0
12,22,25,4999852128945/35184372088832,548895/4194304,1,0
12,22,26,1421113/8388608,5318069655285/35184372088832,1,0
12,22,27,13768713364179/70368744177664,11961405120945/70368744177664,1,0
12,22,28,30968597483383/140737488355328,26308288700565/140737488355328,1,0
12,22,29,68113302325811/281474976710656,227164658815245/1125899906842624,1,0
12,22,30,588139170119803/2251799813685248,482814736872315/2251799813685248,1,0
12,22,31,1250028328115261/4503599627370496,1013105172481005/4503599627370496,1,0
12,22,32,2622973302689947/9007199254740992,2103670695531885/9007199254740992,1,0
12,22,33,5446494818024219/18014398509481984,2165638975987785/9007199254740992,1,0
12,23,25,12378188610225/70368744177664,1421113/8388608,1,0
12,23,26,3518265/16777216,13768713364179/70368744177664,1,0
12,23,27,34087354294995/140737488355328,30968597483383/140737488355328,1,0
12,23,28,76669295562615/281474976710656,68113302325811/281474976710656,1,0
12,23,29,168628847675955/562949953421312,588139170119803/2251799813685248,1,0
12,23,30,1456062577262715/4503599627370496,1250028328115261/4503599627370496,1,0
12,23,31,3094708806278205/9007199254740992,2622973302689947/9007199254740992,1,0
12,23,32,6493723698811035/18014398509481984,5446494818024219/18014398509481984,1,0
12,23,33,13483946801511195/36028797018963968,5606933388139679/18014398509481984,1,0
12,24,26,1/4,34087354294995/140737488355328,1,0
12,24,27,9688683/33554432,76669295562615/281474976710656,1,0
12,24,28,21791791/67108864,168628847675955/562949953421312,1,0
12,24,29,47929547/134217728,1456062577262715/4503599627370496,1,0
12,24,30,413858131/1073741824,3094708806278205/9007199254740992,1,0
12,24,31,879612197/2147483648,6493723698811035/18014398509481984,1,0
12,24,32,1845717619/4294967296,13483946801511195/36028797018963968,1,0
12,24,33,3832555763/8589934592,13881146324622495/36028797018963968,1,0
12,25,27,93870578274489/281474976710656,21791791/67108864,1,0
12,25,28,211133755001253/562949953421312,47929547/134217728,1,0
12,25,29,464374187216601/1125899906842624,413858131/1073741824,1,0
12,25,30,4009740238231473/9007199254740992,879612197/2147483648,1,0
12,25,31,8522283739666551/18014398509481984,1845717619/4294967296,1,0
12,25,32,17882572918005777/36028797018963968,3832555763/8589934592,1,0
12,25,33,37132417867530129/72057594037927936,3945452183/8589934592,1,0
12,26,28,474882154987681/1125899906842624,464374187216601/1125899906842624,1,0
12,26,29,1044470670948677/2251799813685248,4009740238231473/9007199254740992,1,0
12,26,30,9018709894402621/18014398509481984,8522283739666551/18014398509481984,1,0
12,26,31,19168325158074827/36028797018963968,17882572918005777/36028797018963968,1,0
12,26,32,40221492598265629/72057594037927936,37132417867530129/72057594037927936,1,0
12,26,33,83518254183141533/144115188075855872,38226235492744989/72057594037927936,1,0
12,27,29,2297241475625209/4503599627370496,9018709894402621/18014398509481984,1,0
12,27,30,19836032741096657/36028797018963968,19168325158074827/36028797018963968,1,0
12,27,31,42159414137884759/72057594037927936,40221492598265629/72057594037927936,1,0
12,27,32,88464409368588593/144115188075855872,83518254183141533/144115188075855872,1,0
12,27,33,183692661572829361/288230376151711744,85978469372429753/144115188075855872,1,0
12,28,30,171278552594813161/288230376151711744,42159414137884759/72057594037927936,1,0
12,28,31,364034659855223807/576460752303423488,88464409368588593/144115188075855872,1,0
12,28,32,763865244153110089/1152921504606846976,183692661572829361/288230376151711744,1,0
12,28,33,1586134365028458953/2305843009213693952,189103735841351101/288230376151711744,1,0
12,29,31,773717617111166809/1152921504606846976,763865244153110089/1152921504606846976,1,0
12,29,32,1623515729890198943/2305843009213693952,1586134365028458953/2305843009213693952,1,0
12,29,33,3371162794817441311/4611686018427387904,1632857466406249973/2305843009213693952,1,0
12,30,32,3406673529087029161/4611686018427387904,3371162794817441311/4611686018427387904,1,0
12,30,33,7073815697569088297/9223372036854775808,3470467862847076051/4611686018427387904,1,0
12,31,33,14688483676504512169/18446744073709551616,7282190609085112277/9223372036854775808,1,0
13,14,16,1/4194304,137/1073741824,1,0
13,14,17,137/134217728,417/1073741824,1,0
13,14,18,417/134217728,253/268435456,1,0
13,14,19,253/33554432,2083/1073741824,1,0
13,14,20,2083/134217728,15115/4294967296,1,0
13,14,21,15115/536870912,24805/4294967296,1,0
13,14,22,24805/536870912,300185/34359738368,1,0
13,14,23,300185/4294967296,106135/8589934592,1,0
13,14,24,106135/1073741824,2270193/137438953472,1,0
13,14,25,2270193/17179869184,2894229/137438953472,1,0
13,14,26,2894229/17179869184,7088533/274877906944,1,0
13,14,27,7088533/34359738368,1/32768,1,0
13,14,28,1/4096,38569007/1099511627776,1,0
13,14,29,38569007/137438953472,43249277/1099511627776,1,0
13,14,30,43249277/137438953472,759852347/17592186044416,1,0
13,14,31,759852347/2199023255552,51233267/1099511627776,1,0
13,14,32,51233267/137438953472,3485182163/70368744177664,1,0
13,14,33,3485182163/8796093022208,3658868963/70368744177664,1,0
13,15,17,18769/4294967296,417/134217728,1,0
13,15,18,57129/4294967296,253/33554432,1,0
13,15,19,34661/1073741824,2083/134217728,1,0
13,15,20,285371/4294967296,15115/536870912,1,0
13,15,21,2070755/17179869184,24805/536870912,1,0
13,15,22,3398285/17179869184,300185/4294967296,1,0
13,15,23,41125345/137438953472,106135/1073741824,1,0
13,15,24,14540495/34359738368,2270193/17179869184,1,0
13,15,25,311016441/549755813888,2894229/17179869184,1,0
13,15,26,396509373/549755813888,7088533/34359738368,1,0
13,15,27,971129021/1099511627776,1/4096,1,0
13,15,28,137/131072,38569007/137438953472,1,0
13,15,29,5283953959/4398046511104,43249277/137438953472,1,0
13,15,30,5925150949/4398046511104,759852347/2199023255552,1,0
13,15,31,104099771539/70368744177664,51233267/137438953472,1,0
13,15,32,7018957579/4398046511104,3485182163/8796093022208,1,0
13,15,33,477469956331/281474976710656,3658868963/8796093022208,1,0
13,16,18,173889/4294967296,34661/1073741824,1,0
13,16,19,105501/1073741824,285371/4294967296,1,0
13,16,20,868611/4294967296,2070755/17179869184,1,0
13,16,21,6302955/17179869184,3398285/17179869184,1,0
13,16,22,10343685/17179869184,41125345/137438953472,1,0
13,16,23,125177145/137438953472,14540495/34359738368,1,0
13,16,24,44258295/34359738368,311016441/549755813888,1,0
13,16,25,946670481/549755813888,396509373/549755813888,1,0
13,16,26,1206893493/549755813888,971129021/1099511627776,1,0
13,16,27,2955918261/1099511627776,137/131072,1,0
13,16,28,417/131072,5283953959/4398046511104,1,0
13,16,29,16083275919/4398046511104,5925150949/4398046511104,1,0
13,16,30,18034948509/4398046511104,104099771539/70368744177664,1,0
13,16,31,316858428699/70368744177664,7018957579/4398046511104,1,0
13,16,32,21364272339/4398046511104,477469956331/281474976710656,1,0
13,16,33,1453320961971/281474976710656,501265047931/281474976710656,1,0
13,17,19,64009/268435456,868611/4294967296,1,0
13,17,20,526999/1073741824,6302955/17179869184,1,0
13,17,21,3824095/4294967296,10343685/17179869184,1,0
13,17,22,6275665/4294967296,125177145/137438953472,1,0
13,17,23,75946805/34359738368,44258295/34359738368,1,0
13,17,24,26852155/8589934592,946670481/549755813888,1,0
13,17,25,574358829/137438953472,1206893493/549755813888,1,0
13,17,26,732239937/137438953472,2955918261/1099511627776,1,0
13,17,27,1793398849/274877906944,417/131072,1,0
13,17,28,253/32768,16083275919/4398046511104,1,0
13,17,29,9757958771/1099511627776,18034948509/4398046511104,1,0
13,17,30,10942067081/1099511627776,316858428699/70368744177664,1,0
13,17,31,192242643791/17592186044416,21364272339/4398046511104,1,0
13,17,32,12962016551/1099511627776,1453320961971/281474976710656,1,0
13,17,33,881751087239/70368744177664,1525748357571/281474976710656,1,0
13,18,20,4338889/4294967296,3824095/4294967296,1,0
13,18,21,31484545/17179869184,6275665/4294967296,1,0
13,18,22,51668815/17179869184,75946805/34359738368,1,0
13,18,23,625285355/137438953472,26852155/8589934592,1,0
13,18,24,221079205/34359738368,574358829/137438953472,1,0
13,18,25,4728812019/549755813888,732239937/137438953472,1,0
13,18,26,6028679007/549755813888,1793398849/274877906944,1,0
13,18,27,14765414239/1099511627776,253/32768,1,0
13,18,28,2083/131072,9757958771/1099511627776,1,0
13,18,29,80339241581/4398046511104,10942067081/1099511627776,1,0
13,18,30,90088243991/4398046511104,192242643791/17592186044416,1,0
13,18,31,1582772438801/70368744177664,12962016551/1099511627776,1,0
13,18,32,106718895161/4398046511104,881751087239/70368744177664,1,0
13,18,33,7259634445529/281474976710656,925693847639/70368744177664,1,0
13,19,21,228463225/68719476736,51668815/17179869184,1,0
13,19,22,374927575/68719476736,625285355/137438953472,1,0
13,19,23,4537296275/549755813888,221079205/34359738368,1,0
13,19,24,1604230525/137438953472,4728812019/549755813888,1,0
13,19,25,34313967195/2199023255552,6028679007/549755813888,1,0
13,19,26,43746271335/2199023255552,14765414239/1099511627776,1,0
13,19,27,107143176295/4398046511104,2083/131072,1,0
13,19,28,15115/524288,80339241581/4398046511104,1,0
13,19,29,582970540805/17592186044416,90088243991/4398046511104,1,0
13,19,30,653712821855/17592186044416,1582772438801/70368744177664,1,0
13,19,31,11485168224905/281474976710656,106718895161/4398046511104,1,0
13,19,32,774390830705/17592186044416,7259634445529/281474976710656,1,0
13,19,33,52678528393745/1125899906842624,7621424049929/281474976710656,1,0
13,20,22,615288025/68719476736,4537296275/549755813888,1,0
13,20,23,7446088925/549755813888,1604230525/137438953472,1,0
13,20,24,2632678675/137438953472,34313967195/2199023255552,1,0
13,20,25,56312137365/2199023255552,43746271335/2199023255552,1,0
13,20,26,71791350345/2199023255552,107143176295/4398046511104,1,0
13,20,27,175831061065/4398046511104,15115/524288,1,0
13,20,28,24805/524288,582970540805/17592186044416,1,0
13,20,29,956704218635/17592186044416,653712821855/17592186044416,1,0
13,20,30,1072798315985/17592186044416,11485168224905/281474976710656,1,0
13,20,31,18848137467335/281474976710656,774390830705/17592186044416,1,0
13,20,32,1270841187935/17592186044416,52678528393745/1125899906842624,1,0
13,20,33,86449943553215/1125899906842624,55303804375745/1125899906842624,1,0
13,21,23,90111034225/4398046511104,2632678675/137438953472,1,0
13,21,24,31860134975/1099511627776,56312137365/2199023255552,1,0
13,21,25,681477885705/17592186044416,71791350345/2199023255552,1,0
13,21,26,868804132365/17592186044416,175831061065/4398046511104,1,0
13,21,27,2127871278605/35184372088832,24805/524288,1,0
13,21,28,300185/4194304,956704218635/17592186044416,1,0
13,21,29,11577837366295/140737488355328,1072798315985/17592186044416,1,0
13,21,30,12982784216245/140737488355328,18848137467335/281474976710656,1,0
13,21,31,228096276784195/2251799813685248,1270841187935/17592186044416,1,0
13,21,32,15379458254395/140737488355328,86449943553215/1125899906842624,1,0
13,21,33,1046199407600155/9007199254740992,90758244627215/1125899906842624,1,0
13,22,24,11264638225/274877906944,681477885705/17592186044416,1,0
13,22,25,240946934055/4398046511104,868804132365/17592186044416,1,0
13,22,26,307178994915/4398046511104,2127871278605/35184372088832,1,0
13,22,27,752341449955/8796093022208,300185/4194304,1,0
13,22,28,106135/1048576,11577837366295/140737488355328,1,0
13,22,29,4093521557945/35184372088832,12982784216245/140737488355328,1,0
13,22,30,4590262014395/35184372088832,228096276784195/2251799813685248,1,0
13,22,31,80646928848845/562949953421312,15379458254395/140737488355328,1,0
13,22,32,5437642793045/35184372088832,1046199407600155/9007199254740992,1,0
13,22,33,369899808870005/2251799813685248,1098337579658155/9007199254740992,1,0
13,23,25,5153776257249/70368744177664,307178994915/4398046511104,1,0
13,23,26,6570458416197/70368744177664,752341449955/8796093022208,1,0
13,23,27,16092337996869/140737488355328,106135/1048576,1,0
13,23,28,2270193/16777216,4093521557945/35184372088832,1,0
13,23,29,87559089708351/562949953421312,4590262014395/35184372088832,1,0
13,23,30,98184205900461/562949953421312,80646928848845/562949953421312,1,0
13,23,31,1725011479192971/9007199254740992,5437642793045/35184372088832,1,0
13,23,32,116309404110531/562949953421312,369899808870005/2251799813685248,1,0
13,23,33,7912036150167459/36028797018963968,388334057388005/2251799813685248,1,0
13,24,26,8376561504441/70368744177664,16092337996869/140737488355328,1,0
13,24,27,20515837776057/140737488355328,2270193/16777216,1,0
13,24,28,2894229/16777216,87559089708351/562949953421312,1,0
13,24,29,111627538560603/562949953421312,98184205900461/562949953421312,1,0
13,24,30,125173311722433/562949953421312,1725011479192971/9007199254740992,1,0
13,24,31,2199186698405463/9007199254740992,116309404110531/562949953421312,1,0
13,24,32,148280807116143/562949953421312,7912036150167459/36028797018963968,1,0
13,24,33,10086915286437327/36028797018963968,8306338707719859/36028797018963968,1,0
13,25,27,50247300092089/281474976710656,2894229/16777216,1,0
13,25,28,7088533/33554432,111627538560603/562949953421312,1,0
13,25,29,273397678896731/1125899906842624,125173311722433/562949953421312,1,0
13,25,30,306573927240641/1125899906842624,2199186698405463/9007199254740992,1,0
13,25,31,5386238436836951/18014398509481984,148280807116143/562949953421312,1,0
13,25,32,363168703827311/1125899906842624,10086915286437327/36028797018963968,1,0
13,25,33,24704828773436879/72057594037927936,10589604659914527/36028797018963968,1,0
13,26,28,1/4,273397678896731/1125899906842624,1,0
13,26,29,38569007/134217728,306573927240641/1125899906842624,1,0
13,26,30,43249277/134217728,5386238436836951/18014398509481984,1,0
13,26,31,759852347/2147483648,363168703827311/1125899906842624,1,0
13,26,32,51233267/134217728,24704828773436879/72057594037927936,1,0
13,26,33,3485182163/8589934592,25936013386901279/72057594037927936,1,0
13,27,29,1487568300966049/4503599627370496,43249277/134217728,1,0
13,27,30,1668081667357939/4503599627370496,759852347/2147483648,1,0
13,27,31,29306750490409429/72057594037927936,51233267/134217728,1,0
13,27,32,1976016233555869/4503599627370496,3485182163/8589934592,1,0
13,27,33,134420015241022141/288230376151711744,3658868963/8589934592,1,0
13,28,30,1870499961022729/4503599627370496,29306750490409429/72057594037927936,1,0
13,28,31,32863064634503119/72057594037927936,1976016233555869/4503599627370496,1,0
13,28,32,2215801756097959/4503599627370496,134420015241022141/288230376151711744,1,0
13,28,33,150731608763046151/288230376151711744,141118942646029741/288230376151711744,1,0
13,29,31,577375589241408409/1152921504606846976,2215801756097959/4503599627370496,1,0
13,29,32,38929718174427649/72057594037927936,150731608763046151/288230376151711744,1,0
13,29,33,2648223846278086561/4611686018427387904,158243437287489751/288230376151711744,1,0
13,30,32,2624847647493289/4503599627370496,2648223846278086561/4611686018427387904,1,0
13,30,33,178557268300616521/288230376151711744,2780200168901006161/4611686018427387904,1,0
13,31,33,12146494709293358569/18446744073709551616,187455810499392121/288230376151711744,1,0
14,15,17,289/4294967296,77/2147483648,1,0
14,15,18,1309/4294967296,247/2147483648,1,0
14,15,19,4199/4294967296,1259/4294967296,1,0
14,15,20,21403/8589934592,5425/8589934592,1,0
14,15,21,92225/17179869184,5135/4294967296,1,0
14,15,22,87295/8589934592,35075/17179869184,1,0
14,15,23,596275/34359738368,440485/137438953472,1,0
14,15,24,7488245/274877906944,1289565/274877906944,1,0
14,15,25,21922605/549755813888,1779879/274877906944,1,0
14,15,26,30257943/549755813888,1168527/137438953472,1,0
14,15,27,19864959/274877906944,11762641/1099511627776,1,0
14,15,28,199964897/2199023255552,28539857/2199023255552,1,0
14,15,29,485177569/4398046511104,1/65536,1,0
14,15,30,17/131072,76803709/4398046511104,1,0
14,15,31,1305663053/8796093022208,1374282019/70368744177664,1,0
14,15,32,23362794323/140737488355328,3013746563/140737488355328,1,0
14,15,33,51233691571/281474976710656,3249464363/140737488355328,1,0
14,16,18,5929/4294967296,4199/4294967296,1,0
14,16,19,19019/4294967296,21403/8589934592,1,0
14,16,20,96943/8589934592,92225/17179869184,1,0
14,16,21,417725/17179869184,87295/8589934592,1,0
14,16,22,395395/8589934592,596275/34359738368,1,0
14,16,23,2700775/34359738368,7488245/274877906944,1,0
14,16,24,33917345/274877906944,21922605/549755813888,1,0
14,16,25,99296505/549755813888,30257943/549755813888,1,0
14,16,26,137050683/549755813888,19864959/274877906944,1,0
14,16,27,89976579/274877906944,199964897/2199023255552,1,0
14,16,28,905723357/2199023255552,485177569/4398046511104,1,0
14,16,29,2197568989/4398046511104,17/131072,1,0
14,16,30,77/131072,1305663053/8796093022208,1,0
14,16,31,5913885593/8796093022208,23362794323/140737488355328,1,0
14,16,32,105819715463/140737488355328,51233691571/281474976710656,1,0
14,16,33,232058485351/281474976710656,55240894171/281474976710656,1,0
14,17,19,61009/4294967296,96943/8589934592,1,0
14,17,20,310973/8589934592,417725/17179869184,1,0
14,17,21,1339975/17179869184,395395/8589934592,1,0
14,17,22,1268345/8589934592,2700775/34359738368,1,0
14,17,23,8663525/34359738368,33917345/274877906944,1,0
14,17,24,108799795/274877906944,99296505/549755813888,1,0
14,17,25,318522555/549755813888,137050683/549755813888,1,0
14,17,26,439630113/549755813888,89976579/274877906944,1,0
14,17,27,288626169/274877906944,905723357/2199023255552,1,0
14,17,28,2905372327/2199023255552,2197568989/4398046511104,1,0
14,17,29,7049344679/4398046511104,77/131072,1,0
14,17,30,247/131072,5913885593/8796093022208,1,0
14,17,31,18970516123/8796093022208,105819715463/140737488355328,1,0
14,17,32,339447658693/140737488355328,232058485351/281474976710656,1,0
14,17,33,744395401061/281474976710656,250208755951/281474976710656,1,0
14,18,20,1585081/17179869184,1339975/17179869184,1,0
14,18,21,6830075/34359738368,1268345/8589934592,1,0
14,18,22,6464965/17179869184,8663525/34359738368,1,0
14,18,23,44159425/68719476736,108799795/274877906944,1,0
14,18,24,554570615/549755813888,318522555/549755813888,1,0
14,18,25,1623562335/1099511627776,439630113/549755813888,1,0
14,18,26,2240867661/1099511627776,288626169/274877906944,1,0
14,18,27,1471175493/549755813888,2905372327/2199023255552,1,0
14,18,28,14809165019/4398046511104,7049344679/4398046511104,1,0
14,18,29,35931679963/8796093022208,247/131072,1,0
14,18,30,1259/262144,18970516123/8796093022208,1,0
14,18,31,96695869631/17592186044416,339447658693/140737488355328,1,0
14,18,32,1730221061921/281474976710656,744395401061/281474976710656,1,0
14,18,33,3794306922817/562949953421312,802617697661/281474976710656,1,0
14,19,21,29430625/68719476736,6464965/17179869184,1,0
14,19,22,27857375/34359738368,44159425/68719476736,1,0
14,19,23,190281875/137438953472,554570615/549755813888,1,0
14,19,24,2389631125/1099511627776,1623562335/1099511627776,1,0
14,19,25,6995890125/2199023255552,2240867661/1099511627776,1,0
14,19,26,9655843575/2199023255552,1471175493/549755813888,1,0
14,19,27,6339258975/1099511627776,14809165019/4398046511104,1,0
14,19,28,63812327425/8796093022208,35931679963/8796093022208,1,0
14,19,29,154828724225/17592186044416,1259/262144,1,0
14,19,30,5425/524288,96695869631/17592186044416,1,0
14,19,31,416660121325/35184372088832,1730221061921/281474976710656,1,0
14,19,32,7455479953075/562949953421312,3794306922817/562949953421312,1,0
14,19,33,16349575104275/1125899906842624,4091075633017/562949953421312,1,0
14,20,22,26368225/17179869184,190281875/137438953472,1,0
14,20,23,180110125/68719476736,2389631125/1099511627776,1,0
14,20,24,2261890475/549755813888,6995890125/2199023255552,1,0
14,20,25,6621916275/1099511627776,9655843575/2199023255552,1,0
14,20,26,9139678665/1099511627776,6339258975/1099511627776,1,0
14,20,27,6000386145/549755813888,63812327425/8796093022208,1,0
14,20,28,60401161535/4398046511104,154828724225/17592186044416,1,0
14,20,29,146552165695/8796093022208,5425/524288,1,0
14,20,30,5135/262144,416660121325/35184372088832,1,0
14,20,31,394387045715/17592186044416,7455479953075/562949953421312,1,0
14,20,32,7056938167565/281474976710656,16349575104275/1125899906842624,1,0
14,20,33,15475588601005/562949953421312,17628344169275/1125899906842624,1,0
14,21,23,1230255625/274877906944,2261890475/549755813888,1,0
14,21,24,15450011375/2199023255552,6621916275/1099511627776,1,0
14,21,25,45231492375/4398046511104,9139678665/1099511627776,1,0
14,21,26,62429255925/4398046511104,6000386145/549755813888,1,0
14,21,27,40986084525/2199023255552,60401161535/4398046511104,1,0
14,21,28,412574633075/17592186044416,146552165695/8796093022208,1,0
14,21,29,1001035484275/35184372088832,5135/262144,1,0
14,21,30,35075/1048576,394387045715/17592186044416,1,0
14,21,31,2693890093175/70368744177664,7056938167565/281474976710656,1,0
14,21,32,48202941816425/1125899906842624,15475588601005/562949953421312,1,0
14,21,33,105707160697225/2251799813685248,16685999504005/562949953421312,1,0
14,22,24,194027035225/17592186044416,45231492375/4398046511104,1,0
14,22,25,568034039025/35184372088832,62429255925/4398046511104,1,0
14,22,26,784010001315/35184372088832,40986084525/2199023255552,1,0
14,22,27,514718615595/17592186044416,412574633075/17592186044416,1,0
14,22,28,5181266920885/140737488355328,1001035484275/35184372088832,1,0
14,22,29,12571378910645/281474976710656,35075/1048576,1,0
14,22,30,440485/8388608,2693890093175/70368744177664,1,0
14,22,31,33830881758865/562949953421312,48202941816425/1125899906842624,1,0
14,22,32,605350615139215/9007199254740992,105707160697225/2251799813685248,1,0
14,22,33,1327510154803055/18014398509481984,113974962532225/2251799813685248,1,0
14,23,25,1662977889225/70368744177664,784010001315/35184372088832,1,0
14,23,26,2295269662635/70368744177664,514718615595/17592186044416,1,0
14,23,27,1506891520755/35184372088832,5181266920885/140737488355328,1,0
14,23,28,15168690141165/281474976710656,12571378910645/281474976710656,1,0
14,23,29,36804000692205/562949953421312,440485/8388608,1,0
14,23,30,1289565/16777216,33830881758865/562949953421312,1,0
14,23,31,99043374996585/1125899906842624,605350615139215/9007199254740992,1,0
14,23,32,1772225991831735/18014398509481984,1327510154803055/18014398509481984,1,0
14,23,33,3886422086515095/36028797018963968,1431340309936055/18014398509481984,1,0
14,24,26,3167969254641/70368744177664,1506891520755/35184372088832,1,0
14,24,27,2079836668233/35184372088832,15168690141165/281474976710656,1,0
14,24,28,20936077700439/281474976710656,36804000692205/562949953421312,1,0
14,24,29,50797492137303/562949953421312,1289565/16777216,1,0
14,24,30,1779879/16777216,99043374996585/1125899906842624,1,0
14,24,31,136701308771211/1125899906842624,1772225991831735/18014398509481984,1,0
14,24,32,2446055705695701/18014398509481984,3886422086515095/36028797018963968,1,0
14,24,33,5364104218805877/36028797018963968,4190395511272095/36028797018963968,1,0
14,25,27,1365455349729/17592186044416,20936077700439/281474976710656,1,0
14,25,28,13744963599807/140737488355328,50797492137303/562949953421312,1,0
14,25,29,33349593480639/281474976710656,1779879/16777216,1,0
14,25,30,1168527/8388608,136701308771211/1125899906842624,1,0
14,25,31,89747207666643/562949953421312,2446055705695701/18014398509481984,1,0
14,25,32,1605885644816013/9007199254740992,5364104218805877/36028797018963968,1,0
14,25,33,3521644230022701/18014398509481984,5783653380952077/36028797018963968,1,0
14,26,28,138359723294881/1125899906842624,33349593480639/281474976710656,1,0
14,26,29,335704092082337/2251799813685248,1168527/8388608,1,0
14,26,30,11762641/67108864,89747207666643/562949953421312,1,0
14,26,31,903414456435469/4503599627370496,1605885644816013/9007199254740992,1,0
14,26,32,16165186022252179/72057594037927936,3521644230022701/18014398509481984,1,0
14,26,33,35449618885552883/144115188075855872,3797086843703301/18014398509481984,1,0
14,27,29,814523437580449/4503599627370496,11762641/67108864,1,0
14,27,30,28539857/134217728,903414456435469/4503599627370496,1,0
14,27,31,2191966871929613/9007199254740992,16165186022252179/72057594037927936,1,0
14,27,32,39221812299931283/144115188075855872,35449618885552883/144115188075855872,1,0
14,27,33,86011895942261491/288230376151711744,38222282744262683/144115188075855872,1,0
14,28,30,1/4,2191966871929613/9007199254740992,1,0
14,28,31,76803709/268435456,39221812299931283/144115188075855872,1,0
14,28,32,1374282019/4294967296,86011895942261491/288230376151711744,1,0
14,28,33,3013746563/8589934592,92739248246616091/288230376151711744,1,0
14,29,31,5898809716156681/18014398509481984,1374282019/4294967296,1,0
14,29,32,105549956271208471/288230376151711744,3013746563/8589934592,1,0
14,29,33,231466914024402167/576460752303423488,3249464363/8589934592,1,0
14,30,32,1888651067746716361/4611686018427387904,231466914024402167/576460752303423488,1,0
14,30,33,4141737711353950697/9223372036854775808,249570915341722367/576460752303423488,1,0
14,31,33,9082668345994312969/18446744073709551616,4465680445452188897/9223372036854775808,1,0
15,16,18,81/4294967296,43/4294967296,1,0
15,16,19,387/4294967296,145/4294967296,1,0
15,16,20,1305/4294967296,1549/17179869184,1,0
15,16,21,13941/17179869184,3487/17179869184,1,0
15,16,22,31383/17179869184,13757/34359738368,1,0
15,16,23,123813/34359738368,763/1073741824,1,0
15,16,24,6867/1073741824,635813/549755813888,1,0
15,16,25,5722317/549755813888,962689/549755813888,1,0
15,16,26,8664201/549755813888,342821/137438953472,1,0
15,16,27,3085389/137438953472,1854169/549755813888,1,0
15,16,28,16687521/549755813888,19179317/4398046511104,1,0
15,16,29,172613853/4398046511104,23859587/4398046511104,1,0
15,16,30,214736283/4398046511104,57414019/8796093022208,1,0
15,16,31,516726171/8796093022208,1/131072,1,0
15,16,32,9/131072,2448023843/281474976710656,1,0
15,16,33,22032214587/281474976710656,2730885203/281474976710656,1,0
15,17,19,1849/4294967296,1305/4294967296,1,0
15,17,20,6235/4294967296,13941/17179869184,1,0
15,17,21,66607/17179869184,31383/17179869184,1,0
15,17,22,149941/17179869184,123813/34359738368,1,0
15,17,23,591551/34359738368,6867/1073741824,1,0
15,17,24,32809/1073741824,5722317/549755813888,1,0
15,17,25,27339959/549755813888,8664201/549755813888,1,0
15,17,26,41395627/549755813888,3085389/137438953472,1,0
15,17,27,14741303/137438953472,16687521/549755813888,1,0
15,17,28,79729267/549755813888,172613853/4398046511104,1,0
15,17,29,824710631/4398046511104,214736283/4398046511104,1,0
15,17,30,1025962241/4398046511104,516726171/8796093022208,1,0
15,17,31,2468802817/8796093022208,9/131072,1,0
15,17,32,43/131072,22032214587/281474976710656,1,0
15,17,33,105265025249/281474976710656,24577966827/281474976710656,1,0
15,18,20,21025/4294967296,66607/17179869184,1,0
15,18,21,224605/17179869184,149941/17179869184,1,0
15,18,22,505615/17179869184,591551/34359738368,1,0
15,18,23,1994765/34359738368,32809/1073741824,1,0
15,18,24,110635/1073741824,27339959/549755813888,1,0
15,18,25,92192885/549755813888,41395627/549755813888,1,0
15,18,26,139589905/549755813888,14741303/137438953472,1,0
15,18,27,49709045/137438953472,79729267/549755813888,1,0
15,18,28,268854505/549755813888,824710631/4398046511104,1,0
15,18,29,2781000965/4398046511104,1025962241/4398046511104,1,0
15,18,30,3459640115/4398046511104,2468802817/8796093022208,1,0
15,18,31,8325032755/8796093022208,43/131072,1,0
15,18,32,145/131072,105265025249/281474976710656,1,0
15,18,33,354963457235/281474976710656,117428063729/281474976710656,1,0
15,19,21,2399401/68719476736,505615/17179869184,1,0
15,19,22,5401363/68719476736,1994765/34359738368,1,0
15,19,23,21309593/137438953472,110635/1073741824,1,0
15,19,24,1181887/4294967296,92192885/549755813888,1,0
15,19,25,984874337/2199023255552,139589905/549755813888,1,0
15,19,26,1491205261/2199023255552,49709045/137438953472,1,0
15,19,27,531029729/549755813888,268854505/549755813888,1,0
15,19,28,2872107781/2199023255552,2781000965/4398046511104,1,0
15,19,29,29708762033/17592186044416,3459640115/4398046511104,1,0
15,19,30,36958500263/17592186044416,8325032755/8796093022208,1,0
15,19,31,88934315431/35184372088832,145/131072,1,0
15,19,32,1549/524288,354963457235/281474976710656,1,0
15,19,33,3791988932807/1125899906842624,395978354435/281474976710656,1,0
15,20,22,12159169/68719476736,21309593/137438953472,1,0
15,20,23,47970659/137438953472,1181887/4294967296,1,0
15,20,24,2660581/4294967296,984874337/2199023255552,1,0
15,20,25,2217079931/2199023255552,1491205261/2199023255552,1,0
15,20,26,3356896543/2199023255552,531029729/549755813888,1,0
15,20,27,1195416827/549755813888,2872107781/2199023255552,1,0
15,20,28,6465487303/2199023255552,29708762033/17592186044416,1,0
15,20,29,66878278379/17592186044416,36958500263/17592186044416,1,0
15,20,30,83198379869/17592186044416,88934315431/35184372088832,1,0
15,20,31,200202684253/35184372088832,1549/524288,1,0
15,20,32,3487/524288,3791988932807/1125899906842624,1,0
15,20,33,8536259140541/1125899906842624,4230141179447/1125899906842624,1,0
15,21,23,189255049/274877906944,2660581/4294967296,1,0
15,21,24,10496591/8589934592,2217079931/2199023255552,1,0
15,21,25,8746879441/4398046511104,3356896543/2199023255552,1,0
15,21,26,13243712573/4398046511104,1195416827/549755813888,1,0
15,21,27,4716188497/1099511627776,6465487303/2199023255552,1,0
15,21,28,25507802933/4398046511104,66878278379/17592186044416,1,0
15,21,29,263849863969/35184372088832,83198379869/17592186044416,1,0
15,21,30,328236338359/35184372088832,200202684253/35184372088832,1,0
15,21,31,789844659383/70368744177664,3487/524288,1,0
15,21,32,13757/1048576,8536259140541/1125899906842624,1,0
15,21,33,33677464008151/2251799813685248,9522596702861/1125899906842624,1,0
15,22,24,582169/268435456,8746879441/4398046511104,1,0
15,22,25,485125319/137438953472,13243712573/4398046511104,1,0
15,22,26,734531707/137438953472,4716188497/1099511627776,1,0
15,22,27,261572423/34359738368,25507802933/4398046511104,1,0
15,22,28,1414730947/137438953472,263849863969/35184372088832,1,0
15,22,29,14633818871/1099511627776,328236338359/35184372088832,1,0
15,22,30,18204864881/1099511627776,789844659383/70368744177664,1,0
15,22,31,43806896497/2199023255552,13757/1048576,1,0
15,22,32,763/32768,33677464008151/2251799813685248,1,0
15,22,33,1867842192209/70368744177664,37568787737671/2251799813685248,1,0
15,23,25,404258170969/70368744177664,734531707/137438953472,1,0
15,23,26,612090181157/70368744177664,261572423/34359738368,1,0
15,23,27,217970048473/17592186044416,1414730947/137438953472,1,0
15,23,28,1178904754397/70368744177664,14633818871/1099511627776,1,0
15,23,29,12194459079721/562949953421312,18204864881/1099511627776,1,0
15,23,30,15170235589231/562949953421312,43806896497/2199023255552,1,0
15,23,31,36504579662447/1125899906842624,763/32768,1,0
15,23,32,635813/16777216,1867842192209/70368744177664,1,0
15,23,33,1556485383689359/36028797018963968,2083665409889/70368744177664,1,0
15,24,26,926770110721/70368744177664,217970048473/17592186044416,1,0
15,24,27,330030005669/17592186044416,1178904754397/70368744177664,1,0
15,24,28,1784988100441/70368744177664,12194459079721/562949953421312,1,0
15,24,29,18463717503413/562949953421312,15170235589231/562949953421312,1,0
15,24,30,22969361949443/562949953421312,36504579662447/1125899906842624,1,0
15,24,31,55271844537091/1125899906842624,635813/16777216,1,0
15,24,32,962689/16777216,1556485383689359/36028797018963968,1,0
15,24,33,2356685625393827/36028797018963968,1736332313575039/36028797018963968,1,0
15,25,27,117526238041/4398046511104,1784988100441/70368744177664,1,0
15,25,28,635648070749/17592186044416,18463717503413/562949953421312,1,0
15,25,29,6575072633257/140737488355328,22969361949443/562949953421312,1,0
15,25,30,8179567474927/140737488355328,55271844537091/1125899906842624,1,0
15,25,31,19682731407599/281474976710656,962689/16777216,1,0
15,25,32,342821/4194304,2356685625393827/36028797018963968,1,0
15,25,33,839233981881103/9007199254740992,2628993145190867/36028797018963968,1,0
15,26,28,3437942680561/70368744177664,6575072633257/140737488355328,1,0
15,26,29,35561695022573/562949953421312,8179567474927/140737488355328,1,0
15,26,30,44239706568203/562949953421312,19682731407599/281474976710656,1,0
15,26,31,106455294195211/1125899906842624,342821/4194304,1,0
15,26,32,1854169/16777216,839233981881103/9007199254740992,1,0
15,26,33,4539049920951467/36028797018963968,936204796177663/9007199254740992,1,0
15,27,29,367846200586489/4503599627370496,44239706568203/562949953421312,1,0
15,27,30,457610582562079/4503599627370496,106455294195211/1125899906842624,1,0
15,27,31,1101161670645023/9007199254740992,1854169/16777216,1,0
15,27,32,19179317/134217728,4539049920951467/36028797018963968,1,0
15,27,33,46951425308455231/288230376151711744,5063522685961307/36028797018963968,1,0
15,28,30,569279891810569/4503599627370496,1101161670645023/9007199254740992,1,0
15,28,31,1369874781350153/9007199254740992,19179317/134217728,1,0
15,28,32,23859587/134217728,46951425308455231/288230376151711744,1,0
15,28,33,58408837860132841/288230376151711744,52376512998946351/288230376151711744,1,0
15,29,31,3296369577732361/18014398509481984,23859587/134217728,1,0
15,29,32,57414019/268435456,58408837860132841/288230376151711744,1,0
15,29,33,140550887434455017/576460752303423488,65157793087991161/288230376151711744,1,0
15,30,32,1/4,140550887434455017/576460752303423488,1,0
15,30,33,2448023843/8589934592,156791094931860857/576460752303423488,1,0
15,31,33,5992820735896488649/18446744073709551616,2730885203/8589934592,1,0
16,17,19,361/68719476736,191/68719476736,1,0
16,17,20,3629/137438953472,1351/137438953472,1,0
16,17,21,25669/274877906944,7547/274877906944,1,0
16,17,22,143393/549755813888,35443/549755813888,1,0
16,17,23,673417/1099511627776,145499/1099511627776,1,0
16,17,24,2764481/2199023255552,536155/2199023255552,1,0
16,17,25,10186945/4398046511104,1807781/4398046511104,1,0
16,17,26,34347839/8796093022208,5658537/8796093022208,1,0
16,17,27,107512203/17592186044416,16628809/17592186044416,1,0
16,17,28,315947371/35184372088832,46295513/35184372088832,1,0
16,17,29,879614747/70368744177664,123012781/70368744177664,1,0
16,17,30,2337242839/140737488355328,313889477/140737488355328,1,0
16,17,31,5963900063/281474976710656,773201629/281474976710656,1,0
16,17,32,14690830951/562949953421312,1846943453/562949953421312,1,0
16,17,33,35091925607/1125899906842624,1/262144,1,0
16,18,20,36481/274877906944,25669/274877906944,1,0
16,18,21,258041/549755813888,143393/549755813888,1,0
16,18,22,1441477/1099511627776,673417/1099511627776,1,0
16,18,23,6769613/2199023255552,2764481/2199023255552,1,0
16,18,24,27790309/4398046511104,10186945/4398046511104,1,0
16,18,25,102405605/8796093022208,34347839/8796093022208,1,0
16,18,26,345286171/17592186044416,107512203/17592186044416,1,0
16,18,27,1080780567/35184372088832,315947371/35184372088832,1,0
16,18,28,3176102519/70368744177664,879614747/70368744177664,1,0
16,18,29,8842442983/140737488355328,2337242839/140737488355328,1,0
16,18,30,23495441171/281474976710656,5963900063/281474976710656,1,0
16,18,31,59952890107/562949953421312,14690830951/562949953421312,1,0
16,18,32,147681511139/1125899906842624,35091925607/1125899906842624,1,0
16,18,33,352766199523/2251799813685248,19/524288,1,0
16,19,21,1825201/1099511627776,1441477/1099511627776,1,0
16,19,22,10195997/2199023255552,6769613/2199023255552,1,0
16,19,23,47883493/4398046511104,27790309/4398046511104,1,0
16,19,24,196569149/8796093022208,102405605/8796093022208,1,0
16,19,25,724345405/17592186044416,345286171/17592186044416,1,0
16,19,26,2442312131/35184372088832,1080780567/35184372088832,1,0
16,19,27,7644683487/70368744177664,3176102519/70368744177664,1,0
16,19,28,22465520959/140737488355328,8842442983/140737488355328,1,0
16,19,29,62545238063/281474976710656,23495441171/281474976710656,1,0
16,19,30,166190267131/562949953421312,59952890107/562949953421312,1,0
16,19,31,424064683427/1125899906842624,147681511139/1125899906842624,1,0
16,19,32,1044595400779/2251799813685248,352766199523/2251799813685248,1,0
16,19,33,2495220605003/4503599627370496,191/1048576,1,0
16,20,22,56957209/4398046511104,47883493/4398046511104,1,0
16,20,23,267488321/8796093022208,196569149/8796093022208,1,0
16,20,24,1098080953/17592186044416,724345405/17592186044416,1,0
16,20,25,4046361785/35184372088832,2442312131/35184372088832,1,0
16,20,26,13643323207/70368744177664,7644683487/70368744177664,1,0
16,20,27,42704978739/140737488355328,22465520959/140737488355328,1,0
16,20,28,125497621523/281474976710656,62545238063/281474976710656,1,0
16,20,29,349392236611/562949953421312,166190267131/562949953421312,1,0
16,20,30,928377458207/1125899906842624,424064683427/1125899906842624,1,0
16,20,31,2368923882919/2251799813685248,1044595400779/2251799813685248,1,0
16,20,32,5835352694063/4503599627370496,2495220605003/4503599627370496,1,0
16,20,33,13938882239791/9007199254740992,1351/2097152,1,0
16,21,23,1256206249/17592186044416,1098080953/17592186044416,1,0
16,21,24,5156921057/35184372088832,4046361785/35184372088832,1,0
16,21,25,19002941665/70368744177664,13643323207/70368744177664,1,0
16,21,26,64073181983/140737488355328,42704978739/140737488355328,1,0
16,21,27,200555526891/281474976710656,125497621523/281474976710656,1,0
16,21,28,589374877387/562949953421312,349392236611/562949953421312,1,0
16,21,29,1640851867259/1125899906842624,928377458207/1125899906842624,1,0
16,21,30,4359941996983/2251799813685248,2368923882919/2251799813685248,1,0
16,21,31,11125184733311/4503599627370496,5835352694063/4503599627370496,1,0
16,21,32,27404585336647/9007199254740992,13938882239791/9007199254740992,1,0
16,21,33,65461216804679/18014398509481984,7547/4194304,1,0
16,22,24,21169959001/70368744177664,19002941665/70368744177664,1,0
16,22,25,78010016345/140737488355328,64073181983/140737488355328,1,0
16,22,26,263030327719/281474976710656,200555526891/281474976710656,1,0
16,22,27,823311474963/562949953421312,589374877387/562949953421312,1,0
16,22,28,2419475080691/1125899906842624,1640851867259/1125899906842624,1,0
16,22,29,6735950845987/2251799813685248,4359941996983/2251799813685248,1,0
16,22,30,17898236622719/4503599627370496,11125184733311/4503599627370496,1,0
16,22,31,45670605014023/9007199254740992,27404585336647/9007199254740992,1,0
16,22,32,112500063817871/18014398509481984,65461216804679/18014398509481984,1,0
16,22,33,268728425468047/36028797018963968,35443/8388608,1,0
16,23,25,287462184025/281474976710656,263030327719/281474976710656,1,0
16,23,26,969250822055/562949953421312,823311474963/562949953421312,1,0
16,23,27,3033852905235/1125899906842624,2419475080691/1125899906842624,1,0
16,23,28,8915619089395/2251799813685248,6735950845987/2251799813685248,1,0
16,23,29,24821570772515/4503599627370496,17898236622719/4503599627370496,1,0
16,23,30,65953917597055/9007199254740992,45670605014023/9007199254740992,1,0
16,23,31,168293412540935/18014398509481984,112500063817871/18014398509481984,1,0
16,23,32,414555919396495/36028797018963968,268728425468047/36028797018963968,1,0
16,23,33,990247967043215/72057594037927936,145499/16777216,1,0
16,24,26,3268072143961/1125899906842624,3033852905235/1125899906842624,1,0
16,24,27,10229395676397/2251799813685248,8915619089395/2251799813685248,1,0
16,24,28,30061244962829/4503599627370496,24821570772515/4503599627370496,1,0
16,24,29,83692148786653/9007199254740992,65953917597055/9007199254740992,1,0
16,24,30,222380168248961/18014398509481984,168293412540935/18014398509481984,1,0
16,24,31,567443432620537/36028797018963968,414555919396495/36028797018963968,1,0
16,24,32,1397779214075249/72057594037927936,990247967043215/72057594037927936,1,0
16,24,33,3338869282407793/144115188075855872,536155/33554432,1,0
16,25,27,32019040980369/4503599627370496,30061244962829/4503599627370496,1,0
16,25,28,94094730992433/9007199254740992,83692148786653/9007199254740992,1,0
16,25,29,261964873244481/18014398509481984,222380168248961/18014398509481984,1,0
16,25,30,696072372761397/36028797018963968,567443432620537/36028797018963968,1,0
16,25,31,1776155219515149/72057594037927936,1397779214075249/72057594037927936,1,0
16,25,32,4375190026156773/144115188075855872,3338869282407793/144115188075855872,1,0
16,25,33,10450997865708261/288230376151711744,1807781/67108864,1,0
16,26,28,276517288758481/18014398509481984,261964873244481/18014398509481984,1,0
16,26,29,769839243234017/36028797018963968,696072372761397/36028797018963968,1,0
16,26,30,2045556039807829/72057594037927936,1776155219515149/72057594037927936,1,0
16,26,31,5219608160142893/144115188075855872,4375190026156773/144115188075855872,1,0
16,26,32,12857422207129861/288230376151711744,10450997865708261/288230376151711744,1,0
16,26,33,30712469913737477/576460752303423488,5658537/134217728,1,0
16,27,29,2143274523933169/72057594037927936,2045556039807829/72057594037927936,1,0
16,27,30,5694939801951653/144115188075855872,5219608160142893/144115188075855872,1,0
16,27,31,14531674363016701/288230376151711744,12857422207129861/288230376151711744,1,0
16,27,32,35795766066990677/576460752303423488,30712469913737477/576460752303423488,1,0
16,27,33,85505194638626389/1152921504606846976,16628809/268435456,1,0
16,28,30,15132144289353961/288230376151711744,14531674363016701/288230376151711744,1,0
16,28,31,38612417492405537/576460752303423488,35795766066990677/576460752303423488,1,0
16,28,32,95113682657020249/1152921504606846976,85505194638626389/1152921504606846976,1,0
16,28,33,227197650503272793/2305843009213693952,46295513/536870912,1,0
16,29,31,98526603771333529/1152921504606846976,95113682657020249/1152921504606846976,1,0
16,29,32,242699854942358033/2305843009213693952,227197650503272793/2305843009213693952,1,0
16,29,33,579736114510744081/4611686018427387904,123012781/1073741824,1,0
16,30,32,597840759088253641/4611686018427387904,579736114510744081/4611686018427387904,1,0
16,30,33,1428059686530484937/9223372036854775808,313889477/2147483648,1,0
16,31,33,3411200118579563209/18446744073709551616,773201629/4294967296,1,0
17,18,20,25/17179869184,211/274877906944,1,0
17,18,21,1055/137438953472,781/274877906944,1,0
17,18,22,3905/137438953472,9109/1099511627776,1,0
17,18,23,45545/549755813888,5569/274877906944,1,0
17,18,24,27845/137438953472,190051/4398046511104,1,0
17,18,25,950255/2199023255552,363103/4398046511104,1,0
17,18,26,1815515/2199023255552,2533987/17592186044416,1,0
17,18,27,12669935/8796093022208,2048131/8796093022208,1,0
17,18,28,10240655/4398046511104,24821333/70368744177664,1,0
17,18,29,124106665/35184372088832,35558423/70368744177664,1,0
17,18,30,177792115/35184372088832,194129627/281474976710656,1,0
17,18,31,970648135/140737488355328,15875597/17592186044416,1,0
17,18,32,79377985/8796093022208,1281220733/1125899906842624,1,0
17,18,33,6406103665/562949953421312,1564082093/1125899906842624,1,0
17,19,21,44521/1099511627776,3905/137438953472,1,0
17,19,22,164791/1099511627776,45545/549755813888,1,0
17,19,23,1921999/4398046511104,27845/137438953472,1,0
17,19,24,1175059/1099511627776,950255/2199023255552,1,0
17,19,25,40100761/17592186044416,1815515/2199023255552,1,0
17,19,26,76614733/17592186044416,12669935/8796093022208,1,0
17,19,27,534671257/70368744177664,10240655/4398046511104,1,0
17,19,28,432155641/35184372088832,124106665/35184372088832,1,0
17,19,29,5237301263/281474976710656,177792115/35184372088832,1,0
17,19,30,7502827253/281474976710656,970648135/140737488355328,1,0
17,19,31,40961351297/1125899906842624,79377985/8796093022208,1,0
17,19,32,3349750967/70368744177664,6406103665/562949953421312,1,0
17,19,33,270337574663/4503599627370496,7820410465/562949953421312,1,0
17,20,22,609961/1099511627776,1921999/4398046511104,1,0
17,20,23,7114129/4398046511104,1175059/1099511627776,1,0
17,20,24,4349389/1099511627776,40100761/17592186044416,1,0
17,20,25,148429831/17592186044416,76614733/17592186044416,1,0
17,20,26,283583443/17592186044416,534671257/70368744177664,1,0
17,20,27,1979043847/70368744177664,432155641/35184372088832,1,0
17,20,28,1599590311/35184372088832,5237301263/281474976710656,1,0
17,20,29,19385461073/281474976710656,7502827253/281474976710656,1,0
17,20,30,27771128363/281474976710656,40961351297/1125899906842624,1,0
17,20,31,151615238687/1125899906842624,3349750967/70368744177664,1,0
17,20,32,12398841257/70368744177664,270337574663/4503599627370496,1,0
17,20,33,1000633392473/4503599627370496,330021321623/4503599627370496,1,0
17,21,23,82973881/17592186044416,4349389/1099511627776,1,0
17,21,24,50728021/4398046511104,148429831/17592186044416,1,0
17,21,25,1731174559/70368744177664,283583443/17592186044416,1,0
17,21,26,3307505227/70368744177664,1979043847/70368744177664,1,0
17,21,27,23082087583/281474976710656,1599590311/35184372088832,1,0
17,21,28,18656425279/140737488355328,19385461073/281474976710656,1,0
17,21,29,226097522297/1125899906842624,27771128363/281474976710656,1,0
17,21,30,323901675107/1125899906842624,151615238687/1125899906842624,1,0
17,21,31,1768326772343/4503599627370496,12398841257/70368744177664,1,0
17,21,32,144610813073/281474976710656,1000633392473/4503599627370496,1,0
17,21,33,11670639656897/18014398509481984,1221548114633/4503599627370496,1,0
17,22,24,31013761/1099511627776,1731174559/70368744177664,1,0
17,22,25,1058394019/17592186044416,3307505227/70368744177664,1,0
17,22,26,2022120607/17592186044416,23082087583/281474976710656,1,0
17,22,27,14111773603/70368744177664,18656425279/140737488355328,1,0
17,22,28,11406041539/35184372088832,226097522297/1125899906842624,1,0
17,22,29,138230003477/281474976710656,323901675107/1125899906842624,1,0
17,22,30,198024857687/281474976710656,1768326772343/4503599627370496,1,0
17,22,31,1081107892763/1125899906842624,144610813073/281474976710656,1,0
17,22,32,88411199693/70368744177664,11670639656897/18014398509481984,1,0
17,22,33,7135118262077/4503599627370496,14247223785137/18014398509481984,1,0
17,23,25,36119382601/281474976710656,2022120607/17592186044416,1,0
17,23,26,69008088253/281474976710656,14111773603/70368744177664,1,0
17,23,27,481586763337/1125899906842624,11406041539/35184372088832,1,0
17,23,28,389249344681/562949953421312,138230003477/281474976710656,1,0
17,23,29,4717319157983/4503599627370496,198024857687/281474976710656,1,0
17,23,30,6757913849573/4503599627370496,1081107892763/1125899906842624,1,0
17,23,31,36894529740977/18014398509481984,88411199693/70368744177664,1,0
17,23,32,3017173085447/1125899906842624,7135118262077/4503599627370496,1,0
17,23,33,243497281527383/72057594037927936,8710373175917/4503599627370496,1,0
17,24,26,131843788609/281474976710656,481586763337/1125899906842624,1,0
17,24,27,920098281661/1125899906842624,389249344681/562949953421312,1,0
17,24,28,743682510493/562949953421312,4717319157983/4503599627370496,1,0
17,24,29,9012700476299/4503599627370496,6757913849573/4503599627370496,1,0
17,24,30,12911370066569/4503599627370496,36894529740977/18014398509481984,1,0
17,24,31,70489049952581/18014398509481984,3017173085447/1125899906842624,1,0
17,24,32,5764476897491/1125899906842624,243497281527383/72057594037927936,1,0
17,24,33,465215091814499/72057594037927936,297255365856743/72057594037927936,1,0
17,25,27,6421090116169/4503599627370496,743682510493/562949953421312,1,0
17,25,28,5189937328297/2251799813685248,9012700476299/4503599627370496,1,0
17,25,29,62896935144671/18014398509481984,12911370066569/4503599627370496,1,0
17,25,30,90104581622501/18014398509481984,70489049952581/18014398509481984,1,0
17,25,31,491921951132849/72057594037927936,5764476897491/1125899906842624,1,0
17,25,32,40228556415239/4503599627370496,465215091814499/72057594037927936,1,0
17,25,33,3246596681552471/288230376151711744,567922900214579/72057594037927936,1,0
17,26,28,4194840593161/1125899906842624,62896935144671/18014398509481984,1,0
17,26,29,50837341578623/9007199254740992,90104581622501/18014398509481984,1,0
17,26,30,72828308457413/9007199254740992,491921951132849/72057594037927936,1,0
17,26,31,397602907077137/36028797018963968,40228556415239/4503599627370496,1,0
17,26,32,32515302359207/2251799813685248,3246596681552471/288230376151711744,1,0
17,26,33,2624107901100023/144115188075855872,3963363690594791/288230376151711744,1,0
17,27,29,616098571896889/72057594037927936,72828308457413/9007199254740992,1,0
17,27,30,882607458237859/72057594037927936,397602907077137/36028797018963968,1,0
17,27,31,4818556116932791/288230376151711744,32515302359207/2251799813685248,1,0
17,27,32,394053479710801/18014398509481984,2624107901100023/144115188075855872,1,0
17,27,33,31801606460297089/1152921504606846976,3203445021218183/144115188075855872,1,0
17,28,30,1264401446246929/72057594037927936,4818556116932791/288230376151711744,1,0
17,28,31,6902943393698221/288230376151711744,394053479710801/18014398509481984,1,0
17,28,32,564511193503531/18014398509481984,31801606460297089/1152921504606846976,1,0
17,28,33,45558188780384059/1152921504606846976,38822602469689969/1152921504606846976,1,0
17,29,31,37686312079159129/1152921504606846976,564511193503531/18014398509481984,1,0
17,29,32,3081923724012319/72057594037927936,45558188780384059/1152921504606846976,1,0
17,29,33,248722903001956591/4611686018427387904,55616292669619339/1152921504606846976,1,0
17,30,32,252034580106409/4503599627370496,248722903001956591/4611686018427387904,1,0
17,30,33,20340144025152601/288230376151711744,303634673311469311/4611686018427387904,1,0
17,31,33,1641526566669057289/18446744073709551616,24830736983384521/288230376151711744,1,0
18,19,21,441/1099511627776,29/137438953472,1,0
18,19,22,609/274877906944,897/1099511627776,1,0
18,19,23,18837/2199023255552,10903/4398046511104,1,0
18,19,24,228963/8796093022208,55455/8796093022208,1,0
18,19,25,1164555/17592186044416,122753/8796093022208,1,0
18,19,26,2577813/17592186044416,15183/549755813888,1,0
18,19,27,318843/1099511627776,3505699/70368744177664,1,0
18,19,28,73619679/140737488355328,11698223/140737488355328,1,0
18,19,29,245662683/281474976710656,9129889/70368744177664,1,0
18,19,30,191727669/140737488355328,53818201/281474976710656,1,0
18,19,31,1130182221/562949953421312,301766029/1125899906842624,1,0
18,19,32,6337086609/2251799813685248,809785133/2251799813685248,1,0
18,19,33,17005487793/4503599627370496,1045502933/2251799813685248,1,0
18,20,22,841/68719476736,18837/2199023255552,1,0
18,20,23,26013/549755813888,228963/8796093022208,1,0
18,20,24,316187/2199023255552,1164555/17592186044416,1,0
18,20,25,1608195/4398046511104,2577813/17592186044416,1,0
18,20,26,3559837/4398046511104,318843/1099511627776,1,0
18,20,27,440307/274877906944,73619679/140737488355328,1,0
18,20,28,101665271/35184372088832,245662683/281474976710656,1,0
18,20,29,339248467/70368744177664,191727669/140737488355328,1,0
18,20,30,264766781/35184372088832,1130182221/562949953421312,1,0
18,20,31,1560727829/140737488355328,6337086609/2251799813685248,1,0
18,20,32,8751214841/562949953421312,17005487793/4503599627370496,1,0
18,20,33,23483768857/1125899906842624,21955561593/4503599627370496,1,0
18,21,23,804609/4398046511104,316187/2199023255552,1,0
18,21,24,9779991/17592186044416,1608195/4398046511104,1,0
18,21,25,49743135/35184372088832,3559837/4398046511104,1,0
18,21,26,110109441/35184372088832,440307/274877906944,1,0
18,21,27,13619151/2199023255552,101665271/35184372088832,1,0
18,21,28,3144612003/281474976710656,339248467/70368744177664,1,0
18,21,29,10493306031/562949953421312,264766781/35184372088832,1,0
18,21,30,8189510433/281474976710656,1560727829/140737488355328,1,0
18,21,31,48274926297/1125899906842624,8751214841/562949953421312,1,0
18,21,32,270684128013/4503599627370496,23483768857/1125899906842624,1,0
18,21,33,726377264301/9007199254740992,30319585057/1125899906842624,1,0
18,22,24,118875409/70368744177664,49743135/35184372088832,1,0
18,22,25,604625865/140737488355328,110109441/35184372088832,1,0
18,22,26,1338375959/140737488355328,13619151/2199023255552,1,0
18,22,27,165540249/8796093022208,3144612003/281474976710656,1,0
18,22,28,38222636197/1125899906842624,10493306031/562949953421312,1,0
18,22,29,127545725369/2251799813685248,8189510433/281474976710656,1,0
18,22,30,99543179767/1125899906842624,48274926297/1125899906842624,1,0
18,22,31,586779845503/4503599627370496,270684128013/4503599627370496,1,0
18,22,32,3290155014187/18014398509481984,726377264301/9007199254740992,1,0
18,22,33,8829087305099/36028797018963968,937816130901/9007199254740992,1,0
18,23,25,3075257025/281474976710656,1338375959/140737488355328,1,0
18,23,26,6807267615/281474976710656,165540249/8796093022208,1,0
18,23,27,841973265/17592186044416,38222636197/1125899906842624,1,0
18,23,28,194408538045/2251799813685248,127545725369/2251799813685248,1,0
18,23,29,648724956465/4503599627370496,99543179767/1125899906842624,1,0
18,23,30,506297994495/2251799813685248,586779845503/4503599627370496,1,0
18,23,31,2984488336455/9007199254740992,3290155014187/18014398509481984,1,0
18,23,32,16734435138195/36028797018963968,8829087305099/36028797018963968,1,0
18,23,33,44906634550515/72057594037927936,11399118478499/36028797018963968,1,0
18,24,26,15068299009/281474976710656,841973265/17592186044416,1,0
18,24,27,1863758799/17592186044416,194408538045/2251799813685248,1,0
18,24,28,430335069347/2251799813685248,648724956465/4503599627370496,1,0
18,24,29,1435991967919/4503599627370496,506297994495/2251799813685248,1,0
18,24,30,1120721264417/2251799813685248,2984488336455/9007199254740992,1,0
18,24,31,6606345627353/9007199254740992,16734435138195/36028797018963968,1,0
18,24,32,37042685357837/36028797018963968,44906634550515/72057594037927936,1,0
18,24,33,99403554431149/72057594037927936,57978365149515/72057594037927936,1,0
18,25,27,230523489/1099511627776,430335069347/2251799813685248,1,0
18,25,28,53227027917/140737488355328,1435991967919/4503599627370496,1,0
18,25,29,177614119809/281474976710656,1120721264417/2251799813685248,1,0
18,25,30,138619104687/140737488355328,6606345627353/9007199254740992,1,0
18,25,31,817121745783/562949953421312,37042685357837/36028797018963968,1,0
18,25,32,4581713618307/2251799813685248,99403554431149/72057594037927936,1,0
18,25,33,12294967674339/4503599627370496,128338621534549/72057594037927936,1,0
18,26,28,12289925478601/18014398509481984,177614119809/281474976710656,1,0
18,26,29,41010448672877/36028797018963968,138619104687/140737488355328,1,0
18,26,30,32006642737411/18014398509481984,817121745783/562949953421312,1,0
18,26,31,188670413427499/72057594037927936,4581713618307/2251799813685248,1,0
18,26,32,1057900866099271/288230376151711744,12294967674339/4503599627370496,1,0
18,26,33,2838862930972967/576460752303423488,15873871031739/4503599627370496,1,0
18,27,29,136848421357729/72057594037927936,32006642737411/18014398509481984,1,0
18,27,30,106803477487247/36028797018963968,188670413427499/72057594037927936,1,0
18,27,31,629577316756823/144115188075855872,1057900866099271/288230376151711744,1,0
18,27,32,3530126301066467/576460752303423488,2838862930972967/576460752303423488,1,0
18,27,33,9473047067918659/1152921504606846976,3665218586715167/576460752303423488,1,0
18,28,30,83354873152321/18014398509481984,629577316756823/144115188075855872,1,0
18,28,31,491354201309689/72057594037927936,3530126301066467/576460752303423488,1,0
18,28,32,2755090348740781/288230376151711744,9473047067918659/1152921504606846976,1,0
18,28,33,7393248378140237/576460752303423488,12230526457388059/1152921504606846976,1,0
18,29,31,2896398758876401/288230376151711744,2755090348740781/288230376151711744,1,0
18,29,32,16240504803693829/1152921504606846976,7393248378140237/576460752303423488,1,0
18,29,33,43581179054605733/2305843009213693952,9545325727464437/576460752303423488,1,0
18,30,32,91062736258428841/4611686018427387904,43581179054605733/2305843009213693952,1,0
18,30,33,244365643928646857/9223372036854775808,56267086994283533/2305843009213693952,1,0
18,31,33,655751961627827689/18446744073709551616,315497268399263057/9223372036854775808,1,0
19,20,22,121/1099511627776,127/2199023255552,1,0
19,20,23,1397/2199023255552,1/4294967296,1,0
19,20,24,11/4294967296,12951/17592186044416,1,0
19,20,25,142461/17592186044416,34203/17592186044416,1,0
19,20,26,376233/17592186044416,39239/8796093022208,1,0
19,20,27,431629/8796093022208,160703/17592186044416,1,0
19,20,28,1767733/17592186044416,4791323/281474976710656,1,0
19,20,29,52704553/281474976710656,8244773/281474976710656,1,0
19,20,30,90692503/281474976710656,26504551/562949953421312,1,0
19,20,31,291550061/562949953421312,1255043/17592186044416,1,0
19,20,32,13805473/17592186044416,462411533/4503599627370496,1,0
19,20,33,5086526863/4503599627370496,636098333/4503599627370496,1,0
19,21,23,16129/4398046511104,11/4294967296,1,0
19,21,24,127/8589934592,142461/17592186044416,1,0
19,21,25,1644777/35184372088832,376233/17592186044416,1,0
19,21,26,4343781/35184372088832,431629/8796093022208,1,0
19,21,27,4983353/17592186044416,1767733/17592186044416,1,0
19,21,28,20409281/35184372088832,52704553/281474976710656,1,0
19,21,29,608498021/562949953421312,90692503/281474976710656,1,0
19,21,30,1047086171/562949953421312,291550061/562949953421312,1,0
19,21,31,3366077977/1125899906842624,13805473/17592186044416,1,0
19,21,32,159390461/35184372088832,5086526863/4503599627370496,1,0
19,21,33,58726264691/9007199254740992,6997081663/4503599627370496,1,0
19,22,24,1/16777216,1644777/35184372088832,1,0
19,22,25,12951/68719476736,4343781/35184372088832,1,0
19,22,26,34203/68719476736,4983353/17592186044416,1,0
19,22,27,39239/34359738368,20409281/35184372088832,1,0
19,22,28,160703/68719476736,608498021/562949953421312,1,0
19,22,29,4791323/1099511627776,1047086171/562949953421312,1,0
19,22,30,8244773/1099511627776,3366077977/1125899906842624,1,0
19,22,31,26504551/2199023255552,159390461/35184372088832,1,0
19,22,32,1255043/68719476736,58726264691/9007199254740992,1,0
19,22,33,462411533/17592186044416,80784488291/9007199254740992,1,0
19,23,25,167728401/281474976710656,34203/68719476736,1,0
19,23,26,442963053/281474976710656,39239/34359738368,1,0
19,23,27,508184289/140737488355328,160703/68719476736,1,0
19,23,28,2081264553/281474976710656,4791323/1099511627776,1,0
19,23,29,62052424173/4503599627370496,8244773/1099511627776,1,0
19,23,30,106778055123/4503599627370496,26504551/2199023255552,1,0
19,23,31,343260440001/9007199254740992,1255043/68719476736,1,0
19,23,32,16254061893/281474976710656,462411533/17592186044416,1,0
19,23,33,5988691763883/72057594037927936,636098333/17592186044416,1,0
19,24,26,1169845209/281474976710656,508184289/140737488355328,1,0
19,24,27,1342091517/140737488355328,2081264553/281474976710656,1,0
19,24,28,5496524709/281474976710656,62052424173/4503599627370496,1,0
19,24,29,163877620569/4503599627370496,106778055123/4503599627370496,1,0
19,24,30,281995970919/4503599627370496,343260440001/9007199254740992,1,0
19,24,31,906535157853/9007199254740992,16254061893/281474976710656,1,0
19,24,32,42926235729/281474976710656,5988691763883/72057594037927936,1,0
19,24,33,15815861663199/72057594037927936,8238109510683/72057594037927936,1,0
19,25,27,1539699121/70368744177664,5496524709/281474976710656,1,0
19,25,28,6305825017/140737488355328,163877620569/4503599627370496,1,0
19,25,29,188006723197/2251799813685248,281995970919/4503599627370496,1,0
19,25,30,323516647747/2251799813685248,906535157853/9007199254740992,1,0
19,25,31,1040012076689/4503599627370496,42926235729/281474976710656,1,0
19,25,32,49246632277/140737488355328,15815861663199/72057594037927936,1,0
19,25,33,18144566143387/36028797018963968,21756471283599/72057594037927936,1,0
19,26,28,25825454209/281474976710656,188006723197/2251799813685248,1,0
19,26,29,769979980069/4503599627370496,323516647747/2251799813685248,1,0
19,26,30,1324959755419/4503599627370496,1040012076689/4503599627370496,1,0
19,26,31,4259360859353/9007199254740992,49246632277/140737488355328,1,0
19,26,32,201689175229/281474976710656,18144566143387/36028797018963968,1,0
19,26,33,74310920587699/72057594037927936,24959862488587/36028797018963968,1,0
19,27,29,22956776090329/72057594037927936,1324959755419/4503599627370496,1,0
19,27,30,39503370504679/72057594037927936,4259360859353/9007199254740992,1,0
19,27,31,126991864810973/144115188075855872,201689175229/281474976710656,1,0
19,27,32,6013316391889/4503599627370496,74310920587699/72057594037927936,1,0
19,27,33,2215563013528159/1152921504606846976,102222910408099/72057594037927936,1,0
19,28,30,67976281821529/72057594037927936,126991864810973/144115188075855872,1,0
19,28,31,218524006461923/144115188075855872,6013316391889/4503599627370496,1,0
19,28,32,10347544640239/4503599627370496,2215563013528159/1152921504606846976,1,0
19,28,33,3812478122167009/1152921504606846976,3047752573164559/1152921504606846976,1,0
19,29,31,702491223711601/288230376151711744,10347544640239/4503599627370496,1,0
19,29,32,33264351200693/9007199254740992,3812478122167009/1152921504606846976,1,0
19,29,33,12256010059386683/2305843009213693952,5244486361263409/1152921504606846976,1,0
19,30,32,1575132931849/281474976710656,12256010059386683/2305843009213693952,1,0
19,30,33,580346357610919/72057594037927936,16859500708013483/2305843009213693952,1,0
19,31,33,213824425851410089/18446744073709551616,798330760143319/72057594037927936,1,0
20,21,23,529/17592186044416,277/17592186044416,1,0
20,21,24,6371/35184372088832,2325/35184372088832,1,0
20,21,25,53475/70368744177664,3819/17592186044416,1,0
20,21,26,87837/35184372088832,41841/70368744177664,1,0
20,21,27,962343/140737488355328,198797/140737488355328,1,0
20,21,28,4572331/281474976710656,841609/281474976710656,1,0
20,21,29,19357007/562949953421312,6474541/1125899906842624,1,0
20,21,30,148914443/2251799813685248,22964087/2251799813685248,1,0
20,21,31,528174001/4503599627370496,75973189/4503599627370496,1,0
20,21,32,1747383347/9007199254740992,236618693/9007199254740992,1,0
20,21,33,5442229939/18014398509481984,349515113/9007199254740992,1,0
20,22,24,76729/70368744177664,53475/70368744177664,1,0
20,22,25,644025/140737488355328,87837/35184372088832,1,0
20,22,26,1057863/70368744177664,962343/140737488355328,1,0
20,22,27,11589957/281474976710656,4572331/281474976710656,1,0
20,22,28,55066769/562949953421312,19357007/562949953421312,1,0
20,22,29,233125693/1125899906842624,148914443/2251799813685248,1,0
20,22,30,1793447857/4503599627370496,528174001/4503599627370496,1,0
20,22,31,6361052099/9007199254740992,1747383347/9007199254740992,1,0
20,22,32,21044573353/18014398509481984,5442229939/18014398509481984,1,0
20,22,33,65543377961/36028797018963968,8038847599/18014398509481984,1,0
20,23,25,5405625/281474976710656,1057863/70368744177664,1,0
20,23,26,8879175/140737488355328,11589957/281474976710656,1,0
20,23,27,97280325/562949953421312,55066769/562949953421312,1,0
20,23,28,462203025/1125899906842624,233125693/1125899906842624,1,0
20,23,29,1956740925/2251799813685248,1793447857/4503599627370496,1,0
20,23,30,15053307825/9007199254740992,6361052099/9007199254740992,1,0
20,23,31,53391502275/18014398509481984,21044573353/18014398509481984,1,0
20,23,32,176637664425/36028797018963968,65543377961/36028797018963968,1,0
20,23,33,550138461225/72057594037927936,96815686301/36028797018963968,1,0
20,24,26,14584761/70368744177664,97280325/562949953421312,1,0
20,24,27,159790779/281474976710656,462203025/1125899906842624,1,0
20,24,28,759205743/562949953421312,1956740925/2251799813685248,1,0
20,24,29,3214104771/1125899906842624,15053307825/9007199254740992,1,0
20,24,30,24726272079/4503599627370496,53391502275/18014398509481984,1,0
20,24,31,87699848253/9007199254740992,176637664425/36028797018963968,1,0
20,24,32,290141608791/18014398509481984,550138461225/72057594037927936,1,0
20,24,33,903646788567/36028797018963968,812622637725/72057594037927936,1,0
20,25,27,1750669281/1125899906842624,759205743/562949953421312,1,0
20,25,28,8317865277/2251799813685248,3214104771/1125899906842624,1,0
20,25,29,35213762169/4503599627370496,24726272079/4503599627370496,1,0
20,25,30,270901269981/18014398509481984,87699848253/9007199254740992,1,0
20,25,31,960840364167/36028797018963968,290141608791/18014398509481984,1,0
20,25,32,3178794200949/72057594037927936,903646788567/36028797018963968,1,0
20,25,33,9900362733813/144115188075855872,1334798216547/36028797018963968,1,0
20,26,28,39520247209/4503599627370496,35213762169/4503599627370496,1,0
20,26,29,167309344373/9007199254740992,270901269981/18014398509481984,1,0
20,26,30,1287119327177/36028797018963968,960840364167/36028797018963968,1,0
20,26,31,4565191603339/72057594037927936,3178794200949/72057594037927936,1,0
20,26,32,15103242053633/144115188075855872,9900362733813/144115188075855872,1,0
20,26,33,47039086312321/288230376151711744,14624061843033/144115188075855872,1,0
20,27,29,708305708881/18014398509481984,1287119327177/36028797018963968,1,0
20,27,30,5449031976469/72057594037927936,4565191603339/72057594037927936,1,0
20,27,31,19326782295983/144115188075855872,15103242053633/144115188075855872,1,0
20,27,32,63939719621101/288230376151711744,47039086312321/288230376151711744,1,0
20,27,33,199140421597037/576460752303423488,69482555919061/288230376151711744,1,0
20,28,30,41919681160681/288230376151711744,19326782295983/144115188075855872,1,0
20,28,31,148681922809067/576460752303423488,63939719621101/288230376151711744,1,0
20,28,32,491891527081249/1152921504606846976,199140421597037/576460752303423488,1,0
20,28,33,1531997429194913/2305843009213693952,294155064736817/576460752303423488,1,0
20,29,31,527349291743569/1152921504606846976,491891527081249/1152921504606846976,1,0
20,29,32,1744654921863443/2305843009213693952,1531997429194913/2305843009213693952,1,0
20,29,33,5433732251878291/4611686018427387904,2262949929238133/2305843009213693952,1,0
20,30,32,5771925446829721/4611686018427387904,5433732251878291/4611686018427387904,1,0
20,30,33,17976676684221977/9223372036854775808,8026295462746831/4611686018427387904,1,0
20,31,33,55988405877028249/18446744073709551616,26553777738305357/9223372036854775808,1,0
21,22,24,9/1099511627776,301/70368744177664,1,0
21,22,25,903/17592186044416,1313/70368744177664,1,0
21,22,26,3939/17592186044416,8951/140737488355328,1,0
21,22,27,26853/35184372088832,6349/35184372088832,1,0
21,22,28,19047/8796093022208,249589/562949953421312,1,0
21,22,29,748767/140737488355328,545599/562949953421312,1,0
21,22,30,1636797/140737488355328,8656937/4503599627370496,1,0
21,22,31,25970811/1125899906842624,988157/281474976710656,1,0
21,22,32,2964471/70368744177664,107594213/18014398509481984,1,0
21,22,33,322782639/4503599627370496,172106453/18014398509481984,1,0
21,23,25,90601/281474976710656,3939/17592186044416,1,0
21,23,26,395213/281474976710656,26853/35184372088832,1,0
21,23,27,2694251/562949953421312,19047/8796093022208,1,0
21,23,28,1911049/140737488355328,748767/140737488355328,1,0
21,23,29,75126289/2251799813685248,1636797/140737488355328,1,0
21,23,30,164225299/2251799813685248,25970811/1125899906842624,1,0
21,23,31,2605738037/18014398509481984,2964471/70368744177664,1,0
21,23,32,297435257/1125899906842624,322782639/4503599627370496,1,0
21,23,33,32385858113/72057594037927936,516319359/4503599627370496,1,0
21,24,26,1723969/281474976710656,2694251/562949953421312,1,0
21,24,27,11752663/562949953421312,1911049/140737488355328,1,0
21,24,28,8336237/140737488355328,75126289/2251799813685248,1,0
21,24,29,327710357/2251799813685248,164225299/2251799813685248,1,0
21,24,30,716371487/2251799813685248,2605738037/18014398509481984,1,0
21,24,31,11366558281/18014398509481984,297435257/1125899906842624,1,0
21,24,32,1297450141/1125899906842624,32385858113/72057594037927936,1,0
21,24,33,141271201669/72057594037927936,51804042353/72057594037927936,1,0
21,25,27,80120401/1125899906842624,8336237/140737488355328,1,0
21,25,28,56829899/281474976710656,327710357/2251799813685248,1,0
21,25,29,2234071139/4503599627370496,716371487/2251799813685248,1,0
21,25,30,4883656649/4503599627370496,11366558281/18014398509481984,1,0
21,25,31,77488243087/36028797018963968,1297450141/1125899906842624,1,0
21,25,32,8844993307/2251799813685248,141271201669/72057594037927936,1,0
21,25,33,963075800563/144115188075855872,225975772789/72057594037927936,1,0
21,26,28,40309801/70368744177664,2234071139/4503599627370496,1,0
21,26,29,1584640561/1125899906842624,4883656649/4503599627370496,1,0
21,26,30,3464008051/1125899906842624,77488243087/36028797018963968,1,0
21,26,31,54962893013/9007199254740992,8844993307/2251799813685248,1,0
21,26,32,6273808793/562949953421312,963075800563/144115188075855872,1,0
21,26,33,683115658337/36028797018963968,1540524860803/144115188075855872,1,0
21,27,29,62294668921/18014398509481984,3464008051/1125899906842624,1,0
21,27,30,136175508811/18014398509481984,54962893013/9007199254740992,1,0
21,27,31,2160676248893/144115188075855872,6273808793/562949953421312,1,0
21,27,32,246633117473/9007199254740992,683115658337/36028797018963968,1,0
21,27,33,26854332028457/576460752303423488,1092703870097/36028797018963968,1,0
21,28,30,297678268801/18014398509481984,2160676248893/144115188075855872,1,0
21,28,31,4723216170263/144115188075855872,246633117473/9007199254740992,1,0
21,28,32,539137471043/9007199254740992,26854332028457/576460752303423488,1,0
21,28,33,58703295018587/576460752303423488,42955877497817/576460752303423488,1,0
21,29,31,74942558221969/1152921504606846976,539137471043/9007199254740992,1,0
21,29,32,8554412895109/72057594037927936,58703295018587/576460752303423488,1,0
21,29,33,931436323505581/4611686018427387904,93901108650347/576460752303423488,1,0
21,30,32,976454256649/4503599627370496,931436323505581/4611686018427387904,1,0
21,30,33,106319974735441/288230376151711744,1489914720914461/4611686018427387904,1,0
21,31,33,11576514671089369/18446744073709551616,170068196277121/288230376151711744,1,0
22,23,25,625/281474976710656,163/140737488355328,1,0
22,23,26,4075/281474976710656,369/70368744177664,1,0
22,23,27,9225/140737488355328,10427/562949953421312,1,0
22,23,28,260675/1125899906842624,61219/1125899906842624,1,0
22,23,29,1530475/2251799813685248,38851/281474976710656,1,0
22,23,30,971275/562949953421312,701003/2251799813685248,1,0
22,23,31,17525075/4503599627370496,11460949/18014398509481984,1,0
22,23,32,286523725/36028797018963968,43081973/36028797018963968,1,0
22,23,33,1077049325/72057594037927936,75338093/36028797018963968,1,0
22,24,26,26569/281474976710656,9225/140737488355328,1,0
22,24,27,60147/140737488355328,260675/1125899906842624,1,0
22,24,28,1699601/1125899906842624,1530475/2251799813685248,1,0
22,24,29,9978697/2251799813685248,971275/562949953421312,1,0
22,24,30,6332713/562949953421312,17525075/4503599627370496,1,0
22,24,31,114263489/4503599627370496,286523725/36028797018963968,1,0
22,24,32,1868134687/36028797018963968,1077049325/72057594037927936,1,0
22,24,33,7022361599/72057594037927936,1883452325/72057594037927936,1,0
22,25,27,136161/70368744177664,1699601/1125899906842624,1,0
22,25,28,3847563/562949953421312,9978697/2251799813685248,1,0
22,25,29,22589811/1125899906842624,6332713/562949953421312,1,0
22,25,30,14336019/281474976710656,114263489/4503599627370496,1,0
22,25,31,258670107/2251799813685248,1868134687/36028797018963968,1,0
22,25,32,4229090181/18014398509481984,7022361599/72057594037927936,1,0
22,25,33,15897248037/36028797018963968,12280109159/72057594037927936,1,0
22,26,28,108722329/4503599627370496,22589811/1125899906842624,1,0
22,26,29,638330513/9007199254740992,14336019/281474976710656,1,0
22,26,30,405099377/2251799813685248,258670107/2251799813685248,1,0
22,26,31,7309358281/18014398509481984,4229090181/18014398509481984,1,0
22,26,32,119503315223/144115188075855872,15897248037/36028797018963968,1,0
22,26,33,449215732471/288230376151711744,27799756317/36028797018963968,1,0
22,27,29,3747765961/18014398509481984,405099377/2251799813685248,1,0
22,27,30,2378419369/4503599627370496,7309358281/18014398509481984,1,0
22,27,31,42914702657/36028797018963968,119503315223/144115188075855872,1,0
22,27,32,701627836831/288230376151711744,449215732471/288230376151711744,1,0
22,27,33,2637435305087/576460752303423488,785550295711/288230376151711744,1,0
22,28,30,1509400201/1125899906842624,42914702657/36028797018963968,1,0
22,28,31,27234667553/9007199254740992,701627836831/288230376151711744,1,0
22,28,32,445269329599/72057594037927936,2637435305087/576460752303423488,1,0
22,28,33,1673777733023/144115188075855872,4612122715367/576460752303423488,1,0
22,29,31,491405206009/72057594037927936,445269329599/72057594037927936,1,0
22,29,32,8034159631847/576460752303423488,1673777733023/144115188075855872,1,0
22,29,33,30200592318919/1152921504606846976,2926960251143/144115188075855872,1,0
22,30,32,131353351980601/4611686018427387904,30200592318919/1152921504606846976,1,0
22,30,33,493760295372377/9223372036854775808,52812229207279/1152921504606846976,1,0
22,31,33,1856056397572729/18446744073709551616,863446041630257/9223372036854775808,1,0
23,24,26,169/281474976710656,11/35184372088832,1,0
23,24,27,143/35184372088832,413/281474976710656,1,0
23,24,28,5369/281474976710656,12079/2251799813685248,1,0
23,24,29,157027/2251799813685248,36649/2251799813685248,1,0
23,24,30,476437/2251799813685248,192053/4503599627370496,1,0
23,24,31,2496689/4503599627370496,6977/70368744177664,1,0
23,24,32,90701/70368744177664,15033173/72057594037927936,1,0
23,24,33,195431249/72057594037927936,29057573/72057594037927936,1,0
23,25,27,121/4398046511104,5369/281474976710656,1,0
23,25,28,4543/35184372088832,157027/2251799813685248,1,0
23,25,29,132869/281474976710656,476437/2251799813685248,1,0
23,25,30,403139/281474976710656,2496689/4503599627370496,1,0
23,25,31,2112583/562949953421312,90701/70368744177664,1,0
23,25,32,76747/8796093022208,195431249/72057594037927936,1,0
23,25,33,165364903/9007199254740992,377748449/72057594037927936,1,0
23,26,28,170569/281474976710656,132869/281474976710656,1,0
23,26,29,4988627/2251799813685248,403139/281474976710656,1,0
23,26,30,15136037/2251799813685248,2112583/562949953421312,1,0
23,26,31,79317889/4503599627370496,76747/8796093022208,1,0
23,26,32,2881501/70368744177664,165364903/9007199254740992,1,0
23,26,33,6208700449/72057594037927936,319633303/9007199254740992,1,0
23,27,29,145902241/18014398509481984,15136037/2251799813685248,1,0
23,27,30,442683271/18014398509481984,79317889/4503599627370496,1,0
23,27,31,2319808187/36028797018963968,2881501/70368744177664,1,0
23,27,32,84275183/562949953421312,6208700449/72057594037927936,1,0
23,27,33,181585696667/576460752303423488,12000777649/72057594037927936,1,0
23,28,30,1343149201/18014398509481984,2319808187/36028797018963968,1,0
23,28,31,7038550397/36028797018963968,84275183/562949953421312,1,0
23,28,32,255700073/562949953421312,181585696667/576460752303423488,1,0
23,28,33,550950757277/576460752303423488,350986424267/576460752303423488,1,0
23,29,31,36884354809/72057594037927936,255700073/562949953421312,1,0
23,29,32,1339953781/1125899906842624,550950757277/576460752303423488,1,0
23,29,33,2887165974169/1152921504606846976,1064930992877/576460752303423488,1,0
23,30,32,48678529/17592186044416,2887165974169/1152921504606846976,1,0
23,30,33,104886448021/18014398509481984,5580594067369/1152921504606846976,1,0
23,31,33,225996290447929/18446744073709551616,202734686821/18014398509481984,1,0
24,25,27,729/4503599627370496,379/4503599627370496,1,0
24,25,28,10233/9007199254740992,3683/9007199254740992,1,0
24,25,29,99441/18014398509481984,27841/18014398509481984,1,0
24,25,30,751707/36028797018963968,174437/36028797018963968,1,0
24,25,31,4709799/72057594037927936,942649/72057594037927936,1,0
24,25,32,25451523/144115188075855872,4514873/144115188075855872,1,0
24,25,33,121901571/288230376151711744,9774023/144115188075855872,1,0
24,26,28,143641/18014398509481984,99441/18014398509481984,1,0
24,26,29,1395857/36028797018963968,751707/36028797018963968,1,0
24,26,30,10551739/72057594037927936,4709799/72057594037927936,1,0
24,26,31,66111623/144115188075855872,25451523/144115188075855872,1,0
24,26,32,357263971/288230376151711744,121901571/288230376151711744,1,0
24,26,33,1711136867/576460752303423488,263898621/288230376151711744,1,0
24,27,29,13564489/72057594037927936,10551739/72057594037927936,1,0
24,27,30,102538403/144115188075855872,66111623/144115188075855872,1,0
24,27,31,642451471/288230376151711744,357263971/288230376151711744,1,0
24,27,32,3471776267/576460752303423488,1711136867/576460752303423488,1,0
24,27,33,16628277259/1152921504606846976,3704354717/576460752303423488,1,0
24,28,30,775121281/288230376151711744,642451471/288230376151711744,1,0
24,28,31,4856500517/576460752303423488,3471776267/576460752303423488,1,0
24,28,32,26244290809/1152921504606846976,16628277259/1152921504606846976,1,0
24,28,33,125698579193/2305843009213693952,35997726709/1152921504606846976,1,0
24,29,31,30428266969/1152921504606846976,26244290809/1152921504606846976,1,0
24,29,32,164432863613/2305843009213693952,125698579193/2305843009213693952,1,0
24,29,33,787560901501/4611686018427387904,272118574343/2305843009213693952,1,0
24,30,32,888587137201/4611686018427387904,787560901501/4611686018427387904,1,0
24,30,33,4255940518577/9223372036854775808,1704951250051/4611686018427387904,1,0
24,31,33,20384078206129/18446744073709551616,9213473006927/9223372036854775808,1,0
25,26,28,49/1125899906842624,407/18014398509481984,1,0
25,26,29,2849/9007199254740992,2045/18014398509481984,1,0
25,26,30,14315/9007199254740992,31931/72057594037927936,1,0
25,26,31,223517/36028797018963968,6449/4503599627370496,1,0
25,26,32,45143/2251799813685248,1149017/288230376151711744,1,0
25,26,33,8043119/144115188075855872,2831945/288230376151711744,1,0
25,27,29,165649/72057594037927936,14315/9007199254740992,1,0
25,27,30,832315/72057594037927936,223517/36028797018963968,1,0
25,27,31,12995917/288230376151711744,45143/2251799813685248,1,0
25,27,32,2624743/18014398509481984,8043119/144115188075855872,1,0
25,27,33,467649919/1152921504606846976,19823615/144115188075855872,1,0
25,28,30,4182025/72057594037927936,12995917/288230376151711744,1,0
25,28,31,65298895/288230376151711744,2624743/18014398509481984,1,0
25,28,32,13188205/18014398509481984,467649919/1152921504606846976,1,0
25,28,33,2349739765/1152921504606846976,1152601615/1152921504606846976,1,0
25,29,31,1019588761/1152921504606846976,13188205/18014398509481984,1,0
25,29,32,205923019/72057594037927936,2349739765/1152921504606846976,1,0
25,29,33,36689261827/4611686018427387904,5791327525/1152921504606846976,1,0
25,30,32,41589601/4503599627370496,36689261827/4611686018427387904,1,0
25,30,33,7410010633/288230376151711744,90426835795/4611686018427387904,1,0
25,31,33,1320240066289/18446744073709551616,18263213305/288230376151711744,1,0
26,27,29,841/72057594037927936,109/18014398509481984,1,0
26,27,30,3161/36028797018963968,2263/72057594037927936,1,0
26,27,31,65627/144115188075855872,36457/288230376151711744,1,0
26,27,32,1057253/576460752303423488,242825/576460752303423488,1,0
26,27,33,7041925/1152921504606846976,695921/576460752303423488,1,0
26,28,30,11881/18014398509481984,65627/144115188075855872,1,0
26,28,31,246667/72057594037927936,1057253/576460752303423488,1,0
26,28,32,3973813/288230376151711744,7041925/1152921504606846976,1,0
26,28,33,26467925/576460752303423488,20181709/1152921504606846976,1,0
26,29,31,5121169/288230376151711744,3973813/288230376151711744,1,0
26,29,32,82502191/1152921504606846976,26467925/576460752303423488,1,0
26,29,33,549512975/2305843009213693952,75855389/576460752303423488,1,0
26,30,32,1329112849/4611686018427387904,549512975/2305843009213693952,1,0
26,30,33,8852671025/9223372036854775808,1574869223/2305843009213693952,1,0
26,31,33,58963980625/18446744073709551616,25371191897/9223372036854775808,1,0
27,28,30,225/72057594037927936,233/144115188075855872,1,0
27,28,31,3495/144115188075855872,39/4503599627370496,1,0
27,28,32,585/4503599627370496,41449/1152921504606846976,1,0
27,28,33,621735/1152921504606846976,142137/1152921504606846976,1,0
27,29,31,54289/288230376151711744,585/4503599627370496,1,0
27,29,32,9087/9007199254740992,621735/1152921504606846976,1,0
27,29,33,9657617/2305843009213693952,2132055/1152921504606846976,1,0
27,30,32,1521/281474976710656,9657617/2305843009213693952,1,0
27,30,33,1616511/72057594037927936,33117921/2305843009213693952,1,0
27,31,33,1718019601/18446744073709551616,5543343/72057594037927936,1,0
28,29,31,961/1152921504606846976,497/1152921504606846976,1,0
28,29,32,15407/2305843009213693952,5489/2305843009213693952,1,0
28,29,33,170159/4611686018427387904,23469/2305843009213693952,1,0
28,30,32,247009/4611686018427387904,170159/4611686018427387904,1,0
28,30,33,2728033/9223372036854775808,727539/4611686018427387904,1,0
28,31,33,30129121/18446744073709551616,11664093/9223372036854775808,1,0
29,30,32,1/4503599627370496,529/4611686018427387904,1,0
29,30,33,529/288230376151711744,3009/4611686018427387904,1,0
29,31,33,279841/18446744073709551616,3009/288230376151711744,1,0
30,31,33,1089/18446744073709551616,281/9223372036854775808,1,0
0,0,2,1/4,0,1,1
1,1,3,1/16,0,1,1
2,2,4,1/64,0,1,1
3,3,5,1/256,0,1,1
