ambient,subspace_id,basis,rank,radius,q,code_coverage,worst_rank_coverage,holds
0,0,,0,0,1,1,1,1
0,0,,0,0,2,1,1,1
0,0,,0,0,3,1,1,1
1,0,,0,0,1,1,1,1
1,0,,0,0,2,1,1,1
1,0,,0,0,3,1,1,1
1,0,,0,1,1,1,1,1
1,0,,0,1,2,1,1,1
1,0,,0,1,3,1,1,1
1,1,1,1,0,1,1,1,1
1,1,1,1,0,2,2,2,1
1,1,1,1,0,3,2,2,1
1,1,1,1,1,1,2,2,1
1,1,1,1,1,2,2,2,1
1,1,1,1,1,3,2,2,1
2,0,,0,0,1,1,1,1
2,0,,0,0,2,1,1,1
2,0,,0,0,3,1,1,1
2,0,,0,1,1,1,1,1
2,0,,0,1,2,1,1,1
2,0,,0,1,3,1,1,1
2,0,,0,2,1,1,1,1
2,0,,0,2,2,1,1,1
2,0,,0,2,3,1,1,1
2,1,1,1,0,1,1,1,1
2,1,1,1,0,2,2,2,1
2,1,1,1,0,3,2,2,1
2,1,1,1,1,1,2,2,1
2,1,1,1,1,2,2,2,1
2,1,1,1,1,3,2,2,1
2,1,1,1,2,1,2,2,1
2,1,1,1,2,2,2,2,1
2,1,1,1,2,3,2,2,1
2,2,2,1,0,1,1,1,1
2,2,2,1,0,2,2,2,1
2,2,2,1,0,3,2,2,1
2,2,2,1,1,1,2,2,1
2,2,2,1,1,2,2,2,1
2,2,2,1,1,3,2,2,1
2,2,2,1,2,1,2,2,1
2,2,2,1,2,2,2,2,1
2,2,2,1,2,3,2,2,1
2,3,3,1,0,1,1,1,1
2,3,3,1,0,2,2,2,1
2,3,3,1,0,3,2,2,1
2,3,3,1,1,1,2,2,1
2,3,3,1,1,2,2,2,1
2,3,3,1,1,3,2,2,1
2,3,3,1,2,1,2,2,1
2,3,3,1,2,2,2,2,1
2,3,3,1,2,3,2,2,1
2,4,2;1,2,0,1,1,1,1
2,4,2;1,2,0,2,2,2,1
2,4,2;1,2,0,3,3,3,1
2,4,2;1,2,1,1,3,3,1
2,4,2;1,2,1,2,4,4,1
2,4,2;1,2,1,3,4,4,1
2,4,2;1,2,2,1,4,4,1
2,4,2;1,2,2,2,4,4,1
2,4,2;1,2,2,3,4,4,1
3,0,,0,0,1,1,1,1
3,0,,0,0,2,1,1,1
3,0,,0,0,3,1,1,1
3,0,,0,1,1,1,1,1
3,0,,0,1,2,1,1,1
3,0,,0,1,3,1,1,1
3,0,,0,2,1,1,1,1
3,0,,0,2,2,1,1,1
3,0,,0,2,3,1,1,1
3,0,,0,3,1,1,1,1
3,0,,0,3,2,1,1,1
3,0,,0,3,3,1,1,1
3,1,1,1,0,1,1,1,1
3,1,1,1,0,2,2,2,1
3,1,1,1,0,3,2,2,1
3,1,1,1,1,1,2,2,1
3,1,1,1,1,2,2,2,1
3,1,1,1,1,3,2,2,1
3,1,1,1,2,1,2,2,1
3,1,1,1,2,2,2,2,1
3,1,1,1,2,3,2,2,1
3,1,1,1,3,1,2,2,1
3,1,1,1,3,2,2,2,1
3,1,1,1,3,3,2,2,1
3,2,2,1,0,1,1,1,1
3,2,2,1,0,2,2,2,1
3,2,2,1,0,3,2,2,1
3,2,2,1,1,1,2,2,1
3,2,2,1,1,2,2,2,1
3,2,2,1,1,3,2,2,1
3,2,2,1,2,1,2,2,1
3,2,2,1,2,2,2,2,1
3,2,2,1,2,3,2,2,1
3,2,2,1,3,1,2,2,1
3,2,2,1,3,2,2,2,1
3,2,2,1,3,3,2,2,1
3,3,3,1,0,1,1,1,1
3,3,3,1,0,2,2,2,1
3,3,3,1,0,3,2,2,1
3,3,3,1,1,1,2,2,1
3,3,3,1,1,2,2,2,1
3,3,3,1,1,3,2,2,1
3,3,3,1,2,1,2,2,1
3,3,3,1,2,2,2,2,1
3,3,3,1,2,3,2,2,1
3,3,3,1,3,1,2,2,1
3,3,3,1,3,2,2,2,1
3,3,3,1,3,3,2,2,1
3,4,4,1,0,1,1,1,1
3,4,4,1,0,2,2,2,1
3,4,4,1,0,3,2,2,1
3,4,4,1,1,1,2,2,1
3,4,4,1,1,2,2,2,1
3,4,4,1,1,3,2,2,1
3,4,4,1,2,1,2,2,1
3,4,4,1,2,2,2,2,1
3,4,4,1,2,3,2,2,1
3,4,4,1,3,1,2,2,1
3,4,4,1,3,2,2,2,1
3,4,4,1,3,3,2,2,1
3,5,5,1,0,1,1,1,1
3,5,5,1,0,2,2,2,1
3,5,5,1,0,3,2,2,1
3,5,5,1,1,1,2,2,1
3,5,5,1,1,2,2,2,1
3,5,5,1,1,3,2,2,1
3,5,5,1,2,1,2,2,1
3,5,5,1,2,2,2,2,1
3,5,5,1,2,3,2,2,1
3,5,5,1,3,1,2,2,1
3,5,5,1,3,2,2,2,1
3,5,5,1,3,3,2,2,1
3,6,6,1,0,1,1,1,1
3,6,6,1,0,2,2,2,1
3,6,6,1,0,3,2,2,1
3,6,6,1,1,1,2,2,1
3,6,6,1,1,2,2,2,1
3,6,6,1,1,3,2,2,1
3,6,6,1,2,1,2,2,1
3,6,6,1,2,2,2,2,1
3,6,6,1,2,3,2,2,1
3,6,6,1,3,1,2,2,1
3,6,6,1,3,2,2,2,1
3,6,6,1,3,3,2,2,1
3,7,7,1,0,1,1,1,1
3,7,7,1,0,2,2,2,1
3,7,7,1,0,3,2,2,1
3,7,7,1,1,1,1,2,1
3,7,7,1,1,2,2,2,1
3,7,7,1,1,3,2,2,1
3,7,7,1,2,1,2,2,1
3,7,7,1,2,2,2,2,1
3,7,7,1,2,3,2,2,1
3,7,7,1,3,1,2,2,1
3,7,7,1,3,2,2,2,1
3,7,7,1,3,3,2,2,1
3,8,2;1,2,0,1,1,1,1
3,8,2;1,2,0,2,2,2,1
3,8,2;1,2,0,3,3,3,1
3,8,2;1,2,1,1,3,3,1
3,8,2;1,2,1,2,4,4,1
3,8,2;1,2,1,3,4,4,1
3,8,2;1,2,2,1,4,4,1
3,8,2;1,2,2,2,4,4,1
3,8,2;1,2,2,3,4,4,1
3,8,2;1,2,3,1,4,4,1
3,8,2;1,2,3,2,4,4,1
3,8,2;1,2,3,3,4,4,1
3,9,4;1,2,0,1,1,1,1
3,9,4;1,2,0,2,2,2,1
3,9,4;1,2,0,3,3,3,1
3,9,4;1,2,1,1,3,3,1
3,9,4;1,2,1,2,4,4,1
3,9,4;1,2,1,3,4,4,1
3,9,4;1,2,2,1,4,4,1
3,9,4;1,2,2,2,4,4,1
3,9,4;1,2,2,3,4,4,1
3,9,4;1,2,3,1,4,4,1
3,9,4;1,2,3,2,4,4,1
3,9,4;1,2,3,3,4,4,1
3,10,4;2,2,0,1,1,1,1
3,10,4;2,2,0,2,2,2,1
3,10,4;2,2,0,3,3,3,1
3,10,4;2,2,1,1,3,3,1
3,10,4;2,2,1,2,4,4,1
3,10,4;2,2,1,3,4,4,1
3,10,4;2,2,2,1,4,4,1
3,10,4;2,2,2,2,4,4,1
3,10,4;2,2,2,3,4,4,1
3,10,4;2,2,3,1,4,4,1
3,10,4;2,2,3,2,4,4,1
3,10,4;2,2,3,3,4,4,1
3,11,4;3,2,0,1,1,1,1
3,11,4;3,2,0,2,2,2,1
3,11,4;3,2,0,3,3,3,1
3,11,4;3,2,1,1,2,3,1
3,11,4;3,2,1,2,4,4,1
3,11,4;3,2,1,3,4,4,1
3,11,4;3,2,2,1,4,4,1
3,11,4;3,2,2,2,4,4,1
3,11,4;3,2,2,3,4,4,1
3,11,4;3,2,3,1,4,4,1
3,11,4;3,2,3,2,4,4,1
3,11,4;3,2,3,3,4,4,1
3,12,5;2,2,0,1,1,1,1
3,12,5;2,2,0,2,2,2,1
3,12,5;2,2,0,3,3,3,1
3,12,5;2,2,1,1,2,3,1
3,12,5;2,2,1,2,4,4,1
3,12,5;2,2,1,3,4,4,1
3,12,5;2,2,2,1,4,4,1
3,12,5;2,2,2,2,4,4,1
3,12,5;2,2,2,3,4,4,1
3,12,5;2,2,3,1,4,4,1
3,12,5;2,2,3,2,4,4,1
3,12,5;2,2,3,3,4,4,1
3,13,5;3,2,0,1,1,1,1
3,13,5;3,2,0,2,2,2,1
3,13,5;3,2,0,3,3,3,1
3,13,5;3,2,1,1,3,3,1
3,13,5;3,2,1,2,4,4,1
3,13,5;3,2,1,3,4,4,1
3,13,5;3,2,2,1,4,4,1
3,13,5;3,2,2,2,4,4,1
3,13,5;3,2,2,3,4,4,1
3,13,5;3,2,3,1,4,4,1
3,13,5;3,2,3,2,4,4,1
3,13,5;3,2,3,3,4,4,1
3,14,6;1,2,0,1,1,1,1
3,14,6;1,2,0,2,2,2,1
3,14,6;1,2,0,3,3,3,1
3,14,6;1,2,1,1,2,3,1
3,14,6;1,2,1,2,4,4,1
3,14,6;1,2,1,3,4,4,1
3,14,6;1,2,2,1,4,4,1
3,14,6;1,2,2,2,4,4,1
3,14,6;1,2,2,3,4,4,1
3,14,6;1,2,3,1,4,4,1
3,14,6;1,2,3,2,4,4,1
3,14,6;1,2,3,3,4,4,1
3,15,4;2;1,3,0,1,1,1,1
3,15,4;2;1,3,0,2,2,2,1
3,15,4;2;1,3,0,3,3,3,1
3,15,4;2;1,3,1,1,4,4,1
3,15,4;2;1,3,1,2,8,8,1
3,15,4;2;1,3,1,3,8,8,1
3,15,4;2;1,3,2,1,7,7,1
3,15,4;2;1,3,2,2,8,8,1
3,15,4;2;1,3,2,3,8,8,1
3,15,4;2;1,3,3,1,8,8,1
3,15,4;2;1,3,3,2,8,8,1
3,15,4;2;1,3,3,3,8,8,1
4,0,,0,0,1,1,1,1
4,0,,0,0,2,1,1,1
4,0,,0,0,3,1,1,1
4,0,,0,1,1,1,1,1
4,0,,0,1,2,1,1,1
4,0,,0,1,3,1,1,1
4,0,,0,2,1,1,1,1
4,0,,0,2,2,1,1,1
4,0,,0,2,3,1,1,1
4,0,,0,3,1,1,1,1
4,0,,0,3,2,1,1,1
4,0,,0,3,3,1,1,1
4,0,,0,4,1,1,1,1
4,0,,0,4,2,1,1,1
4,0,,0,4,3,1,1,1
4,1,1,1,0,1,1,1,1
4,1,1,1,0,2,2,2,1
4,1,1,1,0,3,2,2,1
4,1,1,1,1,1,2,2,1
4,1,1,1,1,2,2,2,1
4,1,1,1,1,3,2,2,1
4,1,1,1,2,1,2,2,1
4,1,1,1,2,2,2,2,1
4,1,1,1,2,3,2,2,1
4,1,1,1,3,1,2,2,1
4,1,1,1,3,2,2,2,1
4,1,1,1,3,3,2,2,1
4,1,1,1,4,1,2,2,1
4,1,1,1,4,2,2,2,1
4,1,1,1,4,3,2,2,1
4,2,2,1,0,1,1,1,1
4,2,2,1,0,2,2,2,1
4,2,2,1,0,3,2,2,1
4,2,2,1,1,1,2,2,1
4,2,2,1,1,2,2,2,1
4,2,2,1,1,3,2,2,1
4,2,2,1,2,1,2,2,1
4,2,2,1,2,2,2,2,1
4,2,2,1,2,3,2,2,1
4,2,2,1,3,1,2,2,1
4,2,2,1,3,2,2,2,1
4,2,2,1,3,3,2,2,1
4,2,2,1,4,1,2,2,1
4,2,2,1,4,2,2,2,1
4,2,2,1,4,3,2,2,1
4,3,3,1,0,1,1,1,1
4,3,3,1,0,2,2,2,1
4,3,3,1,0,3,2,2,1
4,3,3,1,1,1,2,2,1
4,3,3,1,1,2,2,2,1
4,3,3,1,1,3,2,2,1
4,3,3,1,2,1,2,2,1
4,3,3,1,2,2,2,2,1
4,3,3,1,2,3,2,2,1
4,3,3,1,3,1,2,2,1
4,3,3,1,3,2,2,2,1
4,3,3,1,3,3,2,2,1
4,3,3,1,4,1,2,2,1
4,3,3,1,4,2,2,2,1
4,3,3,1,4,3,2,2,1
4,4,4,1,0,1,1,1,1
4,4,4,1,0,2,2,2,1
4,4,4,1,0,3,2,2,1
4,4,4,1,1,1,2,2,1
4,4,4,1,1,2,2,2,1
4,4,4,1,1,3,2,2,1
4,4,4,1,2,1,2,2,1
4,4,4,1,2,2,2,2,1
4,4,4,1,2,3,2,2,1
4,4,4,1,3,1,2,2,1
4,4,4,1,3,2,2,2,1
4,4,4,1,3,3,2,2,1
4,4,4,1,4,1,2,2,1
4,4,4,1,4,2,2,2,1
4,4,4,1,4,3,2,2,1
4,5,5,1,0,1,1,1,1
4,5,5,1,0,2,2,2,1
4,5,5,1,0,3,2,2,1
4,5,5,1,1,1,2,2,1
4,5,5,1,1,2,2,2,1
4,5,5,1,1,3,2,2,1
4,5,5,1,2,1,2,2,1
4,5,5,1,2,2,2,2,1
4,5,5,1,2,3,2,2,1
4,5,5,1,3,1,2,2,1
4,5,5,1,3,2,2,2,1
4,5,5,1,3,3,2,2,1
4,5,5,1,4,1,2,2,1
4,5,5,1,4,2,2,2,1
4,5,5,1,4,3,2,2,1
4,6,6,1,0,1,1,1,1
4,6,6,1,0,2,2,2,1
4,6,6,1,0,3,2,2,1
4,6,6,1,1,1,2,2,1
4,6,6,1,1,2,2,2,1
4,6,6,1,1,3,2,2,1
4,6,6,1,2,1,2,2,1
4,6,6,1,2,2,2,2,1
4,6,6,1,2,3,2,2,1
4,6,6,1,3,1,2,2,1
4,6,6,1,3,2,2,2,1
4,6,6,1,3,3,2,2,1
4,6,6,1,4,1,2,2,1
4,6,6,1,4,2,2,2,1
4,6,6,1,4,3,2,2,1
4,7,7,1,0,1,1,1,1
4,7,7,1,0,2,2,2,1
4,7,7,1,0,3,2,2,1
4,7,7,1,1,1,1,2,1
4,7,7,1,1,2,2,2,1
4,7,7,1,1,3,2,2,1
4,7,7,1,2,1,2,2,1
4,7,7,1,2,2,2,2,1
4,7,7,1,2,3,2,2,1
4,7,7,1,3,1,2,2,1
4,7,7,1,3,2,2,2,1
4,7,7,1,3,3,2,2,1
4,7,7,1,4,1,2,2,1
4,7,7,1,4,2,2,2,1
4,7,7,1,4,3,2,2,1
4,8,8,1,0,1,1,1,1
4,8,8,1,0,2,2,2,1
4,8,8,1,0,3,2,2,1
4,8,8,1,1,1,2,2,1
4,8,8,1,1,2,2,2,1
4,8,8,1,1,3,2,2,1
4,8,8,1,2,1,2,2,1
4,8,8,1,2,2,2,2,1
4,8,8,1,2,3,2,2,1
4,8,8,1,3,1,2,2,1
4,8,8,1,3,2,2,2,1
4,8,8,1,3,3,2,2,1
4,8,8,1,4,1,2,2,1
4,8,8,1,4,2,2,2,1
4,8,8,1,4,3,2,2,1
4,9,9,1,0,1,1,1,1
4,9,9,1,0,2,2,2,1
4,9,9,1,0,3,2,2,1
4,9,9,1,1,1,2,2,1
4,9,9,1,1,2,2,2,1
4,9,9,1,1,3,2,2,1
4,9,9,1,2,1,2,2,1
4,9,9,1,2,2,2,2,1
4,9,9,1,2,3,2,2,1
4,9,9,1,3,1,2,2,1
4,9,9,1,3,2,2,2,1
4,9,9,1,3,3,2,2,1
4,9,9,1,4,1,2,2,1
4,9,9,1,4,2,2,2,1
4,9,9,1,4,3,2,2,1
4,10,10,1,0,1,1,1,1
4,10,10,1,0,2,2,2,1
4,10,10,1,0,3,2,2,1
4,10,10,1,1,1,2,2,1
4,10,10,1,1,2,2,2,1
4,10,10,1,1,3,2,2,1
4,10,10,1,2,1,2,2,1
4,10,10,1,2,2,2,2,1
4,10,10,1,2,3,2,2,1
4,10,10,1,3,1,2,2,1
4,10,10,1,3,2,2,2,1
4,10,10,1,3,3,2,2,1
4,10,10,1,4,1,2,2,1
4,10,10,1,4,2,2,2,1
4,10,10,1,4,3,2,2,1
4,11,11,1,0,1,1,1,1
4,11,11,1,0,2,2,2,1
4,11,11,1,0,3,2,2,1
4,11,11,1,1,1,1,2,1
4,11,11,1,1,2,2,2,1
4,11,11,1,1,3,2,2,1
4,11,11,1,2,1,2,2,1
4,11,11,1,2,2,2,2,1
4,11,11,1,2,3,2,2,1
4,11,11,1,3,1,2,2,1
4,11,11,1,3,2,2,2,1
4,11,11,1,3,3,2,2,1
4,11,11,1,4,1,2,2,1
4,11,11,1,4,2,2,2,1
4,11,11,1,4,3,2,2,1
4,12,12,1,0,1,1,1,1
4,12,12,1,0,2,2,2,1
4,12,12,1,0,3,2,2,1
4,12,12,1,1,1,2,2,1
4,12,12,1,1,2,2,2,1
4,12,12,1,1,3,2,2,1
4,12,12,1,2,1,2,2,1
4,12,12,1,2,2,2,2,1
4,12,12,1,2,3,2,2,1
4,12,12,1,3,1,2,2,1
4,12,12,1,3,2,2,2,1
4,12,12,1,3,3,2,2,1
4,12,12,1,4,1,2,2,1
4,12,12,1,4,2,2,2,1
4,12,12,1,4,3,2,2,1
4,13,13,1,0,1,1,1,1
4,13,13,1,0,2,2,2,1
4,13,13,1,0,3,2,2,1
4,13,13,1,1,1,1,2,1
4,13,13,1,1,2,2,2,1
4,13,13,1,1,3,2,2,1
4,13,13,1,2,1,2,2,1
4,13,13,1,2,2,2,2,1
4,13,13,1,2,3,2,2,1
4,13,13,1,3,1,2,2,1
4,13,13,1,3,2,2,2,1
4,13,13,1,3,3,2,2,1
4,13,13,1,4,1,2,2,1
4,13,13,1,4,2,2,2,1
4,13,13,1,4,3,2,2,1
4,14,14,1,0,1,1,1,1
4,14,14,1,0,2,2,2,1
4,14,14,1,0,3,2,2,1
4,14,14,1,1,1,1,2,1
4,14,14,1,1,2,2,2,1
4,14,14,1,1,3,2,2,1
4,14,14,1,2,1,2,2,1
4,14,14,1,2,2,2,2,1
4,14,14,1,2,3,2,2,1
4,14,14,1,3,1,2,2,1
4,14,14,1,3,2,2,2,1
4,14,14,1,3,3,2,2,1
4,14,14,1,4,1,2,2,1
4,14,14,1,4,2,2,2,1
4,14,14,1,4,3,2,2,1
4,15,15,1,0,1,1,1,1
4,15,15,1,0,2,2,2,1
4,15,15,1,0,3,2,2,1
4,15,15,1,1,1,1,2,1
4,15,15,1,1,2,2,2,1
4,15,15,1,1,3,2,2,1
4,15,15,1,2,1,2,2,1
4,15,15,1,2,2,2,2,1
4,15,15,1,2,3,2,2,1
4,15,15,1,3,1,2,2,1
4,15,15,1,3,2,2,2,1
4,15,15,1,3,3,2,2,1
4,15,15,1,4,1,2,2,1
4,15,15,1,4,2,2,2,1
4,15,15,1,4,3,2,2,1
4,16,2;1,2,0,1,1,1,1
4,16,2;1,2,0,2,2,2,1
4,16,2;1,2,0,3,3,3,1
4,16,2;1,2,1,1,3,3,1
4,16,2;1,2,1,2,4,4,1
4,16,2;1,2,1,3,4,4,1
4,16,2;1,2,2,1,4,4,1
4,16,2;1,2,2,2,4,4,1
4,16,2;1,2,2,3,4,4,1
4,16,2;1,2,3,1,4,4,1
4,16,2;1,2,3,2,4,4,1
4,16,2;1,2,3,3,4,4,1
4,16,2;1,2,4,1,4,4,1
4,16,2;1,2,4,2,4,4,1
4,16,2;1,2,4,3,4,4,1
4,17,4;1,2,0,1,1,1,1
4,17,4;1,2,0,2,2,2,1
4,17,4;1,2,0,3,3,3,1
4,17,4;1,2,1,1,3,3,1
4,17,4;1,2,1,2,4,4,1
4,17,4;1,2,1,3,4,4,1
4,17,4;1,2,2,1,4,4,1
4,17,4;1,2,2,2,4,4,1
4,17,4;1,2,2,3,4,4,1
4,17,4;1,2,3,1,4,4,1
4,17,4;1,2,3,2,4,4,1
4,17,4;1,2,3,3,4,4,1
4,17,4;1,2,4,1,4,4,1
4,17,4;1,2,4,2,4,4,1
4,17,4;1,2,4,3,4,4,1
4,18,4;2,2,0,1,1,1,1
4,18,4;2,2,0,2,2,2,1
4,18,4;2,2,0,3,3,3,1
4,18,4;2,2,1,1,3,3,1
4,18,4;2,2,1,2,4,4,1
4,18,4;2,2,1,3,4,4,1
4,18,4;2,2,2,1,4,4,1
4,18,4;2,2,2,2,4,4,1
4,18,4;2,2,2,3,4,4,1
4,18,4;2,2,3,1,4,4,1
4,18,4;2,2,3,2,4,4,1
4,18,4;2,2,3,3,4,4,1
4,18,4;2,2,4,1,4,4,1
4,18,4;2,2,4,2,4,4,1
4,18,4;2,2,4,3,4,4,1
4,19,4;3,2,0,1,1,1,1
4,19,4;3,2,0,2,2,2,1
4,19,4;3,2,0,3,3,3,1
4,19,4;3,2,1,1,2,3,1
4,19,4;3,2,1,2,4,4,1
4,19,4;3,2,1,3,4,4,1
4,19,4;3,2,2,1,4,4,1
4,19,4;3,2,2,2,4,4,1
4,19,4;3,2,2,3,4,4,1
4,19,4;3,2,3,1,4,4,1
4,19,4;3,2,3,2,4,4,1
4,19,4;3,2,3,3,4,4,1
4,19,4;3,2,4,1,4,4,1
4,19,4;3,2,4,2,4,4,1
4,19,4;3,2,4,3,4,4,1
4,20,5;2,2,0,1,1,1,1
4,20,5;2,2,0,2,2,2,1
4,20,5;2,2,0,3,3,3,1
4,20,5;2,2,1,1,2,3,1
4,20,5;2,2,1,2,4,4,1
4,20,5;2,2,1,3,4,4,1
4,20,5;2,2,2,1,4,4,1
4,20,5;2,2,2,2,4,4,1
4,20,5;2,2,2,3,4,4,1
4,20,5;2,2,3,1,4,4,1
4,20,5;2,2,3,2,4,4,1
4,20,5;2,2,3,3,4,4,1
4,20,5;2,2,4,1,4,4,1
4,20,5;2,2,4,2,4,4,1
4,20,5;2,2,4,3,4,4,1
4,21,5;3,2,0,1,1,1,1
4,21,5;3,2,0,2,2,2,1
4,21,5;3,2,0,3,3,3,1
4,21,5;3,2,1,1,3,3,1
4,21,5;3,2,1,2,4,4,1
4,21,5;3,2,1,3,4,4,1
4,21,5;3,2,2,1,4,4,1
4,21,5;3,2,2,2,4,4,1
4,21,5;3,2,2,3,4,4,1
4,21,5;3,2,3,1,4,4,1
4,21,5;3,2,3,2,4,4,1
4,21,5;3,2,3,3,4,4,1
4,21,5;3,2,4,1,4,4,1
4,21,5;3,2,4,2,4,4,1
4,21,5;3,2,4,3,4,4,1
4,22,6;1,2,0,1,1,1,1
4,22,6;1,2,0,2,2,2,1
4,22,6;1,2,0,3,3,3,1
4,22,6;1,2,1,1,2,3,1
4,22,6;1,2,1,2,4,4,1
4,22,6;1,2,1,3,4,4,1
4,22,6;1,2,2,1,4,4,1
4,22,6;1,2,2,2,4,4,1
4,22,6;1,2,2,3,4,4,1
4,22,6;1,2,3,1,4,4,1
4,22,6;1,2,3,2,4,4,1
4,22,6;1,2,3,3,4,4,1
4,22,6;1,2,4,1,4,4,1
4,22,6;1,2,4,2,4,4,1
4,22,6;1,2,4,3,4,4,1
4,23,8;1,2,0,1,1,1,1
4,23,8;1,2,0,2,2,2,1
4,23,8;1,2,0,3,3,3,1
4,23,8;1,2,1,1,3,3,1
4,23,8;1,2,1,2,4,4,1
4,23,8;1,2,1,3,4,4,1
4,23,8;1,2,2,1,4,4,1
4,23,8;1,2,2,2,4,4,1
4,23,8;1,2,2,3,4,4,1
4,23,8;1,2,3,1,4,4,1
4,23,8;1,2,3,2,4,4,1
4,23,8;1,2,3,3,4,4,1
4,23,8;1,2,4,1,4,4,1
4,23,8;1,2,4,2,4,4,1
4,23,8;1,2,4,3,4,4,1
4,24,8;2,2,0,1,1,1,1
4,24,8;2,2,0,2,2,2,1
4,24,8;2,2,0,3,3,3,1
4,24,8;2,2,1,1,3,3,1
4,24,8;2,2,1,2,4,4,1
4,24,8;2,2,1,3,4,4,1
4,24,8;2,2,2,1,4,4,1
4,24,8;2,2,2,2,4,4,1
4,24,8;2,2,2,3,4,4,1
4,24,8;2,2,3,1,4,4,1
4,24,8;2,2,3,2,4,4,1
4,24,8;2,2,3,3,4,4,1
4,24,8;2,2,4,1,4,4,1
4,24,8;2,2,4,2,4,4,1
4,24,8;2,2,4,3,4,4,1
4,25,8;3,2,0,1,1,1,1
4,25,8;3,2,0,2,2,2,1
4,25,8;3,2,0,3,3,3,1
4,25,8;3,2,1,1,2,3,1
4,25,8;3,2,1,2,4,4,1
4,25,8;3,2,1,3,4,4,1
4,25,8;3,2,2,1,4,4,1
4,25,8;3,2,2,2,4,4,1
4,25,8;3,2,2,3,4,4,1
4,25,8;3,2,3,1,4,4,1
4,25,8;3,2,3,2,4,4,1
4,25,8;3,2,3,3,4,4,1
4,25,8;3,2,4,1,4,4,1
4,25,8;3,2,4,2,4,4,1
4,25,8;3,2,4,3,4,4,1
4,26,8;4,2,0,1,1,1,1
4,26,8;4,2,0,2,2,2,1
4,26,8;4,2,0,3,3,3,1
4,26,8;4,2,1,1,3,3,1
4,26,8;4,2,1,2,4,4,1
4,26,8;4,2,1,3,4,4,1
4,26,8;4,2,2,1,4,4,1
4,26,8;4,2,2,2,4,4,1
4,26,8;4,2,2,3,4,4,1
4,26,8;4,2,3,1,4,4,1
4,26,8;4,2,3,2,4,4,1
4,26,8;4,2,3,3,4,4,1
4,26,8;4,2,4,1,4,4,1
4,26,8;4,2,4,2,4,4,1
4,26,8;4,2,4,3,4,4,1
4,27,8;5,2,0,1,1,1,1
4,27,8;5,2,0,2,2,2,1
4,27,8;5,2,0,3,3,3,1
4,27,8;5,2,1,1,2,3,1
4,27,8;5,2,1,2,4,4,1
4,27,8;5,2,1,3,4,4,1
4,27,8;5,2,2,1,4,4,1
4,27,8;5,2,2,2,4,4,1
4,27,8;5,2,2,3,4,4,1
4,27,8;5,2,3,1,4,4,1
4,27,8;5,2,3,2,4,4,1
4,27,8;5,2,3,3,4,4,1
4,27,8;5,2,4,1,4,4,1
4,27,8;5,2,4,2,4,4,1
4,27,8;5,2,4,3,4,4,1
4,28,8;6,2,0,1,1,1,1
4,28,8;6,2,0,2,2,2,1
4,28,8;6,2,0,3,3,3,1
4,28,8;6,2,1,1,2,3,1
4,28,8;6,2,1,2,4,4,1
4,28,8;6,2,1,3,4,4,1
4,28,8;6,2,2,1,4,4,1
4,28,8;6,2,2,2,4,4,1
4,28,8;6,2,2,3,4,4,1
4,28,8;6,2,3,1,4,4,1
4,28,8;6,2,3,2,4,4,1
4,28,8;6,2,3,3,4,4,1
4,28,8;6,2,4,1,4,4,1
4,28,8;6,2,4,2,4,4,1
4,28,8;6,2,4,3,4,4,1
4,29,8;7,2,0,1,1,1,1
4,29,8;7,2,0,2,2,2,1
4,29,8;7,2,0,3,3,3,1
4,29,8;7,2,1,1,2,3,1
4,29,8;7,2,1,2,4,4,1
4,29,8;7,2,1,3,4,4,1
4,29,8;7,2,2,1,3,4,1
4,29,8;7,2,2,2,4,4,1
4,29,8;7,2,2,3,4,4,1
4,29,8;7,2,3,1,4,4,1
4,29,8;7,2,3,2,4,4,1
4,29,8;7,2,3,3,4,4,1
4,29,8;7,2,4,1,4,4,1
4,29,8;7,2,4,2,4,4,1
4,29,8;7,2,4,3,4,4,1
4,30,9;2,2,0,1,1,1,1
4,30,9;2,2,0,2,2,2,1
4,30,9;2,2,0,3,3,3,1
4,30,9;2,2,1,1,2,3,1
4,30,9;2,2,1,2,4,4,1
4,30,9;2,2,1,3,4,4,1
4,30,9;2,2,2,1,4,4,1
4,30,9;2,2,2,2,4,4,1
4,30,9;2,2,2,3,4,4,1
4,30,9;2,2,3,1,4,4,1
4,30,9;2,2,3,2,4,4,1
4,30,9;2,2,3,3,4,4,1
4,30,9;2,2,4,1,4,4,1
4,30,9;2,2,4,2,4,4,1
4,30,9;2,2,4,3,4,4,1
4,31,9;3,2,0,1,1,1,1
4,31,9;3,2,0,2,2,2,1
4,31,9;3,2,0,3,3,3,1
4,31,9;3,2,1,1,3,3,1
4,31,9;3,2,1,2,4,4,1
4,31,9;3,2,1,3,4,4,1
4,31,9;3,2,2,1,4,4,1
4,31,9;3,2,2,2,4,4,1
4,31,9;3,2,2,3,4,4,1
4,31,9;3,2,3,1,4,4,1
4,31,9;3,2,3,2,4,4,1
4,31,9;3,2,3,3,4,4,1
4,31,9;3,2,4,1,4,4,1
4,31,9;3,2,4,2,4,4,1
4,31,9;3,2,4,3,4,4,1
4,32,9;4,2,0,1,1,1,1
4,32,9;4,2,0,2,2,2,1
4,32,9;4,2,0,3,3,3,1
4,32,9;4,2,1,1,2,3,1
4,32,9;4,2,1,2,4,4,1
4,32,9;4,2,1,3,4,4,1
4,32,9;4,2,2,1,4,4,1
4,32,9;4,2,2,2,4,4,1
4,32,9;4,2,2,3,4,4,1
4,32,9;4,2,3,1,4,4,1
4,32,9;4,2,3,2,4,4,1
4,32,9;4,2,3,3,4,4,1
4,32,9;4,2,4,1,4,4,1
4,32,9;4,2,4,2,4,4,1
4,32,9;4,2,4,3,4,4,1
4,33,9;5,2,0,1,1,1,1
4,33,9;5,2,0,2,2,2,1
4,33,9;5,2,0,3,3,3,1
4,33,9;5,2,1,1,3,3,1
4,33,9;5,2,1,2,4,4,1
4,33,9;5,2,1,3,4,4,1
4,33,9;5,2,2,1,4,4,1
4,33,9;5,2,2,2,4,4,1
4,33,9;5,2,2,3,4,4,1
4,33,9;5,2,3,1,4,4,1
4,33,9;5,2,3,2,4,4,1
4,33,9;5,2,3,3,4,4,1
4,33,9;5,2,4,1,4,4,1
4,33,9;5,2,4,2,4,4,1
4,33,9;5,2,4,3,4,4,1
4,34,9;6,2,0,1,1,1,1
4,34,9;6,2,0,2,2,2,1
4,34,9;6,2,0,3,3,3,1
4,34,9;6,2,1,1,2,3,1
4,34,9;6,2,1,2,4,4,1
4,34,9;6,2,1,3,4,4,1
4,34,9;6,2,2,1,4,4,1
4,34,9;6,2,2,2,4,4,1
4,34,9;6,2,2,3,4,4,1
4,34,9;6,2,3,1,4,4,1
4,34,9;6,2,3,2,4,4,1
4,34,9;6,2,3,3,4,4,1
4,34,9;6,2,4,1,4,4,1
4,34,9;6,2,4,2,4,4,1
4,34,9;6,2,4,3,4,4,1
4,35,9;7,2,0,1,1,1,1
4,35,9;7,2,0,2,2,2,1
4,35,9;7,2,0,3,3,3,1
4,35,9;7,2,1,1,2,3,1
4,35,9;7,2,1,2,4,4,1
4,35,9;7,2,1,3,4,4,1
4,35,9;7,2,2,1,3,4,1
4,35,9;7,2,2,2,4,4,1
4,35,9;7,2,2,3,4,4,1
4,35,9;7,2,3,1,4,4,1
4,35,9;7,2,3,2,4,4,1
4,35,9;7,2,3,3,4,4,1
4,35,9;7,2,4,1,4,4,1
4,35,9;7,2,4,2,4,4,1
4,35,9;7,2,4,3,4,4,1
4,36,10;1,2,0,1,1,1,1
4,36,10;1,2,0,2,2,2,1
4,36,10;1,2,0,3,3,3,1
4,36,10;1,2,1,1,2,3,1
4,36,10;1,2,1,2,4,4,1
4,36,10;1,2,1,3,4,4,1
4,36,10;1,2,2,1,4,4,1
4,36,10;1,2,2,2,4,4,1
4,36,10;1,2,2,3,4,4,1
4,36,10;1,2,3,1,4,4,1
4,36,10;1,2,3,2,4,4,1
4,36,10;1,2,3,3,4,4,1
4,36,10;1,2,4,1,4,4,1
4,36,10;1,2,4,2,4,4,1
4,36,10;1,2,4,3,4,4,1
4,37,10;4,2,0,1,1,1,1
4,37,10;4,2,0,2,2,2,1
4,37,10;4,2,0,3,3,3,1
4,37,10;4,2,1,1,2,3,1
4,37,10;4,2,1,2,4,4,1
4,37,10;4,2,1,3,4,4,1
4,37,10;4,2,2,1,4,4,1
4,37,10;4,2,2,2,4,4,1
4,37,10;4,2,2,3,4,4,1
4,37,10;4,2,3,1,4,4,1
4,37,10;4,2,3,2,4,4,1
4,37,10;4,2,3,3,4,4,1
4,37,10;4,2,4,1,4,4,1
4,37,10;4,2,4,2,4,4,1
4,37,10;4,2,4,3,4,4,1
4,38,10;5,2,0,1,1,1,1
4,38,10;5,2,0,2,2,2,1
4,38,10;5,2,0,3,3,3,1
4,38,10;5,2,1,1,2,3,1
4,38,10;5,2,1,2,4,4,1
4,38,10;5,2,1,3,4,4,1
4,38,10;5,2,2,1,4,4,1
4,38,10;5,2,2,2,4,4,1
4,38,10;5,2,2,3,4,4,1
4,38,10;5,2,3,1,4,4,1
4,38,10;5,2,3,2,4,4,1
4,38,10;5,2,3,3,4,4,1
4,38,10;5,2,4,1,4,4,1
4,38,10;5,2,4,2,4,4,1
4,38,10;5,2,4,3,4,4,1
4,39,10;6,2,0,1,1,1,1
4,39,10;6,2,0,2,2,2,1
4,39,10;6,2,0,3,3,3,1
4,39,10;6,2,1,1,3,3,1
4,39,10;6,2,1,2,4,4,1
4,39,10;6,2,1,3,4,4,1
4,39,10;6,2,2,1,4,4,1
4,39,10;6,2,2,2,4,4,1
4,39,10;6,2,2,3,4,4,1
4,39,10;6,2,3,1,4,4,1
4,39,10;6,2,3,2,4,4,1
4,39,10;6,2,3,3,4,4,1
4,39,10;6,2,4,1,4,4,1
4,39,10;6,2,4,2,4,4,1
4,39,10;6,2,4,3,4,4,1
4,40,10;7,2,0,1,1,1,1
4,40,10;7,2,0,2,2,2,1
4,40,10;7,2,0,3,3,3,1
4,40,10;7,2,1,1,2,3,1
4,40,10;7,2,1,2,4,4,1
4,40,10;7,2,1,3,4,4,1
4,40,10;7,2,2,1,3,4,1
4,40,10;7,2,2,2,4,4,1
4,40,10;7,2,2,3,4,4,1
4,40,10;7,2,3,1,4,4,1
4,40,10;7,2,3,2,4,4,1
4,40,10;7,2,3,3,4,4,1
4,40,10;7,2,4,1,4,4,1
4,40,10;7,2,4,2,4,4,1
4,40,10;7,2,4,3,4,4,1
4,41,11;4,2,0,1,1,1,1
4,41,11;4,2,0,2,2,2,1
4,41,11;4,2,0,3,3,3,1
4,41,11;4,2,1,1,2,3,1
4,41,11;4,2,1,2,4,4,1
4,41,11;4,2,1,3,4,4,1
4,41,11;4,2,2,1,3,4,1
4,41,11;4,2,2,2,4,4,1
4,41,11;4,2,2,3,4,4,1
4,41,11;4,2,3,1,4,4,1
4,41,11;4,2,3,2,4,4,1
4,41,11;4,2,3,3,4,4,1
4,41,11;4,2,4,1,4,4,1
4,41,11;4,2,4,2,4,4,1
4,41,11;4,2,4,3,4,4,1
4,42,11;5,2,0,1,1,1,1
4,42,11;5,2,0,2,2,2,1
4,42,11;5,2,0,3,3,3,1
4,42,11;5,2,1,1,2,3,1
4,42,11;5,2,1,2,4,4,1
4,42,11;5,2,1,3,4,4,1
4,42,11;5,2,2,1,3,4,1
4,42,11;5,2,2,2,4,4,1
4,42,11;5,2,2,3,4,4,1
4,42,11;5,2,3,1,4,4,1
4,42,11;5,2,3,2,4,4,1
4,42,11;5,2,3,3,4,4,1
4,42,11;5,2,4,1,4,4,1
4,42,11;5,2,4,2,4,4,1
4,42,11;5,2,4,3,4,4,1
4,43,11;6,2,0,1,1,1,1
4,43,11;6,2,0,2,2,2,1
4,43,11;6,2,0,3,3,3,1
4,43,11;6,2,1,1,2,3,1
4,43,11;6,2,1,2,4,4,1
4,43,11;6,2,1,3,4,4,1
4,43,11;6,2,2,1,3,4,1
4,43,11;6,2,2,2,4,4,1
4,43,11;6,2,2,3,4,4,1
4,43,11;6,2,3,1,4,4,1
4,43,11;6,2,3,2,4,4,1
4,43,11;6,2,3,3,4,4,1
4,43,11;6,2,4,1,4,4,1
4,43,11;6,2,4,2,4,4,1
4,43,11;6,2,4,3,4,4,1
4,44,11;7,2,0,1,1,1,1
4,44,11;7,2,0,2,2,2,1
4,44,11;7,2,0,3,3,3,1
4,44,11;7,2,1,1,2,3,1
4,44,11;7,2,1,2,4,4,1
4,44,11;7,2,1,3,4,4,1
4,44,11;7,2,2,1,3,4,1
4,44,11;7,2,2,2,4,4,1
4,44,11;7,2,2,3,4,4,1
4,44,11;7,2,3,1,4,4,1
4,44,11;7,2,3,2,4,4,1
4,44,11;7,2,3,3,4,4,1
4,44,11;7,2,4,1,4,4,1
4,44,11;7,2,4,2,4,4,1
4,44,11;7,2,4,3,4,4,1
4,45,12;1,2,0,1,1,1,1
4,45,12;1,2,0,2,2,2,1
4,45,12;1,2,0,3,3,3,1
4,45,12;1,2,1,1,2,3,1
4,45,12;1,2,1,2,4,4,1
4,45,12;1,2,1,3,4,4,1
4,45,12;1,2,2,1,4,4,1
4,45,12;1,2,2,2,4,4,1
4,45,12;1,2,2,3,4,4,1
4,45,12;1,2,3,1,4,4,1
4,45,12;1,2,3,2,4,4,1
4,45,12;1,2,3,3,4,4,1
4,45,12;1,2,4,1,4,4,1
4,45,12;1,2,4,2,4,4,1
4,45,12;1,2,4,3,4,4,1
4,46,12;2,2,0,1,1,1,1
4,46,12;2,2,0,2,2,2,1
4,46,12;2,2,0,3,3,3,1
4,46,12;2,2,1,1,2,3,1
4,46,12;2,2,1,2,4,4,1
4,46,12;2,2,1,3,4,4,1
4,46,12;2,2,2,1,4,4,1
4,46,12;2,2,2,2,4,4,1
4,46,12;2,2,2,3,4,4,1
4,46,12;2,2,3,1,4,4,1
4,46,12;2,2,3,2,4,4,1
4,46,12;2,2,3,3,4,4,1
4,46,12;2,2,4,1,4,4,1
4,46,12;2,2,4,2,4,4,1
4,46,12;2,2,4,3,4,4,1
4,47,12;3,2,0,1,1,1,1
4,47,12;3,2,0,2,2,2,1
4,47,12;3,2,0,3,3,3,1
4,47,12;3,2,1,1,2,3,1
4,47,12;3,2,1,2,4,4,1
4,47,12;3,2,1,3,4,4,1
4,47,12;3,2,2,1,4,4,1
4,47,12;3,2,2,2,4,4,1
4,47,12;3,2,2,3,4,4,1
4,47,12;3,2,3,1,4,4,1
4,47,12;3,2,3,2,4,4,1
4,47,12;3,2,3,3,4,4,1
4,47,12;3,2,4,1,4,4,1
4,47,12;3,2,4,2,4,4,1
4,47,12;3,2,4,3,4,4,1
4,48,13;2,2,0,1,1,1,1
4,48,13;2,2,0,2,2,2,1
4,48,13;2,2,0,3,3,3,1
4,48,13;2,2,1,1,2,3,1
4,48,13;2,2,1,2,4,4,1
4,48,13;2,2,1,3,4,4,1
4,48,13;2,2,2,1,3,4,1
4,48,13;2,2,2,2,4,4,1
4,48,13;2,2,2,3,4,4,1
4,48,13;2,2,3,1,4,4,1
4,48,13;2,2,3,2,4,4,1
4,48,13;2,2,3,3,4,4,1
4,48,13;2,2,4,1,4,4,1
4,48,13;2,2,4,2,4,4,1
4,48,13;2,2,4,3,4,4,1
4,49,13;3,2,0,1,1,1,1
4,49,13;3,2,0,2,2,2,1
4,49,13;3,2,0,3,3,3,1
4,49,13;3,2,1,1,2,3,1
4,49,13;3,2,1,2,4,4,1
4,49,13;3,2,1,3,4,4,1
4,49,13;3,2,2,1,3,4,1
4,49,13;3,2,2,2,4,4,1
4,49,13;3,2,2,3,4,4,1
4,49,13;3,2,3,1,4,4,1
4,49,13;3,2,3,2,4,4,1
4,49,13;3,2,3,3,4,4,1
4,49,13;3,2,4,1,4,4,1
4,49,13;3,2,4,2,4,4,1
4,49,13;3,2,4,3,4,4,1
4,50,14;1,2,0,1,1,1,1
4,50,14;1,2,0,2,2,2,1
4,50,14;1,2,0,3,3,3,1
4,50,14;1,2,1,1,2,3,1
4,50,14;1,2,1,2,4,4,1
4,50,14;1,2,1,3,4,4,1
4,50,14;1,2,2,1,3,4,1
4,50,14;1,2,2,2,4,4,1
4,50,14;1,2,2,3,4,4,1
4,50,14;1,2,3,1,4,4,1
4,50,14;1,2,3,2,4,4,1
4,50,14;1,2,3,3,4,4,1
4,50,14;1,2,4,1,4,4,1
4,50,14;1,2,4,2,4,4,1
4,50,14;1,2,4,3,4,4,1
4,51,4;2;1,3,0,1,1,1,1
4,51,4;2;1,3,0,2,2,2,1
4,51,4;2;1,3,0,3,3,3,1
4,51,4;2;1,3,1,1,4,4,1
4,51,4;2;1,3,1,2,8,8,1
4,51,4;2;1,3,1,3,8,8,1
4,51,4;2;1,3,2,1,7,7,1
4,51,4;2;1,3,2,2,8,8,1
4,51,4;2;1,3,2,3,8,8,1
4,51,4;2;1,3,3,1,8,8,1
4,51,4;2;1,3,3,2,8,8,1
4,51,4;2;1,3,3,3,8,8,1
4,51,4;2;1,3,4,1,8,8,1
4,51,4;2;1,3,4,2,8,8,1
4,51,4;2;1,3,4,3,8,8,1
4,52,8;2;1,3,0,1,1,1,1
4,52,8;2;1,3,0,2,2,2,1
4,52,8;2;1,3,0,3,3,3,1
4,52,8;2;1,3,1,1,4,4,1
4,52,8;2;1,3,1,2,8,8,1
4,52,8;2;1,3,1,3,8,8,1
4,52,8;2;1,3,2,1,7,7,1
4,52,8;2;1,3,2,2,8,8,1
4,52,8;2;1,3,2,3,8,8,1
4,52,8;2;1,3,3,1,8,8,1
4,52,8;2;1,3,3,2,8,8,1
4,52,8;2;1,3,3,3,8,8,1
4,52,8;2;1,3,4,1,8,8,1
4,52,8;2;1,3,4,2,8,8,1
4,52,8;2;1,3,4,3,8,8,1
4,53,8;4;1,3,0,1,1,1,1
4,53,8;4;1,3,0,2,2,2,1
4,53,8;4;1,3,0,3,3,3,1
4,53,8;4;1,3,1,1,4,4,1
4,53,8;4;1,3,1,2,8,8,1
4,53,8;4;1,3,1,3,8,8,1
4,53,8;4;1,3,2,1,7,7,1
4,53,8;4;1,3,2,2,8,8,1
4,53,8;4;1,3,2,3,8,8,1
4,53,8;4;1,3,3,1,8,8,1
4,53,8;4;1,3,3,2,8,8,1
4,53,8;4;1,3,3,3,8,8,1
4,53,8;4;1,3,4,1,8,8,1
4,53,8;4;1,3,4,2,8,8,1
4,53,8;4;1,3,4,3,8,8,1
4,54,8;4;2,3,0,1,1,1,1
4,54,8;4;2,3,0,2,2,2,1
4,54,8;4;2,3,0,3,3,3,1
4,54,8;4;2,3,1,1,4,4,1
4,54,8;4;2,3,1,2,8,8,1
4,54,8;4;2,3,1,3,8,8,1
4,54,8;4;2,3,2,1,7,7,1
4,54,8;4;2,3,2,2,8,8,1
4,54,8;4;2,3,2,3,8,8,1
4,54,8;4;2,3,3,1,8,8,1
4,54,8;4;2,3,3,2,8,8,1
4,54,8;4;2,3,3,3,8,8,1
4,54,8;4;2,3,4,1,8,8,1
4,54,8;4;2,3,4,2,8,8,1
4,54,8;4;2,3,4,3,8,8,1
4,55,8;4;3,3,0,1,1,1,1
4,55,8;4;3,3,0,2,2,2,1
4,55,8;4;3,3,0,3,3,3,1
4,55,8;4;3,3,1,1,3,4,1
4,55,8;4;3,3,1,2,6,8,1
4,55,8;4;3,3,1,3,8,8,1
4,55,8;4;3,3,2,1,6,7,1
4,55,8;4;3,3,2,2,8,8,1
4,55,8;4;3,3,2,3,8,8,1
4,55,8;4;3,3,3,1,8,8,1
4,55,8;4;3,3,3,2,8,8,1
4,55,8;4;3,3,3,3,8,8,1
4,55,8;4;3,3,4,1,8,8,1
4,55,8;4;3,3,4,2,8,8,1
4,55,8;4;3,3,4,3,8,8,1
4,56,8;5;2,3,0,1,1,1,1
4,56,8;5;2,3,0,2,2,2,1
4,56,8;5;2,3,0,3,3,3,1
4,56,8;5;2,3,1,1,3,4,1
4,56,8;5;2,3,1,2,6,8,1
4,56,8;5;2,3,1,3,8,8,1
4,56,8;5;2,3,2,1,6,7,1
4,56,8;5;2,3,2,2,8,8,1
4,56,8;5;2,3,2,3,8,8,1
4,56,8;5;2,3,3,1,8,8,1
4,56,8;5;2,3,3,2,8,8,1
4,56,8;5;2,3,3,3,8,8,1
4,56,8;5;2,3,4,1,8,8,1
4,56,8;5;2,3,4,2,8,8,1
4,56,8;5;2,3,4,3,8,8,1
4,57,8;5;3,3,0,1,1,1,1
4,57,8;5;3,3,0,2,2,2,1
4,57,8;5;3,3,0,3,3,3,1
4,57,8;5;3,3,1,1,3,4,1
4,57,8;5;3,3,1,2,6,8,1
4,57,8;5;3,3,1,3,8,8,1
4,57,8;5;3,3,2,1,6,7,1
4,57,8;5;3,3,2,2,8,8,1
4,57,8;5;3,3,2,3,8,8,1
4,57,8;5;3,3,3,1,8,8,1
4,57,8;5;3,3,3,2,8,8,1
4,57,8;5;3,3,3,3,8,8,1
4,57,8;5;3,3,4,1,8,8,1
4,57,8;5;3,3,4,2,8,8,1
4,57,8;5;3,3,4,3,8,8,1
4,58,8;6;1,3,0,1,1,1,1
4,58,8;6;1,3,0,2,2,2,1
4,58,8;6;1,3,0,3,3,3,1
4,58,8;6;1,3,1,1,3,4,1
4,58,8;6;1,3,1,2,6,8,1
4,58,8;6;1,3,1,3,8,8,1
4,58,8;6;1,3,2,1,6,7,1
4,58,8;6;1,3,2,2,8,8,1
4,58,8;6;1,3,2,3,8,8,1
4,58,8;6;1,3,3,1,8,8,1
4,58,8;6;1,3,3,2,8,8,1
4,58,8;6;1,3,3,3,8,8,1
4,58,8;6;1,3,4,1,8,8,1
4,58,8;6;1,3,4,2,8,8,1
4,58,8;6;1,3,4,3,8,8,1
4,59,9;4;2,3,0,1,1,1,1
4,59,9;4;2,3,0,2,2,2,1
4,59,9;4;2,3,0,3,3,3,1
4,59,9;4;2,3,1,1,3,4,1
4,59,9;4;2,3,1,2,6,8,1
4,59,9;4;2,3,1,3,8,8,1
4,59,9;4;2,3,2,1,6,7,1
4,59,9;4;2,3,2,2,8,8,1
4,59,9;4;2,3,2,3,8,8,1
4,59,9;4;2,3,3,1,8,8,1
4,59,9;4;2,3,3,2,8,8,1
4,59,9;4;2,3,3,3,8,8,1
4,59,9;4;2,3,4,1,8,8,1
4,59,9;4;2,3,4,2,8,8,1
4,59,9;4;2,3,4,3,8,8,1
4,60,9;4;3,3,0,1,1,1,1
4,60,9;4;3,3,0,2,2,2,1
4,60,9;4;3,3,0,3,3,3,1
4,60,9;4;3,3,1,1,3,4,1
4,60,9;4;3,3,1,2,6,8,1
4,60,9;4;3,3,1,3,8,8,1
4,60,9;4;3,3,2,1,6,7,1
4,60,9;4;3,3,2,2,8,8,1
4,60,9;4;3,3,2,3,8,8,1
4,60,9;4;3,3,3,1,8,8,1
4,60,9;4;3,3,3,2,8,8,1
4,60,9;4;3,3,3,3,8,8,1
4,60,9;4;3,3,4,1,8,8,1
4,60,9;4;3,3,4,2,8,8,1
4,60,9;4;3,3,4,3,8,8,1
4,61,9;5;2,3,0,1,1,1,1
4,61,9;5;2,3,0,2,2,2,1
4,61,9;5;2,3,0,3,3,3,1
4,61,9;5;2,3,1,1,3,4,1
4,61,9;5;2,3,1,2,6,8,1
4,61,9;5;2,3,1,3,8,8,1
4,61,9;5;2,3,2,1,6,7,1
4,61,9;5;2,3,2,2,8,8,1
4,61,9;5;2,3,2,3,8,8,1
4,61,9;5;2,3,3,1,8,8,1
4,61,9;5;2,3,3,2,8,8,1
4,61,9;5;2,3,3,3,8,8,1
4,61,9;5;2,3,4,1,8,8,1
4,61,9;5;2,3,4,2,8,8,1
4,61,9;5;2,3,4,3,8,8,1
4,62,9;5;3,3,0,1,1,1,1
4,62,9;5;3,3,0,2,2,2,1
4,62,9;5;3,3,0,3,3,3,1
4,62,9;5;3,3,1,1,4,4,1
4,62,9;5;3,3,1,2,8,8,1
4,62,9;5;3,3,1,3,8,8,1
4,62,9;5;3,3,2,1,7,7,1
4,62,9;5;3,3,2,2,8,8,1
4,62,9;5;3,3,2,3,8,8,1
4,62,9;5;3,3,3,1,8,8,1
4,62,9;5;3,3,3,2,8,8,1
4,62,9;5;3,3,3,3,8,8,1
4,62,9;5;3,3,4,1,8,8,1
4,62,9;5;3,3,4,2,8,8,1
4,62,9;5;3,3,4,3,8,8,1
4,63,10;4;1,3,0,1,1,1,1
4,63,10;4;1,3,0,2,2,2,1
4,63,10;4;1,3,0,3,3,3,1
4,63,10;4;1,3,1,1,3,4,1
4,63,10;4;1,3,1,2,6,8,1
4,63,10;4;1,3,1,3,8,8,1
4,63,10;4;1,3,2,1,6,7,1
4,63,10;4;1,3,2,2,8,8,1
4,63,10;4;1,3,2,3,8,8,1
4,63,10;4;1,3,3,1,8,8,1
4,63,10;4;1,3,3,2,8,8,1
4,63,10;4;1,3,3,3,8,8,1
4,63,10;4;1,3,4,1,8,8,1
4,63,10;4;1,3,4,2,8,8,1
4,63,10;4;1,3,4,3,8,8,1
4,64,10;6;1,3,0,1,1,1,1
4,64,10;6;1,3,0,2,2,2,1
4,64,10;6;1,3,0,3,3,3,1
4,64,10;6;1,3,1,1,3,4,1
4,64,10;6;1,3,1,2,6,8,1
4,64,10;6;1,3,1,3,8,8,1
4,64,10;6;1,3,2,1,6,7,1
4,64,10;6;1,3,2,2,8,8,1
4,64,10;6;1,3,2,3,8,8,1
4,64,10;6;1,3,3,1,8,8,1
4,64,10;6;1,3,3,2,8,8,1
4,64,10;6;1,3,3,3,8,8,1
4,64,10;6;1,3,4,1,8,8,1
4,64,10;6;1,3,4,2,8,8,1
4,64,10;6;1,3,4,3,8,8,1
4,65,12;2;1,3,0,1,1,1,1
4,65,12;2;1,3,0,2,2,2,1
4,65,12;2;1,3,0,3,3,3,1
4,65,12;2;1,3,1,1,3,4,1
4,65,12;2;1,3,1,2,6,8,1
4,65,12;2;1,3,1,3,8,8,1
4,65,12;2;1,3,2,1,6,7,1
4,65,12;2;1,3,2,2,8,8,1
4,65,12;2;1,3,2,3,8,8,1
4,65,12;2;1,3,3,1,8,8,1
4,65,12;2;1,3,3,2,8,8,1
4,65,12;2;1,3,3,3,8,8,1
4,65,12;2;1,3,4,1,8,8,1
4,65,12;2;1,3,4,2,8,8,1
4,65,12;2;1,3,4,3,8,8,1
4,66,8;4;2;1,4,0,1,1,1,1
4,66,8;4;2;1,4,0,2,2,2,1
4,66,8;4;2;1,4,0,3,3,3,1
4,66,8;4;2;1,4,1,1,5,5,1
4,66,8;4;2;1,4,1,2,10,10,1
4,66,8;4;2;1,4,1,3,13,13,1
4,66,8;4;2;1,4,2,1,11,11,1
4,66,8;4;2;1,4,2,2,16,16,1
4,66,8;4;2;1,4,2,3,16,16,1
4,66,8;4;2;1,4,3,1,15,15,1
4,66,8;4;2;1,4,3,2,16,16,1
4,66,8;4;2;1,4,3,3,16,16,1
4,66,8;4;2;1,4,4,1,16,16,1
4,66,8;4;2;1,4,4,2,16,16,1
4,66,8;4;2;1,4,4,3,16,16,1
5,0,,0,0,1,1,1,1
5,0,,0,0,2,1,1,1
5,0,,0,0,3,1,1,1
5,0,,0,1,1,1,1,1
5,0,,0,1,2,1,1,1
5,0,,0,1,3,1,1,1
5,0,,0,2,1,1,1,1
5,0,,0,2,2,1,1,1
5,0,,0,2,3,1,1,1
5,0,,0,3,1,1,1,1
5,0,,0,3,2,1,1,1
5,0,,0,3,3,1,1,1
5,0,,0,4,1,1,1,1
5,0,,0,4,2,1,1,1
5,0,,0,4,3,1,1,1
5,0,,0,5,1,1,1,1
5,0,,0,5,2,1,1,1
5,0,,0,5,3,1,1,1
5,1,1,1,0,1,1,1,1
5,1,1,1,0,2,2,2,1
5,1,1,1,0,3,2,2,1
5,1,1,1,1,1,2,2,1
5,1,1,1,1,2,2,2,1
5,1,1,1,1,3,2,2,1
5,1,1,1,2,1,2,2,1
5,1,1,1,2,2,2,2,1
5,1,1,1,2,3,2,2,1
5,1,1,1,3,1,2,2,1
5,1,1,1,3,2,2,2,1
5,1,1,1,3,3,2,2,1
5,1,1,1,4,1,2,2,1
5,1,1,1,4,2,2,2,1
5,1,1,1,4,3,2,2,1
5,1,1,1,5,1,2,2,1
5,1,1,1,5,2,2,2,1
5,1,1,1,5,3,2,2,1
5,2,2,1,0,1,1,1,1
5,2,2,1,0,2,2,2,1
5,2,2,1,0,3,2,2,1
5,2,2,1,1,1,2,2,1
5,2,2,1,1,2,2,2,1
5,2,2,1,1,3,2,2,1
5,2,2,1,2,1,2,2,1
5,2,2,1,2,2,2,2,1
5,2,2,1,2,3,2,2,1
5,2,2,1,3,1,2,2,1
5,2,2,1,3,2,2,2,1
5,2,2,1,3,3,2,2,1
5,2,2,1,4,1,2,2,1
5,2,2,1,4,2,2,2,1
5,2,2,1,4,3,2,2,1
5,2,2,1,5,1,2,2,1
5,2,2,1,5,2,2,2,1
5,2,2,1,5,3,2,2,1
5,3,3,1,0,1,1,1,1
5,3,3,1,0,2,2,2,1
5,3,3,1,0,3,2,2,1
5,3,3,1,1,1,2,2,1
5,3,3,1,1,2,2,2,1
5,3,3,1,1,3,2,2,1
5,3,3,1,2,1,2,2,1
5,3,3,1,2,2,2,2,1
5,3,3,1,2,3,2,2,1
5,3,3,1,3,1,2,2,1
5,3,3,1,3,2,2,2,1
5,3,3,1,3,3,2,2,1
5,3,3,1,4,1,2,2,1
5,3,3,1,4,2,2,2,1
5,3,3,1,4,3,2,2,1
5,3,3,1,5,1,2,2,1
5,3,3,1,5,2,2,2,1
5,3,3,1,5,3,2,2,1
5,4,4,1,0,1,1,1,1
5,4,4,1,0,2,2,2,1
5,4,4,1,0,3,2,2,1
5,4,4,1,1,1,2,2,1
5,4,4,1,1,2,2,2,1
5,4,4,1,1,3,2,2,1
5,4,4,1,2,1,2,2,1
5,4,4,1,2,2,2,2,1
5,4,4,1,2,3,2,2,1
5,4,4,1,3,1,2,2,1
5,4,4,1,3,2,2,2,1
5,4,4,1,3,3,2,2,1
5,4,4,1,4,1,2,2,1
5,4,4,1,4,2,2,2,1
5,4,4,1,4,3,2,2,1
5,4,4,1,5,1,2,2,1
5,4,4,1,5,2,2,2,1
5,4,4,1,5,3,2,2,1
5,5,5,1,0,1,1,1,1
5,5,5,1,0,2,2,2,1
5,5,5,1,0,3,2,2,1
5,5,5,1,1,1,2,2,1
5,5,5,1,1,2,2,2,1
5,5,5,1,1,3,2,2,1
5,5,5,1,2,1,2,2,1
5,5,5,1,2,2,2,2,1
5,5,5,1,2,3,2,2,1
5,5,5,1,3,1,2,2,1
5,5,5,1,3,2,2,2,1
5,5,5,1,3,3,2,2,1
5,5,5,1,4,1,2,2,1
5,5,5,1,4,2,2,2,1
5,5,5,1,4,3,2,2,1
5,5,5,1,5,1,2,2,1
5,5,5,1,5,2,2,2,1
5,5,5,1,5,3,2,2,1
5,6,6,1,0,1,1,1,1
5,6,6,1,0,2,2,2,1
5,6,6,1,0,3,2,2,1
5,6,6,1,1,1,2,2,1
5,6,6,1,1,2,2,2,1
5,6,6,1,1,3,2,2,1
5,6,6,1,2,1,2,2,1
5,6,6,1,2,2,2,2,1
5,6,6,1,2,3,2,2,1
5,6,6,1,3,1,2,2,1
5,6,6,1,3,2,2,2,1
5,6,6,1,3,3,2,2,1
5,6,6,1,4,1,2,2,1
5,6,6,1,4,2,2,2,1
5,6,6,1,4,3,2,2,1
5,6,6,1,5,1,2,2,1
5,6,6,1,5,2,2,2,1
5,6,6,1,5,3,2,2,1
5,7,7,1,0,1,1,1,1
5,7,7,1,0,2,2,2,1
5,7,7,1,0,3,2,2,1
5,7,7,1,1,1,1,2,1
5,7,7,1,1,2,2,2,1
5,7,7,1,1,3,2,2,1
5,7,7,1,2,1,2,2,1
5,7,7,1,2,2,2,2,1
5,7,7,1,2,3,2,2,1
5,7,7,1,3,1,2,2,1
5,7,7,1,3,2,2,2,1
5,7,7,1,3,3,2,2,1
5,7,7,1,4,1,2,2,1
5,7,7,1,4,2,2,2,1
5,7,7,1,4,3,2,2,1
5,7,7,1,5,1,2,2,1
5,7,7,1,5,2,2,2,1
5,7,7,1,5,3,2,2,1
5,8,8,1,0,1,1,1,1
5,8,8,1,0,2,2,2,1
5,8,8,1,0,3,2,2,1
5,8,8,1,1,1,2,2,1
5,8,8,1,1,2,2,2,1
5,8,8,1,1,3,2,2,1
5,8,8,1,2,1,2,2,1
5,8,8,1,2,2,2,2,1
5,8,8,1,2,3,2,2,1
5,8,8,1,3,1,2,2,1
5,8,8,1,3,2,2,2,1
5,8,8,1,3,3,2,2,1
5,8,8,1,4,1,2,2,1
5,8,8,1,4,2,2,2,1
5,8,8,1,4,3,2,2,1
5,8,8,1,5,1,2,2,1
5,8,8,1,5,2,2,2,1
5,8,8,1,5,3,2,2,1
5,9,9,1,0,1,1,1,1
5,9,9,1,0,2,2,2,1
5,9,9,1,0,3,2,2,1
5,9,9,1,1,1,2,2,1
5,9,9,1,1,2,2,2,1
5,9,9,1,1,3,2,2,1
5,9,9,1,2,1,2,2,1
5,9,9,1,2,2,2,2,1
5,9,9,1,2,3,2,2,1
5,9,9,1,3,1,2,2,1
5,9,9,1,3,2,2,2,1
5,9,9,1,3,3,2,2,1
5,9,9,1,4,1,2,2,1
5,9,9,1,4,2,2,2,1
5,9,9,1,4,3,2,2,1
5,9,9,1,5,1,2,2,1
5,9,9,1,5,2,2,2,1
5,9,9,1,5,3,2,2,1
5,10,10,1,0,1,1,1,1
5,10,10,1,0,2,2,2,1
5,10,10,1,0,3,2,2,1
5,10,10,1,1,1,2,2,1
5,10,10,1,1,2,2,2,1
5,10,10,1,1,3,2,2,1
5,10,10,1,2,1,2,2,1
5,10,10,1,2,2,2,2,1
5,10,10,1,2,3,2,2,1
5,10,10,1,3,1,2,2,1
5,10,10,1,3,2,2,2,1
5,10,10,1,3,3,2,2,1
5,10,10,1,4,1,2,2,1
5,10,10,1,4,2,2,2,1
5,10,10,1,4,3,2,2,1
5,10,10,1,5,1,2,2,1
5,10,10,1,5,2,2,2,1
5,10,10,1,5,3,2,2,1
5,11,11,1,0,1,1,1,1
5,11,11,1,0,2,2,2,1
5,11,11,1,0,3,2,2,1
5,11,11,1,1,1,1,2,1
5,11,11,1,1,2,2,2,1
5,11,11,1,1,3,2,2,1
5,11,11,1,2,1,2,2,1
5,11,11,1,2,2,2,2,1
5,11,11,1,2,3,2,2,1
5,11,11,1,3,1,2,2,1
5,11,11,1,3,2,2,2,1
5,11,11,1,3,3,2,2,1
5,11,11,1,4,1,2,2,1
5,11,11,1,4,2,2,2,1
5,11,11,1,4,3,2,2,1
5,11,11,1,5,1,2,2,1
5,11,11,1,5,2,2,2,1
5,11,11,1,5,3,2,2,1
5,12,12,1,0,1,1,1,1
5,12,12,1,0,2,2,2,1
5,12,12,1,0,3,2,2,1
5,12,12,1,1,1,2,2,1
5,12,12,1,1,2,2,2,1
5,12,12,1,1,3,2,2,1
5,12,12,1,2,1,2,2,1
5,12,12,1,2,2,2,2,1
5,12,12,1,2,3,2,2,1
5,12,12,1,3,1,2,2,1
5,12,12,1,3,2,2,2,1
5,12,12,1,3,3,2,2,1
5,12,12,1,4,1,2,2,1
5,12,12,1,4,2,2,2,1
5,12,12,1,4,3,2,2,1
5,12,12,1,5,1,2,2,1
5,12,12,1,5,2,2,2,1
5,12,12,1,5,3,2,2,1
5,13,13,1,0,1,1,1,1
5,13,13,1,0,2,2,2,1
5,13,13,1,0,3,2,2,1
5,13,13,1,1,1,1,2,1
5,13,13,1,1,2,2,2,1
5,13,13,1,1,3,2,2,1
5,13,13,1,2,1,2,2,1
5,13,13,1,2,2,2,2,1
5,13,13,1,2,3,2,2,1
5,13,13,1,3,1,2,2,1
5,13,13,1,3,2,2,2,1
5,13,13,1,3,3,2,2,1
5,13,13,1,4,1,2,2,1
5,13,13,1,4,2,2,2,1
5,13,13,1,4,3,2,2,1
5,13,13,1,5,1,2,2,1
5,13,13,1,5,2,2,2,1
5,13,13,1,5,3,2,2,1
5,14,14,1,0,1,1,1,1
5,14,14,1,0,2,2,2,1
5,14,14,1,0,3,2,2,1
5,14,14,1,1,1,1,2,1
5,14,14,1,1,2,2,2,1
5,14,14,1,1,3,2,2,1
5,14,14,1,2,1,2,2,1
5,14,14,1,2,2,2,2,1
5,14,14,1,2,3,2,2,1
5,14,14,1,3,1,2,2,1
5,14,14,1,3,2,2,2,1
5,14,14,1,3,3,2,2,1
5,14,14,1,4,1,2,2,1
5,14,14,1,4,2,2,2,1
5,14,14,1,4,3,2,2,1
5,14,14,1,5,1,2,2,1
5,14,14,1,5,2,2,2,1
5,14,14,1,5,3,2,2,1
5,15,15,1,0,1,1,1,1
5,15,15,1,0,2,2,2,1
5,15,15,1,0,3,2,2,1
5,15,15,1,1,1,1,2,1
5,15,15,1,1,2,2,2,1
5,15,15,1,1,3,2,2,1
5,15,15,1,2,1,2,2,1
5,15,15,1,2,2,2,2,1
5,15,15,1,2,3,2,2,1
5,15,15,1,3,1,2,2,1
5,15,15,1,3,2,2,2,1
5,15,15,1,3,3,2,2,1
5,15,15,1,4,1,2,2,1
5,15,15,1,4,2,2,2,1
5,15,15,1,4,3,2,2,1
5,15,15,1,5,1,2,2,1
5,15,15,1,5,2,2,2,1
5,15,15,1,5,3,2,2,1
5,16,16,1,0,1,1,1,1
5,16,16,1,0,2,2,2,1
5,16,16,1,0,3,2,2,1
5,16,16,1,1,1,2,2,1
5,16,16,1,1,2,2,2,1
5,16,16,1,1,3,2,2,1
5,16,16,1,2,1,2,2,1
5,16,16,1,2,2,2,2,1
5,16,16,1,2,3,2,2,1
5,16,16,1,3,1,2,2,1
5,16,16,1,3,2,2,2,1
5,16,16,1,3,3,2,2,1
5,16,16,1,4,1,2,2,1
5,16,16,1,4,2,2,2,1
5,16,16,1,4,3,2,2,1
5,16,16,1,5,1,2,2,1
5,16,16,1,5,2,2,2,1
5,16,16,1,5,3,2,2,1
5,17,17,1,0,1,1,1,1
5,17,17,1,0,2,2,2,1
5,17,17,1,0,3,2,2,1
5,17,17,1,1,1,2,2,1
5,17,17,1,1,2,2,2,1
5,17,17,1,1,3,2,2,1
5,17,17,1,2,1,2,2,1
5,17,17,1,2,2,2,2,1
5,17,17,1,2,3,2,2,1
5,17,17,1,3,1,2,2,1
5,17,17,1,3,2,2,2,1
5,17,17,1,3,3,2,2,1
5,17,17,1,4,1,2,2,1
5,17,17,1,4,2,2,2,1
5,17,17,1,4,3,2,2,1
5,17,17,1,5,1,2,2,1
5,17,17,1,5,2,2,2,1
5,17,17,1,5,3,2,2,1
5,18,18,1,0,1,1,1,1
5,18,18,1,0,2,2,2,1
5,18,18,1,0,3,2,2,1
5,18,18,1,1,1,2,2,1
5,18,18,1,1,2,2,2,1
5,18,18,1,1,3,2,2,1
5,18,18,1,2,1,2,2,1
5,18,18,1,2,2,2,2,1
5,18,18,1,2,3,2,2,1
5,18,18,1,3,1,2,2,1
5,18,18,1,3,2,2,2,1
5,18,18,1,3,3,2,2,1
5,18,18,1,4,1,2,2,1
5,18,18,1,4,2,2,2,1
5,18,18,1,4,3,2,2,1
5,18,18,1,5,1,2,2,1
5,18,18,1,5,2,2,2,1
5,18,18,1,5,3,2,2,1
5,19,19,1,0,1,1,1,1
5,19,19,1,0,2,2,2,1
5,19,19,1,0,3,2,2,1
5,19,19,1,1,1,1,2,1
5,19,19,1,1,2,2,2,1
5,19,19,1,1,3,2,2,1
5,19,19,1,2,1,2,2,1
5,19,19,1,2,2,2,2,1
5,19,19,1,2,3,2,2,1
5,19,19,1,3,1,2,2,1
5,19,19,1,3,2,2,2,1
5,19,19,1,3,3,2,2,1
5,19,19,1,4,1,2,2,1
5,19,19,1,4,2,2,2,1
5,19,19,1,4,3,2,2,1
5,19,19,1,5,1,2,2,1
5,19,19,1,5,2,2,2,1
5,19,19,1,5,3,2,2,1
5,20,20,1,0,1,1,1,1
5,20,20,1,0,2,2,2,1
5,20,20,1,0,3,2,2,1
5,20,20,1,1,1,2,2,1
5,20,20,1,1,2,2,2,1
5,20,20,1,1,3,2,2,1
5,20,20,1,2,1,2,2,1
5,20,20,1,2,2,2,2,1
5,20,20,1,2,3,2,2,1
5,20,20,1,3,1,2,2,1
5,20,20,1,3,2,2,2,1
5,20,20,1,3,3,2,2,1
5,20,20,1,4,1,2,2,1
5,20,20,1,4,2,2,2,1
5,20,20,1,4,3,2,2,1
5,20,20,1,5,1,2,2,1
5,20,20,1,5,2,2,2,1
5,20,20,1,5,3,2,2,1
5,21,21,1,0,1,1,1,1
5,21,21,1,0,2,2,2,1
5,21,21,1,0,3,2,2,1
5,21,21,1,1,1,1,2,1
5,21,21,1,1,2,2,2,1
5,21,21,1,1,3,2,2,1
5,21,21,1,2,1,2,2,1
5,21,21,1,2,2,2,2,1
5,21,21,1,2,3,2,2,1
5,21,21,1,3,1,2,2,1
5,21,21,1,3,2,2,2,1
5,21,21,1,3,3,2,2,1
5,21,21,1,4,1,2,2,1
5,21,21,1,4,2,2,2,1
5,21,21,1,4,3,2,2,1
5,21,21,1,5,1,2,2,1
5,21,21,1,5,2,2,2,1
5,21,21,1,5,3,2,2,1
5,22,22,1,0,1,1,1,1
5,22,22,1,0,2,2,2,1
5,22,22,1,0,3,2,2,1
5,22,22,1,1,1,1,2,1
5,22,22,1,1,2,2,2,1
5,22,22,1,1,3,2,2,1
5,22,22,1,2,1,2,2,1
5,22,22,1,2,2,2,2,1
5,22,22,1,2,3,2,2,1
5,22,22,1,3,1,2,2,1
5,22,22,1,3,2,2,2,1
5,22,22,1,3,3,2,2,1
5,22,22,1,4,1,2,2,1
5,22,22,1,4,2,2,2,1
5,22,22,1,4,3,2,2,1
5,22,22,1,5,1,2,2,1
5,22,22,1,5,2,2,2,1
5,22,22,1,5,3,2,2,1
5,23,23,1,0,1,1,1,1
5,23,23,1,0,2,2,2,1
5,23,23,1,0,3,2,2,1
5,23,23,1,1,1,1,2,1
5,23,23,1,1,2,2,2,1
5,23,23,1,1,3,2,2,1
5,23,23,1,2,1,2,2,1
5,23,23,1,2,2,2,2,1
5,23,23,1,2,3,2,2,1
5,23,23,1,3,1,2,2,1
5,23,23,1,3,2,2,2,1
5,23,23,1,3,3,2,2,1
5,23,23,1,4,1,2,2,1
5,23,23,1,4,2,2,2,1
5,23,23,1,4,3,2,2,1
5,23,23,1,5,1,2,2,1
5,23,23,1,5,2,2,2,1
5,23,23,1,5,3,2,2,1
5,24,24,1,0,1,1,1,1
5,24,24,1,0,2,2,2,1
5,24,24,1,0,3,2,2,1
5,24,24,1,1,1,2,2,1
5,24,24,1,1,2,2,2,1
5,24,24,1,1,3,2,2,1
5,24,24,1,2,1,2,2,1
5,24,24,1,2,2,2,2,1
5,24,24,1,2,3,2,2,1
5,24,24,1,3,1,2,2,1
5,24,24,1,3,2,2,2,1
5,24,24,1,3,3,2,2,1
5,24,24,1,4,1,2,2,1
5,24,24,1,4,2,2,2,1
5,24,24,1,4,3,2,2,1
5,24,24,1,5,1,2,2,1
5,24,24,1,5,2,2,2,1
5,24,24,1,5,3,2,2,1
5,25,25,1,0,1,1,1,1
5,25,25,1,0,2,2,2,1
5,25,25,1,0,3,2,2,1
5,25,25,1,1,1,1,2,1
5,25,25,1,1,2,2,2,1
5,25,25,1,1,3,2,2,1
5,25,25,1,2,1,2,2,1
5,25,25,1,2,2,2,2,1
5,25,25,1,2,3,2,2,1
5,25,25,1,3,1,2,2,1
5,25,25,1,3,2,2,2,1
5,25,25,1,3,3,2,2,1
5,25,25,1,4,1,2,2,1
5,25,25,1,4,2,2,2,1
5,25,25,1,4,3,2,2,1
5,25,25,1,5,1,2,2,1
5,25,25,1,5,2,2,2,1
5,25,25,1,5,3,2,2,1
5,26,26,1,0,1,1,1,1
5,26,26,1,0,2,2,2,1
5,26,26,1,0,3,2,2,1
5,26,26,1,1,1,1,2,1
5,26,26,1,1,2,2,2,1
5,26,26,1,1,3,2,2,1
5,26,26,1,2,1,2,2,1
5,26,26,1,2,2,2,2,1
5,26,26,1,2,3,2,2,1
5,26,26,1,3,1,2,2,1
5,26,26,1,3,2,2,2,1
5,26,26,1,3,3,2,2,1
5,26,26,1,4,1,2,2,1
5,26,26,1,4,2,2,2,1
5,26,26,1,4,3,2,2,1
5,26,26,1,5,1,2,2,1
5,26,26,1,5,2,2,2,1
5,26,26,1,5,3,2,2,1
5,27,27,1,0,1,1,1,1
5,27,27,1,0,2,2,2,1
5,27,27,1,0,3,2,2,1
5,27,27,1,1,1,1,2,1
5,27,27,1,1,2,2,2,1
5,27,27,1,1,3,2,2,1
5,27,27,1,2,1,2,2,1
5,27,27,1,2,2,2,2,1
5,27,27,1,2,3,2,2,1
5,27,27,1,3,1,2,2,1
5,27,27,1,3,2,2,2,1
5,27,27,1,3,3,2,2,1
5,27,27,1,4,1,2,2,1
5,27,27,1,4,2,2,2,1
5,27,27,1,4,3,2,2,1
5,27,27,1,5,1,2,2,1
5,27,27,1,5,2,2,2,1
5,27,27,1,5,3,2,2,1
5,28,28,1,0,1,1,1,1
5,28,28,1,0,2,2,2,1
5,28,28,1,0,3,2,2,1
5,28,28,1,1,1,1,2,1
5,28,28,1,1,2,2,2,1
5,28,28,1,1,3,2,2,1
5,28,28,1,2,1,2,2,1
5,28,28,1,2,2,2,2,1
5,28,28,1,2,3,2,2,1
5,28,28,1,3,1,2,2,1
5,28,28,1,3,2,2,2,1
5,28,28,1,3,3,2,2,1
5,28,28,1,4,1,2,2,1
5,28,28,1,4,2,2,2,1
5,28,28,1,4,3,2,2,1
5,28,28,1,5,1,2,2,1
5,28,28,1,5,2,2,2,1
5,28,28,1,5,3,2,2,1
5,29,29,1,0,1,1,1,1
5,29,29,1,0,2,2,2,1
5,29,29,1,0,3,2,2,1
5,29,29,1,1,1,1,2,1
5,29,29,1,1,2,2,2,1
5,29,29,1,1,3,2,2,1
5,29,29,1,2,1,2,2,1
5,29,29,1,2,2,2,2,1
5,29,29,1,2,3,2,2,1
5,29,29,1,3,1,2,2,1
5,29,29,1,3,2,2,2,1
5,29,29,1,3,3,2,2,1
5,29,29,1,4,1,2,2,1
5,29,29,1,4,2,2,2,1
5,29,29,1,4,3,2,2,1
5,29,29,1,5,1,2,2,1
5,29,29,1,5,2,2,2,1
5,29,29,1,5,3,2,2,1
5,30,30,1,0,1,1,1,1
5,30,30,1,0,2,2,2,1
5,30,30,1,0,3,2,2,1
5,30,30,1,1,1,1,2,1
5,30,30,1,1,2,2,2,1
5,30,30,1,1,3,2,2,1
5,30,30,1,2,1,2,2,1
5,30,30,1,2,2,2,2,1
5,30,30,1,2,3,2,2,1
5,30,30,1,3,1,2,2,1
5,30,30,1,3,2,2,2,1
5,30,30,1,3,3,2,2,1
5,30,30,1,4,1,2,2,1
5,30,30,1,4,2,2,2,1
5,30,30,1,4,3,2,2,1
5,30,30,1,5,1,2,2,1
5,30,30,1,5,2,2,2,1
5,30,30,1,5,3,2,2,1
5,31,31,1,0,1,1,1,1
5,31,31,1,0,2,2,2,1
5,31,31,1,0,3,2,2,1
5,31,31,1,1,1,1,2,1
5,31,31,1,1,2,2,2,1
5,31,31,1,1,3,2,2,1
5,31,31,1,2,1,1,2,1
5,31,31,1,2,2,2,2,1
5,31,31,1,2,3,2,2,1
5,31,31,1,3,1,2,2,1
5,31,31,1,3,2,2,2,1
5,31,31,1,3,3,2,2,1
5,31,31,1,4,1,2,2,1
5,31,31,1,4,2,2,2,1
5,31,31,1,4,3,2,2,1
5,31,31,1,5,1,2,2,1
5,31,31,1,5,2,2,2,1
5,31,31,1,5,3,2,2,1
5,32,2;1,2,0,1,1,1,1
5,32,2;1,2,0,2,2,2,1
5,32,2;1,2,0,3,3,3,1
5,32,2;1,2,1,1,3,3,1
5,32,2;1,2,1,2,4,4,1
5,32,2;1,2,1,3,4,4,1
5,32,2;1,2,2,1,4,4,1
5,32,2;1,2,2,2,4,4,1
5,32,2;1,2,2,3,4,4,1
5,32,2;1,2,3,1,4,4,1
5,32,2;1,2,3,2,4,4,1
5,32,2;1,2,3,3,4,4,1
5,32,2;1,2,4,1,4,4,1
5,32,2;1,2,4,2,4,4,1
5,32,2;1,2,4,3,4,4,1
5,32,2;1,2,5,1,4,4,1
5,32,2;1,2,5,2,4,4,1
5,32,2;1,2,5,3,4,4,1
5,33,4;1,2,0,1,1,1,1
5,33,4;1,2,0,2,2,2,1
5,33,4;1,2,0,3,3,3,1
5,33,4;1,2,1,1,3,3,1
5,33,4;1,2,1,2,4,4,1
5,33,4;1,2,1,3,4,4,1
5,33,4;1,2,2,1,4,4,1
5,33,4;1,2,2,2,4,4,1
5,33,4;1,2,2,3,4,4,1
5,33,4;1,2,3,1,4,4,1
5,33,4;1,2,3,2,4,4,1
5,33,4;1,2,3,3,4,4,1
5,33,4;1,2,4,1,4,4,1
5,33,4;1,2,4,2,4,4,1
5,33,4;1,2,4,3,4,4,1
5,33,4;1,2,5,1,4,4,1
5,33,4;1,2,5,2,4,4,1
5,33,4;1,2,5,3,4,4,1
5,34,4;2,2,0,1,1,1,1
5,34,4;2,2,0,2,2,2,1
5,34,4;2,2,0,3,3,3,1
5,34,4;2,2,1,1,3,3,1
5,34,4;2,2,1,2,4,4,1
5,34,4;2,2,1,3,4,4,1
5,34,4;2,2,2,1,4,4,1
5,34,4;2,2,2,2,4,4,1
5,34,4;2,2,2,3,4,4,1
5,34,4;2,2,3,1,4,4,1
5,34,4;2,2,3,2,4,4,1
5,34,4;2,2,3,3,4,4,1
5,34,4;2,2,4,1,4,4,1
5,34,4;2,2,4,2,4,4,1
5,34,4;2,2,4,3,4,4,1
5,34,4;2,2,5,1,4,4,1
5,34,4;2,2,5,2,4,4,1
5,34,4;2,2,5,3,4,4,1
5,35,4;3,2,0,1,1,1,1
5,35,4;3,2,0,2,2,2,1
5,35,4;3,2,0,3,3,3,1
5,35,4;3,2,1,1,2,3,1
5,35,4;3,2,1,2,4,4,1
5,35,4;3,2,1,3,4,4,1
5,35,4;3,2,2,1,4,4,1
5,35,4;3,2,2,2,4,4,1
5,35,4;3,2,2,3,4,4,1
5,35,4;3,2,3,1,4,4,1
5,35,4;3,2,3,2,4,4,1
5,35,4;3,2,3,3,4,4,1
5,35,4;3,2,4,1,4,4,1
5,35,4;3,2,4,2,4,4,1
5,35,4;3,2,4,3,4,4,1
5,35,4;3,2,5,1,4,4,1
5,35,4;3,2,5,2,4,4,1
5,35,4;3,2,5,3,4,4,1
5,36,5;2,2,0,1,1,1,1
5,36,5;2,2,0,2,2,2,1
5,36,5;2,2,0,3,3,3,1
5,36,5;2,2,1,1,2,3,1
5,36,5;2,2,1,2,4,4,1
5,36,5;2,2,1,3,4,4,1
5,36,5;2,2,2,1,4,4,1
5,36,5;2,2,2,2,4,4,1
5,36,5;2,2,2,3,4,4,1
5,36,5;2,2,3,1,4,4,1
5,36,5;2,2,3,2,4,4,1
5,36,5;2,2,3,3,4,4,1
5,36,5;2,2,4,1,4,4,1
5,36,5;2,2,4,2,4,4,1
5,36,5;2,2,4,3,4,4,1
5,36,5;2,2,5,1,4,4,1
5,36,5;2,2,5,2,4,4,1
5,36,5;2,2,5,3,4,4,1
5,37,5;3,2,0,1,1,1,1
5,37,5;3,2,0,2,2,2,1
5,37,5;3,2,0,3,3,3,1
5,37,5;3,2,1,1,3,3,1
5,37,5;3,2,1,2,4,4,1
5,37,5;3,2,1,3,4,4,1
5,37,5;3,2,2,1,4,4,1
5,37,5;3,2,2,2,4,4,1
5,37,5;3,2,2,3,4,4,1
5,37,5;3,2,3,1,4,4,1
5,37,5;3,2,3,2,4,4,1
5,37,5;3,2,3,3,4,4,1
5,37,5;3,2,4,1,4,4,1
5,37,5;3,2,4,2,4,4,1
5,37,5;3,2,4,3,4,4,1
5,37,5;3,2,5,1,4,4,1
5,37,5;3,2,5,2,4,4,1
5,37,5;3,2,5,3,4,4,1
5,38,6;1,2,0,1,1,1,1
5,38,6;1,2,0,2,2,2,1
5,38,6;1,2,0,3,3,3,1
5,38,6;1,2,1,1,2,3,1
5,38,6;1,2,1,2,4,4,1
5,38,6;1,2,1,3,4,4,1
5,38,6;1,2,2,1,4,4,1
5,38,6;1,2,2,2,4,4,1
5,38,6;1,2,2,3,4,4,1
5,38,6;1,2,3,1,4,4,1
5,38,6;1,2,3,2,4,4,1
5,38,6;1,2,3,3,4,4,1
5,38,6;1,2,4,1,4,4,1
5,38,6;1,2,4,2,4,4,1
5,38,6;1,2,4,3,4,4,1
5,38,6;1,2,5,1,4,4,1
5,38,6;1,2,5,2,4,4,1
5,38,6;1,2,5,3,4,4,1
5,39,8;1,2,0,1,1,1,1
5,39,8;1,2,0,2,2,2,1
5,39,8;1,2,0,3,3,3,1
5,39,8;1,2,1,1,3,3,1
5,39,8;1,2,1,2,4,4,1
5,39,8;1,2,1,3,4,4,1
5,39,8;1,2,2,1,4,4,1
5,39,8;1,2,2,2,4,4,1
5,39,8;1,2,2,3,4,4,1
5,39,8;1,2,3,1,4,4,1
5,39,8;1,2,3,2,4,4,1
5,39,8;1,2,3,3,4,4,1
5,39,8;1,2,4,1,4,4,1
5,39,8;1,2,4,2,4,4,1
5,39,8;1,2,4,3,4,4,1
5,39,8;1,2,5,1,4,4,1
5,39,8;1,2,5,2,4,4,1
5,39,8;1,2,5,3,4,4,1
5,40,8;2,2,0,1,1,1,1
5,40,8;2,2,0,2,2,2,1
5,40,8;2,2,0,3,3,3,1
5,40,8;2,2,1,1,3,3,1
5,40,8;2,2,1,2,4,4,1
5,40,8;2,2,1,3,4,4,1
5,40,8;2,2,2,1,4,4,1
5,40,8;2,2,2,2,4,4,1
5,40,8;2,2,2,3,4,4,1
5,40,8;2,2,3,1,4,4,1
5,40,8;2,2,3,2,4,4,1
5,40,8;2,2,3,3,4,4,1
5,40,8;2,2,4,1,4,4,1
5,40,8;2,2,4,2,4,4,1
5,40,8;2,2,4,3,4,4,1
5,40,8;2,2,5,1,4,4,1
5,40,8;2,2,5,2,4,4,1
5,40,8;2,2,5,3,4,4,1
5,41,8;3,2,0,1,1,1,1
5,41,8;3,2,0,2,2,2,1
5,41,8;3,2,0,3,3,3,1
5,41,8;3,2,1,1,2,3,1
5,41,8;3,2,1,2,4,4,1
5,41,8;3,2,1,3,4,4,1
5,41,8;3,2,2,1,4,4,1
5,41,8;3,2,2,2,4,4,1
5,41,8;3,2,2,3,4,4,1
5,41,8;3,2,3,1,4,4,1
5,41,8;3,2,3,2,4,4,1
5,41,8;3,2,3,3,4,4,1
5,41,8;3,2,4,1,4,4,1
5,41,8;3,2,4,2,4,4,1
5,41,8;3,2,4,3,4,4,1
5,41,8;3,2,5,1,4,4,1
5,41,8;3,2,5,2,4,4,1
5,41,8;3,2,5,3,4,4,1
5,42,8;4,2,0,1,1,1,1
5,42,8;4,2,0,2,2,2,1
5,42,8;4,2,0,3,3,3,1
5,42,8;4,2,1,1,3,3,1
5,42,8;4,2,1,2,4,4,1
5,42,8;4,2,1,3,4,4,1
5,42,8;4,2,2,1,4,4,1
5,42,8;4,2,2,2,4,4,1
5,42,8;4,2,2,3,4,4,1
5,42,8;4,2,3,1,4,4,1
5,42,8;4,2,3,2,4,4,1
5,42,8;4,2,3,3,4,4,1
5,42,8;4,2,4,1,4,4,1
5,42,8;4,2,4,2,4,4,1
5,42,8;4,2,4,3,4,4,1
5,42,8;4,2,5,1,4,4,1
5,42,8;4,2,5,2,4,4,1
5,42,8;4,2,5,3,4,4,1
5,43,8;5,2,0,1,1,1,1
5,43,8;5,2,0,2,2,2,1
5,43,8;5,2,0,3,3,3,1
5,43,8;5,2,1,1,2,3,1
5,43,8;5,2,1,2,4,4,1
5,43,8;5,2,1,3,4,4,1
5,43,8;5,2,2,1,4,4,1
5,43,8;5,2,2,2,4,4,1
5,43,8;5,2,2,3,4,4,1
5,43,8;5,2,3,1,4,4,1
5,43,8;5,2,3,2,4,4,1
5,43,8;5,2,3,3,4,4,1
5,43,8;5,2,4,1,4,4,1
5,43,8;5,2,4,2,4,4,1
5,43,8;5,2,4,3,4,4,1
5,43,8;5,2,5,1,4,4,1
5,43,8;5,2,5,2,4,4,1
5,43,8;5,2,5,3,4,4,1
5,44,8;6,2,0,1,1,1,1
5,44,8;6,2,0,2,2,2,1
5,44,8;6,2,0,3,3,3,1
5,44,8;6,2,1,1,2,3,1
5,44,8;6,2,1,2,4,4,1
5,44,8;6,2,1,3,4,4,1
5,44,8;6,2,2,1,4,4,1
5,44,8;6,2,2,2,4,4,1
5,44,8;6,2,2,3,4,4,1
5,44,8;6,2,3,1,4,4,1
5,44,8;6,2,3,2,4,4,1
5,44,8;6,2,3,3,4,4,1
5,44,8;6,2,4,1,4,4,1
5,44,8;6,2,4,2,4,4,1
5,44,8;6,2,4,3,4,4,1
5,44,8;6,2,5,1,4,4,1
5,44,8;6,2,5,2,4,4,1
5,44,8;6,2,5,3,4,4,1
5,45,8;7,2,0,1,1,1,1
5,45,8;7,2,0,2,2,2,1
5,45,8;7,2,0,3,3,3,1
5,45,8;7,2,1,1,2,3,1
5,45,8;7,2,1,2,4,4,1
5,45,8;7,2,1,3,4,4,1
5,45,8;7,2,2,1,3,4,1
5,45,8;7,2,2,2,4,4,1
5,45,8;7,2,2,3,4,4,1
5,45,8;7,2,3,1,4,4,1
5,45,8;7,2,3,2,4,4,1
5,45,8;7,2,3,3,4,4,1
5,45,8;7,2,4,1,4,4,1
5,45,8;7,2,4,2,4,4,1
5,45,8;7,2,4,3,4,4,1
5,45,8;7,2,5,1,4,4,1
5,45,8;7,2,5,2,4,4,1
5,45,8;7,2,5,3,4,4,1
5,46,9;2,2,0,1,1,1,1
5,46,9;2,2,0,2,2,2,1
5,46,9;2,2,0,3,3,3,1
5,46,9;2,2,1,1,2,3,1
5,46,9;2,2,1,2,4,4,1
5,46,9;2,2,1,3,4,4,1
5,46,9;2,2,2,1,4,4,1
5,46,9;2,2,2,2,4,4,1
5,46,9;2,2,2,3,4,4,1
5,46,9;2,2,3,1,4,4,1
5,46,9;2,2,3,2,4,4,1
5,46,9;2,2,3,3,4,4,1
5,46,9;2,2,4,1,4,4,1
5,46,9;2,2,4,2,4,4,1
5,46,9;2,2,4,3,4,4,1
5,46,9;2,2,5,1,4,4,1
5,46,9;2,2,5,2,4,4,1
5,46,9;2,2,5,3,4,4,1
5,47,9;3,2,0,1,1,1,1
5,47,9;3,2,0,2,2,2,1
5,47,9;3,2,0,3,3,3,1
5,47,9;3,2,1,1,3,3,1
5,47,9;3,2,1,2,4,4,1
5,47,9;3,2,1,3,4,4,1
5,47,9;3,2,2,1,4,4,1
5,47,9;3,2,2,2,4,4,1
5,47,9;3,2,2,3,4,4,1
5,47,9;3,2,3,1,4,4,1
5,47,9;3,2,3,2,4,4,1
5,47,9;3,2,3,3,4,4,1
5,47,9;3,2,4,1,4,4,1
5,47,9;3,2,4,2,4,4,1
5,47,9;3,2,4,3,4,4,1
5,47,9;3,2,5,1,4,4,1
5,47,9;3,2,5,2,4,4,1
5,47,9;3,2,5,3,4,4,1
5,48,9;4,2,0,1,1,1,1
5,48,9;4,2,0,2,2,2,1
5,48,9;4,2,0,3,3,3,1
5,48,9;4,2,1,1,2,3,1
5,48,9;4,2,1,2,4,4,1
5,48,9;4,2,1,3,4,4,1
5,48,9;4,2,2,1,4,4,1
5,48,9;4,2,2,2,4,4,1
5,48,9;4,2,2,3,4,4,1
5,48,9;4,2,3,1,4,4,1
5,48,9;4,2,3,2,4,4,1
5,48,9;4,2,3,3,4,4,1
5,48,9;4,2,4,1,4,4,1
5,48,9;4,2,4,2,4,4,1
5,48,9;4,2,4,3,4,4,1
5,48,9;4,2,5,1,4,4,1
5,48,9;4,2,5,2,4,4,1
5,48,9;4,2,5,3,4,4,1
5,49,9;5,2,0,1,1,1,1
5,49,9;5,2,0,2,2,2,1
5,49,9;5,2,0,3,3,3,1
5,49,9;5,2,1,1,3,3,1
5,49,9;5,2,1,2,4,4,1
5,49,9;5,2,1,3,4,4,1
5,49,9;5,2,2,1,4,4,1
5,49,9;5,2,2,2,4,4,1
5,49,9;5,2,2,3,4,4,1
5,49,9;5,2,3,1,4,4,1
5,49,9;5,2,3,2,4,4,1
5,49,9;5,2,3,3,4,4,1
5,49,9;5,2,4,1,4,4,1
5,49,9;5,2,4,2,4,4,1
5,49,9;5,2,4,3,4,4,1
5,49,9;5,2,5,1,4,4,1
5,49,9;5,2,5,2,4,4,1
5,49,9;5,2,5,3,4,4,1
5,50,9;6,2,0,1,1,1,1
5,50,9;6,2,0,2,2,2,1
5,50,9;6,2,0,3,3,3,1
5,50,9;6,2,1,1,2,3,1
5,50,9;6,2,1,2,4,4,1
5,50,9;6,2,1,3,4,4,1
5,50,9;6,2,2,1,4,4,1
5,50,9;6,2,2,2,4,4,1
5,50,9;6,2,2,3,4,4,1
5,50,9;6,2,3,1,4,4,1
5,50,9;6,2,3,2,4,4,1
5,50,9;6,2,3,3,4,4,1
5,50,9;6,2,4,1,4,4,1
5,50,9;6,2,4,2,4,4,1
5,50,9;6,2,4,3,4,4,1
5,50,9;6,2,5,1,4,4,1
5,50,9;6,2,5,2,4,4,1
5,50,9;6,2,5,3,4,4,1
5,51,9;7,2,0,1,1,1,1
5,51,9;7,2,0,2,2,2,1
5,51,9;7,2,0,3,3,3,1
5,51,9;7,2,1,1,2,3,1
5,51,9;7,2,1,2,4,4,1
5,51,9;7,2,1,3,4,4,1
5,51,9;7,2,2,1,3,4,1
5,51,9;7,2,2,2,4,4,1
5,51,9;7,2,2,3,4,4,1
5,51,9;7,2,3,1,4,4,1
5,51,9;7,2,3,2,4,4,1
5,51,9;7,2,3,3,4,4,1
5,51,9;7,2,4,1,4,4,1
5,51,9;7,2,4,2,4,4,1
5,51,9;7,2,4,3,4,4,1
5,51,9;7,2,5,1,4,4,1
5,51,9;7,2,5,2,4,4,1
5,51,9;7,2,5,3,4,4,1
5,52,10;1,2,0,1,1,1,1
5,52,10;1,2,0,2,2,2,1
5,52,10;1,2,0,3,3,3,1
5,52,10;1,2,1,1,2,3,1
5,52,10;1,2,1,2,4,4,1
5,52,10;1,2,1,3,4,4,1
5,52,10;1,2,2,1,4,4,1
5,52,10;1,2,2,2,4,4,1
5,52,10;1,2,2,3,4,4,1
5,52,10;1,2,3,1,4,4,1
5,52,10;1,2,3,2,4,4,1
5,52,10;1,2,3,3,4,4,1
5,52,10;1,2,4,1,4,4,1
5,52,10;1,2,4,2,4,4,1
5,52,10;1,2,4,3,4,4,1
5,52,10;1,2,5,1,4,4,1
5,52,10;1,2,5,2,4,4,1
5,52,10;1,2,5,3,4,4,1
5,53,10;4,2,0,1,1,1,1
5,53,10;4,2,0,2,2,2,1
5,53,10;4,2,0,3,3,3,1
5,53,10;4,2,1,1,2,3,1
5,53,10;4,2,1,2,4,4,1
5,53,10;4,2,1,3,4,4,1
5,53,10;4,2,2,1,4,4,1
5,53,10;4,2,2,2,4,4,1
5,53,10;4,2,2,3,4,4,1
5,53,10;4,2,3,1,4,4,1
5,53,10;4,2,3,2,4,4,1
5,53,10;4,2,3,3,4,4,1
5,53,10;4,2,4,1,4,4,1
5,53,10;4,2,4,2,4,4,1
5,53,10;4,2,4,3,4,4,1
5,53,10;4,2,5,1,4,4,1
5,53,10;4,2,5,2,4,4,1
5,53,10;4,2,5,3,4,4,1
5,54,10;5,2,0,1,1,1,1
5,54,10;5,2,0,2,2,2,1
5,54,10;5,2,0,3,3,3,1
5,54,10;5,2,1,1,2,3,1
5,54,10;5,2,1,2,4,4,1
5,54,10;5,2,1,3,4,4,1
5,54,10;5,2,2,1,4,4,1
5,54,10;5,2,2,2,4,4,1
5,54,10;5,2,2,3,4,4,1
5,54,10;5,2,3,1,4,4,1
5,54,10;5,2,3,2,4,4,1
5,54,10;5,2,3,3,4,4,1
5,54,10;5,2,4,1,4,4,1
5,54,10;5,2,4,2,4,4,1
5,54,10;5,2,4,3,4,4,1
5,54,10;5,2,5,1,4,4,1
5,54,10;5,2,5,2,4,4,1
5,54,10;5,2,5,3,4,4,1
5,55,10;6,2,0,1,1,1,1
5,55,10;6,2,0,2,2,2,1
5,55,10;6,2,0,3,3,3,1
5,55,10;6,2,1,1,3,3,1
5,55,10;6,2,1,2,4,4,1
5,55,10;6,2,1,3,4,4,1
5,55,10;6,2,2,1,4,4,1
5,55,10;6,2,2,2,4,4,1
5,55,10;6,2,2,3,4,4,1
5,55,10;6,2,3,1,4,4,1
5,55,10;6,2,3,2,4,4,1
5,55,10;6,2,3,3,4,4,1
5,55,10;6,2,4,1,4,4,1
5,55,10;6,2,4,2,4,4,1
5,55,10;6,2,4,3,4,4,1
5,55,10;6,2,5,1,4,4,1
5,55,10;6,2,5,2,4,4,1
5,55,10;6,2,5,3,4,4,1
5,56,10;7,2,0,1,1,1,1
5,56,10;7,2,0,2,2,2,1
5,56,10;7,2,0,3,3,3,1
5,56,10;7,2,1,1,2,3,1
5,56,10;7,2,1,2,4,4,1
5,56,10;7,2,1,3,4,4,1
5,56,10;7,2,2,1,3,4,1
5,56,10;7,2,2,2,4,4,1
5,56,10;7,2,2,3,4,4,1
5,56,10;7,2,3,1,4,4,1
5,56,10;7,2,3,2,4,4,1
5,56,10;7,2,3,3,4,4,1
5,56,10;7,2,4,1,4,4,1
5,56,10;7,2,4,2,4,4,1
5,56,10;7,2,4,3,4,4,1
5,56,10;7,2,5,1,4,4,1
5,56,10;7,2,5,2,4,4,1
5,56,10;7,2,5,3,4,4,1
5,57,11;4,2,0,1,1,1,1
5,57,11;4,2,0,2,2,2,1
5,57,11;4,2,0,3,3,3,1
5,57,11;4,2,1,1,2,3,1
5,57,11;4,2,1,2,4,4,1
5,57,11;4,2,1,3,4,4,1
5,57,11;4,2,2,1,3,4,1
5,57,11;4,2,2,2,4,4,1
5,57,11;4,2,2,3,4,4,1
5,57,11;4,2,3,1,4,4,1
5,57,11;4,2,3,2,4,4,1
5,57,11;4,2,3,3,4,4,1
5,57,11;4,2,4,1,4,4,1
5,57,11;4,2,4,2,4,4,1
5,57,11;4,2,4,3,4,4,1
5,57,11;4,2,5,1,4,4,1
5,57,11;4,2,5,2,4,4,1
5,57,11;4,2,5,3,4,4,1
5,58,11;5,2,0,1,1,1,1
5,58,11;5,2,0,2,2,2,1
5,58,11;5,2,0,3,3,3,1
5,58,11;5,2,1,1,2,3,1
5,58,11;5,2,1,2,4,4,1
5,58,11;5,2,1,3,4,4,1
5,58,11;5,2,2,1,3,4,1
5,58,11;5,2,2,2,4,4,1
5,58,11;5,2,2,3,4,4,1
5,58,11;5,2,3,1,4,4,1
5,58,11;5,2,3,2,4,4,1
5,58,11;5,2,3,3,4,4,1
5,58,11;5,2,4,1,4,4,1
5,58,11;5,2,4,2,4,4,1
5,58,11;5,2,4,3,4,4,1
5,58,11;5,2,5,1,4,4,1
5,58,11;5,2,5,2,4,4,1
5,58,11;5,2,5,3,4,4,1
5,59,11;6,2,0,1,1,1,1
5,59,11;6,2,0,2,2,2,1
5,59,11;6,2,0,3,3,3,1
5,59,11;6,2,1,1,2,3,1
5,59,11;6,2,1,2,4,4,1
5,59,11;6,2,1,3,4,4,1
5,59,11;6,2,2,1,3,4,1
5,59,11;6,2,2,2,4,4,1
5,59,11;6,2,2,3,4,4,1
5,59,11;6,2,3,1,4,4,1
5,59,11;6,2,3,2,4,4,1
5,59,11;6,2,3,3,4,4,1
5,59,11;6,2,4,1,4,4,1
5,59,11;6,2,4,2,4,4,1
5,59,11;6,2,4,3,4,4,1
5,59,11;6,2,5,1,4,4,1
5,59,11;6,2,5,2,4,4,1
5,59,11;6,2,5,3,4,4,1
5,60,11;7,2,0,1,1,1,1
5,60,11;7,2,0,2,2,2,1
5,60,11;7,2,0,3,3,3,1
5,60,11;7,2,1,1,2,3,1
5,60,11;7,2,1,2,4,4,1
5,60,11;7,2,1,3,4,4,1
5,60,11;7,2,2,1,3,4,1
5,60,11;7,2,2,2,4,4,1
5,60,11;7,2,2,3,4,4,1
5,60,11;7,2,3,1,4,4,1
5,60,11;7,2,3,2,4,4,1
5,60,11;7,2,3,3,4,4,1
5,60,11;7,2,4,1,4,4,1
5,60,11;7,2,4,2,4,4,1
5,60,11;7,2,4,3,4,4,1
5,60,11;7,2,5,1,4,4,1
5,60,11;7,2,5,2,4,4,1
5,60,11;7,2,5,3,4,4,1
5,61,12;1,2,0,1,1,1,1
5,61,12;1,2,0,2,2,2,1
5,61,12;1,2,0,3,3,3,1
5,61,12;1,2,1,1,2,3,1
5,61,12;1,2,1,2,4,4,1
5,61,12;1,2,1,3,4,4,1
5,61,12;1,2,2,1,4,4,1
5,61,12;1,2,2,2,4,4,1
5,61,12;1,2,2,3,4,4,1
5,61,12;1,2,3,1,4,4,1
5,61,12;1,2,3,2,4,4,1
5,61,12;1,2,3,3,4,4,1
5,61,12;1,2,4,1,4,4,1
5,61,12;1,2,4,2,4,4,1
5,61,12;1,2,4,3,4,4,1
5,61,12;1,2,5,1,4,4,1
5,61,12;1,2,5,2,4,4,1
5,61,12;1,2,5,3,4,4,1
5,62,12;2,2,0,1,1,1,1
5,62,12;2,2,0,2,2,2,1
5,62,12;2,2,0,3,3,3,1
5,62,12;2,2,1,1,2,3,1
5,62,12;2,2,1,2,4,4,1
5,62,12;2,2,1,3,4,4,1
5,62,12;2,2,2,1,4,4,1
5,62,12;2,2,2,2,4,4,1
5,62,12;2,2,2,3,4,4,1
5,62,12;2,2,3,1,4,4,1
5,62,12;2,2,3,2,4,4,1
5,62,12;2,2,3,3,4,4,1
5,62,12;2,2,4,1,4,4,1
5,62,12;2,2,4,2,4,4,1
5,62,12;2,2,4,3,4,4,1
5,62,12;2,2,5,1,4,4,1
5,62,12;2,2,5,2,4,4,1
5,62,12;2,2,5,3,4,4,1
5,63,12;3,2,0,1,1,1,1
5,63,12;3,2,0,2,2,2,1
5,63,12;3,2,0,3,3,3,1
5,63,12;3,2,1,1,2,3,1
5,63,12;3,2,1,2,4,4,1
5,63,12;3,2,1,3,4,4,1
5,63,12;3,2,2,1,4,4,1
5,63,12;3,2,2,2,4,4,1
5,63,12;3,2,2,3,4,4,1
5,63,12;3,2,3,1,4,4,1
5,63,12;3,2,3,2,4,4,1
5,63,12;3,2,3,3,4,4,1
5,63,12;3,2,4,1,4,4,1
5,63,12;3,2,4,2,4,4,1
5,63,12;3,2,4,3,4,4,1
5,63,12;3,2,5,1,4,4,1
5,63,12;3,2,5,2,4,4,1
5,63,12;3,2,5,3,4,4,1
5,64,13;2,2,0,1,1,1,1
5,64,13;2,2,0,2,2,2,1
5,64,13;2,2,0,3,3,3,1
5,64,13;2,2,1,1,2,3,1
5,64,13;2,2,1,2,4,4,1
5,64,13;2,2,1,3,4,4,1
5,64,13;2,2,2,1,3,4,1
5,64,13;2,2,2,2,4,4,1
5,64,13;2,2,2,3,4,4,1
5,64,13;2,2,3,1,4,4,1
5,64,13;2,2,3,2,4,4,1
5,64,13;2,2,3,3,4,4,1
5,64,13;2,2,4,1,4,4,1
5,64,13;2,2,4,2,4,4,1
5,64,13;2,2,4,3,4,4,1
5,64,13;2,2,5,1,4,4,1
5,64,13;2,2,5,2,4,4,1
5,64,13;2,2,5,3,4,4,1
5,65,13;3,2,0,1,1,1,1
5,65,13;3,2,0,2,2,2,1
5,65,13;3,2,0,3,3,3,1
5,65,13;3,2,1,1,2,3,1
5,65,13;3,2,1,2,4,4,1
5,65,13;3,2,1,3,4,4,1
5,65,13;3,2,2,1,3,4,1
5,65,13;3,2,2,2,4,4,1
5,65,13;3,2,2,3,4,4,1
5,65,13;3,2,3,1,4,4,1
5,65,13;3,2,3,2,4,4,1
5,65,13;3,2,3,3,4,4,1
5,65,13;3,2,4,1,4,4,1
5,65,13;3,2,4,2,4,4,1
5,65,13;3,2,4,3,4,4,1
5,65,13;3,2,5,1,4,4,1
5,65,13;3,2,5,2,4,4,1
5,65,13;3,2,5,3,4,4,1
5,66,14;1,2,0,1,1,1,1
5,66,14;1,2,0,2,2,2,1
5,66,14;1,2,0,3,3,3,1
5,66,14;1,2,1,1,2,3,1
5,66,14;1,2,1,2,4,4,1
5,66,14;1,2,1,3,4,4,1
5,66,14;1,2,2,1,3,4,1
5,66,14;1,2,2,2,4,4,1
5,66,14;1,2,2,3,4,4,1
5,66,14;1,2,3,1,4,4,1
5,66,14;1,2,3,2,4,4,1
5,66,14;1,2,3,3,4,4,1
5,66,14;1,2,4,1,4,4,1
5,66,14;1,2,4,2,4,4,1
5,66,14;1,2,4,3,4,4,1
5,66,14;1,2,5,1,4,4,1
5,66,14;1,2,5,2,4,4,1
5,66,14;1,2,5,3,4,4,1
5,67,16;1,2,0,1,1,1,1
5,67,16;1,2,0,2,2,2,1
5,67,16;1,2,0,3,3,3,1
5,67,16;1,2,1,1,3,3,1
5,67,16;1,2,1,2,4,4,1
5,67,16;1,2,1,3,4,4,1
5,67,16;1,2,2,1,4,4,1
5,67,16;1,2,2,2,4,4,1
5,67,16;1,2,2,3,4,4,1
5,67,16;1,2,3,1,4,4,1
5,67,16;1,2,3,2,4,4,1
5,67,16;1,2,3,3,4,4,1
5,67,16;1,2,4,1,4,4,1
5,67,16;1,2,4,2,4,4,1
5,67,16;1,2,4,3,4,4,1
5,67,16;1,2,5,1,4,4,1
5,67,16;1,2,5,2,4,4,1
5,67,16;1,2,5,3,4,4,1
5,68,16;2,2,0,1,1,1,1
5,68,16;2,2,0,2,2,2,1
5,68,16;2,2,0,3,3,3,1
5,68,16;2,2,1,1,3,3,1
5,68,16;2,2,1,2,4,4,1
5,68,16;2,2,1,3,4,4,1
5,68,16;2,2,2,1,4,4,1
5,68,16;2,2,2,2,4,4,1
5,68,16;2,2,2,3,4,4,1
5,68,16;2,2,3,1,4,4,1
5,68,16;2,2,3,2,4,4,1
5,68,16;2,2,3,3,4,4,1
5,68,16;2,2,4,1,4,4,1
5,68,16;2,2,4,2,4,4,1
5,68,16;2,2,4,3,4,4,1
5,68,16;2,2,5,1,4,4,1
5,68,16;2,2,5,2,4,4,1
5,68,16;2,2,5,3,4,4,1
5,69,16;3,2,0,1,1,1,1
5,69,16;3,2,0,2,2,2,1
5,69,16;3,2,0,3,3,3,1
5,69,16;3,2,1,1,2,3,1
5,69,16;3,2,1,2,4,4,1
5,69,16;3,2,1,3,4,4,1
5,69,16;3,2,2,1,4,4,1
5,69,16;3,2,2,2,4,4,1
5,69,16;3,2,2,3,4,4,1
5,69,16;3,2,3,1,4,4,1
5,69,16;3,2,3,2,4,4,1
5,69,16;3,2,3,3,4,4,1
5,69,16;3,2,4,1,4,4,1
5,69,16;3,2,4,2,4,4,1
5,69,16;3,2,4,3,4,4,1
5,69,16;3,2,5,1,4,4,1
5,69,16;3,2,5,2,4,4,1
5,69,16;3,2,5,3,4,4,1
5,70,16;4,2,0,1,1,1,1
5,70,16;4,2,0,2,2,2,1
5,70,16;4,2,0,3,3,3,1
5,70,16;4,2,1,1,3,3,1
5,70,16;4,2,1,2,4,4,1
5,70,16;4,2,1,3,4,4,1
5,70,16;4,2,2,1,4,4,1
5,70,16;4,2,2,2,4,4,1
5,70,16;4,2,2,3,4,4,1
5,70,16;4,2,3,1,4,4,1
5,70,16;4,2,3,2,4,4,1
5,70,16;4,2,3,3,4,4,1
5,70,16;4,2,4,1,4,4,1
5,70,16;4,2,4,2,4,4,1
5,70,16;4,2,4,3,4,4,1
5,70,16;4,2,5,1,4,4,1
5,70,16;4,2,5,2,4,4,1
5,70,16;4,2,5,3,4,4,1
5,71,16;5,2,0,1,1,1,1
5,71,16;5,2,0,2,2,2,1
5,71,16;5,2,0,3,3,3,1
5,71,16;5,2,1,1,2,3,1
5,71,16;5,2,1,2,4,4,1
5,71,16;5,2,1,3,4,4,1
5,71,16;5,2,2,1,4,4,1
5,71,16;5,2,2,2,4,4,1
5,71,16;5,2,2,3,4,4,1
5,71,16;5,2,3,1,4,4,1
5,71,16;5,2,3,2,4,4,1
5,71,16;5,2,3,3,4,4,1
5,71,16;5,2,4,1,4,4,1
5,71,16;5,2,4,2,4,4,1
5,71,16;5,2,4,3,4,4,1
5,71,16;5,2,5,1,4,4,1
5,71,16;5,2,5,2,4,4,1
5,71,16;5,2,5,3,4,4,1
5,72,16;6,2,0,1,1,1,1
5,72,16;6,2,0,2,2,2,1
5,72,16;6,2,0,3,3,3,1
5,72,16;6,2,1,1,2,3,1
5,72,16;6,2,1,2,4,4,1
5,72,16;6,2,1,3,4,4,1
5,72,16;6,2,2,1,4,4,1
5,72,16;6,2,2,2,4,4,1
5,72,16;6,2,2,3,4,4,1
5,72,16;6,2,3,1,4,4,1
5,72,16;6,2,3,2,4,4,1
5,72,16;6,2,3,3,4,4,1
5,72,16;6,2,4,1,4,4,1
5,72,16;6,2,4,2,4,4,1
5,72,16;6,2,4,3,4,4,1
5,72,16;6,2,5,1,4,4,1
5,72,16;6,2,5,2,4,4,1
5,72,16;6,2,5,3,4,4,1
5,73,16;7,2,0,1,1,1,1
5,73,16;7,2,0,2,2,2,1
5,73,16;7,2,0,3,3,3,1
5,73,16;7,2,1,1,2,3,1
5,73,16;7,2,1,2,4,4,1
5,73,16;7,2,1,3,4,4,1
5,73,16;7,2,2,1,3,4,1
5,73,16;7,2,2,2,4,4,1
5,73,16;7,2,2,3,4,4,1
5,73,16;7,2,3,1,4,4,1
5,73,16;7,2,3,2,4,4,1
5,73,16;7,2,3,3,4,4,1
5,73,16;7,2,4,1,4,4,1
5,73,16;7,2,4,2,4,4,1
5,73,16;7,2,4,3,4,4,1
5,73,16;7,2,5,1,4,4,1
5,73,16;7,2,5,2,4,4,1
5,73,16;7,2,5,3,4,4,1
5,74,16;8,2,0,1,1,1,1
5,74,16;8,2,0,2,2,2,1
5,74,16;8,2,0,3,3,3,1
5,74,16;8,2,1,1,3,3,1
5,74,16;8,2,1,2,4,4,1
5,74,16;8,2,1,3,4,4,1
5,74,16;8,2,2,1,4,4,1
5,74,16;8,2,2,2,4,4,1
5,74,16;8,2,2,3,4,4,1
5,74,16;8,2,3,1,4,4,1
5,74,16;8,2,3,2,4,4,1
5,74,16;8,2,3,3,4,4,1
5,74,16;8,2,4,1,4,4,1
5,74,16;8,2,4,2,4,4,1
5,74,16;8,2,4,3,4,4,1
5,74,16;8,2,5,1,4,4,1
5,74,16;8,2,5,2,4,4,1
5,74,16;8,2,5,3,4,4,1
5,75,16;9,2,0,1,1,1,1
5,75,16;9,2,0,2,2,2,1
5,75,16;9,2,0,3,3,3,1
5,75,16;9,2,1,1,2,3,1
5,75,16;9,2,1,2,4,4,1
5,75,16;9,2,1,3,4,4,1
5,75,16;9,2,2,1,4,4,1
5,75,16;9,2,2,2,4,4,1
5,75,16;9,2,2,3,4,4,1
5,75,16;9,2,3,1,4,4,1
5,75,16;9,2,3,2,4,4,1
5,75,16;9,2,3,3,4,4,1
5,75,16;9,2,4,1,4,4,1
5,75,16;9,2,4,2,4,4,1
5,75,16;9,2,4,3,4,4,1
5,75,16;9,2,5,1,4,4,1
5,75,16;9,2,5,2,4,4,1
5,75,16;9,2,5,3,4,4,1
5,76,16;10,2,0,1,1,1,1
5,76,16;10,2,0,2,2,2,1
5,76,16;10,2,0,3,3,3,1
5,76,16;10,2,1,1,2,3,1
5,76,16;10,2,1,2,4,4,1
5,76,16;10,2,1,3,4,4,1
5,76,16;10,2,2,1,4,4,1
5,76,16;10,2,2,2,4,4,1
5,76,16;10,2,2,3,4,4,1
5,76,16;10,2,3,1,4,4,1
5,76,16;10,2,3,2,4,4,1
5,76,16;10,2,3,3,4,4,1
5,76,16;10,2,4,1,4,4,1
5,76,16;10,2,4,2,4,4,1
5,76,16;10,2,4,3,4,4,1
5,76,16;10,2,5,1,4,4,1
5,76,16;10,2,5,2,4,4,1
5,76,16;10,2,5,3,4,4,1
5,77,16;11,2,0,1,1,1,1
5,77,16;11,2,0,2,2,2,1
5,77,16;11,2,0,3,3,3,1
5,77,16;11,2,1,1,2,3,1
5,77,16;11,2,1,2,4,4,1
5,77,16;11,2,1,3,4,4,1
5,77,16;11,2,2,1,3,4,1
5,77,16;11,2,2,2,4,4,1
5,77,16;11,2,2,3,4,4,1
5,77,16;11,2,3,1,4,4,1
5,77,16;11,2,3,2,4,4,1
5,77,16;11,2,3,3,4,4,1
5,77,16;11,2,4,1,4,4,1
5,77,16;11,2,4,2,4,4,1
5,77,16;11,2,4,3,4,4,1
5,77,16;11,2,5,1,4,4,1
5,77,16;11,2,5,2,4,4,1
5,77,16;11,2,5,3,4,4,1
5,78,16;12,2,0,1,1,1,1
5,78,16;12,2,0,2,2,2,1
5,78,16;12,2,0,3,3,3,1
5,78,16;12,2,1,1,2,3,1
5,78,16;12,2,1,2,4,4,1
5,78,16;12,2,1,3,4,4,1
5,78,16;12,2,2,1,4,4,1
5,78,16;12,2,2,2,4,4,1
5,78,16;12,2,2,3,4,4,1
5,78,16;12,2,3,1,4,4,1
5,78,16;12,2,3,2,4,4,1
5,78,16;12,2,3,3,4,4,1
5,78,16;12,2,4,1,4,4,1
5,78,16;12,2,4,2,4,4,1
5,78,16;12,2,4,3,4,4,1
5,78,16;12,2,5,1,4,4,1
5,78,16;12,2,5,2,4,4,1
5,78,16;12,2,5,3,4,4,1
5,79,16;13,2,0,1,1,1,1
5,79,16;13,2,0,2,2,2,1
5,79,16;13,2,0,3,3,3,1
5,79,16;13,2,1,1,2,3,1
5,79,16;13,2,1,2,4,4,1
5,79,16;13,2,1,3,4,4,1
5,79,16;13,2,2,1,3,4,1
5,79,16;13,2,2,2,4,4,1
5,79,16;13,2,2,3,4,4,1
5,79,16;13,2,3,1,4,4,1
5,79,16;13,2,3,2,4,4,1
5,79,16;13,2,3,3,4,4,1
5,79,16;13,2,4,1,4,4,1
5,79,16;13,2,4,2,4,4,1
5,79,16;13,2,4,3,4,4,1
5,79,16;13,2,5,1,4,4,1
5,79,16;13,2,5,2,4,4,1
5,79,16;13,2,5,3,4,4,1
5,80,16;14,2,0,1,1,1,1
5,80,16;14,2,0,2,2,2,1
5,80,16;14,2,0,3,3,3,1
5,80,16;14,2,1,1,2,3,1
5,80,16;14,2,1,2,4,4,1
5,80,16;14,2,1,3,4,4,1
5,80,16;14,2,2,1,3,4,1
5,80,16;14,2,2,2,4,4,1
5,80,16;14,2,2,3,4,4,1
5,80,16;14,2,3,1,4,4,1
5,80,16;14,2,3,2,4,4,1
5,80,16;14,2,3,3,4,4,1
5,80,16;14,2,4,1,4,4,1
5,80,16;14,2,4,2,4,4,1
5,80,16;14,2,4,3,4,4,1
5,80,16;14,2,5,1,4,4,1
5,80,16;14,2,5,2,4,4,1
5,80,16;14,2,5,3,4,4,1
5,81,16;15,2,0,1,1,1,1
5,81,16;15,2,0,2,2,2,1
5,81,16;15,2,0,3,3,3,1
5,81,16;15,2,1,1,2,3,1
5,81,16;15,2,1,2,4,4,1
5,81,16;15,2,1,3,4,4,1
5,81,16;15,2,2,1,2,4,1
5,81,16;15,2,2,2,4,4,1
5,81,16;15,2,2,3,4,4,1
5,81,16;15,2,3,1,4,4,1
5,81,16;15,2,3,2,4,4,1
5,81,16;15,2,3,3,4,4,1
5,81,16;15,2,4,1,4,4,1
5,81,16;15,2,4,2,4,4,1
5,81,16;15,2,4,3,4,4,1
5,81,16;15,2,5,1,4,4,1
5,81,16;15,2,5,2,4,4,1
5,81,16;15,2,5,3,4,4,1
5,82,17;2,2,0,1,1,1,1
5,82,17;2,2,0,2,2,2,1
5,82,17;2,2,0,3,3,3,1
5,82,17;2,2,1,1,2,3,1
5,82,17;2,2,1,2,4,4,1
5,82,17;2,2,1,3,4,4,1
5,82,17;2,2,2,1,4,4,1
5,82,17;2,2,2,2,4,4,1
5,82,17;2,2,2,3,4,4,1
5,82,17;2,2,3,1,4,4,1
5,82,17;2,2,3,2,4,4,1
5,82,17;2,2,3,3,4,4,1
5,82,17;2,2,4,1,4,4,1
5,82,17;2,2,4,2,4,4,1
5,82,17;2,2,4,3,4,4,1
5,82,17;2,2,5,1,4,4,1
5,82,17;2,2,5,2,4,4,1
5,82,17;2,2,5,3,4,4,1
5,83,17;3,2,0,1,1,1,1
5,83,17;3,2,0,2,2,2,1
5,83,17;3,2,0,3,3,3,1
5,83,17;3,2,1,1,3,3,1
5,83,17;3,2,1,2,4,4,1
5,83,17;3,2,1,3,4,4,1
5,83,17;3,2,2,1,4,4,1
5,83,17;3,2,2,2,4,4,1
5,83,17;3,2,2,3,4,4,1
5,83,17;3,2,3,1,4,4,1
5,83,17;3,2,3,2,4,4,1
5,83,17;3,2,3,3,4,4,1
5,83,17;3,2,4,1,4,4,1
5,83,17;3,2,4,2,4,4,1
5,83,17;3,2,4,3,4,4,1
5,83,17;3,2,5,1,4,4,1
5,83,17;3,2,5,2,4,4,1
5,83,17;3,2,5,3,4,4,1
5,84,17;4,2,0,1,1,1,1
5,84,17;4,2,0,2,2,2,1
5,84,17;4,2,0,3,3,3,1
5,84,17;4,2,1,1,2,3,1
5,84,17;4,2,1,2,4,4,1
5,84,17;4,2,1,3,4,4,1
5,84,17;4,2,2,1,4,4,1
5,84,17;4,2,2,2,4,4,1
5,84,17;4,2,2,3,4,4,1
5,84,17;4,2,3,1,4,4,1
5,84,17;4,2,3,2,4,4,1
5,84,17;4,2,3,3,4,4,1
5,84,17;4,2,4,1,4,4,1
5,84,17;4,2,4,2,4,4,1
5,84,17;4,2,4,3,4,4,1
5,84,17;4,2,5,1,4,4,1
5,84,17;4,2,5,2,4,4,1
5,84,17;4,2,5,3,4,4,1
5,85,17;5,2,0,1,1,1,1
5,85,17;5,2,0,2,2,2,1
5,85,17;5,2,0,3,3,3,1
5,85,17;5,2,1,1,3,3,1
5,85,17;5,2,1,2,4,4,1
5,85,17;5,2,1,3,4,4,1
5,85,17;5,2,2,1,4,4,1
5,85,17;5,2,2,2,4,4,1
5,85,17;5,2,2,3,4,4,1
5,85,17;5,2,3,1,4,4,1
5,85,17;5,2,3,2,4,4,1
5,85,17;5,2,3,3,4,4,1
5,85,17;5,2,4,1,4,4,1
5,85,17;5,2,4,2,4,4,1
5,85,17;5,2,4,3,4,4,1
5,85,17;5,2,5,1,4,4,1
5,85,17;5,2,5,2,4,4,1
5,85,17;5,2,5,3,4,4,1
5,86,17;6,2,0,1,1,1,1
5,86,17;6,2,0,2,2,2,1
5,86,17;6,2,0,3,3,3,1
5,86,17;6,2,1,1,2,3,1
5,86,17;6,2,1,2,4,4,1
5,86,17;6,2,1,3,4,4,1
5,86,17;6,2,2,1,4,4,1
5,86,17;6,2,2,2,4,4,1
5,86,17;6,2,2,3,4,4,1
5,86,17;6,2,3,1,4,4,1
5,86,17;6,2,3,2,4,4,1
5,86,17;6,2,3,3,4,4,1
5,86,17;6,2,4,1,4,4,1
5,86,17;6,2,4,2,4,4,1
5,86,17;6,2,4,3,4,4,1
5,86,17;6,2,5,1,4,4,1
5,86,17;6,2,5,2,4,4,1
5,86,17;6,2,5,3,4,4,1
5,87,17;7,2,0,1,1,1,1
5,87,17;7,2,0,2,2,2,1
5,87,17;7,2,0,3,3,3,1
5,87,17;7,2,1,1,2,3,1
5,87,17;7,2,1,2,4,4,1
5,87,17;7,2,1,3,4,4,1
5,87,17;7,2,2,1,3,4,1
5,87,17;7,2,2,2,4,4,1
5,87,17;7,2,2,3,4,4,1
5,87,17;7,2,3,1,4,4,1
5,87,17;7,2,3,2,4,4,1
5,87,17;7,2,3,3,4,4,1
5,87,17;7,2,4,1,4,4,1
5,87,17;7,2,4,2,4,4,1
5,87,17;7,2,4,3,4,4,1
5,87,17;7,2,5,1,4,4,1
5,87,17;7,2,5,2,4,4,1
5,87,17;7,2,5,3,4,4,1
5,88,17;8,2,0,1,1,1,1
5,88,17;8,2,0,2,2,2,1
5,88,17;8,2,0,3,3,3,1
5,88,17;8,2,1,1,2,3,1
5,88,17;8,2,1,2,4,4,1
5,88,17;8,2,1,3,4,4,1
5,88,17;8,2,2,1,4,4,1
5,88,17;8,2,2,2,4,4,1
5,88,17;8,2,2,3,4,4,1
5,88,17;8,2,3,1,4,4,1
5,88,17;8,2,3,2,4,4,1
5,88,17;8,2,3,3,4,4,1
5,88,17;8,2,4,1,4,4,1
5,88,17;8,2,4,2,4,4,1
5,88,17;8,2,4,3,4,4,1
5,88,17;8,2,5,1,4,4,1
5,88,17;8,2,5,2,4,4,1
5,88,17;8,2,5,3,4,4,1
5,89,17;9,2,0,1,1,1,1
5,89,17;9,2,0,2,2,2,1
5,89,17;9,2,0,3,3,3,1
5,89,17;9,2,1,1,3,3,1
5,89,17;9,2,1,2,4,4,1
5,89,17;9,2,1,3,4,4,1
5,89,17;9,2,2,1,4,4,1
5,89,17;9,2,2,2,4,4,1
5,89,17;9,2,2,3,4,4,1
5,89,17;9,2,3,1,4,4,1
5,89,17;9,2,3,2,4,4,1
5,89,17;9,2,3,3,4,4,1
5,89,17;9,2,4,1,4,4,1
5,89,17;9,2,4,2,4,4,1
5,89,17;9,2,4,3,4,4,1
5,89,17;9,2,5,1,4,4,1
5,89,17;9,2,5,2,4,4,1
5,89,17;9,2,5,3,4,4,1
5,90,17;10,2,0,1,1,1,1
5,90,17;10,2,0,2,2,2,1
5,90,17;10,2,0,3,3,3,1
5,90,17;10,2,1,1,2,3,1
5,90,17;10,2,1,2,4,4,1
5,90,17;10,2,1,3,4,4,1
5,90,17;10,2,2,1,4,4,1
5,90,17;10,2,2,2,4,4,1
5,90,17;10,2,2,3,4,4,1
5,90,17;10,2,3,1,4,4,1
5,90,17;10,2,3,2,4,4,1
5,90,17;10,2,3,3,4,4,1
5,90,17;10,2,4,1,4,4,1
5,90,17;10,2,4,2,4,4,1
5,90,17;10,2,4,3,4,4,1
5,90,17;10,2,5,1,4,4,1
5,90,17;10,2,5,2,4,4,1
5,90,17;10,2,5,3,4,4,1
5,91,17;11,2,0,1,1,1,1
5,91,17;11,2,0,2,2,2,1
5,91,17;11,2,0,3,3,3,1
5,91,17;11,2,1,1,2,3,1
5,91,17;11,2,1,2,4,4,1
5,91,17;11,2,1,3,4,4,1
5,91,17;11,2,2,1,3,4,1
5,91,17;11,2,2,2,4,4,1
5,91,17;11,2,2,3,4,4,1
5,91,17;11,2,3,1,4,4,1
5,91,17;11,2,3,2,4,4,1
5,91,17;11,2,3,3,4,4,1
5,91,17;11,2,4,1,4,4,1
5,91,17;11,2,4,2,4,4,1
5,91,17;11,2,4,3,4,4,1
5,91,17;11,2,5,1,4,4,1
5,91,17;11,2,5,2,4,4,1
5,91,17;11,2,5,3,4,4,1
5,92,17;12,2,0,1,1,1,1
5,92,17;12,2,0,2,2,2,1
5,92,17;12,2,0,3,3,3,1
5,92,17;12,2,1,1,2,3,1
5,92,17;12,2,1,2,4,4,1
5,92,17;12,2,1,3,4,4,1
5,92,17;12,2,2,1,4,4,1
5,92,17;12,2,2,2,4,4,1
5,92,17;12,2,2,3,4,4,1
5,92,17;12,2,3,1,4,4,1
5,92,17;12,2,3,2,4,4,1
5,92,17;12,2,3,3,4,4,1
5,92,17;12,2,4,1,4,4,1
5,92,17;12,2,4,2,4,4,1
5,92,17;12,2,4,3,4,4,1
5,92,17;12,2,5,1,4,4,1
5,92,17;12,2,5,2,4,4,1
5,92,17;12,2,5,3,4,4,1
5,93,17;13,2,0,1,1,1,1
5,93,17;13,2,0,2,2,2,1
5,93,17;13,2,0,3,3,3,1
5,93,17;13,2,1,1,2,3,1
5,93,17;13,2,1,2,4,4,1
5,93,17;13,2,1,3,4,4,1
5,93,17;13,2,2,1,3,4,1
5,93,17;13,2,2,2,4,4,1
5,93,17;13,2,2,3,4,4,1
5,93,17;13,2,3,1,4,4,1
5,93,17;13,2,3,2,4,4,1
5,93,17;13,2,3,3,4,4,1
5,93,17;13,2,4,1,4,4,1
5,93,17;13,2,4,2,4,4,1
5,93,17;13,2,4,3,4,4,1
5,93,17;13,2,5,1,4,4,1
5,93,17;13,2,5,2,4,4,1
5,93,17;13,2,5,3,4,4,1
5,94,17;14,2,0,1,1,1,1
5,94,17;14,2,0,2,2,2,1
5,94,17;14,2,0,3,3,3,1
5,94,17;14,2,1,1,2,3,1
5,94,17;14,2,1,2,4,4,1
5,94,17;14,2,1,3,4,4,1
5,94,17;14,2,2,1,2,4,1
5,94,17;14,2,2,2,4,4,1
5,94,17;14,2,2,3,4,4,1
5,94,17;14,2,3,1,4,4,1
5,94,17;14,2,3,2,4,4,1
5,94,17;14,2,3,3,4,4,1
5,94,17;14,2,4,1,4,4,1
5,94,17;14,2,4,2,4,4,1
5,94,17;14,2,4,3,4,4,1
5,94,17;14,2,5,1,4,4,1
5,94,17;14,2,5,2,4,4,1
5,94,17;14,2,5,3,4,4,1
5,95,17;15,2,0,1,1,1,1
5,95,17;15,2,0,2,2,2,1
5,95,17;15,2,0,3,3,3,1
5,95,17;15,2,1,1,2,3,1
5,95,17;15,2,1,2,4,4,1
5,95,17;15,2,1,3,4,4,1
5,95,17;15,2,2,1,3,4,1
5,95,17;15,2,2,2,4,4,1
5,95,17;15,2,2,3,4,4,1
5,95,17;15,2,3,1,4,4,1
5,95,17;15,2,3,2,4,4,1
5,95,17;15,2,3,3,4,4,1
5,95,17;15,2,4,1,4,4,1
5,95,17;15,2,4,2,4,4,1
5,95,17;15,2,4,3,4,4,1
5,95,17;15,2,5,1,4,4,1
5,95,17;15,2,5,2,4,4,1
5,95,17;15,2,5,3,4,4,1
5,96,18;1,2,0,1,1,1,1
5,96,18;1,2,0,2,2,2,1
5,96,18;1,2,0,3,3,3,1
5,96,18;1,2,1,1,2,3,1
5,96,18;1,2,1,2,4,4,1
5,96,18;1,2,1,3,4,4,1
5,96,18;1,2,2,1,4,4,1
5,96,18;1,2,2,2,4,4,1
5,96,18;1,2,2,3,4,4,1
5,96,18;1,2,3,1,4,4,1
5,96,18;1,2,3,2,4,4,1
5,96,18;1,2,3,3,4,4,1
5,96,18;1,2,4,1,4,4,1
5,96,18;1,2,4,2,4,4,1
5,96,18;1,2,4,3,4,4,1
5,96,18;1,2,5,1,4,4,1
5,96,18;1,2,5,2,4,4,1
5,96,18;1,2,5,3,4,4,1
5,97,18;4,2,0,1,1,1,1
5,97,18;4,2,0,2,2,2,1
5,97,18;4,2,0,3,3,3,1
5,97,18;4,2,1,1,2,3,1
5,97,18;4,2,1,2,4,4,1
5,97,18;4,2,1,3,4,4,1
5,97,18;4,2,2,1,4,4,1
5,97,18;4,2,2,2,4,4,1
5,97,18;4,2,2,3,4,4,1
5,97,18;4,2,3,1,4,4,1
5,97,18;4,2,3,2,4,4,1
5,97,18;4,2,3,3,4,4,1
5,97,18;4,2,4,1,4,4,1
5,97,18;4,2,4,2,4,4,1
5,97,18;4,2,4,3,4,4,1
5,97,18;4,2,5,1,4,4,1
5,97,18;4,2,5,2,4,4,1
5,97,18;4,2,5,3,4,4,1
5,98,18;5,2,0,1,1,1,1
5,98,18;5,2,0,2,2,2,1
5,98,18;5,2,0,3,3,3,1
5,98,18;5,2,1,1,2,3,1
5,98,18;5,2,1,2,4,4,1
5,98,18;5,2,1,3,4,4,1
5,98,18;5,2,2,1,4,4,1
5,98,18;5,2,2,2,4,4,1
5,98,18;5,2,2,3,4,4,1
5,98,18;5,2,3,1,4,4,1
5,98,18;5,2,3,2,4,4,1
5,98,18;5,2,3,3,4,4,1
5,98,18;5,2,4,1,4,4,1
5,98,18;5,2,4,2,4,4,1
5,98,18;5,2,4,3,4,4,1
5,98,18;5,2,5,1,4,4,1
5,98,18;5,2,5,2,4,4,1
5,98,18;5,2,5,3,4,4,1
5,99,18;6,2,0,1,1,1,1
5,99,18;6,2,0,2,2,2,1
5,99,18;6,2,0,3,3,3,1
5,99,18;6,2,1,1,3,3,1
5,99,18;6,2,1,2,4,4,1
5,99,18;6,2,1,3,4,4,1
5,99,18;6,2,2,1,4,4,1
5,99,18;6,2,2,2,4,4,1
5,99,18;6,2,2,3,4,4,1
5,99,18;6,2,3,1,4,4,1
5,99,18;6,2,3,2,4,4,1
5,99,18;6,2,3,3,4,4,1
5,99,18;6,2,4,1,4,4,1
5,99,18;6,2,4,2,4,4,1
5,99,18;6,2,4,3,4,4,1
5,99,18;6,2,5,1,4,4,1
5,99,18;6,2,5,2,4,4,1
5,99,18;6,2,5,3,4,4,1
5,100,18;7,2,0,1,1,1,1
5,100,18;7,2,0,2,2,2,1
5,100,18;7,2,0,3,3,3,1
5,100,18;7,2,1,1,2,3,1
5,100,18;7,2,1,2,4,4,1
5,100,18;7,2,1,3,4,4,1
5,100,18;7,2,2,1,3,4,1
5,100,18;7,2,2,2,4,4,1
5,100,18;7,2,2,3,4,4,1
5,100,18;7,2,3,1,4,4,1
5,100,18;7,2,3,2,4,4,1
5,100,18;7,2,3,3,4,4,1
5,100,18;7,2,4,1,4,4,1
5,100,18;7,2,4,2,4,4,1
5,100,18;7,2,4,3,4,4,1
5,100,18;7,2,5,1,4,4,1
5,100,18;7,2,5,2,4,4,1
5,100,18;7,2,5,3,4,4,1
5,101,18;8,2,0,1,1,1,1
5,101,18;8,2,0,2,2,2,1
5,101,18;8,2,0,3,3,3,1
5,101,18;8,2,1,1,2,3,1
5,101,18;8,2,1,2,4,4,1
5,101,18;8,2,1,3,4,4,1
5,101,18;8,2,2,1,4,4,1
5,101,18;8,2,2,2,4,4,1
5,101,18;8,2,2,3,4,4,1
5,101,18;8,2,3,1,4,4,1
5,101,18;8,2,3,2,4,4,1
5,101,18;8,2,3,3,4,4,1
5,101,18;8,2,4,1,4,4,1
5,101,18;8,2,4,2,4,4,1
5,101,18;8,2,4,3,4,4,1
5,101,18;8,2,5,1,4,4,1
5,101,18;8,2,5,2,4,4,1
5,101,18;8,2,5,3,4,4,1
5,102,18;9,2,0,1,1,1,1
5,102,18;9,2,0,2,2,2,1
5,102,18;9,2,0,3,3,3,1
5,102,18;9,2,1,1,2,3,1
5,102,18;9,2,1,2,4,4,1
5,102,18;9,2,1,3,4,4,1
5,102,18;9,2,2,1,4,4,1
5,102,18;9,2,2,2,4,4,1
5,102,18;9,2,2,3,4,4,1
5,102,18;9,2,3,1,4,4,1
5,102,18;9,2,3,2,4,4,1
5,102,18;9,2,3,3,4,4,1
5,102,18;9,2,4,1,4,4,1
5,102,18;9,2,4,2,4,4,1
5,102,18;9,2,4,3,4,4,1
5,102,18;9,2,5,1,4,4,1
5,102,18;9,2,5,2,4,4,1
5,102,18;9,2,5,3,4,4,1
5,103,18;10,2,0,1,1,1,1
5,103,18;10,2,0,2,2,2,1
5,103,18;10,2,0,3,3,3,1
5,103,18;10,2,1,1,3,3,1
5,103,18;10,2,1,2,4,4,1
5,103,18;10,2,1,3,4,4,1
5,103,18;10,2,2,1,4,4,1
5,103,18;10,2,2,2,4,4,1
5,103,18;10,2,2,3,4,4,1
5,103,18;10,2,3,1,4,4,1
5,103,18;10,2,3,2,4,4,1
5,103,18;10,2,3,3,4,4,1
5,103,18;10,2,4,1,4,4,1
5,103,18;10,2,4,2,4,4,1
5,103,18;10,2,4,3,4,4,1
5,103,18;10,2,5,1,4,4,1
5,103,18;10,2,5,2,4,4,1
5,103,18;10,2,5,3,4,4,1
5,104,18;11,2,0,1,1,1,1
5,104,18;11,2,0,2,2,2,1
5,104,18;11,2,0,3,3,3,1
5,104,18;11,2,1,1,2,3,1
5,104,18;11,2,1,2,4,4,1
5,104,18;11,2,1,3,4,4,1
5,104,18;11,2,2,1,3,4,1
5,104,18;11,2,2,2,4,4,1
5,104,18;11,2,2,3,4,4,1
5,104,18;11,2,3,1,4,4,1
5,104,18;11,2,3,2,4,4,1
5,104,18;11,2,3,3,4,4,1
5,104,18;11,2,4,1,4,4,1
5,104,18;11,2,4,2,4,4,1
5,104,18;11,2,4,3,4,4,1
5,104,18;11,2,5,1,4,4,1
5,104,18;11,2,5,2,4,4,1
5,104,18;11,2,5,3,4,4,1
5,105,18;12,2,0,1,1,1,1
5,105,18;12,2,0,2,2,2,1
5,105,18;12,2,0,3,3,3,1
5,105,18;12,2,1,1,2,3,1
5,105,18;12,2,1,2,4,4,1
5,105,18;12,2,1,3,4,4,1
5,105,18;12,2,2,1,4,4,1
5,105,18;12,2,2,2,4,4,1
5,105,18;12,2,2,3,4,4,1
5,105,18;12,2,3,1,4,4,1
5,105,18;12,2,3,2,4,4,1
5,105,18;12,2,3,3,4,4,1
5,105,18;12,2,4,1,4,4,1
5,105,18;12,2,4,2,4,4,1
5,105,18;12,2,4,3,4,4,1
5,105,18;12,2,5,1,4,4,1
5,105,18;12,2,5,2,4,4,1
5,105,18;12,2,5,3,4,4,1
5,106,18;13,2,0,1,1,1,1
5,106,18;13,2,0,2,2,2,1
5,106,18;13,2,0,3,3,3,1
5,106,18;13,2,1,1,2,3,1
5,106,18;13,2,1,2,4,4,1
5,106,18;13,2,1,3,4,4,1
5,106,18;13,2,2,1,2,4,1
5,106,18;13,2,2,2,4,4,1
5,106,18;13,2,2,3,4,4,1
5,106,18;13,2,3,1,4,4,1
5,106,18;13,2,3,2,4,4,1
5,106,18;13,2,3,3,4,4,1
5,106,18;13,2,4,1,4,4,1
5,106,18;13,2,4,2,4,4,1
5,106,18;13,2,4,3,4,4,1
5,106,18;13,2,5,1,4,4,1
5,106,18;13,2,5,2,4,4,1
5,106,18;13,2,5,3,4,4,1
5,107,18;14,2,0,1,1,1,1
5,107,18;14,2,0,2,2,2,1
5,107,18;14,2,0,3,3,3,1
5,107,18;14,2,1,1,2,3,1
5,107,18;14,2,1,2,4,4,1
5,107,18;14,2,1,3,4,4,1
5,107,18;14,2,2,1,3,4,1
5,107,18;14,2,2,2,4,4,1
5,107,18;14,2,2,3,4,4,1
5,107,18;14,2,3,1,4,4,1
5,107,18;14,2,3,2,4,4,1
5,107,18;14,2,3,3,4,4,1
5,107,18;14,2,4,1,4,4,1
5,107,18;14,2,4,2,4,4,1
5,107,18;14,2,4,3,4,4,1
5,107,18;14,2,5,1,4,4,1
5,107,18;14,2,5,2,4,4,1
5,107,18;14,2,5,3,4,4,1
5,108,18;15,2,0,1,1,1,1
5,108,18;15,2,0,2,2,2,1
5,108,18;15,2,0,3,3,3,1
5,108,18;15,2,1,1,2,3,1
5,108,18;15,2,1,2,4,4,1
5,108,18;15,2,1,3,4,4,1
5,108,18;15,2,2,1,3,4,1
5,108,18;15,2,2,2,4,4,1
5,108,18;15,2,2,3,4,4,1
5,108,18;15,2,3,1,4,4,1
5,108,18;15,2,3,2,4,4,1
5,108,18;15,2,3,3,4,4,1
5,108,18;15,2,4,1,4,4,1
5,108,18;15,2,4,2,4,4,1
5,108,18;15,2,4,3,4,4,1
5,108,18;15,2,5,1,4,4,1
5,108,18;15,2,5,2,4,4,1
5,108,18;15,2,5,3,4,4,1
5,109,19;4,2,0,1,1,1,1
5,109,19;4,2,0,2,2,2,1
5,109,19;4,2,0,3,3,3,1
5,109,19;4,2,1,1,2,3,1
5,109,19;4,2,1,2,4,4,1
5,109,19;4,2,1,3,4,4,1
5,109,19;4,2,2,1,3,4,1
5,109,19;4,2,2,2,4,4,1
5,109,19;4,2,2,3,4,4,1
5,109,19;4,2,3,1,4,4,1
5,109,19;4,2,3,2,4,4,1
5,109,19;4,2,3,3,4,4,1
5,109,19;4,2,4,1,4,4,1
5,109,19;4,2,4,2,4,4,1
5,109,19;4,2,4,3,4,4,1
5,109,19;4,2,5,1,4,4,1
5,109,19;4,2,5,2,4,4,1
5,109,19;4,2,5,3,4,4,1
5,110,19;5,2,0,1,1,1,1
5,110,19;5,2,0,2,2,2,1
5,110,19;5,2,0,3,3,3,1
5,110,19;5,2,1,1,2,3,1
5,110,19;5,2,1,2,4,4,1
5,110,19;5,2,1,3,4,4,1
5,110,19;5,2,2,1,3,4,1
5,110,19;5,2,2,2,4,4,1
5,110,19;5,2,2,3,4,4,1
5,110,19;5,2,3,1,4,4,1
5,110,19;5,2,3,2,4,4,1
5,110,19;5,2,3,3,4,4,1
5,110,19;5,2,4,1,4,4,1
5,110,19;5,2,4,2,4,4,1
5,110,19;5,2,4,3,4,4,1
5,110,19;5,2,5,1,4,4,1
5,110,19;5,2,5,2,4,4,1
5,110,19;5,2,5,3,4,4,1
5,111,19;6,2,0,1,1,1,1
5,111,19;6,2,0,2,2,2,1
5,111,19;6,2,0,3,3,3,1
5,111,19;6,2,1,1,2,3,1
5,111,19;6,2,1,2,4,4,1
5,111,19;6,2,1,3,4,4,1
5,111,19;6,2,2,1,3,4,1
5,111,19;6,2,2,2,4,4,1
5,111,19;6,2,2,3,4,4,1
5,111,19;6,2,3,1,4,4,1
5,111,19;6,2,3,2,4,4,1
5,111,19;6,2,3,3,4,4,1
5,111,19;6,2,4,1,4,4,1
5,111,19;6,2,4,2,4,4,1
5,111,19;6,2,4,3,4,4,1
5,111,19;6,2,5,1,4,4,1
5,111,19;6,2,5,2,4,4,1
5,111,19;6,2,5,3,4,4,1
5,112,19;7,2,0,1,1,1,1
5,112,19;7,2,0,2,2,2,1
5,112,19;7,2,0,3,3,3,1
5,112,19;7,2,1,1,2,3,1
5,112,19;7,2,1,2,4,4,1
5,112,19;7,2,1,3,4,4,1
5,112,19;7,2,2,1,3,4,1
5,112,19;7,2,2,2,4,4,1
5,112,19;7,2,2,3,4,4,1
5,112,19;7,2,3,1,4,4,1
5,112,19;7,2,3,2,4,4,1
5,112,19;7,2,3,3,4,4,1
5,112,19;7,2,4,1,4,4,1
5,112,19;7,2,4,2,4,4,1
5,112,19;7,2,4,3,4,4,1
5,112,19;7,2,5,1,4,4,1
5,112,19;7,2,5,2,4,4,1
5,112,19;7,2,5,3,4,4,1
5,113,19;8,2,0,1,1,1,1
5,113,19;8,2,0,2,2,2,1
5,113,19;8,2,0,3,3,3,1
5,113,19;8,2,1,1,2,3,1
5,113,19;8,2,1,2,4,4,1
5,113,19;8,2,1,3,4,4,1
5,113,19;8,2,2,1,3,4,1
5,113,19;8,2,2,2,4,4,1
5,113,19;8,2,2,3,4,4,1
5,113,19;8,2,3,1,4,4,1
5,113,19;8,2,3,2,4,4,1
5,113,19;8,2,3,3,4,4,1
5,113,19;8,2,4,1,4,4,1
5,113,19;8,2,4,2,4,4,1
5,113,19;8,2,4,3,4,4,1
5,113,19;8,2,5,1,4,4,1
5,113,19;8,2,5,2,4,4,1
5,113,19;8,2,5,3,4,4,1
5,114,19;9,2,0,1,1,1,1
5,114,19;9,2,0,2,2,2,1
5,114,19;9,2,0,3,3,3,1
5,114,19;9,2,1,1,2,3,1
5,114,19;9,2,1,2,4,4,1
5,114,19;9,2,1,3,4,4,1
5,114,19;9,2,2,1,3,4,1
5,114,19;9,2,2,2,4,4,1
5,114,19;9,2,2,3,4,4,1
5,114,19;9,2,3,1,4,4,1
5,114,19;9,2,3,2,4,4,1
5,114,19;9,2,3,3,4,4,1
5,114,19;9,2,4,1,4,4,1
5,114,19;9,2,4,2,4,4,1
5,114,19;9,2,4,3,4,4,1
5,114,19;9,2,5,1,4,4,1
5,114,19;9,2,5,2,4,4,1
5,114,19;9,2,5,3,4,4,1
5,115,19;10,2,0,1,1,1,1
5,115,19;10,2,0,2,2,2,1
5,115,19;10,2,0,3,3,3,1
5,115,19;10,2,1,1,2,3,1
5,115,19;10,2,1,2,4,4,1
5,115,19;10,2,1,3,4,4,1
5,115,19;10,2,2,1,3,4,1
5,115,19;10,2,2,2,4,4,1
5,115,19;10,2,2,3,4,4,1
5,115,19;10,2,3,1,4,4,1
5,115,19;10,2,3,2,4,4,1
5,115,19;10,2,3,3,4,4,1
5,115,19;10,2,4,1,4,4,1
5,115,19;10,2,4,2,4,4,1
5,115,19;10,2,4,3,4,4,1
5,115,19;10,2,5,1,4,4,1
5,115,19;10,2,5,2,4,4,1
5,115,19;10,2,5,3,4,4,1
5,116,19;11,2,0,1,1,1,1
5,116,19;11,2,0,2,2,2,1
5,116,19;11,2,0,3,3,3,1
5,116,19;11,2,1,1,2,3,1
5,116,19;11,2,1,2,4,4,1
5,116,19;11,2,1,3,4,4,1
5,116,19;11,2,2,1,3,4,1
5,116,19;11,2,2,2,4,4,1
5,116,19;11,2,2,3,4,4,1
5,116,19;11,2,3,1,4,4,1
5,116,19;11,2,3,2,4,4,1
5,116,19;11,2,3,3,4,4,1
5,116,19;11,2,4,1,4,4,1
5,116,19;11,2,4,2,4,4,1
5,116,19;11,2,4,3,4,4,1
5,116,19;11,2,5,1,4,4,1
5,116,19;11,2,5,2,4,4,1
5,116,19;11,2,5,3,4,4,1
5,117,19;12,2,0,1,1,1,1
5,117,19;12,2,0,2,2,2,1
5,117,19;12,2,0,3,3,3,1
5,117,19;12,2,1,1,2,3,1
5,117,19;12,2,1,2,4,4,1
5,117,19;12,2,1,3,4,4,1
5,117,19;12,2,2,1,2,4,1
5,117,19;12,2,2,2,4,4,1
5,117,19;12,2,2,3,4,4,1
5,117,19;12,2,3,1,4,4,1
5,117,19;12,2,3,2,4,4,1
5,117,19;12,2,3,3,4,4,1
5,117,19;12,2,4,1,4,4,1
5,117,19;12,2,4,2,4,4,1
5,117,19;12,2,4,3,4,4,1
5,117,19;12,2,5,1,4,4,1
5,117,19;12,2,5,2,4,4,1
5,117,19;12,2,5,3,4,4,1
5,118,19;13,2,0,1,1,1,1
5,118,19;13,2,0,2,2,2,1
5,118,19;13,2,0,3,3,3,1
5,118,19;13,2,1,1,1,3,1
5,118,19;13,2,1,2,2,4,1
5,118,19;13,2,1,3,3,4,1
5,118,19;13,2,2,1,3,4,1
5,118,19;13,2,2,2,4,4,1
5,118,19;13,2,2,3,4,4,1
5,118,19;13,2,3,1,4,4,1
5,118,19;13,2,3,2,4,4,1
5,118,19;13,2,3,3,4,4,1
5,118,19;13,2,4,1,4,4,1
5,118,19;13,2,4,2,4,4,1
5,118,19;13,2,4,3,4,4,1
5,118,19;13,2,5,1,4,4,1
5,118,19;13,2,5,2,4,4,1
5,118,19;13,2,5,3,4,4,1
5,119,19;14,2,0,1,1,1,1
5,119,19;14,2,0,2,2,2,1
5,119,19;14,2,0,3,3,3,1
5,119,19;14,2,1,1,1,3,1
5,119,19;14,2,1,2,2,4,1
5,119,19;14,2,1,3,3,4,1
5,119,19;14,2,2,1,3,4,1
5,119,19;14,2,2,2,4,4,1
5,119,19;14,2,2,3,4,4,1
5,119,19;14,2,3,1,4,4,1
5,119,19;14,2,3,2,4,4,1
5,119,19;14,2,3,3,4,4,1
5,119,19;14,2,4,1,4,4,1
5,119,19;14,2,4,2,4,4,1
5,119,19;14,2,4,3,4,4,1
5,119,19;14,2,5,1,4,4,1
5,119,19;14,2,5,2,4,4,1
5,119,19;14,2,5,3,4,4,1
5,120,19;15,2,0,1,1,1,1
5,120,19;15,2,0,2,2,2,1
5,120,19;15,2,0,3,3,3,1
5,120,19;15,2,1,1,1,3,1
5,120,19;15,2,1,2,2,4,1
5,120,19;15,2,1,3,3,4,1
5,120,19;15,2,2,1,3,4,1
5,120,19;15,2,2,2,4,4,1
5,120,19;15,2,2,3,4,4,1
5,120,19;15,2,3,1,4,4,1
5,120,19;15,2,3,2,4,4,1
5,120,19;15,2,3,3,4,4,1
5,120,19;15,2,4,1,4,4,1
5,120,19;15,2,4,2,4,4,1
5,120,19;15,2,4,3,4,4,1
5,120,19;15,2,5,1,4,4,1
5,120,19;15,2,5,2,4,4,1
5,120,19;15,2,5,3,4,4,1
5,121,20;1,2,0,1,1,1,1
5,121,20;1,2,0,2,2,2,1
5,121,20;1,2,0,3,3,3,1
5,121,20;1,2,1,1,2,3,1
5,121,20;1,2,1,2,4,4,1
5,121,20;1,2,1,3,4,4,1
5,121,20;1,2,2,1,4,4,1
5,121,20;1,2,2,2,4,4,1
5,121,20;1,2,2,3,4,4,1
5,121,20;1,2,3,1,4,4,1
5,121,20;1,2,3,2,4,4,1
5,121,20;1,2,3,3,4,4,1
5,121,20;1,2,4,1,4,4,1
5,121,20;1,2,4,2,4,4,1
5,121,20;1,2,4,3,4,4,1
5,121,20;1,2,5,1,4,4,1
5,121,20;1,2,5,2,4,4,1
5,121,20;1,2,5,3,4,4,1
5,122,20;2,2,0,1,1,1,1
5,122,20;2,2,0,2,2,2,1
5,122,20;2,2,0,3,3,3,1
5,122,20;2,2,1,1,2,3,1
5,122,20;2,2,1,2,4,4,1
5,122,20;2,2,1,3,4,4,1
5,122,20;2,2,2,1,4,4,1
5,122,20;2,2,2,2,4,4,1
5,122,20;2,2,2,3,4,4,1
5,122,20;2,2,3,1,4,4,1
5,122,20;2,2,3,2,4,4,1
5,122,20;2,2,3,3,4,4,1
5,122,20;2,2,4,1,4,4,1
5,122,20;2,2,4,2,4,4,1
5,122,20;2,2,4,3,4,4,1
5,122,20;2,2,5,1,4,4,1
5,122,20;2,2,5,2,4,4,1
5,122,20;2,2,5,3,4,4,1
5,123,20;3,2,0,1,1,1,1
5,123,20;3,2,0,2,2,2,1
5,123,20;3,2,0,3,3,3,1
5,123,20;3,2,1,1,2,3,1
5,123,20;3,2,1,2,4,4,1
5,123,20;3,2,1,3,4,4,1
5,123,20;3,2,2,1,4,4,1
5,123,20;3,2,2,2,4,4,1
5,123,20;3,2,2,3,4,4,1
5,123,20;3,2,3,1,4,4,1
5,123,20;3,2,3,2,4,4,1
5,123,20;3,2,3,3,4,4,1
5,123,20;3,2,4,1,4,4,1
5,123,20;3,2,4,2,4,4,1
5,123,20;3,2,4,3,4,4,1
5,123,20;3,2,5,1,4,4,1
5,123,20;3,2,5,2,4,4,1
5,123,20;3,2,5,3,4,4,1
5,124,20;8,2,0,1,1,1,1
5,124,20;8,2,0,2,2,2,1
5,124,20;8,2,0,3,3,3,1
5,124,20;8,2,1,1,2,3,1
5,124,20;8,2,1,2,4,4,1
5,124,20;8,2,1,3,4,4,1
5,124,20;8,2,2,1,4,4,1
5,124,20;8,2,2,2,4,4,1
5,124,20;8,2,2,3,4,4,1
5,124,20;8,2,3,1,4,4,1
5,124,20;8,2,3,2,4,4,1
5,124,20;8,2,3,3,4,4,1
5,124,20;8,2,4,1,4,4,1
5,124,20;8,2,4,2,4,4,1
5,124,20;8,2,4,3,4,4,1
5,124,20;8,2,5,1,4,4,1
5,124,20;8,2,5,2,4,4,1
5,124,20;8,2,5,3,4,4,1
5,125,20;9,2,0,1,1,1,1
5,125,20;9,2,0,2,2,2,1
5,125,20;9,2,0,3,3,3,1
5,125,20;9,2,1,1,2,3,1
5,125,20;9,2,1,2,4,4,1
5,125,20;9,2,1,3,4,4,1
5,125,20;9,2,2,1,4,4,1
5,125,20;9,2,2,2,4,4,1
5,125,20;9,2,2,3,4,4,1
5,125,20;9,2,3,1,4,4,1
5,125,20;9,2,3,2,4,4,1
5,125,20;9,2,3,3,4,4,1
5,125,20;9,2,4,1,4,4,1
5,125,20;9,2,4,2,4,4,1
5,125,20;9,2,4,3,4,4,1
5,125,20;9,2,5,1,4,4,1
5,125,20;9,2,5,2,4,4,1
5,125,20;9,2,5,3,4,4,1
5,126,20;10,2,0,1,1,1,1
5,126,20;10,2,0,2,2,2,1
5,126,20;10,2,0,3,3,3,1
5,126,20;10,2,1,1,2,3,1
5,126,20;10,2,1,2,4,4,1
5,126,20;10,2,1,3,4,4,1
5,126,20;10,2,2,1,4,4,1
5,126,20;10,2,2,2,4,4,1
5,126,20;10,2,2,3,4,4,1
5,126,20;10,2,3,1,4,4,1
5,126,20;10,2,3,2,4,4,1
5,126,20;10,2,3,3,4,4,1
5,126,20;10,2,4,1,4,4,1
5,126,20;10,2,4,2,4,4,1
5,126,20;10,2,4,3,4,4,1
5,126,20;10,2,5,1,4,4,1
5,126,20;10,2,5,2,4,4,1
5,126,20;10,2,5,3,4,4,1
5,127,20;11,2,0,1,1,1,1
5,127,20;11,2,0,2,2,2,1
5,127,20;11,2,0,3,3,3,1
5,127,20;11,2,1,1,2,3,1
5,127,20;11,2,1,2,4,4,1
5,127,20;11,2,1,3,4,4,1
5,127,20;11,2,2,1,2,4,1
5,127,20;11,2,2,2,4,4,1
5,127,20;11,2,2,3,4,4,1
5,127,20;11,2,3,1,4,4,1
5,127,20;11,2,3,2,4,4,1
5,127,20;11,2,3,3,4,4,1
5,127,20;11,2,4,1,4,4,1
5,127,20;11,2,4,2,4,4,1
5,127,20;11,2,4,3,4,4,1
5,127,20;11,2,5,1,4,4,1
5,127,20;11,2,5,2,4,4,1
5,127,20;11,2,5,3,4,4,1
5,128,20;12,2,0,1,1,1,1
5,128,20;12,2,0,2,2,2,1
5,128,20;12,2,0,3,3,3,1
5,128,20;12,2,1,1,3,3,1
5,128,20;12,2,1,2,4,4,1
5,128,20;12,2,1,3,4,4,1
5,128,20;12,2,2,1,4,4,1
5,128,20;12,2,2,2,4,4,1
5,128,20;12,2,2,3,4,4,1
5,128,20;12,2,3,1,4,4,1
5,128,20;12,2,3,2,4,4,1
5,128,20;12,2,3,3,4,4,1
5,128,20;12,2,4,1,4,4,1
5,128,20;12,2,4,2,4,4,1
5,128,20;12,2,4,3,4,4,1
5,128,20;12,2,5,1,4,4,1
5,128,20;12,2,5,2,4,4,1
5,128,20;12,2,5,3,4,4,1
5,129,20;13,2,0,1,1,1,1
5,129,20;13,2,0,2,2,2,1
5,129,20;13,2,0,3,3,3,1
5,129,20;13,2,1,1,2,3,1
5,129,20;13,2,1,2,4,4,1
5,129,20;13,2,1,3,4,4,1
5,129,20;13,2,2,1,3,4,1
5,129,20;13,2,2,2,4,4,1
5,129,20;13,2,2,3,4,4,1
5,129,20;13,2,3,1,4,4,1
5,129,20;13,2,3,2,4,4,1
5,129,20;13,2,3,3,4,4,1
5,129,20;13,2,4,1,4,4,1
5,129,20;13,2,4,2,4,4,1
5,129,20;13,2,4,3,4,4,1
5,129,20;13,2,5,1,4,4,1
5,129,20;13,2,5,2,4,4,1
5,129,20;13,2,5,3,4,4,1
5,130,20;14,2,0,1,1,1,1
5,130,20;14,2,0,2,2,2,1
5,130,20;14,2,0,3,3,3,1
5,130,20;14,2,1,1,2,3,1
5,130,20;14,2,1,2,4,4,1
5,130,20;14,2,1,3,4,4,1
5,130,20;14,2,2,1,3,4,1
5,130,20;14,2,2,2,4,4,1
5,130,20;14,2,2,3,4,4,1
5,130,20;14,2,3,1,4,4,1
5,130,20;14,2,3,2,4,4,1
5,130,20;14,2,3,3,4,4,1
5,130,20;14,2,4,1,4,4,1
5,130,20;14,2,4,2,4,4,1
5,130,20;14,2,4,3,4,4,1
5,130,20;14,2,5,1,4,4,1
5,130,20;14,2,5,2,4,4,1
5,130,20;14,2,5,3,4,4,1
5,131,20;15,2,0,1,1,1,1
5,131,20;15,2,0,2,2,2,1
5,131,20;15,2,0,3,3,3,1
5,131,20;15,2,1,1,2,3,1
5,131,20;15,2,1,2,4,4,1
5,131,20;15,2,1,3,4,4,1
5,131,20;15,2,2,1,3,4,1
5,131,20;15,2,2,2,4,4,1
5,131,20;15,2,2,3,4,4,1
5,131,20;15,2,3,1,4,4,1
5,131,20;15,2,3,2,4,4,1
5,131,20;15,2,3,3,4,4,1
5,131,20;15,2,4,1,4,4,1
5,131,20;15,2,4,2,4,4,1
5,131,20;15,2,4,3,4,4,1
5,131,20;15,2,5,1,4,4,1
5,131,20;15,2,5,2,4,4,1
5,131,20;15,2,5,3,4,4,1
5,132,21;2,2,0,1,1,1,1
5,132,21;2,2,0,2,2,2,1
5,132,21;2,2,0,3,3,3,1
5,132,21;2,2,1,1,2,3,1
5,132,21;2,2,1,2,4,4,1
5,132,21;2,2,1,3,4,4,1
5,132,21;2,2,2,1,3,4,1
5,132,21;2,2,2,2,4,4,1
5,132,21;2,2,2,3,4,4,1
5,132,21;2,2,3,1,4,4,1
5,132,21;2,2,3,2,4,4,1
5,132,21;2,2,3,3,4,4,1
5,132,21;2,2,4,1,4,4,1
5,132,21;2,2,4,2,4,4,1
5,132,21;2,2,4,3,4,4,1
5,132,21;2,2,5,1,4,4,1
5,132,21;2,2,5,2,4,4,1
5,132,21;2,2,5,3,4,4,1
5,133,21;3,2,0,1,1,1,1
5,133,21;3,2,0,2,2,2,1
5,133,21;3,2,0,3,3,3,1
5,133,21;3,2,1,1,2,3,1
5,133,21;3,2,1,2,4,4,1
5,133,21;3,2,1,3,4,4,1
5,133,21;3,2,2,1,3,4,1
5,133,21;3,2,2,2,4,4,1
5,133,21;3,2,2,3,4,4,1
5,133,21;3,2,3,1,4,4,1
5,133,21;3,2,3,2,4,4,1
5,133,21;3,2,3,3,4,4,1
5,133,21;3,2,4,1,4,4,1
5,133,21;3,2,4,2,4,4,1
5,133,21;3,2,4,3,4,4,1
5,133,21;3,2,5,1,4,4,1
5,133,21;3,2,5,2,4,4,1
5,133,21;3,2,5,3,4,4,1
5,134,21;8,2,0,1,1,1,1
5,134,21;8,2,0,2,2,2,1
5,134,21;8,2,0,3,3,3,1
5,134,21;8,2,1,1,2,3,1
5,134,21;8,2,1,2,4,4,1
5,134,21;8,2,1,3,4,4,1
5,134,21;8,2,2,1,3,4,1
5,134,21;8,2,2,2,4,4,1
5,134,21;8,2,2,3,4,4,1
5,134,21;8,2,3,1,4,4,1
5,134,21;8,2,3,2,4,4,1
5,134,21;8,2,3,3,4,4,1
5,134,21;8,2,4,1,4,4,1
5,134,21;8,2,4,2,4,4,1
5,134,21;8,2,4,3,4,4,1
5,134,21;8,2,5,1,4,4,1
5,134,21;8,2,5,2,4,4,1
5,134,21;8,2,5,3,4,4,1
5,135,21;9,2,0,1,1,1,1
5,135,21;9,2,0,2,2,2,1
5,135,21;9,2,0,3,3,3,1
5,135,21;9,2,1,1,2,3,1
5,135,21;9,2,1,2,4,4,1
5,135,21;9,2,1,3,4,4,1
5,135,21;9,2,2,1,3,4,1
5,135,21;9,2,2,2,4,4,1
5,135,21;9,2,2,3,4,4,1
5,135,21;9,2,3,1,4,4,1
5,135,21;9,2,3,2,4,4,1
5,135,21;9,2,3,3,4,4,1
5,135,21;9,2,4,1,4,4,1
5,135,21;9,2,4,2,4,4,1
5,135,21;9,2,4,3,4,4,1
5,135,21;9,2,5,1,4,4,1
5,135,21;9,2,5,2,4,4,1
5,135,21;9,2,5,3,4,4,1
5,136,21;10,2,0,1,1,1,1
5,136,21;10,2,0,2,2,2,1
5,136,21;10,2,0,3,3,3,1
5,136,21;10,2,1,1,2,3,1
5,136,21;10,2,1,2,4,4,1
5,136,21;10,2,1,3,4,4,1
5,136,21;10,2,2,1,2,4,1
5,136,21;10,2,2,2,4,4,1
5,136,21;10,2,2,3,4,4,1
5,136,21;10,2,3,1,4,4,1
5,136,21;10,2,3,2,4,4,1
5,136,21;10,2,3,3,4,4,1
5,136,21;10,2,4,1,4,4,1
5,136,21;10,2,4,2,4,4,1
5,136,21;10,2,4,3,4,4,1
5,136,21;10,2,5,1,4,4,1
5,136,21;10,2,5,2,4,4,1
5,136,21;10,2,5,3,4,4,1
5,137,21;11,2,0,1,1,1,1
5,137,21;11,2,0,2,2,2,1
5,137,21;11,2,0,3,3,3,1
5,137,21;11,2,1,1,1,3,1
5,137,21;11,2,1,2,2,4,1
5,137,21;11,2,1,3,3,4,1
5,137,21;11,2,2,1,3,4,1
5,137,21;11,2,2,2,4,4,1
5,137,21;11,2,2,3,4,4,1
5,137,21;11,2,3,1,4,4,1
5,137,21;11,2,3,2,4,4,1
5,137,21;11,2,3,3,4,4,1
5,137,21;11,2,4,1,4,4,1
5,137,21;11,2,4,2,4,4,1
5,137,21;11,2,4,3,4,4,1
5,137,21;11,2,5,1,4,4,1
5,137,21;11,2,5,2,4,4,1
5,137,21;11,2,5,3,4,4,1
5,138,21;12,2,0,1,1,1,1
5,138,21;12,2,0,2,2,2,1
5,138,21;12,2,0,3,3,3,1
5,138,21;12,2,1,1,2,3,1
5,138,21;12,2,1,2,4,4,1
5,138,21;12,2,1,3,4,4,1
5,138,21;12,2,2,1,3,4,1
5,138,21;12,2,2,2,4,4,1
5,138,21;12,2,2,3,4,4,1
5,138,21;12,2,3,1,4,4,1
5,138,21;12,2,3,2,4,4,1
5,138,21;12,2,3,3,4,4,1
5,138,21;12,2,4,1,4,4,1
5,138,21;12,2,4,2,4,4,1
5,138,21;12,2,4,3,4,4,1
5,138,21;12,2,5,1,4,4,1
5,138,21;12,2,5,2,4,4,1
5,138,21;12,2,5,3,4,4,1
5,139,21;13,2,0,1,1,1,1
5,139,21;13,2,0,2,2,2,1
5,139,21;13,2,0,3,3,3,1
5,139,21;13,2,1,1,2,3,1
5,139,21;13,2,1,2,4,4,1
5,139,21;13,2,1,3,4,4,1
5,139,21;13,2,2,1,3,4,1
5,139,21;13,2,2,2,4,4,1
5,139,21;13,2,2,3,4,4,1
5,139,21;13,2,3,1,4,4,1
5,139,21;13,2,3,2,4,4,1
5,139,21;13,2,3,3,4,4,1
5,139,21;13,2,4,1,4,4,1
5,139,21;13,2,4,2,4,4,1
5,139,21;13,2,4,3,4,4,1
5,139,21;13,2,5,1,4,4,1
5,139,21;13,2,5,2,4,4,1
5,139,21;13,2,5,3,4,4,1
5,140,21;14,2,0,1,1,1,1
5,140,21;14,2,0,2,2,2,1
5,140,21;14,2,0,3,3,3,1
5,140,21;14,2,1,1,1,3,1
5,140,21;14,2,1,2,2,4,1
5,140,21;14,2,1,3,3,4,1
5,140,21;14,2,2,1,3,4,1
5,140,21;14,2,2,2,4,4,1
5,140,21;14,2,2,3,4,4,1
5,140,21;14,2,3,1,4,4,1
5,140,21;14,2,3,2,4,4,1
5,140,21;14,2,3,3,4,4,1
5,140,21;14,2,4,1,4,4,1
5,140,21;14,2,4,2,4,4,1
5,140,21;14,2,4,3,4,4,1
5,140,21;14,2,5,1,4,4,1
5,140,21;14,2,5,2,4,4,1
5,140,21;14,2,5,3,4,4,1
5,141,21;15,2,0,1,1,1,1
5,141,21;15,2,0,2,2,2,1
5,141,21;15,2,0,3,3,3,1
5,141,21;15,2,1,1,1,3,1
5,141,21;15,2,1,2,2,4,1
5,141,21;15,2,1,3,3,4,1
5,141,21;15,2,2,1,3,4,1
5,141,21;15,2,2,2,4,4,1
5,141,21;15,2,2,3,4,4,1
5,141,21;15,2,3,1,4,4,1
5,141,21;15,2,3,2,4,4,1
5,141,21;15,2,3,3,4,4,1
5,141,21;15,2,4,1,4,4,1
5,141,21;15,2,4,2,4,4,1
5,141,21;15,2,4,3,4,4,1
5,141,21;15,2,5,1,4,4,1
5,141,21;15,2,5,2,4,4,1
5,141,21;15,2,5,3,4,4,1
5,142,22;1,2,0,1,1,1,1
5,142,22;1,2,0,2,2,2,1
5,142,22;1,2,0,3,3,3,1
5,142,22;1,2,1,1,2,3,1
5,142,22;1,2,1,2,4,4,1
5,142,22;1,2,1,3,4,4,1
5,142,22;1,2,2,1,3,4,1
5,142,22;1,2,2,2,4,4,1
5,142,22;1,2,2,3,4,4,1
5,142,22;1,2,3,1,4,4,1
5,142,22;1,2,3,2,4,4,1
5,142,22;1,2,3,3,4,4,1
5,142,22;1,2,4,1,4,4,1
5,142,22;1,2,4,2,4,4,1
5,142,22;1,2,4,3,4,4,1
5,142,22;1,2,5,1,4,4,1
5,142,22;1,2,5,2,4,4,1
5,142,22;1,2,5,3,4,4,1
5,143,22;8,2,0,1,1,1,1
5,143,22;8,2,0,2,2,2,1
5,143,22;8,2,0,3,3,3,1
5,143,22;8,2,1,1,2,3,1
5,143,22;8,2,1,2,4,4,1
5,143,22;8,2,1,3,4,4,1
5,143,22;8,2,2,1,3,4,1
5,143,22;8,2,2,2,4,4,1
5,143,22;8,2,2,3,4,4,1
5,143,22;8,2,3,1,4,4,1
5,143,22;8,2,3,2,4,4,1
5,143,22;8,2,3,3,4,4,1
5,143,22;8,2,4,1,4,4,1
5,143,22;8,2,4,2,4,4,1
5,143,22;8,2,4,3,4,4,1
5,143,22;8,2,5,1,4,4,1
5,143,22;8,2,5,2,4,4,1
5,143,22;8,2,5,3,4,4,1
5,144,22;9,2,0,1,1,1,1
5,144,22;9,2,0,2,2,2,1
5,144,22;9,2,0,3,3,3,1
5,144,22;9,2,1,1,2,3,1
5,144,22;9,2,1,2,4,4,1
5,144,22;9,2,1,3,4,4,1
5,144,22;9,2,2,1,2,4,1
5,144,22;9,2,2,2,4,4,1
5,144,22;9,2,2,3,4,4,1
5,144,22;9,2,3,1,4,4,1
5,144,22;9,2,3,2,4,4,1
5,144,22;9,2,3,3,4,4,1
5,144,22;9,2,4,1,4,4,1
5,144,22;9,2,4,2,4,4,1
5,144,22;9,2,4,3,4,4,1
5,144,22;9,2,5,1,4,4,1
5,144,22;9,2,5,2,4,4,1
5,144,22;9,2,5,3,4,4,1
5,145,22;10,2,0,1,1,1,1
5,145,22;10,2,0,2,2,2,1
5,145,22;10,2,0,3,3,3,1
5,145,22;10,2,1,1,2,3,1
5,145,22;10,2,1,2,4,4,1
5,145,22;10,2,1,3,4,4,1
5,145,22;10,2,2,1,3,4,1
5,145,22;10,2,2,2,4,4,1
5,145,22;10,2,2,3,4,4,1
5,145,22;10,2,3,1,4,4,1
5,145,22;10,2,3,2,4,4,1
5,145,22;10,2,3,3,4,4,1
5,145,22;10,2,4,1,4,4,1
5,145,22;10,2,4,2,4,4,1
5,145,22;10,2,4,3,4,4,1
5,145,22;10,2,5,1,4,4,1
5,145,22;10,2,5,2,4,4,1
5,145,22;10,2,5,3,4,4,1
5,146,22;11,2,0,1,1,1,1
5,146,22;11,2,0,2,2,2,1
5,146,22;11,2,0,3,3,3,1
5,146,22;11,2,1,1,1,3,1
5,146,22;11,2,1,2,2,4,1
5,146,22;11,2,1,3,3,4,1
5,146,22;11,2,2,1,3,4,1
5,146,22;11,2,2,2,4,4,1
5,146,22;11,2,2,3,4,4,1
5,146,22;11,2,3,1,4,4,1
5,146,22;11,2,3,2,4,4,1
5,146,22;11,2,3,3,4,4,1
5,146,22;11,2,4,1,4,4,1
5,146,22;11,2,4,2,4,4,1
5,146,22;11,2,4,3,4,4,1
5,146,22;11,2,5,1,4,4,1
5,146,22;11,2,5,2,4,4,1
5,146,22;11,2,5,3,4,4,1
5,147,22;12,2,0,1,1,1,1
5,147,22;12,2,0,2,2,2,1
5,147,22;12,2,0,3,3,3,1
5,147,22;12,2,1,1,2,3,1
5,147,22;12,2,1,2,4,4,1
5,147,22;12,2,1,3,4,4,1
5,147,22;12,2,2,1,3,4,1
5,147,22;12,2,2,2,4,4,1
5,147,22;12,2,2,3,4,4,1
5,147,22;12,2,3,1,4,4,1
5,147,22;12,2,3,2,4,4,1
5,147,22;12,2,3,3,4,4,1
5,147,22;12,2,4,1,4,4,1
5,147,22;12,2,4,2,4,4,1
5,147,22;12,2,4,3,4,4,1
5,147,22;12,2,5,1,4,4,1
5,147,22;12,2,5,2,4,4,1
5,147,22;12,2,5,3,4,4,1
5,148,22;13,2,0,1,1,1,1
5,148,22;13,2,0,2,2,2,1
5,148,22;13,2,0,3,3,3,1
5,148,22;13,2,1,1,1,3,1
5,148,22;13,2,1,2,2,4,1
5,148,22;13,2,1,3,3,4,1
5,148,22;13,2,2,1,3,4,1
5,148,22;13,2,2,2,4,4,1
5,148,22;13,2,2,3,4,4,1
5,148,22;13,2,3,1,4,4,1
5,148,22;13,2,3,2,4,4,1
5,148,22;13,2,3,3,4,4,1
5,148,22;13,2,4,1,4,4,1
5,148,22;13,2,4,2,4,4,1
5,148,22;13,2,4,3,4,4,1
5,148,22;13,2,5,1,4,4,1
5,148,22;13,2,5,2,4,4,1
5,148,22;13,2,5,3,4,4,1
5,149,22;14,2,0,1,1,1,1
5,149,22;14,2,0,2,2,2,1
5,149,22;14,2,0,3,3,3,1
5,149,22;14,2,1,1,2,3,1
5,149,22;14,2,1,2,4,4,1
5,149,22;14,2,1,3,4,4,1
5,149,22;14,2,2,1,3,4,1
5,149,22;14,2,2,2,4,4,1
5,149,22;14,2,2,3,4,4,1
5,149,22;14,2,3,1,4,4,1
5,149,22;14,2,3,2,4,4,1
5,149,22;14,2,3,3,4,4,1
5,149,22;14,2,4,1,4,4,1
5,149,22;14,2,4,2,4,4,1
5,149,22;14,2,4,3,4,4,1
5,149,22;14,2,5,1,4,4,1
5,149,22;14,2,5,2,4,4,1
5,149,22;14,2,5,3,4,4,1
5,150,22;15,2,0,1,1,1,1
5,150,22;15,2,0,2,2,2,1
5,150,22;15,2,0,3,3,3,1
5,150,22;15,2,1,1,1,3,1
5,150,22;15,2,1,2,2,4,1
5,150,22;15,2,1,3,3,4,1
5,150,22;15,2,2,1,3,4,1
5,150,22;15,2,2,2,4,4,1
5,150,22;15,2,2,3,4,4,1
5,150,22;15,2,3,1,4,4,1
5,150,22;15,2,3,2,4,4,1
5,150,22;15,2,3,3,4,4,1
5,150,22;15,2,4,1,4,4,1
5,150,22;15,2,4,2,4,4,1
5,150,22;15,2,4,3,4,4,1
5,150,22;15,2,5,1,4,4,1
5,150,22;15,2,5,2,4,4,1
5,150,22;15,2,5,3,4,4,1
5,151,23;8,2,0,1,1,1,1
5,151,23;8,2,0,2,2,2,1
5,151,23;8,2,0,3,3,3,1
5,151,23;8,2,1,1,2,3,1
5,151,23;8,2,1,2,4,4,1
5,151,23;8,2,1,3,4,4,1
5,151,23;8,2,2,1,2,4,1
5,151,23;8,2,2,2,4,4,1
5,151,23;8,2,2,3,4,4,1
5,151,23;8,2,3,1,4,4,1
5,151,23;8,2,3,2,4,4,1
5,151,23;8,2,3,3,4,4,1
5,151,23;8,2,4,1,4,4,1
5,151,23;8,2,4,2,4,4,1
5,151,23;8,2,4,3,4,4,1
5,151,23;8,2,5,1,4,4,1
5,151,23;8,2,5,2,4,4,1
5,151,23;8,2,5,3,4,4,1
5,152,23;9,2,0,1,1,1,1
5,152,23;9,2,0,2,2,2,1
5,152,23;9,2,0,3,3,3,1
5,152,23;9,2,1,1,2,3,1
5,152,23;9,2,1,2,4,4,1
5,152,23;9,2,1,3,4,4,1
5,152,23;9,2,2,1,3,4,1
5,152,23;9,2,2,2,4,4,1
5,152,23;9,2,2,3,4,4,1
5,152,23;9,2,3,1,4,4,1
5,152,23;9,2,3,2,4,4,1
5,152,23;9,2,3,3,4,4,1
5,152,23;9,2,4,1,4,4,1
5,152,23;9,2,4,2,4,4,1
5,152,23;9,2,4,3,4,4,1
5,152,23;9,2,5,1,4,4,1
5,152,23;9,2,5,2,4,4,1
5,152,23;9,2,5,3,4,4,1
5,153,23;10,2,0,1,1,1,1
5,153,23;10,2,0,2,2,2,1
5,153,23;10,2,0,3,3,3,1
5,153,23;10,2,1,1,2,3,1
5,153,23;10,2,1,2,4,4,1
5,153,23;10,2,1,3,4,4,1
5,153,23;10,2,2,1,3,4,1
5,153,23;10,2,2,2,4,4,1
5,153,23;10,2,2,3,4,4,1
5,153,23;10,2,3,1,4,4,1
5,153,23;10,2,3,2,4,4,1
5,153,23;10,2,3,3,4,4,1
5,153,23;10,2,4,1,4,4,1
5,153,23;10,2,4,2,4,4,1
5,153,23;10,2,4,3,4,4,1
5,153,23;10,2,5,1,4,4,1
5,153,23;10,2,5,2,4,4,1
5,153,23;10,2,5,3,4,4,1
5,154,23;11,2,0,1,1,1,1
5,154,23;11,2,0,2,2,2,1
5,154,23;11,2,0,3,3,3,1
5,154,23;11,2,1,1,1,3,1
5,154,23;11,2,1,2,2,4,1
5,154,23;11,2,1,3,3,4,1
5,154,23;11,2,2,1,3,4,1
5,154,23;11,2,2,2,4,4,1
5,154,23;11,2,2,3,4,4,1
5,154,23;11,2,3,1,4,4,1
5,154,23;11,2,3,2,4,4,1
5,154,23;11,2,3,3,4,4,1
5,154,23;11,2,4,1,4,4,1
5,154,23;11,2,4,2,4,4,1
5,154,23;11,2,4,3,4,4,1
5,154,23;11,2,5,1,4,4,1
5,154,23;11,2,5,2,4,4,1
5,154,23;11,2,5,3,4,4,1
5,155,23;12,2,0,1,1,1,1
5,155,23;12,2,0,2,2,2,1
5,155,23;12,2,0,3,3,3,1
5,155,23;12,2,1,1,2,3,1
5,155,23;12,2,1,2,4,4,1
5,155,23;12,2,1,3,4,4,1
5,155,23;12,2,2,1,3,4,1
5,155,23;12,2,2,2,4,4,1
5,155,23;12,2,2,3,4,4,1
5,155,23;12,2,3,1,4,4,1
5,155,23;12,2,3,2,4,4,1
5,155,23;12,2,3,3,4,4,1
5,155,23;12,2,4,1,4,4,1
5,155,23;12,2,4,2,4,4,1
5,155,23;12,2,4,3,4,4,1
5,155,23;12,2,5,1,4,4,1
5,155,23;12,2,5,2,4,4,1
5,155,23;12,2,5,3,4,4,1
5,156,23;13,2,0,1,1,1,1
5,156,23;13,2,0,2,2,2,1
5,156,23;13,2,0,3,3,3,1
5,156,23;13,2,1,1,1,3,1
5,156,23;13,2,1,2,2,4,1
5,156,23;13,2,1,3,3,4,1
5,156,23;13,2,2,1,3,4,1
5,156,23;13,2,2,2,4,4,1
5,156,23;13,2,2,3,4,4,1
5,156,23;13,2,3,1,4,4,1
5,156,23;13,2,3,2,4,4,1
5,156,23;13,2,3,3,4,4,1
5,156,23;13,2,4,1,4,4,1
5,156,23;13,2,4,2,4,4,1
5,156,23;13,2,4,3,4,4,1
5,156,23;13,2,5,1,4,4,1
5,156,23;13,2,5,2,4,4,1
5,156,23;13,2,5,3,4,4,1
5,157,23;14,2,0,1,1,1,1
5,157,23;14,2,0,2,2,2,1
5,157,23;14,2,0,3,3,3,1
5,157,23;14,2,1,1,1,3,1
5,157,23;14,2,1,2,2,4,1
5,157,23;14,2,1,3,3,4,1
5,157,23;14,2,2,1,3,4,1
5,157,23;14,2,2,2,4,4,1
5,157,23;14,2,2,3,4,4,1
5,157,23;14,2,3,1,4,4,1
5,157,23;14,2,3,2,4,4,1
5,157,23;14,2,3,3,4,4,1
5,157,23;14,2,4,1,4,4,1
5,157,23;14,2,4,2,4,4,1
5,157,23;14,2,4,3,4,4,1
5,157,23;14,2,5,1,4,4,1
5,157,23;14,2,5,2,4,4,1
5,157,23;14,2,5,3,4,4,1
5,158,23;15,2,0,1,1,1,1
5,158,23;15,2,0,2,2,2,1
5,158,23;15,2,0,3,3,3,1
5,158,23;15,2,1,1,2,3,1
5,158,23;15,2,1,2,4,4,1
5,158,23;15,2,1,3,4,4,1
5,158,23;15,2,2,1,3,4,1
5,158,23;15,2,2,2,4,4,1
5,158,23;15,2,2,3,4,4,1
5,158,23;15,2,3,1,4,4,1
5,158,23;15,2,3,2,4,4,1
5,158,23;15,2,3,3,4,4,1
5,158,23;15,2,4,1,4,4,1
5,158,23;15,2,4,2,4,4,1
5,158,23;15,2,4,3,4,4,1
5,158,23;15,2,5,1,4,4,1
5,158,23;15,2,5,2,4,4,1
5,158,23;15,2,5,3,4,4,1
5,159,24;1,2,0,1,1,1,1
5,159,24;1,2,0,2,2,2,1
5,159,24;1,2,0,3,3,3,1
5,159,24;1,2,1,1,2,3,1
5,159,24;1,2,1,2,4,4,1
5,159,24;1,2,1,3,4,4,1
5,159,24;1,2,2,1,4,4,1
5,159,24;1,2,2,2,4,4,1
5,159,24;1,2,2,3,4,4,1
5,159,24;1,2,3,1,4,4,1
5,159,24;1,2,3,2,4,4,1
5,159,24;1,2,3,3,4,4,1
5,159,24;1,2,4,1,4,4,1
5,159,24;1,2,4,2,4,4,1
5,159,24;1,2,4,3,4,4,1
5,159,24;1,2,5,1,4,4,1
5,159,24;1,2,5,2,4,4,1
5,159,24;1,2,5,3,4,4,1
5,160,24;2,2,0,1,1,1,1
5,160,24;2,2,0,2,2,2,1
5,160,24;2,2,0,3,3,3,1
5,160,24;2,2,1,1,2,3,1
5,160,24;2,2,1,2,4,4,1
5,160,24;2,2,1,3,4,4,1
5,160,24;2,2,2,1,4,4,1
5,160,24;2,2,2,2,4,4,1
5,160,24;2,2,2,3,4,4,1
5,160,24;2,2,3,1,4,4,1
5,160,24;2,2,3,2,4,4,1
5,160,24;2,2,3,3,4,4,1
5,160,24;2,2,4,1,4,4,1
5,160,24;2,2,4,2,4,4,1
5,160,24;2,2,4,3,4,4,1
5,160,24;2,2,5,1,4,4,1
5,160,24;2,2,5,2,4,4,1
5,160,24;2,2,5,3,4,4,1
5,161,24;3,2,0,1,1,1,1
5,161,24;3,2,0,2,2,2,1
5,161,24;3,2,0,3,3,3,1
5,161,24;3,2,1,1,2,3,1
5,161,24;3,2,1,2,4,4,1
5,161,24;3,2,1,3,4,4,1
5,161,24;3,2,2,1,4,4,1
5,161,24;3,2,2,2,4,4,1
5,161,24;3,2,2,3,4,4,1
5,161,24;3,2,3,1,4,4,1
5,161,24;3,2,3,2,4,4,1
5,161,24;3,2,3,3,4,4,1
5,161,24;3,2,4,1,4,4,1
5,161,24;3,2,4,2,4,4,1
5,161,24;3,2,4,3,4,4,1
5,161,24;3,2,5,1,4,4,1
5,161,24;3,2,5,2,4,4,1
5,161,24;3,2,5,3,4,4,1
5,162,24;4,2,0,1,1,1,1
5,162,24;4,2,0,2,2,2,1
5,162,24;4,2,0,3,3,3,1
5,162,24;4,2,1,1,2,3,1
5,162,24;4,2,1,2,4,4,1
5,162,24;4,2,1,3,4,4,1
5,162,24;4,2,2,1,4,4,1
5,162,24;4,2,2,2,4,4,1
5,162,24;4,2,2,3,4,4,1
5,162,24;4,2,3,1,4,4,1
5,162,24;4,2,3,2,4,4,1
5,162,24;4,2,3,3,4,4,1
5,162,24;4,2,4,1,4,4,1
5,162,24;4,2,4,2,4,4,1
5,162,24;4,2,4,3,4,4,1
5,162,24;4,2,5,1,4,4,1
5,162,24;4,2,5,2,4,4,1
5,162,24;4,2,5,3,4,4,1
5,163,24;5,2,0,1,1,1,1
5,163,24;5,2,0,2,2,2,1
5,163,24;5,2,0,3,3,3,1
5,163,24;5,2,1,1,2,3,1
5,163,24;5,2,1,2,4,4,1
5,163,24;5,2,1,3,4,4,1
5,163,24;5,2,2,1,4,4,1
5,163,24;5,2,2,2,4,4,1
5,163,24;5,2,2,3,4,4,1
5,163,24;5,2,3,1,4,4,1
5,163,24;5,2,3,2,4,4,1
5,163,24;5,2,3,3,4,4,1
5,163,24;5,2,4,1,4,4,1
5,163,24;5,2,4,2,4,4,1
5,163,24;5,2,4,3,4,4,1
5,163,24;5,2,5,1,4,4,1
5,163,24;5,2,5,2,4,4,1
5,163,24;5,2,5,3,4,4,1
5,164,24;6,2,0,1,1,1,1
5,164,24;6,2,0,2,2,2,1
5,164,24;6,2,0,3,3,3,1
5,164,24;6,2,1,1,2,3,1
5,164,24;6,2,1,2,4,4,1
5,164,24;6,2,1,3,4,4,1
5,164,24;6,2,2,1,4,4,1
5,164,24;6,2,2,2,4,4,1
5,164,24;6,2,2,3,4,4,1
5,164,24;6,2,3,1,4,4,1
5,164,24;6,2,3,2,4,4,1
5,164,24;6,2,3,3,4,4,1
5,164,24;6,2,4,1,4,4,1
5,164,24;6,2,4,2,4,4,1
5,164,24;6,2,4,3,4,4,1
5,164,24;6,2,5,1,4,4,1
5,164,24;6,2,5,2,4,4,1
5,164,24;6,2,5,3,4,4,1
5,165,24;7,2,0,1,1,1,1
5,165,24;7,2,0,2,2,2,1
5,165,24;7,2,0,3,3,3,1
5,165,24;7,2,1,1,2,3,1
5,165,24;7,2,1,2,4,4,1
5,165,24;7,2,1,3,4,4,1
5,165,24;7,2,2,1,2,4,1
5,165,24;7,2,2,2,4,4,1
5,165,24;7,2,2,3,4,4,1
5,165,24;7,2,3,1,4,4,1
5,165,24;7,2,3,2,4,4,1
5,165,24;7,2,3,3,4,4,1
5,165,24;7,2,4,1,4,4,1
5,165,24;7,2,4,2,4,4,1
5,165,24;7,2,4,3,4,4,1
5,165,24;7,2,5,1,4,4,1
5,165,24;7,2,5,2,4,4,1
5,165,24;7,2,5,3,4,4,1
5,166,25;2,2,0,1,1,1,1
5,166,25;2,2,0,2,2,2,1
5,166,25;2,2,0,3,3,3,1
5,166,25;2,2,1,1,2,3,1
5,166,25;2,2,1,2,4,4,1
5,166,25;2,2,1,3,4,4,1
5,166,25;2,2,2,1,3,4,1
5,166,25;2,2,2,2,4,4,1
5,166,25;2,2,2,3,4,4,1
5,166,25;2,2,3,1,4,4,1
5,166,25;2,2,3,2,4,4,1
5,166,25;2,2,3,3,4,4,1
5,166,25;2,2,4,1,4,4,1
5,166,25;2,2,4,2,4,4,1
5,166,25;2,2,4,3,4,4,1
5,166,25;2,2,5,1,4,4,1
5,166,25;2,2,5,2,4,4,1
5,166,25;2,2,5,3,4,4,1
5,167,25;3,2,0,1,1,1,1
5,167,25;3,2,0,2,2,2,1
5,167,25;3,2,0,3,3,3,1
5,167,25;3,2,1,1,2,3,1
5,167,25;3,2,1,2,4,4,1
5,167,25;3,2,1,3,4,4,1
5,167,25;3,2,2,1,3,4,1
5,167,25;3,2,2,2,4,4,1
5,167,25;3,2,2,3,4,4,1
5,167,25;3,2,3,1,4,4,1
5,167,25;3,2,3,2,4,4,1
5,167,25;3,2,3,3,4,4,1
5,167,25;3,2,4,1,4,4,1
5,167,25;3,2,4,2,4,4,1
5,167,25;3,2,4,3,4,4,1
5,167,25;3,2,5,1,4,4,1
5,167,25;3,2,5,2,4,4,1
5,167,25;3,2,5,3,4,4,1
5,168,25;4,2,0,1,1,1,1
5,168,25;4,2,0,2,2,2,1
5,168,25;4,2,0,3,3,3,1
5,168,25;4,2,1,1,2,3,1
5,168,25;4,2,1,2,4,4,1
5,168,25;4,2,1,3,4,4,1
5,168,25;4,2,2,1,3,4,1
5,168,25;4,2,2,2,4,4,1
5,168,25;4,2,2,3,4,4,1
5,168,25;4,2,3,1,4,4,1
5,168,25;4,2,3,2,4,4,1
5,168,25;4,2,3,3,4,4,1
5,168,25;4,2,4,1,4,4,1
5,168,25;4,2,4,2,4,4,1
5,168,25;4,2,4,3,4,4,1
5,168,25;4,2,5,1,4,4,1
5,168,25;4,2,5,2,4,4,1
5,168,25;4,2,5,3,4,4,1
5,169,25;5,2,0,1,1,1,1
5,169,25;5,2,0,2,2,2,1
5,169,25;5,2,0,3,3,3,1
5,169,25;5,2,1,1,2,3,1
5,169,25;5,2,1,2,4,4,1
5,169,25;5,2,1,3,4,4,1
5,169,25;5,2,2,1,3,4,1
5,169,25;5,2,2,2,4,4,1
5,169,25;5,2,2,3,4,4,1
5,169,25;5,2,3,1,4,4,1
5,169,25;5,2,3,2,4,4,1
5,169,25;5,2,3,3,4,4,1
5,169,25;5,2,4,1,4,4,1
5,169,25;5,2,4,2,4,4,1
5,169,25;5,2,4,3,4,4,1
5,169,25;5,2,5,1,4,4,1
5,169,25;5,2,5,2,4,4,1
5,169,25;5,2,5,3,4,4,1
5,170,25;6,2,0,1,1,1,1
5,170,25;6,2,0,2,2,2,1
5,170,25;6,2,0,3,3,3,1
5,170,25;6,2,1,1,2,3,1
5,170,25;6,2,1,2,4,4,1
5,170,25;6,2,1,3,4,4,1
5,170,25;6,2,2,1,2,4,1
5,170,25;6,2,2,2,4,4,1
5,170,25;6,2,2,3,4,4,1
5,170,25;6,2,3,1,4,4,1
5,170,25;6,2,3,2,4,4,1
5,170,25;6,2,3,3,4,4,1
5,170,25;6,2,4,1,4,4,1
5,170,25;6,2,4,2,4,4,1
5,170,25;6,2,4,3,4,4,1
5,170,25;6,2,5,1,4,4,1
5,170,25;6,2,5,2,4,4,1
5,170,25;6,2,5,3,4,4,1
5,171,25;7,2,0,1,1,1,1
5,171,25;7,2,0,2,2,2,1
5,171,25;7,2,0,3,3,3,1
5,171,25;7,2,1,1,1,3,1
5,171,25;7,2,1,2,2,4,1
5,171,25;7,2,1,3,3,4,1
5,171,25;7,2,2,1,3,4,1
5,171,25;7,2,2,2,4,4,1
5,171,25;7,2,2,3,4,4,1
5,171,25;7,2,3,1,4,4,1
5,171,25;7,2,3,2,4,4,1
5,171,25;7,2,3,3,4,4,1
5,171,25;7,2,4,1,4,4,1
5,171,25;7,2,4,2,4,4,1
5,171,25;7,2,4,3,4,4,1
5,171,25;7,2,5,1,4,4,1
5,171,25;7,2,5,2,4,4,1
5,171,25;7,2,5,3,4,4,1
5,172,26;1,2,0,1,1,1,1
5,172,26;1,2,0,2,2,2,1
5,172,26;1,2,0,3,3,3,1
5,172,26;1,2,1,1,2,3,1
5,172,26;1,2,1,2,4,4,1
5,172,26;1,2,1,3,4,4,1
5,172,26;1,2,2,1,3,4,1
5,172,26;1,2,2,2,4,4,1
5,172,26;1,2,2,3,4,4,1
5,172,26;1,2,3,1,4,4,1
5,172,26;1,2,3,2,4,4,1
5,172,26;1,2,3,3,4,4,1
5,172,26;1,2,4,1,4,4,1
5,172,26;1,2,4,2,4,4,1
5,172,26;1,2,4,3,4,4,1
5,172,26;1,2,5,1,4,4,1
5,172,26;1,2,5,2,4,4,1
5,172,26;1,2,5,3,4,4,1
5,173,26;4,2,0,1,1,1,1
5,173,26;4,2,0,2,2,2,1
5,173,26;4,2,0,3,3,3,1
5,173,26;4,2,1,1,2,3,1
5,173,26;4,2,1,2,4,4,1
5,173,26;4,2,1,3,4,4,1
5,173,26;4,2,2,1,3,4,1
5,173,26;4,2,2,2,4,4,1
5,173,26;4,2,2,3,4,4,1
5,173,26;4,2,3,1,4,4,1
5,173,26;4,2,3,2,4,4,1
5,173,26;4,2,3,3,4,4,1
5,173,26;4,2,4,1,4,4,1
5,173,26;4,2,4,2,4,4,1
5,173,26;4,2,4,3,4,4,1
5,173,26;4,2,5,1,4,4,1
5,173,26;4,2,5,2,4,4,1
5,173,26;4,2,5,3,4,4,1
5,174,26;5,2,0,1,1,1,1
5,174,26;5,2,0,2,2,2,1
5,174,26;5,2,0,3,3,3,1
5,174,26;5,2,1,1,2,3,1
5,174,26;5,2,1,2,4,4,1
5,174,26;5,2,1,3,4,4,1
5,174,26;5,2,2,1,2,4,1
5,174,26;5,2,2,2,4,4,1
5,174,26;5,2,2,3,4,4,1
5,174,26;5,2,3,1,4,4,1
5,174,26;5,2,3,2,4,4,1
5,174,26;5,2,3,3,4,4,1
5,174,26;5,2,4,1,4,4,1
5,174,26;5,2,4,2,4,4,1
5,174,26;5,2,4,3,4,4,1
5,174,26;5,2,5,1,4,4,1
5,174,26;5,2,5,2,4,4,1
5,174,26;5,2,5,3,4,4,1
5,175,26;6,2,0,1,1,1,1
5,175,26;6,2,0,2,2,2,1
5,175,26;6,2,0,3,3,3,1
5,175,26;6,2,1,1,2,3,1
5,175,26;6,2,1,2,4,4,1
5,175,26;6,2,1,3,4,4,1
5,175,26;6,2,2,1,3,4,1
5,175,26;6,2,2,2,4,4,1
5,175,26;6,2,2,3,4,4,1
5,175,26;6,2,3,1,4,4,1
5,175,26;6,2,3,2,4,4,1
5,175,26;6,2,3,3,4,4,1
5,175,26;6,2,4,1,4,4,1
5,175,26;6,2,4,2,4,4,1
5,175,26;6,2,4,3,4,4,1
5,175,26;6,2,5,1,4,4,1
5,175,26;6,2,5,2,4,4,1
5,175,26;6,2,5,3,4,4,1
5,176,26;7,2,0,1,1,1,1
5,176,26;7,2,0,2,2,2,1
5,176,26;7,2,0,3,3,3,1
5,176,26;7,2,1,1,1,3,1
5,176,26;7,2,1,2,2,4,1
5,176,26;7,2,1,3,3,4,1
5,176,26;7,2,2,1,3,4,1
5,176,26;7,2,2,2,4,4,1
5,176,26;7,2,2,3,4,4,1
5,176,26;7,2,3,1,4,4,1
5,176,26;7,2,3,2,4,4,1
5,176,26;7,2,3,3,4,4,1
5,176,26;7,2,4,1,4,4,1
5,176,26;7,2,4,2,4,4,1
5,176,26;7,2,4,3,4,4,1
5,176,26;7,2,5,1,4,4,1
5,176,26;7,2,5,2,4,4,1
5,176,26;7,2,5,3,4,4,1
5,177,27;4,2,0,1,1,1,1
5,177,27;4,2,0,2,2,2,1
5,177,27;4,2,0,3,3,3,1
5,177,27;4,2,1,1,2,3,1
5,177,27;4,2,1,2,4,4,1
5,177,27;4,2,1,3,4,4,1
5,177,27;4,2,2,1,2,4,1
5,177,27;4,2,2,2,4,4,1
5,177,27;4,2,2,3,4,4,1
5,177,27;4,2,3,1,4,4,1
5,177,27;4,2,3,2,4,4,1
5,177,27;4,2,3,3,4,4,1
5,177,27;4,2,4,1,4,4,1
5,177,27;4,2,4,2,4,4,1
5,177,27;4,2,4,3,4,4,1
5,177,27;4,2,5,1,4,4,1
5,177,27;4,2,5,2,4,4,1
5,177,27;4,2,5,3,4,4,1
5,178,27;5,2,0,1,1,1,1
5,178,27;5,2,0,2,2,2,1
5,178,27;5,2,0,3,3,3,1
5,178,27;5,2,1,1,2,3,1
5,178,27;5,2,1,2,4,4,1
5,178,27;5,2,1,3,4,4,1
5,178,27;5,2,2,1,3,4,1
5,178,27;5,2,2,2,4,4,1
5,178,27;5,2,2,3,4,4,1
5,178,27;5,2,3,1,4,4,1
5,178,27;5,2,3,2,4,4,1
5,178,27;5,2,3,3,4,4,1
5,178,27;5,2,4,1,4,4,1
5,178,27;5,2,4,2,4,4,1
5,178,27;5,2,4,3,4,4,1
5,178,27;5,2,5,1,4,4,1
5,178,27;5,2,5,2,4,4,1
5,178,27;5,2,5,3,4,4,1
5,179,27;6,2,0,1,1,1,1
5,179,27;6,2,0,2,2,2,1
5,179,27;6,2,0,3,3,3,1
5,179,27;6,2,1,1,2,3,1
5,179,27;6,2,1,2,4,4,1
5,179,27;6,2,1,3,4,4,1
5,179,27;6,2,2,1,3,4,1
5,179,27;6,2,2,2,4,4,1
5,179,27;6,2,2,3,4,4,1
5,179,27;6,2,3,1,4,4,1
5,179,27;6,2,3,2,4,4,1
5,179,27;6,2,3,3,4,4,1
5,179,27;6,2,4,1,4,4,1
5,179,27;6,2,4,2,4,4,1
5,179,27;6,2,4,3,4,4,1
5,179,27;6,2,5,1,4,4,1
5,179,27;6,2,5,2,4,4,1
5,179,27;6,2,5,3,4,4,1
5,180,27;7,2,0,1,1,1,1
5,180,27;7,2,0,2,2,2,1
5,180,27;7,2,0,3,3,3,1
5,180,27;7,2,1,1,1,3,1
5,180,27;7,2,1,2,2,4,1
5,180,27;7,2,1,3,3,4,1
5,180,27;7,2,2,1,3,4,1
5,180,27;7,2,2,2,4,4,1
5,180,27;7,2,2,3,4,4,1
5,180,27;7,2,3,1,4,4,1
5,180,27;7,2,3,2,4,4,1
5,180,27;7,2,3,3,4,4,1
5,180,27;7,2,4,1,4,4,1
5,180,27;7,2,4,2,4,4,1
5,180,27;7,2,4,3,4,4,1
5,180,27;7,2,5,1,4,4,1
5,180,27;7,2,5,2,4,4,1
5,180,27;7,2,5,3,4,4,1
5,181,28;1,2,0,1,1,1,1
5,181,28;1,2,0,2,2,2,1
5,181,28;1,2,0,3,3,3,1
5,181,28;1,2,1,1,2,3,1
5,181,28;1,2,1,2,4,4,1
5,181,28;1,2,1,3,4,4,1
5,181,28;1,2,2,1,3,4,1
5,181,28;1,2,2,2,4,4,1
5,181,28;1,2,2,3,4,4,1
5,181,28;1,2,3,1,4,4,1
5,181,28;1,2,3,2,4,4,1
5,181,28;1,2,3,3,4,4,1
5,181,28;1,2,4,1,4,4,1
5,181,28;1,2,4,2,4,4,1
5,181,28;1,2,4,3,4,4,1
5,181,28;1,2,5,1,4,4,1
5,181,28;1,2,5,2,4,4,1
5,181,28;1,2,5,3,4,4,1
5,182,28;2,2,0,1,1,1,1
5,182,28;2,2,0,2,2,2,1
5,182,28;2,2,0,3,3,3,1
5,182,28;2,2,1,1,2,3,1
5,182,28;2,2,1,2,4,4,1
5,182,28;2,2,1,3,4,4,1
5,182,28;2,2,2,1,3,4,1
5,182,28;2,2,2,2,4,4,1
5,182,28;2,2,2,3,4,4,1
5,182,28;2,2,3,1,4,4,1
5,182,28;2,2,3,2,4,4,1
5,182,28;2,2,3,3,4,4,1
5,182,28;2,2,4,1,4,4,1
5,182,28;2,2,4,2,4,4,1
5,182,28;2,2,4,3,4,4,1
5,182,28;2,2,5,1,4,4,1
5,182,28;2,2,5,2,4,4,1
5,182,28;2,2,5,3,4,4,1
5,183,28;3,2,0,1,1,1,1
5,183,28;3,2,0,2,2,2,1
5,183,28;3,2,0,3,3,3,1
5,183,28;3,2,1,1,2,3,1
5,183,28;3,2,1,2,4,4,1
5,183,28;3,2,1,3,4,4,1
5,183,28;3,2,2,1,2,4,1
5,183,28;3,2,2,2,4,4,1
5,183,28;3,2,2,3,4,4,1
5,183,28;3,2,3,1,4,4,1
5,183,28;3,2,3,2,4,4,1
5,183,28;3,2,3,3,4,4,1
5,183,28;3,2,4,1,4,4,1
5,183,28;3,2,4,2,4,4,1
5,183,28;3,2,4,3,4,4,1
5,183,28;3,2,5,1,4,4,1
5,183,28;3,2,5,2,4,4,1
5,183,28;3,2,5,3,4,4,1
5,184,29;2,2,0,1,1,1,1
5,184,29;2,2,0,2,2,2,1
5,184,29;2,2,0,3,3,3,1
5,184,29;2,2,1,1,2,3,1
5,184,29;2,2,1,2,4,4,1
5,184,29;2,2,1,3,4,4,1
5,184,29;2,2,2,1,2,4,1
5,184,29;2,2,2,2,4,4,1
5,184,29;2,2,2,3,4,4,1
5,184,29;2,2,3,1,4,4,1
5,184,29;2,2,3,2,4,4,1
5,184,29;2,2,3,3,4,4,1
5,184,29;2,2,4,1,4,4,1
5,184,29;2,2,4,2,4,4,1
5,184,29;2,2,4,3,4,4,1
5,184,29;2,2,5,1,4,4,1
5,184,29;2,2,5,2,4,4,1
5,184,29;2,2,5,3,4,4,1
5,185,29;3,2,0,1,1,1,1
5,185,29;3,2,0,2,2,2,1
5,185,29;3,2,0,3,3,3,1
5,185,29;3,2,1,1,2,3,1
5,185,29;3,2,1,2,4,4,1
5,185,29;3,2,1,3,4,4,1
5,185,29;3,2,2,1,3,4,1
5,185,29;3,2,2,2,4,4,1
5,185,29;3,2,2,3,4,4,1
5,185,29;3,2,3,1,4,4,1
5,185,29;3,2,3,2,4,4,1
5,185,29;3,2,3,3,4,4,1
5,185,29;3,2,4,1,4,4,1
5,185,29;3,2,4,2,4,4,1
5,185,29;3,2,4,3,4,4,1
5,185,29;3,2,5,1,4,4,1
5,185,29;3,2,5,2,4,4,1
5,185,29;3,2,5,3,4,4,1
5,186,30;1,2,0,1,1,1,1
5,186,30;1,2,0,2,2,2,1
5,186,30;1,2,0,3,3,3,1
5,186,30;1,2,1,1,2,3,1
5,186,30;1,2,1,2,4,4,1
5,186,30;1,2,1,3,4,4,1
5,186,30;1,2,2,1,2,4,1
5,186,30;1,2,2,2,4,4,1
5,186,30;1,2,2,3,4,4,1
5,186,30;1,2,3,1,4,4,1
5,186,30;1,2,3,2,4,4,1
5,186,30;1,2,3,3,4,4,1
5,186,30;1,2,4,1,4,4,1
5,186,30;1,2,4,2,4,4,1
5,186,30;1,2,4,3,4,4,1
5,186,30;1,2,5,1,4,4,1
5,186,30;1,2,5,2,4,4,1
5,186,30;1,2,5,3,4,4,1
5,187,4;2;1,3,0,1,1,1,1
5,187,4;2;1,3,0,2,2,2,1
5,187,4;2;1,3,0,3,3,3,1
5,187,4;2;1,3,1,1,4,4,1
5,187,4;2;1,3,1,2,8,8,1
5,187,4;2;1,3,1,3,8,8,1
5,187,4;2;1,3,2,1,7,7,1
5,187,4;2;1,3,2,2,8,8,1
5,187,4;2;1,3,2,3,8,8,1
5,187,4;2;1,3,3,1,8,8,1
5,187,4;2;1,3,3,2,8,8,1
5,187,4;2;1,3,3,3,8,8,1
5,187,4;2;1,3,4,1,8,8,1
5,187,4;2;1,3,4,2,8,8,1
5,187,4;2;1,3,4,3,8,8,1
5,187,4;2;1,3,5,1,8,8,1
5,187,4;2;1,3,5,2,8,8,1
5,187,4;2;1,3,5,3,8,8,1
5,188,8;2;1,3,0,1,1,1,1
5,188,8;2;1,3,0,2,2,2,1
5,188,8;2;1,3,0,3,3,3,1
5,188,8;2;1,3,1,1,4,4,1
5,188,8;2;1,3,1,2,8,8,1
5,188,8;2;1,3,1,3,8,8,1
5,188,8;2;1,3,2,1,7,7,1
5,188,8;2;1,3,2,2,8,8,1
5,188,8;2;1,3,2,3,8,8,1
5,188,8;2;1,3,3,1,8,8,1
5,188,8;2;1,3,3,2,8,8,1
5,188,8;2;1,3,3,3,8,8,1
5,188,8;2;1,3,4,1,8,8,1
5,188,8;2;1,3,4,2,8,8,1
5,188,8;2;1,3,4,3,8,8,1
5,188,8;2;1,3,5,1,8,8,1
5,188,8;2;1,3,5,2,8,8,1
5,188,8;2;1,3,5,3,8,8,1
5,189,8;4;1,3,0,1,1,1,1
5,189,8;4;1,3,0,2,2,2,1
5,189,8;4;1,3,0,3,3,3,1
5,189,8;4;1,3,1,1,4,4,1
5,189,8;4;1,3,1,2,8,8,1
5,189,8;4;1,3,1,3,8,8,1
5,189,8;4;1,3,2,1,7,7,1
5,189,8;4;1,3,2,2,8,8,1
5,189,8;4;1,3,2,3,8,8,1
5,189,8;4;1,3,3,1,8,8,1
5,189,8;4;1,3,3,2,8,8,1
5,189,8;4;1,3,3,3,8,8,1
5,189,8;4;1,3,4,1,8,8,1
5,189,8;4;1,3,4,2,8,8,1
5,189,8;4;1,3,4,3,8,8,1
5,189,8;4;1,3,5,1,8,8,1
5,189,8;4;1,3,5,2,8,8,1
5,189,8;4;1,3,5,3,8,8,1
5,190,8;4;2,3,0,1,1,1,1
5,190,8;4;2,3,0,2,2,2,1
5,190,8;4;2,3,0,3,3,3,1
5,190,8;4;2,3,1,1,4,4,1
5,190,8;4;2,3,1,2,8,8,1
5,190,8;4;2,3,1,3,8,8,1
5,190,8;4;2,3,2,1,7,7,1
5,190,8;4;2,3,2,2,8,8,1
5,190,8;4;2,3,2,3,8,8,1
5,190,8;4;2,3,3,1,8,8,1
5,190,8;4;2,3,3,2,8,8,1
5,190,8;4;2,3,3,3,8,8,1
5,190,8;4;2,3,4,1,8,8,1
5,190,8;4;2,3,4,2,8,8,1
5,190,8;4;2,3,4,3,8,8,1
5,190,8;4;2,3,5,1,8,8,1
5,190,8;4;2,3,5,2,8,8,1
5,190,8;4;2,3,5,3,8,8,1
5,191,8;4;3,3,0,1,1,1,1
5,191,8;4;3,3,0,2,2,2,1
5,191,8;4;3,3,0,3,3,3,1
5,191,8;4;3,3,1,1,3,4,1
5,191,8;4;3,3,1,2,6,8,1
5,191,8;4;3,3,1,3,8,8,1
5,191,8;4;3,3,2,1,6,7,1
5,191,8;4;3,3,2,2,8,8,1
5,191,8;4;3,3,2,3,8,8,1
5,191,8;4;3,3,3,1,8,8,1
5,191,8;4;3,3,3,2,8,8,1
5,191,8;4;3,3,3,3,8,8,1
5,191,8;4;3,3,4,1,8,8,1
5,191,8;4;3,3,4,2,8,8,1
5,191,8;4;3,3,4,3,8,8,1
5,191,8;4;3,3,5,1,8,8,1
5,191,8;4;3,3,5,2,8,8,1
5,191,8;4;3,3,5,3,8,8,1
5,192,8;5;2,3,0,1,1,1,1
5,192,8;5;2,3,0,2,2,2,1
5,192,8;5;2,3,0,3,3,3,1
5,192,8;5;2,3,1,1,3,4,1
5,192,8;5;2,3,1,2,6,8,1
5,192,8;5;2,3,1,3,8,8,1
5,192,8;5;2,3,2,1,6,7,1
5,192,8;5;2,3,2,2,8,8,1
5,192,8;5;2,3,2,3,8,8,1
5,192,8;5;2,3,3,1,8,8,1
5,192,8;5;2,3,3,2,8,8,1
5,192,8;5;2,3,3,3,8,8,1
5,192,8;5;2,3,4,1,8,8,1
5,192,8;5;2,3,4,2,8,8,1
5,192,8;5;2,3,4,3,8,8,1
5,192,8;5;2,3,5,1,8,8,1
5,192,8;5;2,3,5,2,8,8,1
5,192,8;5;2,3,5,3,8,8,1
5,193,8;5;3,3,0,1,1,1,1
5,193,8;5;3,3,0,2,2,2,1
5,193,8;5;3,3,0,3,3,3,1
5,193,8;5;3,3,1,1,3,4,1
5,193,8;5;3,3,1,2,6,8,1
5,193,8;5;3,3,1,3,8,8,1
5,193,8;5;3,3,2,1,6,7,1
5,193,8;5;3,3,2,2,8,8,1
5,193,8;5;3,3,2,3,8,8,1
5,193,8;5;3,3,3,1,8,8,1
5,193,8;5;3,3,3,2,8,8,1
5,193,8;5;3,3,3,3,8,8,1
5,193,8;5;3,3,4,1,8,8,1
5,193,8;5;3,3,4,2,8,8,1
5,193,8;5;3,3,4,3,8,8,1
5,193,8;5;3,3,5,1,8,8,1
5,193,8;5;3,3,5,2,8,8,1
5,193,8;5;3,3,5,3,8,8,1
5,194,8;6;1,3,0,1,1,1,1
5,194,8;6;1,3,0,2,2,2,1
5,194,8;6;1,3,0,3,3,3,1
5,194,8;6;1,3,1,1,3,4,1
5,194,8;6;1,3,1,2,6,8,1
5,194,8;6;1,3,1,3,8,8,1
5,194,8;6;1,3,2,1,6,7,1
5,194,8;6;1,3,2,2,8,8,1
5,194,8;6;1,3,2,3,8,8,1
5,194,8;6;1,3,3,1,8,8,1
5,194,8;6;1,3,3,2,8,8,1
5,194,8;6;1,3,3,3,8,8,1
5,194,8;6;1,3,4,1,8,8,1
5,194,8;6;1,3,4,2,8,8,1
5,194,8;6;1,3,4,3,8,8,1
5,194,8;6;1,3,5,1,8,8,1
5,194,8;6;1,3,5,2,8,8,1
5,194,8;6;1,3,5,3,8,8,1
5,195,9;4;2,3,0,1,1,1,1
5,195,9;4;2,3,0,2,2,2,1
5,195,9;4;2,3,0,3,3,3,1
5,195,9;4;2,3,1,1,3,4,1
5,195,9;4;2,3,1,2,6,8,1
5,195,9;4;2,3,1,3,8,8,1
5,195,9;4;2,3,2,1,6,7,1
5,195,9;4;2,3,2,2,8,8,1
5,195,9;4;2,3,2,3,8,8,1
5,195,9;4;2,3,3,1,8,8,1
5,195,9;4;2,3,3,2,8,8,1
5,195,9;4;2,3,3,3,8,8,1
5,195,9;4;2,3,4,1,8,8,1
5,195,9;4;2,3,4,2,8,8,1
5,195,9;4;2,3,4,3,8,8,1
5,195,9;4;2,3,5,1,8,8,1
5,195,9;4;2,3,5,2,8,8,1
5,195,9;4;2,3,5,3,8,8,1
5,196,9;4;3,3,0,1,1,1,1
5,196,9;4;3,3,0,2,2,2,1
5,196,9;4;3,3,0,3,3,3,1
5,196,9;4;3,3,1,1,3,4,1
5,196,9;4;3,3,1,2,6,8,1
5,196,9;4;3,3,1,3,8,8,1
5,196,9;4;3,3,2,1,6,7,1
5,196,9;4;3,3,2,2,8,8,1
5,196,9;4;3,3,2,3,8,8,1
5,196,9;4;3,3,3,1,8,8,1
5,196,9;4;3,3,3,2,8,8,1
5,196,9;4;3,3,3,3,8,8,1
5,196,9;4;3,3,4,1,8,8,1
5,196,9;4;3,3,4,2,8,8,1
5,196,9;4;3,3,4,3,8,8,1
5,196,9;4;3,3,5,1,8,8,1
5,196,9;4;3,3,5,2,8,8,1
5,196,9;4;3,3,5,3,8,8,1
5,197,9;5;2,3,0,1,1,1,1
5,197,9;5;2,3,0,2,2,2,1
5,197,9;5;2,3,0,3,3,3,1
5,197,9;5;2,3,1,1,3,4,1
5,197,9;5;2,3,1,2,6,8,1
5,197,9;5;2,3,1,3,8,8,1
5,197,9;5;2,3,2,1,6,7,1
5,197,9;5;2,3,2,2,8,8,1
5,197,9;5;2,3,2,3,8,8,1
5,197,9;5;2,3,3,1,8,8,1
5,197,9;5;2,3,3,2,8,8,1
5,197,9;5;2,3,3,3,8,8,1
5,197,9;5;2,3,4,1,8,8,1
5,197,9;5;2,3,4,2,8,8,1
5,197,9;5;2,3,4,3,8,8,1
5,197,9;5;2,3,5,1,8,8,1
5,197,9;5;2,3,5,2,8,8,1
5,197,9;5;2,3,5,3,8,8,1
5,198,9;5;3,3,0,1,1,1,1
5,198,9;5;3,3,0,2,2,2,1
5,198,9;5;3,3,0,3,3,3,1
5,198,9;5;3,3,1,1,4,4,1
5,198,9;5;3,3,1,2,8,8,1
5,198,9;5;3,3,1,3,8,8,1
5,198,9;5;3,3,2,1,7,7,1
5,198,9;5;3,3,2,2,8,8,1
5,198,9;5;3,3,2,3,8,8,1
5,198,9;5;3,3,3,1,8,8,1
5,198,9;5;3,3,3,2,8,8,1
5,198,9;5;3,3,3,3,8,8,1
5,198,9;5;3,3,4,1,8,8,1
5,198,9;5;3,3,4,2,8,8,1
5,198,9;5;3,3,4,3,8,8,1
5,198,9;5;3,3,5,1,8,8,1
5,198,9;5;3,3,5,2,8,8,1
5,198,9;5;3,3,5,3,8,8,1
5,199,10;4;1,3,0,1,1,1,1
5,199,10;4;1,3,0,2,2,2,1
5,199,10;4;1,3,0,3,3,3,1
5,199,10;4;1,3,1,1,3,4,1
5,199,10;4;1,3,1,2,6,8,1
5,199,10;4;1,3,1,3,8,8,1
5,199,10;4;1,3,2,1,6,7,1
5,199,10;4;1,3,2,2,8,8,1
5,199,10;4;1,3,2,3,8,8,1
5,199,10;4;1,3,3,1,8,8,1
5,199,10;4;1,3,3,2,8,8,1
5,199,10;4;1,3,3,3,8,8,1
5,199,10;4;1,3,4,1,8,8,1
5,199,10;4;1,3,4,2,8,8,1
5,199,10;4;1,3,4,3,8,8,1
5,199,10;4;1,3,5,1,8,8,1
5,199,10;4;1,3,5,2,8,8,1
5,199,10;4;1,3,5,3,8,8,1
5,200,10;6;1,3,0,1,1,1,1
5,200,10;6;1,3,0,2,2,2,1
5,200,10;6;1,3,0,3,3,3,1
5,200,10;6;1,3,1,1,3,4,1
5,200,10;6;1,3,1,2,6,8,1
5,200,10;6;1,3,1,3,8,8,1
5,200,10;6;1,3,2,1,6,7,1
5,200,10;6;1,3,2,2,8,8,1
5,200,10;6;1,3,2,3,8,8,1
5,200,10;6;1,3,3,1,8,8,1
5,200,10;6;1,3,3,2,8,8,1
5,200,10;6;1,3,3,3,8,8,1
5,200,10;6;1,3,4,1,8,8,1
5,200,10;6;1,3,4,2,8,8,1
5,200,10;6;1,3,4,3,8,8,1
5,200,10;6;1,3,5,1,8,8,1
5,200,10;6;1,3,5,2,8,8,1
5,200,10;6;1,3,5,3,8,8,1
5,201,12;2;1,3,0,1,1,1,1
5,201,12;2;1,3,0,2,2,2,1
5,201,12;2;1,3,0,3,3,3,1
5,201,12;2;1,3,1,1,3,4,1
5,201,12;2;1,3,1,2,6,8,1
5,201,12;2;1,3,1,3,8,8,1
5,201,12;2;1,3,2,1,6,7,1
5,201,12;2;1,3,2,2,8,8,1
5,201,12;2;1,3,2,3,8,8,1
5,201,12;2;1,3,3,1,8,8,1
5,201,12;2;1,3,3,2,8,8,1
5,201,12;2;1,3,3,3,8,8,1
5,201,12;2;1,3,4,1,8,8,1
5,201,12;2;1,3,4,2,8,8,1
5,201,12;2;1,3,4,3,8,8,1
5,201,12;2;1,3,5,1,8,8,1
5,201,12;2;1,3,5,2,8,8,1
5,201,12;2;1,3,5,3,8,8,1
5,202,16;2;1,3,0,1,1,1,1
5,202,16;2;1,3,0,2,2,2,1
5,202,16;2;1,3,0,3,3,3,1
5,202,16;2;1,3,1,1,4,4,1
5,202,16;2;1,3,1,2,8,8,1
5,202,16;2;1,3,1,3,8,8,1
5,202,16;2;1,3,2,1,7,7,1
5,202,16;2;1,3,2,2,8,8,1
5,202,16;2;1,3,2,3,8,8,1
5,202,16;2;1,3,3,1,8,8,1
5,202,16;2;1,3,3,2,8,8,1
5,202,16;2;1,3,3,3,8,8,1
5,202,16;2;1,3,4,1,8,8,1
5,202,16;2;1,3,4,2,8,8,1
5,202,16;2;1,3,4,3,8,8,1
5,202,16;2;1,3,5,1,8,8,1
5,202,16;2;1,3,5,2,8,8,1
5,202,16;2;1,3,5,3,8,8,1
5,203,16;4;1,3,0,1,1,1,1
5,203,16;4;1,3,0,2,2,2,1
5,203,16;4;1,3,0,3,3,3,1
5,203,16;4;1,3,1,1,4,4,1
5,203,16;4;1,3,1,2,8,8,1
5,203,16;4;1,3,1,3,8,8,1
5,203,16;4;1,3,2,1,7,7,1
5,203,16;4;1,3,2,2,8,8,1
5,203,16;4;1,3,2,3,8,8,1
5,203,16;4;1,3,3,1,8,8,1
5,203,16;4;1,3,3,2,8,8,1
5,203,16;4;1,3,3,3,8,8,1
5,203,16;4;1,3,4,1,8,8,1
5,203,16;4;1,3,4,2,8,8,1
5,203,16;4;1,3,4,3,8,8,1
5,203,16;4;1,3,5,1,8,8,1
5,203,16;4;1,3,5,2,8,8,1
5,203,16;4;1,3,5,3,8,8,1
5,204,16;4;2,3,0,1,1,1,1
5,204,16;4;2,3,0,2,2,2,1
5,204,16;4;2,3,0,3,3,3,1
5,204,16;4;2,3,1,1,4,4,1
5,204,16;4;2,3,1,2,8,8,1
5,204,16;4;2,3,1,3,8,8,1
5,204,16;4;2,3,2,1,7,7,1
5,204,16;4;2,3,2,2,8,8,1
5,204,16;4;2,3,2,3,8,8,1
5,204,16;4;2,3,3,1,8,8,1
5,204,16;4;2,3,3,2,8,8,1
5,204,16;4;2,3,3,3,8,8,1
5,204,16;4;2,3,4,1,8,8,1
5,204,16;4;2,3,4,2,8,8,1
5,204,16;4;2,3,4,3,8,8,1
5,204,16;4;2,3,5,1,8,8,1
5,204,16;4;2,3,5,2,8,8,1
5,204,16;4;2,3,5,3,8,8,1
5,205,16;4;3,3,0,1,1,1,1
5,205,16;4;3,3,0,2,2,2,1
5,205,16;4;3,3,0,3,3,3,1
5,205,16;4;3,3,1,1,3,4,1
5,205,16;4;3,3,1,2,6,8,1
5,205,16;4;3,3,1,3,8,8,1
5,205,16;4;3,3,2,1,6,7,1
5,205,16;4;3,3,2,2,8,8,1
5,205,16;4;3,3,2,3,8,8,1
5,205,16;4;3,3,3,1,8,8,1
5,205,16;4;3,3,3,2,8,8,1
5,205,16;4;3,3,3,3,8,8,1
5,205,16;4;3,3,4,1,8,8,1
5,205,16;4;3,3,4,2,8,8,1
5,205,16;4;3,3,4,3,8,8,1
5,205,16;4;3,3,5,1,8,8,1
5,205,16;4;3,3,5,2,8,8,1
5,205,16;4;3,3,5,3,8,8,1
5,206,16;5;2,3,0,1,1,1,1
5,206,16;5;2,3,0,2,2,2,1
5,206,16;5;2,3,0,3,3,3,1
5,206,16;5;2,3,1,1,3,4,1
5,206,16;5;2,3,1,2,6,8,1
5,206,16;5;2,3,1,3,8,8,1
5,206,16;5;2,3,2,1,6,7,1
5,206,16;5;2,3,2,2,8,8,1
5,206,16;5;2,3,2,3,8,8,1
5,206,16;5;2,3,3,1,8,8,1
5,206,16;5;2,3,3,2,8,8,1
5,206,16;5;2,3,3,3,8,8,1
5,206,16;5;2,3,4,1,8,8,1
5,206,16;5;2,3,4,2,8,8,1
5,206,16;5;2,3,4,3,8,8,1
5,206,16;5;2,3,5,1,8,8,1
5,206,16;5;2,3,5,2,8,8,1
5,206,16;5;2,3,5,3,8,8,1
5,207,16;5;3,3,0,1,1,1,1
5,207,16;5;3,3,0,2,2,2,1
5,207,16;5;3,3,0,3,3,3,1
5,207,16;5;3,3,1,1,3,4,1
5,207,16;5;3,3,1,2,6,8,1
5,207,16;5;3,3,1,3,8,8,1
5,207,16;5;3,3,2,1,6,7,1
5,207,16;5;3,3,2,2,8,8,1
5,207,16;5;3,3,2,3,8,8,1
5,207,16;5;3,3,3,1,8,8,1
5,207,16;5;3,3,3,2,8,8,1
5,207,16;5;3,3,3,3,8,8,1
5,207,16;5;3,3,4,1,8,8,1
5,207,16;5;3,3,4,2,8,8,1
5,207,16;5;3,3,4,3,8,8,1
5,207,16;5;3,3,5,1,8,8,1
5,207,16;5;3,3,5,2,8,8,1
5,207,16;5;3,3,5,3,8,8,1
5,208,16;6;1,3,0,1,1,1,1
5,208,16;6;1,3,0,2,2,2,1
5,208,16;6;1,3,0,3,3,3,1
5,208,16;6;1,3,1,1,3,4,1
5,208,16;6;1,3,1,2,6,8,1
5,208,16;6;1,3,1,3,8,8,1
5,208,16;6;1,3,2,1,6,7,1
5,208,16;6;1,3,2,2,8,8,1
5,208,16;6;1,3,2,3,8,8,1
5,208,16;6;1,3,3,1,8,8,1
5,208,16;6;1,3,3,2,8,8,1
5,208,16;6;1,3,3,3,8,8,1
5,208,16;6;1,3,4,1,8,8,1
5,208,16;6;1,3,4,2,8,8,1
5,208,16;6;1,3,4,3,8,8,1
5,208,16;6;1,3,5,1,8,8,1
5,208,16;6;1,3,5,2,8,8,1
5,208,16;6;1,3,5,3,8,8,1
5,209,16;8;1,3,0,1,1,1,1
5,209,16;8;1,3,0,2,2,2,1
5,209,16;8;1,3,0,3,3,3,1
5,209,16;8;1,3,1,1,4,4,1
5,209,16;8;1,3,1,2,8,8,1
5,209,16;8;1,3,1,3,8,8,1
5,209,16;8;1,3,2,1,7,7,1
5,209,16;8;1,3,2,2,8,8,1
5,209,16;8;1,3,2,3,8,8,1
5,209,16;8;1,3,3,1,8,8,1
5,209,16;8;1,3,3,2,8,8,1
5,209,16;8;1,3,3,3,8,8,1
5,209,16;8;1,3,4,1,8,8,1
5,209,16;8;1,3,4,2,8,8,1
5,209,16;8;1,3,4,3,8,8,1
5,209,16;8;1,3,5,1,8,8,1
5,209,16;8;1,3,5,2,8,8,1
5,209,16;8;1,3,5,3,8,8,1
5,210,16;8;2,3,0,1,1,1,1
5,210,16;8;2,3,0,2,2,2,1
5,210,16;8;2,3,0,3,3,3,1
5,210,16;8;2,3,1,1,4,4,1
5,210,16;8;2,3,1,2,8,8,1
5,210,16;8;2,3,1,3,8,8,1
5,210,16;8;2,3,2,1,7,7,1
5,210,16;8;2,3,2,2,8,8,1
5,210,16;8;2,3,2,3,8,8,1
5,210,16;8;2,3,3,1,8,8,1
5,210,16;8;2,3,3,2,8,8,1
5,210,16;8;2,3,3,3,8,8,1
5,210,16;8;2,3,4,1,8,8,1
5,210,16;8;2,3,4,2,8,8,1
5,210,16;8;2,3,4,3,8,8,1
5,210,16;8;2,3,5,1,8,8,1
5,210,16;8;2,3,5,2,8,8,1
5,210,16;8;2,3,5,3,8,8,1
5,211,16;8;3,3,0,1,1,1,1
5,211,16;8;3,3,0,2,2,2,1
5,211,16;8;3,3,0,3,3,3,1
5,211,16;8;3,3,1,1,3,4,1
5,211,16;8;3,3,1,2,6,8,1
5,211,16;8;3,3,1,3,8,8,1
5,211,16;8;3,3,2,1,6,7,1
5,211,16;8;3,3,2,2,8,8,1
5,211,16;8;3,3,2,3,8,8,1
5,211,16;8;3,3,3,1,8,8,1
5,211,16;8;3,3,3,2,8,8,1
5,211,16;8;3,3,3,3,8,8,1
5,211,16;8;3,3,4,1,8,8,1
5,211,16;8;3,3,4,2,8,8,1
5,211,16;8;3,3,4,3,8,8,1
5,211,16;8;3,3,5,1,8,8,1
5,211,16;8;3,3,5,2,8,8,1
5,211,16;8;3,3,5,3,8,8,1
5,212,16;8;4,3,0,1,1,1,1
5,212,16;8;4,3,0,2,2,2,1
5,212,16;8;4,3,0,3,3,3,1
5,212,16;8;4,3,1,1,4,4,1
5,212,16;8;4,3,1,2,8,8,1
5,212,16;8;4,3,1,3,8,8,1
5,212,16;8;4,3,2,1,7,7,1
5,212,16;8;4,3,2,2,8,8,1
5,212,16;8;4,3,2,3,8,8,1
5,212,16;8;4,3,3,1,8,8,1
5,212,16;8;4,3,3,2,8,8,1
5,212,16;8;4,3,3,3,8,8,1
5,212,16;8;4,3,4,1,8,8,1
5,212,16;8;4,3,4,2,8,8,1
5,212,16;8;4,3,4,3,8,8,1
5,212,16;8;4,3,5,1,8,8,1
5,212,16;8;4,3,5,2,8,8,1
5,212,16;8;4,3,5,3,8,8,1
5,213,16;8;5,3,0,1,1,1,1
5,213,16;8;5,3,0,2,2,2,1
5,213,16;8;5,3,0,3,3,3,1
5,213,16;8;5,3,1,1,3,4,1
5,213,16;8;5,3,1,2,6,8,1
5,213,16;8;5,3,1,3,8,8,1
5,213,16;8;5,3,2,1,6,7,1
5,213,16;8;5,3,2,2,8,8,1
5,213,16;8;5,3,2,3,8,8,1
5,213,16;8;5,3,3,1,8,8,1
5,213,16;8;5,3,3,2,8,8,1
5,213,16;8;5,3,3,3,8,8,1
5,213,16;8;5,3,4,1,8,8,1
5,213,16;8;5,3,4,2,8,8,1
5,213,16;8;5,3,4,3,8,8,1
5,213,16;8;5,3,5,1,8,8,1
5,213,16;8;5,3,5,2,8,8,1
5,213,16;8;5,3,5,3,8,8,1
5,214,16;8;6,3,0,1,1,1,1
5,214,16;8;6,3,0,2,2,2,1
5,214,16;8;6,3,0,3,3,3,1
5,214,16;8;6,3,1,1,3,4,1
5,214,16;8;6,3,1,2,6,8,1
5,214,16;8;6,3,1,3,8,8,1
5,214,16;8;6,3,2,1,6,7,1
5,214,16;8;6,3,2,2,8,8,1
5,214,16;8;6,3,2,3,8,8,1
5,214,16;8;6,3,3,1,8,8,1
5,214,16;8;6,3,3,2,8,8,1
5,214,16;8;6,3,3,3,8,8,1
5,214,16;8;6,3,4,1,8,8,1
5,214,16;8;6,3,4,2,8,8,1
5,214,16;8;6,3,4,3,8,8,1
5,214,16;8;6,3,5,1,8,8,1
5,214,16;8;6,3,5,2,8,8,1
5,214,16;8;6,3,5,3,8,8,1
5,215,16;8;7,3,0,1,1,1,1
5,215,16;8;7,3,0,2,2,2,1
5,215,16;8;7,3,0,3,3,3,1
5,215,16;8;7,3,1,1,3,4,1
5,215,16;8;7,3,1,2,6,8,1
5,215,16;8;7,3,1,3,7,8,1
5,215,16;8;7,3,2,1,4,7,1
5,215,16;8;7,3,2,2,8,8,1
5,215,16;8;7,3,2,3,8,8,1
5,215,16;8;7,3,3,1,7,8,1
5,215,16;8;7,3,3,2,8,8,1
5,215,16;8;7,3,3,3,8,8,1
5,215,16;8;7,3,4,1,8,8,1
5,215,16;8;7,3,4,2,8,8,1
5,215,16;8;7,3,4,3,8,8,1
5,215,16;8;7,3,5,1,8,8,1
5,215,16;8;7,3,5,2,8,8,1
5,215,16;8;7,3,5,3,8,8,1
5,216,16;9;2,3,0,1,1,1,1
5,216,16;9;2,3,0,2,2,2,1
5,216,16;9;2,3,0,3,3,3,1
5,216,16;9;2,3,1,1,3,4,1
5,216,16;9;2,3,1,2,6,8,1
5,216,16;9;2,3,1,3,8,8,1
5,216,16;9;2,3,2,1,6,7,1
5,216,16;9;2,3,2,2,8,8,1
5,216,16;9;2,3,2,3,8,8,1
5,216,16;9;2,3,3,1,8,8,1
5,216,16;9;2,3,3,2,8,8,1
5,216,16;9;2,3,3,3,8,8,1
5,216,16;9;2,3,4,1,8,8,1
5,216,16;9;2,3,4,2,8,8,1
5,216,16;9;2,3,4,3,8,8,1
5,216,16;9;2,3,5,1,8,8,1
5,216,16;9;2,3,5,2,8,8,1
5,216,16;9;2,3,5,3,8,8,1
5,217,16;9;3,3,0,1,1,1,1
5,217,16;9;3,3,0,2,2,2,1
5,217,16;9;3,3,0,3,3,3,1
5,217,16;9;3,3,1,1,3,4,1
5,217,16;9;3,3,1,2,6,8,1
5,217,16;9;3,3,1,3,8,8,1
5,217,16;9;3,3,2,1,6,7,1
5,217,16;9;3,3,2,2,8,8,1
5,217,16;9;3,3,2,3,8,8,1
5,217,16;9;3,3,3,1,8,8,1
5,217,16;9;3,3,3,2,8,8,1
5,217,16;9;3,3,3,3,8,8,1
5,217,16;9;3,3,4,1,8,8,1
5,217,16;9;3,3,4,2,8,8,1
5,217,16;9;3,3,4,3,8,8,1
5,217,16;9;3,3,5,1,8,8,1
5,217,16;9;3,3,5,2,8,8,1
5,217,16;9;3,3,5,3,8,8,1
5,218,16;9;4,3,0,1,1,1,1
5,218,16;9;4,3,0,2,2,2,1
5,218,16;9;4,3,0,3,3,3,1
5,218,16;9;4,3,1,1,3,4,1
5,218,16;9;4,3,1,2,6,8,1
5,218,16;9;4,3,1,3,8,8,1
5,218,16;9;4,3,2,1,6,7,1
5,218,16;9;4,3,2,2,8,8,1
5,218,16;9;4,3,2,3,8,8,1
5,218,16;9;4,3,3,1,8,8,1
5,218,16;9;4,3,3,2,8,8,1
5,218,16;9;4,3,3,3,8,8,1
5,218,16;9;4,3,4,1,8,8,1
5,218,16;9;4,3,4,2,8,8,1
5,218,16;9;4,3,4,3,8,8,1
5,218,16;9;4,3,5,1,8,8,1
5,218,16;9;4,3,5,2,8,8,1
5,218,16;9;4,3,5,3,8,8,1
5,219,16;9;5,3,0,1,1,1,1
5,219,16;9;5,3,0,2,2,2,1
5,219,16;9;5,3,0,3,3,3,1
5,219,16;9;5,3,1,1,3,4,1
5,219,16;9;5,3,1,2,6,8,1
5,219,16;9;5,3,1,3,8,8,1
5,219,16;9;5,3,2,1,6,7,1
5,219,16;9;5,3,2,2,8,8,1
5,219,16;9;5,3,2,3,8,8,1
5,219,16;9;5,3,3,1,8,8,1
5,219,16;9;5,3,3,2,8,8,1
5,219,16;9;5,3,3,3,8,8,1
5,219,16;9;5,3,4,1,8,8,1
5,219,16;9;5,3,4,2,8,8,1
5,219,16;9;5,3,4,3,8,8,1
5,219,16;9;5,3,5,1,8,8,1
5,219,16;9;5,3,5,2,8,8,1
5,219,16;9;5,3,5,3,8,8,1
5,220,16;9;6,3,0,1,1,1,1
5,220,16;9;6,3,0,2,2,2,1
5,220,16;9;6,3,0,3,3,3,1
5,220,16;9;6,3,1,1,2,4,1
5,220,16;9;6,3,1,2,4,8,1
5,220,16;9;6,3,1,3,6,8,1
5,220,16;9;6,3,2,1,4,7,1
5,220,16;9;6,3,2,2,8,8,1
5,220,16;9;6,3,2,3,8,8,1
5,220,16;9;6,3,3,1,8,8,1
5,220,16;9;6,3,3,2,8,8,1
5,220,16;9;6,3,3,3,8,8,1
5,220,16;9;6,3,4,1,8,8,1
5,220,16;9;6,3,4,2,8,8,1
5,220,16;9;6,3,4,3,8,8,1
5,220,16;9;6,3,5,1,8,8,1
5,220,16;9;6,3,5,2,8,8,1
5,220,16;9;6,3,5,3,8,8,1
5,221,16;9;7,3,0,1,1,1,1
5,221,16;9;7,3,0,2,2,2,1
5,221,16;9;7,3,0,3,3,3,1
5,221,16;9;7,3,1,1,2,4,1
5,221,16;9;7,3,1,2,4,8,1
5,221,16;9;7,3,1,3,6,8,1
5,221,16;9;7,3,2,1,5,7,1
5,221,16;9;7,3,2,2,8,8,1
5,221,16;9;7,3,2,3,8,8,1
5,221,16;9;7,3,3,1,7,8,1
5,221,16;9;7,3,3,2,8,8,1
5,221,16;9;7,3,3,3,8,8,1
5,221,16;9;7,3,4,1,8,8,1
5,221,16;9;7,3,4,2,8,8,1
5,221,16;9;7,3,4,3,8,8,1
5,221,16;9;7,3,5,1,8,8,1
5,221,16;9;7,3,5,2,8,8,1
5,221,16;9;7,3,5,3,8,8,1
5,222,16;10;1,3,0,1,1,1,1
5,222,16;10;1,3,0,2,2,2,1
5,222,16;10;1,3,0,3,3,3,1
5,222,16;10;1,3,1,1,3,4,1
5,222,16;10;1,3,1,2,6,8,1
5,222,16;10;1,3,1,3,8,8,1
5,222,16;10;1,3,2,1,6,7,1
5,222,16;10;1,3,2,2,8,8,1
5,222,16;10;1,3,2,3,8,8,1
5,222,16;10;1,3,3,1,8,8,1
5,222,16;10;1,3,3,2,8,8,1
5,222,16;10;1,3,3,3,8,8,1
5,222,16;10;1,3,4,1,8,8,1
5,222,16;10;1,3,4,2,8,8,1
5,222,16;10;1,3,4,3,8,8,1
5,222,16;10;1,3,5,1,8,8,1
5,222,16;10;1,3,5,2,8,8,1
5,222,16;10;1,3,5,3,8,8,1
5,223,16;10;4,3,0,1,1,1,1
5,223,16;10;4,3,0,2,2,2,1
5,223,16;10;4,3,0,3,3,3,1
5,223,16;10;4,3,1,1,3,4,1
5,223,16;10;4,3,1,2,6,8,1
5,223,16;10;4,3,1,3,8,8,1
5,223,16;10;4,3,2,1,6,7,1
5,223,16;10;4,3,2,2,8,8,1
5,223,16;10;4,3,2,3,8,8,1
5,223,16;10;4,3,3,1,8,8,1
5,223,16;10;4,3,3,2,8,8,1
5,223,16;10;4,3,3,3,8,8,1
5,223,16;10;4,3,4,1,8,8,1
5,223,16;10;4,3,4,2,8,8,1
5,223,16;10;4,3,4,3,8,8,1
5,223,16;10;4,3,5,1,8,8,1
5,223,16;10;4,3,5,2,8,8,1
5,223,16;10;4,3,5,3,8,8,1
5,224,16;10;5,3,0,1,1,1,1
5,224,16;10;5,3,0,2,2,2,1
5,224,16;10;5,3,0,3,3,3,1
5,224,16;10;5,3,1,1,2,4,1
5,224,16;10;5,3,1,2,4,8,1
5,224,16;10;5,3,1,3,6,8,1
5,224,16;10;5,3,2,1,4,7,1
5,224,16;10;5,3,2,2,8,8,1
5,224,16;10;5,3,2,3,8,8,1
5,224,16;10;5,3,3,1,8,8,1
5,224,16;10;5,3,3,2,8,8,1
5,224,16;10;5,3,3,3,8,8,1
5,224,16;10;5,3,4,1,8,8,1
5,224,16;10;5,3,4,2,8,8,1
5,224,16;10;5,3,4,3,8,8,1
5,224,16;10;5,3,5,1,8,8,1
5,224,16;10;5,3,5,2,8,8,1
5,224,16;10;5,3,5,3,8,8,1
5,225,16;10;6,3,0,1,1,1,1
5,225,16;10;6,3,0,2,2,2,1
5,225,16;10;6,3,0,3,3,3,1
5,225,16;10;6,3,1,1,3,4,1
5,225,16;10;6,3,1,2,6,8,1
5,225,16;10;6,3,1,3,8,8,1
5,225,16;10;6,3,2,1,6,7,1
5,225,16;10;6,3,2,2,8,8,1
5,225,16;10;6,3,2,3,8,8,1
5,225,16;10;6,3,3,1,8,8,1
5,225,16;10;6,3,3,2,8,8,1
5,225,16;10;6,3,3,3,8,8,1
5,225,16;10;6,3,4,1,8,8,1
5,225,16;10;6,3,4,2,8,8,1
5,225,16;10;6,3,4,3,8,8,1
5,225,16;10;6,3,5,1,8,8,1
5,225,16;10;6,3,5,2,8,8,1
5,225,16;10;6,3,5,3,8,8,1
5,226,16;10;7,3,0,1,1,1,1
5,226,16;10;7,3,0,2,2,2,1
5,226,16;10;7,3,0,3,3,3,1
5,226,16;10;7,3,1,1,2,4,1
5,226,16;10;7,3,1,2,4,8,1
5,226,16;10;7,3,1,3,6,8,1
5,226,16;10;7,3,2,1,5,7,1
5,226,16;10;7,3,2,2,8,8,1
5,226,16;10;7,3,2,3,8,8,1
5,226,16;10;7,3,3,1,7,8,1
5,226,16;10;7,3,3,2,8,8,1
5,226,16;10;7,3,3,3,8,8,1
5,226,16;10;7,3,4,1,8,8,1
5,226,16;10;7,3,4,2,8,8,1
5,226,16;10;7,3,4,3,8,8,1
5,226,16;10;7,3,5,1,8,8,1
5,226,16;10;7,3,5,2,8,8,1
5,226,16;10;7,3,5,3,8,8,1
5,227,16;11;4,3,0,1,1,1,1
5,227,16;11;4,3,0,2,2,2,1
5,227,16;11;4,3,0,3,3,3,1
5,227,16;11;4,3,1,1,3,4,1
5,227,16;11;4,3,1,2,6,8,1
5,227,16;11;4,3,1,3,7,8,1
5,227,16;11;4,3,2,1,4,7,1
5,227,16;11;4,3,2,2,8,8,1
5,227,16;11;4,3,2,3,8,8,1
5,227,16;11;4,3,3,1,7,8,1
5,227,16;11;4,3,3,2,8,8,1
5,227,16;11;4,3,3,3,8,8,1
5,227,16;11;4,3,4,1,8,8,1
5,227,16;11;4,3,4,2,8,8,1
5,227,16;11;4,3,4,3,8,8,1
5,227,16;11;4,3,5,1,8,8,1
5,227,16;11;4,3,5,2,8,8,1
5,227,16;11;4,3,5,3,8,8,1
5,228,16;11;5,3,0,1,1,1,1
5,228,16;11;5,3,0,2,2,2,1
5,228,16;11;5,3,0,3,3,3,1
5,228,16;11;5,3,1,1,2,4,1
5,228,16;11;5,3,1,2,4,8,1
5,228,16;11;5,3,1,3,6,8,1
5,228,16;11;5,3,2,1,5,7,1
5,228,16;11;5,3,2,2,8,8,1
5,228,16;11;5,3,2,3,8,8,1
5,228,16;11;5,3,3,1,7,8,1
5,228,16;11;5,3,3,2,8,8,1
5,228,16;11;5,3,3,3,8,8,1
5,228,16;11;5,3,4,1,8,8,1
5,228,16;11;5,3,4,2,8,8,1
5,228,16;11;5,3,4,3,8,8,1
5,228,16;11;5,3,5,1,8,8,1
5,228,16;11;5,3,5,2,8,8,1
5,228,16;11;5,3,5,3,8,8,1
5,229,16;11;6,3,0,1,1,1,1
5,229,16;11;6,3,0,2,2,2,1
5,229,16;11;6,3,0,3,3,3,1
5,229,16;11;6,3,1,1,2,4,1
5,229,16;11;6,3,1,2,4,8,1
5,229,16;11;6,3,1,3,6,8,1
5,229,16;11;6,3,2,1,5,7,1
5,229,16;11;6,3,2,2,8,8,1
5,229,16;11;6,3,2,3,8,8,1
5,229,16;11;6,3,3,1,7,8,1
5,229,16;11;6,3,3,2,8,8,1
5,229,16;11;6,3,3,3,8,8,1
5,229,16;11;6,3,4,1,8,8,1
5,229,16;11;6,3,4,2,8,8,1
5,229,16;11;6,3,4,3,8,8,1
5,229,16;11;6,3,5,1,8,8,1
5,229,16;11;6,3,5,2,8,8,1
5,229,16;11;6,3,5,3,8,8,1
5,230,16;11;7,3,0,1,1,1,1
5,230,16;11;7,3,0,2,2,2,1
5,230,16;11;7,3,0,3,3,3,1
5,230,16;11;7,3,1,1,2,4,1
5,230,16;11;7,3,1,2,4,8,1
5,230,16;11;7,3,1,3,6,8,1
5,230,16;11;7,3,2,1,5,7,1
5,230,16;11;7,3,2,2,8,8,1
5,230,16;11;7,3,2,3,8,8,1
5,230,16;11;7,3,3,1,7,8,1
5,230,16;11;7,3,3,2,8,8,1
5,230,16;11;7,3,3,3,8,8,1
5,230,16;11;7,3,4,1,8,8,1
5,230,16;11;7,3,4,2,8,8,1
5,230,16;11;7,3,4,3,8,8,1
5,230,16;11;7,3,5,1,8,8,1
5,230,16;11;7,3,5,2,8,8,1
5,230,16;11;7,3,5,3,8,8,1
5,231,16;12;1,3,0,1,1,1,1
5,231,16;12;1,3,0,2,2,2,1
5,231,16;12;1,3,0,3,3,3,1
5,231,16;12;1,3,1,1,3,4,1
5,231,16;12;1,3,1,2,6,8,1
5,231,16;12;1,3,1,3,8,8,1
5,231,16;12;1,3,2,1,6,7,1
5,231,16;12;1,3,2,2,8,8,1
5,231,16;12;1,3,2,3,8,8,1
5,231,16;12;1,3,3,1,8,8,1
5,231,16;12;1,3,3,2,8,8,1
5,231,16;12;1,3,3,3,8,8,1
5,231,16;12;1,3,4,1,8,8,1
5,231,16;12;1,3,4,2,8,8,1
5,231,16;12;1,3,4,3,8,8,1
5,231,16;12;1,3,5,1,8,8,1
5,231,16;12;1,3,5,2,8,8,1
5,231,16;12;1,3,5,3,8,8,1
5,232,16;12;2,3,0,1,1,1,1
5,232,16;12;2,3,0,2,2,2,1
5,232,16;12;2,3,0,3,3,3,1
5,232,16;12;2,3,1,1,3,4,1
5,232,16;12;2,3,1,2,6,8,1
5,232,16;12;2,3,1,3,8,8,1
5,232,16;12;2,3,2,1,6,7,1
5,232,16;12;2,3,2,2,8,8,1
5,232,16;12;2,3,2,3,8,8,1
5,232,16;12;2,3,3,1,8,8,1
5,232,16;12;2,3,3,2,8,8,1
5,232,16;12;2,3,3,3,8,8,1
5,232,16;12;2,3,4,1,8,8,1
5,232,16;12;2,3,4,2,8,8,1
5,232,16;12;2,3,4,3,8,8,1
5,232,16;12;2,3,5,1,8,8,1
5,232,16;12;2,3,5,2,8,8,1
5,232,16;12;2,3,5,3,8,8,1
5,233,16;12;3,3,0,1,1,1,1
5,233,16;12;3,3,0,2,2,2,1
5,233,16;12;3,3,0,3,3,3,1
5,233,16;12;3,3,1,1,2,4,1
5,233,16;12;3,3,1,2,4,8,1
5,233,16;12;3,3,1,3,6,8,1
5,233,16;12;3,3,2,1,4,7,1
5,233,16;12;3,3,2,2,8,8,1
5,233,16;12;3,3,2,3,8,8,1
5,233,16;12;3,3,3,1,8,8,1
5,233,16;12;3,3,3,2,8,8,1
5,233,16;12;3,3,3,3,8,8,1
5,233,16;12;3,3,4,1,8,8,1
5,233,16;12;3,3,4,2,8,8,1
5,233,16;12;3,3,4,3,8,8,1
5,233,16;12;3,3,5,1,8,8,1
5,233,16;12;3,3,5,2,8,8,1
5,233,16;12;3,3,5,3,8,8,1
5,234,16;13;2,3,0,1,1,1,1
5,234,16;13;2,3,0,2,2,2,1
5,234,16;13;2,3,0,3,3,3,1
5,234,16;13;2,3,1,1,3,4,1
5,234,16;13;2,3,1,2,6,8,1
5,234,16;13;2,3,1,3,7,8,1
5,234,16;13;2,3,2,1,4,7,1
5,234,16;13;2,3,2,2,8,8,1
5,234,16;13;2,3,2,3,8,8,1
5,234,16;13;2,3,3,1,7,8,1
5,234,16;13;2,3,3,2,8,8,1
5,234,16;13;2,3,3,3,8,8,1
5,234,16;13;2,3,4,1,8,8,1
5,234,16;13;2,3,4,2,8,8,1
5,234,16;13;2,3,4,3,8,8,1
5,234,16;13;2,3,5,1,8,8,1
5,234,16;13;2,3,5,2,8,8,1
5,234,16;13;2,3,5,3,8,8,1
5,235,16;13;3,3,0,1,1,1,1
5,235,16;13;3,3,0,2,2,2,1
5,235,16;13;3,3,0,3,3,3,1
5,235,16;13;3,3,1,1,2,4,1
5,235,16;13;3,3,1,2,4,8,1
5,235,16;13;3,3,1,3,6,8,1
5,235,16;13;3,3,2,1,5,7,1
5,235,16;13;3,3,2,2,8,8,1
5,235,16;13;3,3,2,3,8,8,1
5,235,16;13;3,3,3,1,7,8,1
5,235,16;13;3,3,3,2,8,8,1
5,235,16;13;3,3,3,3,8,8,1
5,235,16;13;3,3,4,1,8,8,1
5,235,16;13;3,3,4,2,8,8,1
5,235,16;13;3,3,4,3,8,8,1
5,235,16;13;3,3,5,1,8,8,1
5,235,16;13;3,3,5,2,8,8,1
5,235,16;13;3,3,5,3,8,8,1
5,236,16;14;1,3,0,1,1,1,1
5,236,16;14;1,3,0,2,2,2,1
5,236,16;14;1,3,0,3,3,3,1
5,236,16;14;1,3,1,1,3,4,1
5,236,16;14;1,3,1,2,6,8,1
5,236,16;14;1,3,1,3,7,8,1
5,236,16;14;1,3,2,1,4,7,1
5,236,16;14;1,3,2,2,8,8,1
5,236,16;14;1,3,2,3,8,8,1
5,236,16;14;1,3,3,1,7,8,1
5,236,16;14;1,3,3,2,8,8,1
5,236,16;14;1,3,3,3,8,8,1
5,236,16;14;1,3,4,1,8,8,1
5,236,16;14;1,3,4,2,8,8,1
5,236,16;14;1,3,4,3,8,8,1
5,236,16;14;1,3,5,1,8,8,1
5,236,16;14;1,3,5,2,8,8,1
5,236,16;14;1,3,5,3,8,8,1
5,237,17;4;2,3,0,1,1,1,1
5,237,17;4;2,3,0,2,2,2,1
5,237,17;4;2,3,0,3,3,3,1
5,237,17;4;2,3,1,1,3,4,1
5,237,17;4;2,3,1,2,6,8,1
5,237,17;4;2,3,1,3,8,8,1
5,237,17;4;2,3,2,1,6,7,1
5,237,17;4;2,3,2,2,8,8,1
5,237,17;4;2,3,2,3,8,8,1
5,237,17;4;2,3,3,1,8,8,1
5,237,17;4;2,3,3,2,8,8,1
5,237,17;4;2,3,3,3,8,8,1
5,237,17;4;2,3,4,1,8,8,1
5,237,17;4;2,3,4,2,8,8,1
5,237,17;4;2,3,4,3,8,8,1
5,237,17;4;2,3,5,1,8,8,1
5,237,17;4;2,3,5,2,8,8,1
5,237,17;4;2,3,5,3,8,8,1
5,238,17;4;3,3,0,1,1,1,1
5,238,17;4;3,3,0,2,2,2,1
5,238,17;4;3,3,0,3,3,3,1
5,238,17;4;3,3,1,1,3,4,1
5,238,17;4;3,3,1,2,6,8,1
5,238,17;4;3,3,1,3,8,8,1
5,238,17;4;3,3,2,1,6,7,1
5,238,17;4;3,3,2,2,8,8,1
5,238,17;4;3,3,2,3,8,8,1
5,238,17;4;3,3,3,1,8,8,1
5,238,17;4;3,3,3,2,8,8,1
5,238,17;4;3,3,3,3,8,8,1
5,238,17;4;3,3,4,1,8,8,1
5,238,17;4;3,3,4,2,8,8,1
5,238,17;4;3,3,4,3,8,8,1
5,238,17;4;3,3,5,1,8,8,1
5,238,17;4;3,3,5,2,8,8,1
5,238,17;4;3,3,5,3,8,8,1
5,239,17;5;2,3,0,1,1,1,1
5,239,17;5;2,3,0,2,2,2,1
5,239,17;5;2,3,0,3,3,3,1
5,239,17;5;2,3,1,1,3,4,1
5,239,17;5;2,3,1,2,6,8,1
5,239,17;5;2,3,1,3,8,8,1
5,239,17;5;2,3,2,1,6,7,1
5,239,17;5;2,3,2,2,8,8,1
5,239,17;5;2,3,2,3,8,8,1
5,239,17;5;2,3,3,1,8,8,1
5,239,17;5;2,3,3,2,8,8,1
5,239,17;5;2,3,3,3,8,8,1
5,239,17;5;2,3,4,1,8,8,1
5,239,17;5;2,3,4,2,8,8,1
5,239,17;5;2,3,4,3,8,8,1
5,239,17;5;2,3,5,1,8,8,1
5,239,17;5;2,3,5,2,8,8,1
5,239,17;5;2,3,5,3,8,8,1
5,240,17;5;3,3,0,1,1,1,1
5,240,17;5;3,3,0,2,2,2,1
5,240,17;5;3,3,0,3,3,3,1
5,240,17;5;3,3,1,1,4,4,1
5,240,17;5;3,3,1,2,8,8,1
5,240,17;5;3,3,1,3,8,8,1
5,240,17;5;3,3,2,1,7,7,1
5,240,17;5;3,3,2,2,8,8,1
5,240,17;5;3,3,2,3,8,8,1
5,240,17;5;3,3,3,1,8,8,1
5,240,17;5;3,3,3,2,8,8,1
5,240,17;5;3,3,3,3,8,8,1
5,240,17;5;3,3,4,1,8,8,1
5,240,17;5;3,3,4,2,8,8,1
5,240,17;5;3,3,4,3,8,8,1
5,240,17;5;3,3,5,1,8,8,1
5,240,17;5;3,3,5,2,8,8,1
5,240,17;5;3,3,5,3,8,8,1
5,241,17;8;2,3,0,1,1,1,1
5,241,17;8;2,3,0,2,2,2,1
5,241,17;8;2,3,0,3,3,3,1
5,241,17;8;2,3,1,1,3,4,1
5,241,17;8;2,3,1,2,6,8,1
5,241,17;8;2,3,1,3,8,8,1
5,241,17;8;2,3,2,1,6,7,1
5,241,17;8;2,3,2,2,8,8,1
5,241,17;8;2,3,2,3,8,8,1
5,241,17;8;2,3,3,1,8,8,1
5,241,17;8;2,3,3,2,8,8,1
5,241,17;8;2,3,3,3,8,8,1
5,241,17;8;2,3,4,1,8,8,1
5,241,17;8;2,3,4,2,8,8,1
5,241,17;8;2,3,4,3,8,8,1
5,241,17;8;2,3,5,1,8,8,1
5,241,17;8;2,3,5,2,8,8,1
5,241,17;8;2,3,5,3,8,8,1
5,242,17;8;3,3,0,1,1,1,1
5,242,17;8;3,3,0,2,2,2,1
5,242,17;8;3,3,0,3,3,3,1
5,242,17;8;3,3,1,1,3,4,1
5,242,17;8;3,3,1,2,6,8,1
5,242,17;8;3,3,1,3,8,8,1
5,242,17;8;3,3,2,1,6,7,1
5,242,17;8;3,3,2,2,8,8,1
5,242,17;8;3,3,2,3,8,8,1
5,242,17;8;3,3,3,1,8,8,1
5,242,17;8;3,3,3,2,8,8,1
5,242,17;8;3,3,3,3,8,8,1
5,242,17;8;3,3,4,1,8,8,1
5,242,17;8;3,3,4,2,8,8,1
5,242,17;8;3,3,4,3,8,8,1
5,242,17;8;3,3,5,1,8,8,1
5,242,17;8;3,3,5,2,8,8,1
5,242,17;8;3,3,5,3,8,8,1
5,243,17;8;4,3,0,1,1,1,1
5,243,17;8;4,3,0,2,2,2,1
5,243,17;8;4,3,0,3,3,3,1
5,243,17;8;4,3,1,1,3,4,1
5,243,17;8;4,3,1,2,6,8,1
5,243,17;8;4,3,1,3,8,8,1
5,243,17;8;4,3,2,1,6,7,1
5,243,17;8;4,3,2,2,8,8,1
5,243,17;8;4,3,2,3,8,8,1
5,243,17;8;4,3,3,1,8,8,1
5,243,17;8;4,3,3,2,8,8,1
5,243,17;8;4,3,3,3,8,8,1
5,243,17;8;4,3,4,1,8,8,1
5,243,17;8;4,3,4,2,8,8,1
5,243,17;8;4,3,4,3,8,8,1
5,243,17;8;4,3,5,1,8,8,1
5,243,17;8;4,3,5,2,8,8,1
5,243,17;8;4,3,5,3,8,8,1
5,244,17;8;5,3,0,1,1,1,1
5,244,17;8;5,3,0,2,2,2,1
5,244,17;8;5,3,0,3,3,3,1
5,244,17;8;5,3,1,1,3,4,1
5,244,17;8;5,3,1,2,6,8,1
5,244,17;8;5,3,1,3,8,8,1
5,244,17;8;5,3,2,1,6,7,1
5,244,17;8;5,3,2,2,8,8,1
5,244,17;8;5,3,2,3,8,8,1
5,244,17;8;5,3,3,1,8,8,1
5,244,17;8;5,3,3,2,8,8,1
5,244,17;8;5,3,3,3,8,8,1
5,244,17;8;5,3,4,1,8,8,1
5,244,17;8;5,3,4,2,8,8,1
5,244,17;8;5,3,4,3,8,8,1
5,244,17;8;5,3,5,1,8,8,1
5,244,17;8;5,3,5,2,8,8,1
5,244,17;8;5,3,5,3,8,8,1
5,245,17;8;6,3,0,1,1,1,1
5,245,17;8;6,3,0,2,2,2,1
5,245,17;8;6,3,0,3,3,3,1
5,245,17;8;6,3,1,1,2,4,1
5,245,17;8;6,3,1,2,4,8,1
5,245,17;8;6,3,1,3,6,8,1
5,245,17;8;6,3,2,1,4,7,1
5,245,17;8;6,3,2,2,8,8,1
5,245,17;8;6,3,2,3,8,8,1
5,245,17;8;6,3,3,1,8,8,1
5,245,17;8;6,3,3,2,8,8,1
5,245,17;8;6,3,3,3,8,8,1
5,245,17;8;6,3,4,1,8,8,1
5,245,17;8;6,3,4,2,8,8,1
5,245,17;8;6,3,4,3,8,8,1
5,245,17;8;6,3,5,1,8,8,1
5,245,17;8;6,3,5,2,8,8,1
5,245,17;8;6,3,5,3,8,8,1
5,246,17;8;7,3,0,1,1,1,1
5,246,17;8;7,3,0,2,2,2,1
5,246,17;8;7,3,0,3,3,3,1
5,246,17;8;7,3,1,1,2,4,1
5,246,17;8;7,3,1,2,4,8,1
5,246,17;8;7,3,1,3,6,8,1
5,246,17;8;7,3,2,1,5,7,1
5,246,17;8;7,3,2,2,8,8,1
5,246,17;8;7,3,2,3,8,8,1
5,246,17;8;7,3,3,1,7,8,1
5,246,17;8;7,3,3,2,8,8,1
5,246,17;8;7,3,3,3,8,8,1
5,246,17;8;7,3,4,1,8,8,1
5,246,17;8;7,3,4,2,8,8,1
5,246,17;8;7,3,4,3,8,8,1
5,246,17;8;7,3,5,1,8,8,1
5,246,17;8;7,3,5,2,8,8,1
5,246,17;8;7,3,5,3,8,8,1
5,247,17;9;2,3,0,1,1,1,1
5,247,17;9;2,3,0,2,2,2,1
5,247,17;9;2,3,0,3,3,3,1
5,247,17;9;2,3,1,1,3,4,1
5,247,17;9;2,3,1,2,6,8,1
5,247,17;9;2,3,1,3,8,8,1
5,247,17;9;2,3,2,1,6,7,1
5,247,17;9;2,3,2,2,8,8,1
5,247,17;9;2,3,2,3,8,8,1
5,247,17;9;2,3,3,1,8,8,1
5,247,17;9;2,3,3,2,8,8,1
5,247,17;9;2,3,3,3,8,8,1
5,247,17;9;2,3,4,1,8,8,1
5,247,17;9;2,3,4,2,8,8,1
5,247,17;9;2,3,4,3,8,8,1
5,247,17;9;2,3,5,1,8,8,1
5,247,17;9;2,3,5,2,8,8,1
5,247,17;9;2,3,5,3,8,8,1
5,248,17;9;3,3,0,1,1,1,1
5,248,17;9;3,3,0,2,2,2,1
5,248,17;9;3,3,0,3,3,3,1
5,248,17;9;3,3,1,1,4,4,1
5,248,17;9;3,3,1,2,8,8,1
5,248,17;9;3,3,1,3,8,8,1
5,248,17;9;3,3,2,1,7,7,1
5,248,17;9;3,3,2,2,8,8,1
5,248,17;9;3,3,2,3,8,8,1
5,248,17;9;3,3,3,1,8,8,1
5,248,17;9;3,3,3,2,8,8,1
5,248,17;9;3,3,3,3,8,8,1
5,248,17;9;3,3,4,1,8,8,1
5,248,17;9;3,3,4,2,8,8,1
5,248,17;9;3,3,4,3,8,8,1
5,248,17;9;3,3,5,1,8,8,1
5,248,17;9;3,3,5,2,8,8,1
5,248,17;9;3,3,5,3,8,8,1
5,249,17;9;4,3,0,1,1,1,1
5,249,17;9;4,3,0,2,2,2,1
5,249,17;9;4,3,0,3,3,3,1
5,249,17;9;4,3,1,1,3,4,1
5,249,17;9;4,3,1,2,6,8,1
5,249,17;9;4,3,1,3,8,8,1
5,249,17;9;4,3,2,1,6,7,1
5,249,17;9;4,3,2,2,8,8,1
5,249,17;9;4,3,2,3,8,8,1
5,249,17;9;4,3,3,1,8,8,1
5,249,17;9;4,3,3,2,8,8,1
5,249,17;9;4,3,3,3,8,8,1
5,249,17;9;4,3,4,1,8,8,1
5,249,17;9;4,3,4,2,8,8,1
5,249,17;9;4,3,4,3,8,8,1
5,249,17;9;4,3,5,1,8,8,1
5,249,17;9;4,3,5,2,8,8,1
5,249,17;9;4,3,5,3,8,8,1
5,250,17;9;5,3,0,1,1,1,1
5,250,17;9;5,3,0,2,2,2,1
5,250,17;9;5,3,0,3,3,3,1
5,250,17;9;5,3,1,1,4,4,1
5,250,17;9;5,3,1,2,8,8,1
5,250,17;9;5,3,1,3,8,8,1
5,250,17;9;5,3,2,1,7,7,1
5,250,17;9;5,3,2,2,8,8,1
5,250,17;9;5,3,2,3,8,8,1
5,250,17;9;5,3,3,1,8,8,1
5,250,17;9;5,3,3,2,8,8,1
5,250,17;9;5,3,3,3,8,8,1
5,250,17;9;5,3,4,1,8,8,1
5,250,17;9;5,3,4,2,8,8,1
5,250,17;9;5,3,4,3,8,8,1
5,250,17;9;5,3,5,1,8,8,1
5,250,17;9;5,3,5,2,8,8,1
5,250,17;9;5,3,5,3,8,8,1
5,251,17;9;6,3,0,1,1,1,1
5,251,17;9;6,3,0,2,2,2,1
5,251,17;9;6,3,0,3,3,3,1
5,251,17;9;6,3,1,1,3,4,1
5,251,17;9;6,3,1,2,6,8,1
5,251,17;9;6,3,1,3,8,8,1
5,251,17;9;6,3,2,1,6,7,1
5,251,17;9;6,3,2,2,8,8,1
5,251,17;9;6,3,2,3,8,8,1
5,251,17;9;6,3,3,1,8,8,1
5,251,17;9;6,3,3,2,8,8,1
5,251,17;9;6,3,3,3,8,8,1
5,251,17;9;6,3,4,1,8,8,1
5,251,17;9;6,3,4,2,8,8,1
5,251,17;9;6,3,4,3,8,8,1
5,251,17;9;6,3,5,1,8,8,1
5,251,17;9;6,3,5,2,8,8,1
5,251,17;9;6,3,5,3,8,8,1
5,252,17;9;7,3,0,1,1,1,1
5,252,17;9;7,3,0,2,2,2,1
5,252,17;9;7,3,0,3,3,3,1
5,252,17;9;7,3,1,1,3,4,1
5,252,17;9;7,3,1,2,6,8,1
5,252,17;9;7,3,1,3,7,8,1
5,252,17;9;7,3,2,1,4,7,1
5,252,17;9;7,3,2,2,8,8,1
5,252,17;9;7,3,2,3,8,8,1
5,252,17;9;7,3,3,1,7,8,1
5,252,17;9;7,3,3,2,8,8,1
5,252,17;9;7,3,3,3,8,8,1
5,252,17;9;7,3,4,1,8,8,1
5,252,17;9;7,3,4,2,8,8,1
5,252,17;9;7,3,4,3,8,8,1
5,252,17;9;7,3,5,1,8,8,1
5,252,17;9;7,3,5,2,8,8,1
5,252,17;9;7,3,5,3,8,8,1
5,253,17;10;4,3,0,1,1,1,1
5,253,17;10;4,3,0,2,2,2,1
5,253,17;10;4,3,0,3,3,3,1
5,253,17;10;4,3,1,1,2,4,1
5,253,17;10;4,3,1,2,4,8,1
5,253,17;10;4,3,1,3,6,8,1
5,253,17;10;4,3,2,1,4,7,1
5,253,17;10;4,3,2,2,8,8,1
5,253,17;10;4,3,2,3,8,8,1
5,253,17;10;4,3,3,1,8,8,1
5,253,17;10;4,3,3,2,8,8,1
5,253,17;10;4,3,3,3,8,8,1
5,253,17;10;4,3,4,1,8,8,1
5,253,17;10;4,3,4,2,8,8,1
5,253,17;10;4,3,4,3,8,8,1
5,253,17;10;4,3,5,1,8,8,1
5,253,17;10;4,3,5,2,8,8,1
5,253,17;10;4,3,5,3,8,8,1
5,254,17;10;5,3,0,1,1,1,1
5,254,17;10;5,3,0,2,2,2,1
5,254,17;10;5,3,0,3,3,3,1
5,254,17;10;5,3,1,1,3,4,1
5,254,17;10;5,3,1,2,6,8,1
5,254,17;10;5,3,1,3,8,8,1
5,254,17;10;5,3,2,1,6,7,1
5,254,17;10;5,3,2,2,8,8,1
5,254,17;10;5,3,2,3,8,8,1
5,254,17;10;5,3,3,1,8,8,1
5,254,17;10;5,3,3,2,8,8,1
5,254,17;10;5,3,3,3,8,8,1
5,254,17;10;5,3,4,1,8,8,1
5,254,17;10;5,3,4,2,8,8,1
5,254,17;10;5,3,4,3,8,8,1
5,254,17;10;5,3,5,1,8,8,1
5,254,17;10;5,3,5,2,8,8,1
5,254,17;10;5,3,5,3,8,8,1
5,255,17;10;6,3,0,1,1,1,1
5,255,17;10;6,3,0,2,2,2,1
5,255,17;10;6,3,0,3,3,3,1
5,255,17;10;6,3,1,1,3,4,1
5,255,17;10;6,3,1,2,6,8,1
5,255,17;10;6,3,1,3,8,8,1
5,255,17;10;6,3,2,1,6,7,1
5,255,17;10;6,3,2,2,8,8,1
5,255,17;10;6,3,2,3,8,8,1
5,255,17;10;6,3,3,1,8,8,1
5,255,17;10;6,3,3,2,8,8,1
5,255,17;10;6,3,3,3,8,8,1
5,255,17;10;6,3,4,1,8,8,1
5,255,17;10;6,3,4,2,8,8,1
5,255,17;10;6,3,4,3,8,8,1
5,255,17;10;6,3,5,1,8,8,1
5,255,17;10;6,3,5,2,8,8,1
5,255,17;10;6,3,5,3,8,8,1
5,256,17;10;7,3,0,1,1,1,1
5,256,17;10;7,3,0,2,2,2,1
5,256,17;10;7,3,0,3,3,3,1
5,256,17;10;7,3,1,1,2,4,1
5,256,17;10;7,3,1,2,4,8,1
5,256,17;10;7,3,1,3,6,8,1
5,256,17;10;7,3,2,1,5,7,1
5,256,17;10;7,3,2,2,8,8,1
5,256,17;10;7,3,2,3,8,8,1
5,256,17;10;7,3,3,1,7,8,1
5,256,17;10;7,3,3,2,8,8,1
5,256,17;10;7,3,3,3,8,8,1
5,256,17;10;7,3,4,1,8,8,1
5,256,17;10;7,3,4,2,8,8,1
5,256,17;10;7,3,4,3,8,8,1
5,256,17;10;7,3,5,1,8,8,1
5,256,17;10;7,3,5,2,8,8,1
5,256,17;10;7,3,5,3,8,8,1
5,257,17;11;4,3,0,1,1,1,1
5,257,17;11;4,3,0,2,2,2,1
5,257,17;11;4,3,0,3,3,3,1
5,257,17;11;4,3,1,1,2,4,1
5,257,17;11;4,3,1,2,4,8,1
5,257,17;11;4,3,1,3,6,8,1
5,257,17;11;4,3,2,1,5,7,1
5,257,17;11;4,3,2,2,8,8,1
5,257,17;11;4,3,2,3,8,8,1
5,257,17;11;4,3,3,1,7,8,1
5,257,17;11;4,3,3,2,8,8,1
5,257,17;11;4,3,3,3,8,8,1
5,257,17;11;4,3,4,1,8,8,1
5,257,17;11;4,3,4,2,8,8,1
5,257,17;11;4,3,4,3,8,8,1
5,257,17;11;4,3,5,1,8,8,1
5,257,17;11;4,3,5,2,8,8,1
5,257,17;11;4,3,5,3,8,8,1
5,258,17;11;5,3,0,1,1,1,1
5,258,17;11;5,3,0,2,2,2,1
5,258,17;11;5,3,0,3,3,3,1
5,258,17;11;5,3,1,1,3,4,1
5,258,17;11;5,3,1,2,6,8,1
5,258,17;11;5,3,1,3,7,8,1
5,258,17;11;5,3,2,1,4,7,1
5,258,17;11;5,3,2,2,8,8,1
5,258,17;11;5,3,2,3,8,8,1
5,258,17;11;5,3,3,1,7,8,1
5,258,17;11;5,3,3,2,8,8,1
5,258,17;11;5,3,3,3,8,8,1
5,258,17;11;5,3,4,1,8,8,1
5,258,17;11;5,3,4,2,8,8,1
5,258,17;11;5,3,4,3,8,8,1
5,258,17;11;5,3,5,1,8,8,1
5,258,17;11;5,3,5,2,8,8,1
5,258,17;11;5,3,5,3,8,8,1
5,259,17;11;6,3,0,1,1,1,1
5,259,17;11;6,3,0,2,2,2,1
5,259,17;11;6,3,0,3,3,3,1
5,259,17;11;6,3,1,1,2,4,1
5,259,17;11;6,3,1,2,4,8,1
5,259,17;11;6,3,1,3,6,8,1
5,259,17;11;6,3,2,1,5,7,1
5,259,17;11;6,3,2,2,8,8,1
5,259,17;11;6,3,2,3,8,8,1
5,259,17;11;6,3,3,1,7,8,1
5,259,17;11;6,3,3,2,8,8,1
5,259,17;11;6,3,3,3,8,8,1
5,259,17;11;6,3,4,1,8,8,1
5,259,17;11;6,3,4,2,8,8,1
5,259,17;11;6,3,4,3,8,8,1
5,259,17;11;6,3,5,1,8,8,1
5,259,17;11;6,3,5,2,8,8,1
5,259,17;11;6,3,5,3,8,8,1
5,260,17;11;7,3,0,1,1,1,1
5,260,17;11;7,3,0,2,2,2,1
5,260,17;11;7,3,0,3,3,3,1
5,260,17;11;7,3,1,1,2,4,1
5,260,17;11;7,3,1,2,4,8,1
5,260,17;11;7,3,1,3,6,8,1
5,260,17;11;7,3,2,1,5,7,1
5,260,17;11;7,3,2,2,8,8,1
5,260,17;11;7,3,2,3,8,8,1
5,260,17;11;7,3,3,1,7,8,1
5,260,17;11;7,3,3,2,8,8,1
5,260,17;11;7,3,3,3,8,8,1
5,260,17;11;7,3,4,1,8,8,1
5,260,17;11;7,3,4,2,8,8,1
5,260,17;11;7,3,4,3,8,8,1
5,260,17;11;7,3,5,1,8,8,1
5,260,17;11;7,3,5,2,8,8,1
5,260,17;11;7,3,5,3,8,8,1
5,261,17;12;2,3,0,1,1,1,1
5,261,17;12;2,3,0,2,2,2,1
5,261,17;12;2,3,0,3,3,3,1
5,261,17;12;2,3,1,1,2,4,1
5,261,17;12;2,3,1,2,4,8,1
5,261,17;12;2,3,1,3,6,8,1
5,261,17;12;2,3,2,1,4,7,1
5,261,17;12;2,3,2,2,8,8,1
5,261,17;12;2,3,2,3,8,8,1
5,261,17;12;2,3,3,1,8,8,1
5,261,17;12;2,3,3,2,8,8,1
5,261,17;12;2,3,3,3,8,8,1
5,261,17;12;2,3,4,1,8,8,1
5,261,17;12;2,3,4,2,8,8,1
5,261,17;12;2,3,4,3,8,8,1
5,261,17;12;2,3,5,1,8,8,1
5,261,17;12;2,3,5,2,8,8,1
5,261,17;12;2,3,5,3,8,8,1
5,262,17;12;3,3,0,1,1,1,1
5,262,17;12;3,3,0,2,2,2,1
5,262,17;12;3,3,0,3,3,3,1
5,262,17;12;3,3,1,1,3,4,1
5,262,17;12;3,3,1,2,6,8,1
5,262,17;12;3,3,1,3,8,8,1
5,262,17;12;3,3,2,1,6,7,1
5,262,17;12;3,3,2,2,8,8,1
5,262,17;12;3,3,2,3,8,8,1
5,262,17;12;3,3,3,1,8,8,1
5,262,17;12;3,3,3,2,8,8,1
5,262,17;12;3,3,3,3,8,8,1
5,262,17;12;3,3,4,1,8,8,1
5,262,17;12;3,3,4,2,8,8,1
5,262,17;12;3,3,4,3,8,8,1
5,262,17;12;3,3,5,1,8,8,1
5,262,17;12;3,3,5,2,8,8,1
5,262,17;12;3,3,5,3,8,8,1
5,263,17;13;2,3,0,1,1,1,1
5,263,17;13;2,3,0,2,2,2,1
5,263,17;13;2,3,0,3,3,3,1
5,263,17;13;2,3,1,1,2,4,1
5,263,17;13;2,3,1,2,4,8,1
5,263,17;13;2,3,1,3,6,8,1
5,263,17;13;2,3,2,1,5,7,1
5,263,17;13;2,3,2,2,8,8,1
5,263,17;13;2,3,2,3,8,8,1
5,263,17;13;2,3,3,1,7,8,1
5,263,17;13;2,3,3,2,8,8,1
5,263,17;13;2,3,3,3,8,8,1
5,263,17;13;2,3,4,1,8,8,1
5,263,17;13;2,3,4,2,8,8,1
5,263,17;13;2,3,4,3,8,8,1
5,263,17;13;2,3,5,1,8,8,1
5,263,17;13;2,3,5,2,8,8,1
5,263,17;13;2,3,5,3,8,8,1
5,264,17;13;3,3,0,1,1,1,1
5,264,17;13;3,3,0,2,2,2,1
5,264,17;13;3,3,0,3,3,3,1
5,264,17;13;3,3,1,1,3,4,1
5,264,17;13;3,3,1,2,6,8,1
5,264,17;13;3,3,1,3,7,8,1
5,264,17;13;3,3,2,1,4,7,1
5,264,17;13;3,3,2,2,8,8,1
5,264,17;13;3,3,2,3,8,8,1
5,264,17;13;3,3,3,1,7,8,1
5,264,17;13;3,3,3,2,8,8,1
5,264,17;13;3,3,3,3,8,8,1
5,264,17;13;3,3,4,1,8,8,1
5,264,17;13;3,3,4,2,8,8,1
5,264,17;13;3,3,4,3,8,8,1
5,264,17;13;3,3,5,1,8,8,1
5,264,17;13;3,3,5,2,8,8,1
5,264,17;13;3,3,5,3,8,8,1
5,265,18;4;1,3,0,1,1,1,1
5,265,18;4;1,3,0,2,2,2,1
5,265,18;4;1,3,0,3,3,3,1
5,265,18;4;1,3,1,1,3,4,1
5,265,18;4;1,3,1,2,6,8,1
5,265,18;4;1,3,1,3,8,8,1
5,265,18;4;1,3,2,1,6,7,1
5,265,18;4;1,3,2,2,8,8,1
5,265,18;4;1,3,2,3,8,8,1
5,265,18;4;1,3,3,1,8,8,1
5,265,18;4;1,3,3,2,8,8,1
5,265,18;4;1,3,3,3,8,8,1
5,265,18;4;1,3,4,1,8,8,1
5,265,18;4;1,3,4,2,8,8,1
5,265,18;4;1,3,4,3,8,8,1
5,265,18;4;1,3,5,1,8,8,1
5,265,18;4;1,3,5,2,8,8,1
5,265,18;4;1,3,5,3,8,8,1
5,266,18;6;1,3,0,1,1,1,1
5,266,18;6;1,3,0,2,2,2,1
5,266,18;6;1,3,0,3,3,3,1
5,266,18;6;1,3,1,1,3,4,1
5,266,18;6;1,3,1,2,6,8,1
5,266,18;6;1,3,1,3,8,8,1
5,266,18;6;1,3,2,1,6,7,1
5,266,18;6;1,3,2,2,8,8,1
5,266,18;6;1,3,2,3,8,8,1
5,266,18;6;1,3,3,1,8,8,1
5,266,18;6;1,3,3,2,8,8,1
5,266,18;6;1,3,3,3,8,8,1
5,266,18;6;1,3,4,1,8,8,1
5,266,18;6;1,3,4,2,8,8,1
5,266,18;6;1,3,4,3,8,8,1
5,266,18;6;1,3,5,1,8,8,1
5,266,18;6;1,3,5,2,8,8,1
5,266,18;6;1,3,5,3,8,8,1
5,267,18;8;1,3,0,1,1,1,1
5,267,18;8;1,3,0,2,2,2,1
5,267,18;8;1,3,0,3,3,3,1
5,267,18;8;1,3,1,1,3,4,1
5,267,18;8;1,3,1,2,6,8,1
5,267,18;8;1,3,1,3,8,8,1
5,267,18;8;1,3,2,1,6,7,1
5,267,18;8;1,3,2,2,8,8,1
5,267,18;8;1,3,2,3,8,8,1
5,267,18;8;1,3,3,1,8,8,1
5,267,18;8;1,3,3,2,8,8,1
5,267,18;8;1,3,3,3,8,8,1
5,267,18;8;1,3,4,1,8,8,1
5,267,18;8;1,3,4,2,8,8,1
5,267,18;8;1,3,4,3,8,8,1
5,267,18;8;1,3,5,1,8,8,1
5,267,18;8;1,3,5,2,8,8,1
5,267,18;8;1,3,5,3,8,8,1
5,268,18;8;4,3,0,1,1,1,1
5,268,18;8;4,3,0,2,2,2,1
5,268,18;8;4,3,0,3,3,3,1
5,268,18;8;4,3,1,1,3,4,1
5,268,18;8;4,3,1,2,6,8,1
5,268,18;8;4,3,1,3,8,8,1
5,268,18;8;4,3,2,1,6,7,1
5,268,18;8;4,3,2,2,8,8,1
5,268,18;8;4,3,2,3,8,8,1
5,268,18;8;4,3,3,1,8,8,1
5,268,18;8;4,3,3,2,8,8,1
5,268,18;8;4,3,3,3,8,8,1
5,268,18;8;4,3,4,1,8,8,1
5,268,18;8;4,3,4,2,8,8,1
5,268,18;8;4,3,4,3,8,8,1
5,268,18;8;4,3,5,1,8,8,1
5,268,18;8;4,3,5,2,8,8,1
5,268,18;8;4,3,5,3,8,8,1
5,269,18;8;5,3,0,1,1,1,1
5,269,18;8;5,3,0,2,2,2,1
5,269,18;8;5,3,0,3,3,3,1
5,269,18;8;5,3,1,1,2,4,1
5,269,18;8;5,3,1,2,4,8,1
5,269,18;8;5,3,1,3,6,8,1
5,269,18;8;5,3,2,1,4,7,1
5,269,18;8;5,3,2,2,8,8,1
5,269,18;8;5,3,2,3,8,8,1
5,269,18;8;5,3,3,1,8,8,1
5,269,18;8;5,3,3,2,8,8,1
5,269,18;8;5,3,3,3,8,8,1
5,269,18;8;5,3,4,1,8,8,1
5,269,18;8;5,3,4,2,8,8,1
5,269,18;8;5,3,4,3,8,8,1
5,269,18;8;5,3,5,1,8,8,1
5,269,18;8;5,3,5,2,8,8,1
5,269,18;8;5,3,5,3,8,8,1
5,270,18;8;6,3,0,1,1,1,1
5,270,18;8;6,3,0,2,2,2,1
5,270,18;8;6,3,0,3,3,3,1
5,270,18;8;6,3,1,1,3,4,1
5,270,18;8;6,3,1,2,6,8,1
5,270,18;8;6,3,1,3,8,8,1
5,270,18;8;6,3,2,1,6,7,1
5,270,18;8;6,3,2,2,8,8,1
5,270,18;8;6,3,2,3,8,8,1
5,270,18;8;6,3,3,1,8,8,1
5,270,18;8;6,3,3,2,8,8,1
5,270,18;8;6,3,3,3,8,8,1
5,270,18;8;6,3,4,1,8,8,1
5,270,18;8;6,3,4,2,8,8,1
5,270,18;8;6,3,4,3,8,8,1
5,270,18;8;6,3,5,1,8,8,1
5,270,18;8;6,3,5,2,8,8,1
5,270,18;8;6,3,5,3,8,8,1
5,271,18;8;7,3,0,1,1,1,1
5,271,18;8;7,3,0,2,2,2,1
5,271,18;8;7,3,0,3,3,3,1
5,271,18;8;7,3,1,1,2,4,1
5,271,18;8;7,3,1,2,4,8,1
5,271,18;8;7,3,1,3,6,8,1
5,271,18;8;7,3,2,1,5,7,1
5,271,18;8;7,3,2,2,8,8,1
5,271,18;8;7,3,2,3,8,8,1
5,271,18;8;7,3,3,1,7,8,1
5,271,18;8;7,3,3,2,8,8,1
5,271,18;8;7,3,3,3,8,8,1
5,271,18;8;7,3,4,1,8,8,1
5,271,18;8;7,3,4,2,8,8,1
5,271,18;8;7,3,4,3,8,8,1
5,271,18;8;7,3,5,1,8,8,1
5,271,18;8;7,3,5,2,8,8,1
5,271,18;8;7,3,5,3,8,8,1
5,272,18;9;4,3,0,1,1,1,1
5,272,18;9;4,3,0,2,2,2,1
5,272,18;9;4,3,0,3,3,3,1
5,272,18;9;4,3,1,1,2,4,1
5,272,18;9;4,3,1,2,4,8,1
5,272,18;9;4,3,1,3,6,8,1
5,272,18;9;4,3,2,1,4,7,1
5,272,18;9;4,3,2,2,8,8,1
5,272,18;9;4,3,2,3,8,8,1
5,272,18;9;4,3,3,1,8,8,1
5,272,18;9;4,3,3,2,8,8,1
5,272,18;9;4,3,3,3,8,8,1
5,272,18;9;4,3,4,1,8,8,1
5,272,18;9;4,3,4,2,8,8,1
5,272,18;9;4,3,4,3,8,8,1
5,272,18;9;4,3,5,1,8,8,1
5,272,18;9;4,3,5,2,8,8,1
5,272,18;9;4,3,5,3,8,8,1
5,273,18;9;5,3,0,1,1,1,1
5,273,18;9;5,3,0,2,2,2,1
5,273,18;9;5,3,0,3,3,3,1
5,273,18;9;5,3,1,1,3,4,1
5,273,18;9;5,3,1,2,6,8,1
5,273,18;9;5,3,1,3,8,8,1
5,273,18;9;5,3,2,1,6,7,1
5,273,18;9;5,3,2,2,8,8,1
5,273,18;9;5,3,2,3,8,8,1
5,273,18;9;5,3,3,1,8,8,1
5,273,18;9;5,3,3,2,8,8,1
5,273,18;9;5,3,3,3,8,8,1
5,273,18;9;5,3,4,1,8,8,1
5,273,18;9;5,3,4,2,8,8,1
5,273,18;9;5,3,4,3,8,8,1
5,273,18;9;5,3,5,1,8,8,1
5,273,18;9;5,3,5,2,8,8,1
5,273,18;9;5,3,5,3,8,8,1
5,274,18;9;6,3,0,1,1,1,1
5,274,18;9;6,3,0,2,2,2,1
5,274,18;9;6,3,0,3,3,3,1
5,274,18;9;6,3,1,1,3,4,1
5,274,18;9;6,3,1,2,6,8,1
5,274,18;9;6,3,1,3,8,8,1
5,274,18;9;6,3,2,1,6,7,1
5,274,18;9;6,3,2,2,8,8,1
5,274,18;9;6,3,2,3,8,8,1
5,274,18;9;6,3,3,1,8,8,1
5,274,18;9;6,3,3,2,8,8,1
5,274,18;9;6,3,3,3,8,8,1
5,274,18;9;6,3,4,1,8,8,1
5,274,18;9;6,3,4,2,8,8,1
5,274,18;9;6,3,4,3,8,8,1
5,274,18;9;6,3,5,1,8,8,1
5,274,18;9;6,3,5,2,8,8,1
5,274,18;9;6,3,5,3,8,8,1
5,275,18;9;7,3,0,1,1,1,1
5,275,18;9;7,3,0,2,2,2,1
5,275,18;9;7,3,0,3,3,3,1
5,275,18;9;7,3,1,1,2,4,1
5,275,18;9;7,3,1,2,4,8,1
5,275,18;9;7,3,1,3,6,8,1
5,275,18;9;7,3,2,1,5,7,1
5,275,18;9;7,3,2,2,8,8,1
5,275,18;9;7,3,2,3,8,8,1
5,275,18;9;7,3,3,1,7,8,1
5,275,18;9;7,3,3,2,8,8,1
5,275,18;9;7,3,3,3,8,8,1
5,275,18;9;7,3,4,1,8,8,1
5,275,18;9;7,3,4,2,8,8,1
5,275,18;9;7,3,4,3,8,8,1
5,275,18;9;7,3,5,1,8,8,1
5,275,18;9;7,3,5,2,8,8,1
5,275,18;9;7,3,5,3,8,8,1
5,276,18;10;1,3,0,1,1,1,1
5,276,18;10;1,3,0,2,2,2,1
5,276,18;10;1,3,0,3,3,3,1
5,276,18;10;1,3,1,1,3,4,1
5,276,18;10;1,3,1,2,6,8,1
5,276,18;10;1,3,1,3,8,8,1
5,276,18;10;1,3,2,1,6,7,1
5,276,18;10;1,3,2,2,8,8,1
5,276,18;10;1,3,2,3,8,8,1
5,276,18;10;1,3,3,1,8,8,1
5,276,18;10;1,3,3,2,8,8,1
5,276,18;10;1,3,3,3,8,8,1
5,276,18;10;1,3,4,1,8,8,1
5,276,18;10;1,3,4,2,8,8,1
5,276,18;10;1,3,4,3,8,8,1
5,276,18;10;1,3,5,1,8,8,1
5,276,18;10;1,3,5,2,8,8,1
5,276,18;10;1,3,5,3,8,8,1
5,277,18;10;4,3,0,1,1,1,1
5,277,18;10;4,3,0,2,2,2,1
5,277,18;10;4,3,0,3,3,3,1
5,277,18;10;4,3,1,1,3,4,1
5,277,18;10;4,3,1,2,6,8,1
5,277,18;10;4,3,1,3,8,8,1
5,277,18;10;4,3,2,1,6,7,1
5,277,18;10;4,3,2,2,8,8,1
5,277,18;10;4,3,2,3,8,8,1
5,277,18;10;4,3,3,1,8,8,1
5,277,18;10;4,3,3,2,8,8,1
5,277,18;10;4,3,3,3,8,8,1
5,277,18;10;4,3,4,1,8,8,1
5,277,18;10;4,3,4,2,8,8,1
5,277,18;10;4,3,4,3,8,8,1
5,277,18;10;4,3,5,1,8,8,1
5,277,18;10;4,3,5,2,8,8,1
5,277,18;10;4,3,5,3,8,8,1
5,278,18;10;5,3,0,1,1,1,1
5,278,18;10;5,3,0,2,2,2,1
5,278,18;10;5,3,0,3,3,3,1
5,278,18;10;5,3,1,1,3,4,1
5,278,18;10;5,3,1,2,6,8,1
5,278,18;10;5,3,1,3,8,8,1
5,278,18;10;5,3,2,1,6,7,1
5,278,18;10;5,3,2,2,8,8,1
5,278,18;10;5,3,2,3,8,8,1
5,278,18;10;5,3,3,1,8,8,1
5,278,18;10;5,3,3,2,8,8,1
5,278,18;10;5,3,3,3,8,8,1
5,278,18;10;5,3,4,1,8,8,1
5,278,18;10;5,3,4,2,8,8,1
5,278,18;10;5,3,4,3,8,8,1
5,278,18;10;5,3,5,1,8,8,1
5,278,18;10;5,3,5,2,8,8,1
5,278,18;10;5,3,5,3,8,8,1
5,279,18;10;6,3,0,1,1,1,1
5,279,18;10;6,3,0,2,2,2,1
5,279,18;10;6,3,0,3,3,3,1
5,279,18;10;6,3,1,1,4,4,1
5,279,18;10;6,3,1,2,8,8,1
5,279,18;10;6,3,1,3,8,8,1
5,279,18;10;6,3,2,1,7,7,1
5,279,18;10;6,3,2,2,8,8,1
5,279,18;10;6,3,2,3,8,8,1
5,279,18;10;6,3,3,1,8,8,1
5,279,18;10;6,3,3,2,8,8,1
5,279,18;10;6,3,3,3,8,8,1
5,279,18;10;6,3,4,1,8,8,1
5,279,18;10;6,3,4,2,8,8,1
5,279,18;10;6,3,4,3,8,8,1
5,279,18;10;6,3,5,1,8,8,1
5,279,18;10;6,3,5,2,8,8,1
5,279,18;10;6,3,5,3,8,8,1
5,280,18;10;7,3,0,1,1,1,1
5,280,18;10;7,3,0,2,2,2,1
5,280,18;10;7,3,0,3,3,3,1
5,280,18;10;7,3,1,1,3,4,1
5,280,18;10;7,3,1,2,6,8,1
5,280,18;10;7,3,1,3,7,8,1
5,280,18;10;7,3,2,1,4,7,1
5,280,18;10;7,3,2,2,8,8,1
5,280,18;10;7,3,2,3,8,8,1
5,280,18;10;7,3,3,1,7,8,1
5,280,18;10;7,3,3,2,8,8,1
5,280,18;10;7,3,3,3,8,8,1
5,280,18;10;7,3,4,1,8,8,1
5,280,18;10;7,3,4,2,8,8,1
5,280,18;10;7,3,4,3,8,8,1
5,280,18;10;7,3,5,1,8,8,1
5,280,18;10;7,3,5,2,8,8,1
5,280,18;10;7,3,5,3,8,8,1
5,281,18;11;4,3,0,1,1,1,1
5,281,18;11;4,3,0,2,2,2,1
5,281,18;11;4,3,0,3,3,3,1
5,281,18;11;4,3,1,1,2,4,1
5,281,18;11;4,3,1,2,4,8,1
5,281,18;11;4,3,1,3,6,8,1
5,281,18;11;4,3,2,1,5,7,1
5,281,18;11;4,3,2,2,8,8,1
5,281,18;11;4,3,2,3,8,8,1
5,281,18;11;4,3,3,1,7,8,1
5,281,18;11;4,3,3,2,8,8,1
5,281,18;11;4,3,3,3,8,8,1
5,281,18;11;4,3,4,1,8,8,1
5,281,18;11;4,3,4,2,8,8,1
5,281,18;11;4,3,4,3,8,8,1
5,281,18;11;4,3,5,1,8,8,1
5,281,18;11;4,3,5,2,8,8,1
5,281,18;11;4,3,5,3,8,8,1
5,282,18;11;5,3,0,1,1,1,1
5,282,18;11;5,3,0,2,2,2,1
5,282,18;11;5,3,0,3,3,3,1
5,282,18;11;5,3,1,1,2,4,1
5,282,18;11;5,3,1,2,4,8,1
5,282,18;11;5,3,1,3,6,8,1
5,282,18;11;5,3,2,1,5,7,1
5,282,18;11;5,3,2,2,8,8,1
5,282,18;11;5,3,2,3,8,8,1
5,282,18;11;5,3,3,1,7,8,1
5,282,18;11;5,3,3,2,8,8,1
5,282,18;11;5,3,3,3,8,8,1
5,282,18;11;5,3,4,1,8,8,1
5,282,18;11;5,3,4,2,8,8,1
5,282,18;11;5,3,4,3,8,8,1
5,282,18;11;5,3,5,1,8,8,1
5,282,18;11;5,3,5,2,8,8,1
5,282,18;11;5,3,5,3,8,8,1
5,283,18;11;6,3,0,1,1,1,1
5,283,18;11;6,3,0,2,2,2,1
5,283,18;11;6,3,0,3,3,3,1
5,283,18;11;6,3,1,1,3,4,1
5,283,18;11;6,3,1,2,6,8,1
5,283,18;11;6,3,1,3,7,8,1
5,283,18;11;6,3,2,1,4,7,1
5,283,18;11;6,3,2,2,8,8,1
5,283,18;11;6,3,2,3,8,8,1
5,283,18;11;6,3,3,1,7,8,1
5,283,18;11;6,3,3,2,8,8,1
5,283,18;11;6,3,3,3,8,8,1
5,283,18;11;6,3,4,1,8,8,1
5,283,18;11;6,3,4,2,8,8,1
5,283,18;11;6,3,4,3,8,8,1
5,283,18;11;6,3,5,1,8,8,1
5,283,18;11;6,3,5,2,8,8,1
5,283,18;11;6,3,5,3,8,8,1
5,284,18;11;7,3,0,1,1,1,1
5,284,18;11;7,3,0,2,2,2,1
5,284,18;11;7,3,0,3,3,3,1
5,284,18;11;7,3,1,1,2,4,1
5,284,18;11;7,3,1,2,4,8,1
5,284,18;11;7,3,1,3,6,8,1
5,284,18;11;7,3,2,1,5,7,1
5,284,18;11;7,3,2,2,8,8,1
5,284,18;11;7,3,2,3,8,8,1
5,284,18;11;7,3,3,1,7,8,1
5,284,18;11;7,3,3,2,8,8,1
5,284,18;11;7,3,3,3,8,8,1
5,284,18;11;7,3,4,1,8,8,1
5,284,18;11;7,3,4,2,8,8,1
5,284,18;11;7,3,4,3,8,8,1
5,284,18;11;7,3,5,1,8,8,1
5,284,18;11;7,3,5,2,8,8,1
5,284,18;11;7,3,5,3,8,8,1
5,285,18;12;1,3,0,1,1,1,1
5,285,18;12;1,3,0,2,2,2,1
5,285,18;12;1,3,0,3,3,3,1
5,285,18;12;1,3,1,1,2,4,1
5,285,18;12;1,3,1,2,4,8,1
5,285,18;12;1,3,1,3,6,8,1
5,285,18;12;1,3,2,1,4,7,1
5,285,18;12;1,3,2,2,8,8,1
5,285,18;12;1,3,2,3,8,8,1
5,285,18;12;1,3,3,1,8,8,1
5,285,18;12;1,3,3,2,8,8,1
5,285,18;12;1,3,3,3,8,8,1
5,285,18;12;1,3,4,1,8,8,1
5,285,18;12;1,3,4,2,8,8,1
5,285,18;12;1,3,4,3,8,8,1
5,285,18;12;1,3,5,1,8,8,1
5,285,18;12;1,3,5,2,8,8,1
5,285,18;12;1,3,5,3,8,8,1
5,286,18;14;1,3,0,1,1,1,1
5,286,18;14;1,3,0,2,2,2,1
5,286,18;14;1,3,0,3,3,3,1
5,286,18;14;1,3,1,1,2,4,1
5,286,18;14;1,3,1,2,4,8,1
5,286,18;14;1,3,1,3,6,8,1
5,286,18;14;1,3,2,1,5,7,1
5,286,18;14;1,3,2,2,8,8,1
5,286,18;14;1,3,2,3,8,8,1
5,286,18;14;1,3,3,1,7,8,1
5,286,18;14;1,3,3,2,8,8,1
5,286,18;14;1,3,3,3,8,8,1
5,286,18;14;1,3,4,1,8,8,1
5,286,18;14;1,3,4,2,8,8,1
5,286,18;14;1,3,4,3,8,8,1
5,286,18;14;1,3,5,1,8,8,1
5,286,18;14;1,3,5,2,8,8,1
5,286,18;14;1,3,5,3,8,8,1
5,287,19;8;4,3,0,1,1,1,1
5,287,19;8;4,3,0,2,2,2,1
5,287,19;8;4,3,0,3,3,3,1
5,287,19;8;4,3,1,1,3,4,1
5,287,19;8;4,3,1,2,6,8,1
5,287,19;8;4,3,1,3,7,8,1
5,287,19;8;4,3,2,1,4,7,1
5,287,19;8;4,3,2,2,8,8,1
5,287,19;8;4,3,2,3,8,8,1
5,287,19;8;4,3,3,1,7,8,1
5,287,19;8;4,3,3,2,8,8,1
5,287,19;8;4,3,3,3,8,8,1
5,287,19;8;4,3,4,1,8,8,1
5,287,19;8;4,3,4,2,8,8,1
5,287,19;8;4,3,4,3,8,8,1
5,287,19;8;4,3,5,1,8,8,1
5,287,19;8;4,3,5,2,8,8,1
5,287,19;8;4,3,5,3,8,8,1
5,288,19;8;5,3,0,1,1,1,1
5,288,19;8;5,3,0,2,2,2,1
5,288,19;8;5,3,0,3,3,3,1
5,288,19;8;5,3,1,1,2,4,1
5,288,19;8;5,3,1,2,4,8,1
5,288,19;8;5,3,1,3,6,8,1
5,288,19;8;5,3,2,1,5,7,1
5,288,19;8;5,3,2,2,8,8,1
5,288,19;8;5,3,2,3,8,8,1
5,288,19;8;5,3,3,1,7,8,1
5,288,19;8;5,3,3,2,8,8,1
5,288,19;8;5,3,3,3,8,8,1
5,288,19;8;5,3,4,1,8,8,1
5,288,19;8;5,3,4,2,8,8,1
5,288,19;8;5,3,4,3,8,8,1
5,288,19;8;5,3,5,1,8,8,1
5,288,19;8;5,3,5,2,8,8,1
5,288,19;8;5,3,5,3,8,8,1
5,289,19;8;6,3,0,1,1,1,1
5,289,19;8;6,3,0,2,2,2,1
5,289,19;8;6,3,0,3,3,3,1
5,289,19;8;6,3,1,1,2,4,1
5,289,19;8;6,3,1,2,4,8,1
5,289,19;8;6,3,1,3,6,8,1
5,289,19;8;6,3,2,1,5,7,1
5,289,19;8;6,3,2,2,8,8,1
5,289,19;8;6,3,2,3,8,8,1
5,289,19;8;6,3,3,1,7,8,1
5,289,19;8;6,3,3,2,8,8,1
5,289,19;8;6,3,3,3,8,8,1
5,289,19;8;6,3,4,1,8,8,1
5,289,19;8;6,3,4,2,8,8,1
5,289,19;8;6,3,4,3,8,8,1
5,289,19;8;6,3,5,1,8,8,1
5,289,19;8;6,3,5,2,8,8,1
5,289,19;8;6,3,5,3,8,8,1
5,290,19;8;7,3,0,1,1,1,1
5,290,19;8;7,3,0,2,2,2,1
5,290,19;8;7,3,0,3,3,3,1
5,290,19;8;7,3,1,1,2,4,1
5,290,19;8;7,3,1,2,4,8,1
5,290,19;8;7,3,1,3,6,8,1
5,290,19;8;7,3,2,1,5,7,1
5,290,19;8;7,3,2,2,8,8,1
5,290,19;8;7,3,2,3,8,8,1
5,290,19;8;7,3,3,1,7,8,1
5,290,19;8;7,3,3,2,8,8,1
5,290,19;8;7,3,3,3,8,8,1
5,290,19;8;7,3,4,1,8,8,1
5,290,19;8;7,3,4,2,8,8,1
5,290,19;8;7,3,4,3,8,8,1
5,290,19;8;7,3,5,1,8,8,1
5,290,19;8;7,3,5,2,8,8,1
5,290,19;8;7,3,5,3,8,8,1
5,291,19;9;4,3,0,1,1,1,1
5,291,19;9;4,3,0,2,2,2,1
5,291,19;9;4,3,0,3,3,3,1
5,291,19;9;4,3,1,1,2,4,1
5,291,19;9;4,3,1,2,4,8,1
5,291,19;9;4,3,1,3,6,8,1
5,291,19;9;4,3,2,1,5,7,1
5,291,19;9;4,3,2,2,8,8,1
5,291,19;9;4,3,2,3,8,8,1
5,291,19;9;4,3,3,1,7,8,1
5,291,19;9;4,3,3,2,8,8,1
5,291,19;9;4,3,3,3,8,8,1
5,291,19;9;4,3,4,1,8,8,1
5,291,19;9;4,3,4,2,8,8,1
5,291,19;9;4,3,4,3,8,8,1
5,291,19;9;4,3,5,1,8,8,1
5,291,19;9;4,3,5,2,8,8,1
5,291,19;9;4,3,5,3,8,8,1
5,292,19;9;5,3,0,1,1,1,1
5,292,19;9;5,3,0,2,2,2,1
5,292,19;9;5,3,0,3,3,3,1
5,292,19;9;5,3,1,1,3,4,1
5,292,19;9;5,3,1,2,6,8,1
5,292,19;9;5,3,1,3,7,8,1
5,292,19;9;5,3,2,1,4,7,1
5,292,19;9;5,3,2,2,8,8,1
5,292,19;9;5,3,2,3,8,8,1
5,292,19;9;5,3,3,1,7,8,1
5,292,19;9;5,3,3,2,8,8,1
5,292,19;9;5,3,3,3,8,8,1
5,292,19;9;5,3,4,1,8,8,1
5,292,19;9;5,3,4,2,8,8,1
5,292,19;9;5,3,4,3,8,8,1
5,292,19;9;5,3,5,1,8,8,1
5,292,19;9;5,3,5,2,8,8,1
5,292,19;9;5,3,5,3,8,8,1
5,293,19;9;6,3,0,1,1,1,1
5,293,19;9;6,3,0,2,2,2,1
5,293,19;9;6,3,0,3,3,3,1
5,293,19;9;6,3,1,1,2,4,1
5,293,19;9;6,3,1,2,4,8,1
5,293,19;9;6,3,1,3,6,8,1
5,293,19;9;6,3,2,1,5,7,1
5,293,19;9;6,3,2,2,8,8,1
5,293,19;9;6,3,2,3,8,8,1
5,293,19;9;6,3,3,1,7,8,1
5,293,19;9;6,3,3,2,8,8,1
5,293,19;9;6,3,3,3,8,8,1
5,293,19;9;6,3,4,1,8,8,1
5,293,19;9;6,3,4,2,8,8,1
5,293,19;9;6,3,4,3,8,8,1
5,293,19;9;6,3,5,1,8,8,1
5,293,19;9;6,3,5,2,8,8,1
5,293,19;9;6,3,5,3,8,8,1
5,294,19;9;7,3,0,1,1,1,1
5,294,19;9;7,3,0,2,2,2,1
5,294,19;9;7,3,0,3,3,3,1
5,294,19;9;7,3,1,1,2,4,1
5,294,19;9;7,3,1,2,4,8,1
5,294,19;9;7,3,1,3,6,8,1
5,294,19;9;7,3,2,1,5,7,1
5,294,19;9;7,3,2,2,8,8,1
5,294,19;9;7,3,2,3,8,8,1
5,294,19;9;7,3,3,1,7,8,1
5,294,19;9;7,3,3,2,8,8,1
5,294,19;9;7,3,3,3,8,8,1
5,294,19;9;7,3,4,1,8,8,1
5,294,19;9;7,3,4,2,8,8,1
5,294,19;9;7,3,4,3,8,8,1
5,294,19;9;7,3,5,1,8,8,1
5,294,19;9;7,3,5,2,8,8,1
5,294,19;9;7,3,5,3,8,8,1
5,295,19;10;4,3,0,1,1,1,1
5,295,19;10;4,3,0,2,2,2,1
5,295,19;10;4,3,0,3,3,3,1
5,295,19;10;4,3,1,1,2,4,1
5,295,19;10;4,3,1,2,4,8,1
5,295,19;10;4,3,1,3,6,8,1
5,295,19;10;4,3,2,1,5,7,1
5,295,19;10;4,3,2,2,8,8,1
5,295,19;10;4,3,2,3,8,8,1
5,295,19;10;4,3,3,1,7,8,1
5,295,19;10;4,3,3,2,8,8,1
5,295,19;10;4,3,3,3,8,8,1
5,295,19;10;4,3,4,1,8,8,1
5,295,19;10;4,3,4,2,8,8,1
5,295,19;10;4,3,4,3,8,8,1
5,295,19;10;4,3,5,1,8,8,1
5,295,19;10;4,3,5,2,8,8,1
5,295,19;10;4,3,5,3,8,8,1
5,296,19;10;5,3,0,1,1,1,1
5,296,19;10;5,3,0,2,2,2,1
5,296,19;10;5,3,0,3,3,3,1
5,296,19;10;5,3,1,1,2,4,1
5,296,19;10;5,3,1,2,4,8,1
5,296,19;10;5,3,1,3,6,8,1
5,296,19;10;5,3,2,1,5,7,1
5,296,19;10;5,3,2,2,8,8,1
5,296,19;10;5,3,2,3,8,8,1
5,296,19;10;5,3,3,1,7,8,1
5,296,19;10;5,3,3,2,8,8,1
5,296,19;10;5,3,3,3,8,8,1
5,296,19;10;5,3,4,1,8,8,1
5,296,19;10;5,3,4,2,8,8,1
5,296,19;10;5,3,4,3,8,8,1
5,296,19;10;5,3,5,1,8,8,1
5,296,19;10;5,3,5,2,8,8,1
5,296,19;10;5,3,5,3,8,8,1
5,297,19;10;6,3,0,1,1,1,1
5,297,19;10;6,3,0,2,2,2,1
5,297,19;10;6,3,0,3,3,3,1
5,297,19;10;6,3,1,1,3,4,1
5,297,19;10;6,3,1,2,6,8,1
5,297,19;10;6,3,1,3,7,8,1
5,297,19;10;6,3,2,1,4,7,1
5,297,19;10;6,3,2,2,8,8,1
5,297,19;10;6,3,2,3,8,8,1
5,297,19;10;6,3,3,1,7,8,1
5,297,19;10;6,3,3,2,8,8,1
5,297,19;10;6,3,3,3,8,8,1
5,297,19;10;6,3,4,1,8,8,1
5,297,19;10;6,3,4,2,8,8,1
5,297,19;10;6,3,4,3,8,8,1
5,297,19;10;6,3,5,1,8,8,1
5,297,19;10;6,3,5,2,8,8,1
5,297,19;10;6,3,5,3,8,8,1
5,298,19;10;7,3,0,1,1,1,1
5,298,19;10;7,3,0,2,2,2,1
5,298,19;10;7,3,0,3,3,3,1
5,298,19;10;7,3,1,1,2,4,1
5,298,19;10;7,3,1,2,4,8,1
5,298,19;10;7,3,1,3,6,8,1
5,298,19;10;7,3,2,1,5,7,1
5,298,19;10;7,3,2,2,8,8,1
5,298,19;10;7,3,2,3,8,8,1
5,298,19;10;7,3,3,1,7,8,1
5,298,19;10;7,3,3,2,8,8,1
5,298,19;10;7,3,3,3,8,8,1
5,298,19;10;7,3,4,1,8,8,1
5,298,19;10;7,3,4,2,8,8,1
5,298,19;10;7,3,4,3,8,8,1
5,298,19;10;7,3,5,1,8,8,1
5,298,19;10;7,3,5,2,8,8,1
5,298,19;10;7,3,5,3,8,8,1
5,299,19;11;4,3,0,1,1,1,1
5,299,19;11;4,3,0,2,2,2,1
5,299,19;11;4,3,0,3,3,3,1
5,299,19;11;4,3,1,1,2,4,1
5,299,19;11;4,3,1,2,4,8,1
5,299,19;11;4,3,1,3,6,8,1
5,299,19;11;4,3,2,1,5,7,1
5,299,19;11;4,3,2,2,8,8,1
5,299,19;11;4,3,2,3,8,8,1
5,299,19;11;4,3,3,1,7,8,1
5,299,19;11;4,3,3,2,8,8,1
5,299,19;11;4,3,3,3,8,8,1
5,299,19;11;4,3,4,1,8,8,1
5,299,19;11;4,3,4,2,8,8,1
5,299,19;11;4,3,4,3,8,8,1
5,299,19;11;4,3,5,1,8,8,1
5,299,19;11;4,3,5,2,8,8,1
5,299,19;11;4,3,5,3,8,8,1
5,300,19;11;5,3,0,1,1,1,1
5,300,19;11;5,3,0,2,2,2,1
5,300,19;11;5,3,0,3,3,3,1
5,300,19;11;5,3,1,1,2,4,1
5,300,19;11;5,3,1,2,4,8,1
5,300,19;11;5,3,1,3,6,8,1
5,300,19;11;5,3,2,1,5,7,1
5,300,19;11;5,3,2,2,8,8,1
5,300,19;11;5,3,2,3,8,8,1
5,300,19;11;5,3,3,1,7,8,1
5,300,19;11;5,3,3,2,8,8,1
5,300,19;11;5,3,3,3,8,8,1
5,300,19;11;5,3,4,1,8,8,1
5,300,19;11;5,3,4,2,8,8,1
5,300,19;11;5,3,4,3,8,8,1
5,300,19;11;5,3,5,1,8,8,1
5,300,19;11;5,3,5,2,8,8,1
5,300,19;11;5,3,5,3,8,8,1
5,301,19;11;6,3,0,1,1,1,1
5,301,19;11;6,3,0,2,2,2,1
5,301,19;11;6,3,0,3,3,3,1
5,301,19;11;6,3,1,1,2,4,1
5,301,19;11;6,3,1,2,4,8,1
5,301,19;11;6,3,1,3,6,8,1
5,301,19;11;6,3,2,1,5,7,1
5,301,19;11;6,3,2,2,8,8,1
5,301,19;11;6,3,2,3,8,8,1
5,301,19;11;6,3,3,1,7,8,1
5,301,19;11;6,3,3,2,8,8,1
5,301,19;11;6,3,3,3,8,8,1
5,301,19;11;6,3,4,1,8,8,1
5,301,19;11;6,3,4,2,8,8,1
5,301,19;11;6,3,4,3,8,8,1
5,301,19;11;6,3,5,1,8,8,1
5,301,19;11;6,3,5,2,8,8,1
5,301,19;11;6,3,5,3,8,8,1
5,302,19;11;7,3,0,1,1,1,1
5,302,19;11;7,3,0,2,2,2,1
5,302,19;11;7,3,0,3,3,3,1
5,302,19;11;7,3,1,1,3,4,1
5,302,19;11;7,3,1,2,6,8,1
5,302,19;11;7,3,1,3,7,8,1
5,302,19;11;7,3,2,1,4,7,1
5,302,19;11;7,3,2,2,8,8,1
5,302,19;11;7,3,2,3,8,8,1
5,302,19;11;7,3,3,1,7,8,1
5,302,19;11;7,3,3,2,8,8,1
5,302,19;11;7,3,3,3,8,8,1
5,302,19;11;7,3,4,1,8,8,1
5,302,19;11;7,3,4,2,8,8,1
5,302,19;11;7,3,4,3,8,8,1
5,302,19;11;7,3,5,1,8,8,1
5,302,19;11;7,3,5,2,8,8,1
5,302,19;11;7,3,5,3,8,8,1
5,303,20;2;1,3,0,1,1,1,1
5,303,20;2;1,3,0,2,2,2,1
5,303,20;2;1,3,0,3,3,3,1
5,303,20;2;1,3,1,1,3,4,1
5,303,20;2;1,3,1,2,6,8,1
5,303,20;2;1,3,1,3,8,8,1
5,303,20;2;1,3,2,1,6,7,1
5,303,20;2;1,3,2,2,8,8,1
5,303,20;2;1,3,2,3,8,8,1
5,303,20;2;1,3,3,1,8,8,1
5,303,20;2;1,3,3,2,8,8,1
5,303,20;2;1,3,3,3,8,8,1
5,303,20;2;1,3,4,1,8,8,1
5,303,20;2;1,3,4,2,8,8,1
5,303,20;2;1,3,4,3,8,8,1
5,303,20;2;1,3,5,1,8,8,1
5,303,20;2;1,3,5,2,8,8,1
5,303,20;2;1,3,5,3,8,8,1
5,304,20;8;1,3,0,1,1,1,1
5,304,20;8;1,3,0,2,2,2,1
5,304,20;8;1,3,0,3,3,3,1
5,304,20;8;1,3,1,1,3,4,1
5,304,20;8;1,3,1,2,6,8,1
5,304,20;8;1,3,1,3,8,8,1
5,304,20;8;1,3,2,1,6,7,1
5,304,20;8;1,3,2,2,8,8,1
5,304,20;8;1,3,2,3,8,8,1
5,304,20;8;1,3,3,1,8,8,1
5,304,20;8;1,3,3,2,8,8,1
5,304,20;8;1,3,3,3,8,8,1
5,304,20;8;1,3,4,1,8,8,1
5,304,20;8;1,3,4,2,8,8,1
5,304,20;8;1,3,4,3,8,8,1
5,304,20;8;1,3,5,1,8,8,1
5,304,20;8;1,3,5,2,8,8,1
5,304,20;8;1,3,5,3,8,8,1
5,305,20;8;2,3,0,1,1,1,1
5,305,20;8;2,3,0,2,2,2,1
5,305,20;8;2,3,0,3,3,3,1
5,305,20;8;2,3,1,1,3,4,1
5,305,20;8;2,3,1,2,6,8,1
5,305,20;8;2,3,1,3,8,8,1
5,305,20;8;2,3,2,1,6,7,1
5,305,20;8;2,3,2,2,8,8,1
5,305,20;8;2,3,2,3,8,8,1
5,305,20;8;2,3,3,1,8,8,1
5,305,20;8;2,3,3,2,8,8,1
5,305,20;8;2,3,3,3,8,8,1
5,305,20;8;2,3,4,1,8,8,1
5,305,20;8;2,3,4,2,8,8,1
5,305,20;8;2,3,4,3,8,8,1
5,305,20;8;2,3,5,1,8,8,1
5,305,20;8;2,3,5,2,8,8,1
5,305,20;8;2,3,5,3,8,8,1
5,306,20;8;3,3,0,1,1,1,1
5,306,20;8;3,3,0,2,2,2,1
5,306,20;8;3,3,0,3,3,3,1
5,306,20;8;3,3,1,1,2,4,1
5,306,20;8;3,3,1,2,4,8,1
5,306,20;8;3,3,1,3,6,8,1
5,306,20;8;3,3,2,1,4,7,1
5,306,20;8;3,3,2,2,8,8,1
5,306,20;8;3,3,2,3,8,8,1
5,306,20;8;3,3,3,1,8,8,1
5,306,20;8;3,3,3,2,8,8,1
5,306,20;8;3,3,3,3,8,8,1
5,306,20;8;3,3,4,1,8,8,1
5,306,20;8;3,3,4,2,8,8,1
5,306,20;8;3,3,4,3,8,8,1
5,306,20;8;3,3,5,1,8,8,1
5,306,20;8;3,3,5,2,8,8,1
5,306,20;8;3,3,5,3,8,8,1
5,307,20;9;2,3,0,1,1,1,1
5,307,20;9;2,3,0,2,2,2,1
5,307,20;9;2,3,0,3,3,3,1
5,307,20;9;2,3,1,1,2,4,1
5,307,20;9;2,3,1,2,4,8,1
5,307,20;9;2,3,1,3,6,8,1
5,307,20;9;2,3,2,1,4,7,1
5,307,20;9;2,3,2,2,8,8,1
5,307,20;9;2,3,2,3,8,8,1
5,307,20;9;2,3,3,1,8,8,1
5,307,20;9;2,3,3,2,8,8,1
5,307,20;9;2,3,3,3,8,8,1
5,307,20;9;2,3,4,1,8,8,1
5,307,20;9;2,3,4,2,8,8,1
5,307,20;9;2,3,4,3,8,8,1
5,307,20;9;2,3,5,1,8,8,1
5,307,20;9;2,3,5,2,8,8,1
5,307,20;9;2,3,5,3,8,8,1
5,308,20;9;3,3,0,1,1,1,1
5,308,20;9;3,3,0,2,2,2,1
5,308,20;9;3,3,0,3,3,3,1
5,308,20;9;3,3,1,1,3,4,1
5,308,20;9;3,3,1,2,6,8,1
5,308,20;9;3,3,1,3,8,8,1
5,308,20;9;3,3,2,1,6,7,1
5,308,20;9;3,3,2,2,8,8,1
5,308,20;9;3,3,2,3,8,8,1
5,308,20;9;3,3,3,1,8,8,1
5,308,20;9;3,3,3,2,8,8,1
5,308,20;9;3,3,3,3,8,8,1
5,308,20;9;3,3,4,1,8,8,1
5,308,20;9;3,3,4,2,8,8,1
5,308,20;9;3,3,4,3,8,8,1
5,308,20;9;3,3,5,1,8,8,1
5,308,20;9;3,3,5,2,8,8,1
5,308,20;9;3,3,5,3,8,8,1
5,309,20;10;1,3,0,1,1,1,1
5,309,20;10;1,3,0,2,2,2,1
5,309,20;10;1,3,0,3,3,3,1
5,309,20;10;1,3,1,1,2,4,1
5,309,20;10;1,3,1,2,4,8,1
5,309,20;10;1,3,1,3,6,8,1
5,309,20;10;1,3,2,1,4,7,1
5,309,20;10;1,3,2,2,8,8,1
5,309,20;10;1,3,2,3,8,8,1
5,309,20;10;1,3,3,1,8,8,1
5,309,20;10;1,3,3,2,8,8,1
5,309,20;10;1,3,3,3,8,8,1
5,309,20;10;1,3,4,1,8,8,1
5,309,20;10;1,3,4,2,8,8,1
5,309,20;10;1,3,4,3,8,8,1
5,309,20;10;1,3,5,1,8,8,1
5,309,20;10;1,3,5,2,8,8,1
5,309,20;10;1,3,5,3,8,8,1
5,310,20;12;1,3,0,1,1,1,1
5,310,20;12;1,3,0,2,2,2,1
5,310,20;12;1,3,0,3,3,3,1
5,310,20;12;1,3,1,1,3,4,1
5,310,20;12;1,3,1,2,6,8,1
5,310,20;12;1,3,1,3,8,8,1
5,310,20;12;1,3,2,1,6,7,1
5,310,20;12;1,3,2,2,8,8,1
5,310,20;12;1,3,2,3,8,8,1
5,310,20;12;1,3,3,1,8,8,1
5,310,20;12;1,3,3,2,8,8,1
5,310,20;12;1,3,3,3,8,8,1
5,310,20;12;1,3,4,1,8,8,1
5,310,20;12;1,3,4,2,8,8,1
5,310,20;12;1,3,4,3,8,8,1
5,310,20;12;1,3,5,1,8,8,1
5,310,20;12;1,3,5,2,8,8,1
5,310,20;12;1,3,5,3,8,8,1
5,311,20;12;2,3,0,1,1,1,1
5,311,20;12;2,3,0,2,2,2,1
5,311,20;12;2,3,0,3,3,3,1
5,311,20;12;2,3,1,1,3,4,1
5,311,20;12;2,3,1,2,6,8,1
5,311,20;12;2,3,1,3,8,8,1
5,311,20;12;2,3,2,1,6,7,1
5,311,20;12;2,3,2,2,8,8,1
5,311,20;12;2,3,2,3,8,8,1
5,311,20;12;2,3,3,1,8,8,1
5,311,20;12;2,3,3,2,8,8,1
5,311,20;12;2,3,3,3,8,8,1
5,311,20;12;2,3,4,1,8,8,1
5,311,20;12;2,3,4,2,8,8,1
5,311,20;12;2,3,4,3,8,8,1
5,311,20;12;2,3,5,1,8,8,1
5,311,20;12;2,3,5,2,8,8,1
5,311,20;12;2,3,5,3,8,8,1
5,312,20;12;3,3,0,1,1,1,1
5,312,20;12;3,3,0,2,2,2,1
5,312,20;12;3,3,0,3,3,3,1
5,312,20;12;3,3,1,1,3,4,1
5,312,20;12;3,3,1,2,6,8,1
5,312,20;12;3,3,1,3,8,8,1
5,312,20;12;3,3,2,1,6,7,1
5,312,20;12;3,3,2,2,8,8,1
5,312,20;12;3,3,2,3,8,8,1
5,312,20;12;3,3,3,1,8,8,1
5,312,20;12;3,3,3,2,8,8,1
5,312,20;12;3,3,3,3,8,8,1
5,312,20;12;3,3,4,1,8,8,1
5,312,20;12;3,3,4,2,8,8,1
5,312,20;12;3,3,4,3,8,8,1
5,312,20;12;3,3,5,1,8,8,1
5,312,20;12;3,3,5,2,8,8,1
5,312,20;12;3,3,5,3,8,8,1
5,313,20;13;2,3,0,1,1,1,1
5,313,20;13;2,3,0,2,2,2,1
5,313,20;13;2,3,0,3,3,3,1
5,313,20;13;2,3,1,1,2,4,1
5,313,20;13;2,3,1,2,4,8,1
5,313,20;13;2,3,1,3,6,8,1
5,313,20;13;2,3,2,1,5,7,1
5,313,20;13;2,3,2,2,8,8,1
5,313,20;13;2,3,2,3,8,8,1
5,313,20;13;2,3,3,1,7,8,1
5,313,20;13;2,3,3,2,8,8,1
5,313,20;13;2,3,3,3,8,8,1
5,313,20;13;2,3,4,1,8,8,1
5,313,20;13;2,3,4,2,8,8,1
5,313,20;13;2,3,4,3,8,8,1
5,313,20;13;2,3,5,1,8,8,1
5,313,20;13;2,3,5,2,8,8,1
5,313,20;13;2,3,5,3,8,8,1
5,314,20;13;3,3,0,1,1,1,1
5,314,20;13;3,3,0,2,2,2,1
5,314,20;13;3,3,0,3,3,3,1
5,314,20;13;3,3,1,1,2,4,1
5,314,20;13;3,3,1,2,4,8,1
5,314,20;13;3,3,1,3,6,8,1
5,314,20;13;3,3,2,1,5,7,1
5,314,20;13;3,3,2,2,8,8,1
5,314,20;13;3,3,2,3,8,8,1
5,314,20;13;3,3,3,1,7,8,1
5,314,20;13;3,3,3,2,8,8,1
5,314,20;13;3,3,3,3,8,8,1
5,314,20;13;3,3,4,1,8,8,1
5,314,20;13;3,3,4,2,8,8,1
5,314,20;13;3,3,4,3,8,8,1
5,314,20;13;3,3,5,1,8,8,1
5,314,20;13;3,3,5,2,8,8,1
5,314,20;13;3,3,5,3,8,8,1
5,315,20;14;1,3,0,1,1,1,1
5,315,20;14;1,3,0,2,2,2,1
5,315,20;14;1,3,0,3,3,3,1
5,315,20;14;1,3,1,1,2,4,1
5,315,20;14;1,3,1,2,4,8,1
5,315,20;14;1,3,1,3,6,8,1
5,315,20;14;1,3,2,1,5,7,1
5,315,20;14;1,3,2,2,8,8,1
5,315,20;14;1,3,2,3,8,8,1
5,315,20;14;1,3,3,1,7,8,1
5,315,20;14;1,3,3,2,8,8,1
5,315,20;14;1,3,3,3,8,8,1
5,315,20;14;1,3,4,1,8,8,1
5,315,20;14;1,3,4,2,8,8,1
5,315,20;14;1,3,4,3,8,8,1
5,315,20;14;1,3,5,1,8,8,1
5,315,20;14;1,3,5,2,8,8,1
5,315,20;14;1,3,5,3,8,8,1
5,316,21;8;2,3,0,1,1,1,1
5,316,21;8;2,3,0,2,2,2,1
5,316,21;8;2,3,0,3,3,3,1
5,316,21;8;2,3,1,1,3,4,1
5,316,21;8;2,3,1,2,6,8,1
5,316,21;8;2,3,1,3,7,8,1
5,316,21;8;2,3,2,1,4,7,1
5,316,21;8;2,3,2,2,8,8,1
5,316,21;8;2,3,2,3,8,8,1
5,316,21;8;2,3,3,1,7,8,1
5,316,21;8;2,3,3,2,8,8,1
5,316,21;8;2,3,3,3,8,8,1
5,316,21;8;2,3,4,1,8,8,1
5,316,21;8;2,3,4,2,8,8,1
5,316,21;8;2,3,4,3,8,8,1
5,316,21;8;2,3,5,1,8,8,1
5,316,21;8;2,3,5,2,8,8,1
5,316,21;8;2,3,5,3,8,8,1
5,317,21;8;3,3,0,1,1,1,1
5,317,21;8;3,3,0,2,2,2,1
5,317,21;8;3,3,0,3,3,3,1
5,317,21;8;3,3,1,1,2,4,1
5,317,21;8;3,3,1,2,4,8,1
5,317,21;8;3,3,1,3,6,8,1
5,317,21;8;3,3,2,1,5,7,1
5,317,21;8;3,3,2,2,8,8,1
5,317,21;8;3,3,2,3,8,8,1
5,317,21;8;3,3,3,1,7,8,1
5,317,21;8;3,3,3,2,8,8,1
5,317,21;8;3,3,3,3,8,8,1
5,317,21;8;3,3,4,1,8,8,1
5,317,21;8;3,3,4,2,8,8,1
5,317,21;8;3,3,4,3,8,8,1
5,317,21;8;3,3,5,1,8,8,1
5,317,21;8;3,3,5,2,8,8,1
5,317,21;8;3,3,5,3,8,8,1
5,318,21;9;2,3,0,1,1,1,1
5,318,21;9;2,3,0,2,2,2,1
5,318,21;9;2,3,0,3,3,3,1
5,318,21;9;2,3,1,1,2,4,1
5,318,21;9;2,3,1,2,4,8,1
5,318,21;9;2,3,1,3,6,8,1
5,318,21;9;2,3,2,1,5,7,1
5,318,21;9;2,3,2,2,8,8,1
5,318,21;9;2,3,2,3,8,8,1
5,318,21;9;2,3,3,1,7,8,1
5,318,21;9;2,3,3,2,8,8,1
5,318,21;9;2,3,3,3,8,8,1
5,318,21;9;2,3,4,1,8,8,1
5,318,21;9;2,3,4,2,8,8,1
5,318,21;9;2,3,4,3,8,8,1
5,318,21;9;2,3,5,1,8,8,1
5,318,21;9;2,3,5,2,8,8,1
5,318,21;9;2,3,5,3,8,8,1
5,319,21;9;3,3,0,1,1,1,1
5,319,21;9;3,3,0,2,2,2,1
5,319,21;9;3,3,0,3,3,3,1
5,319,21;9;3,3,1,1,3,4,1
5,319,21;9;3,3,1,2,6,8,1
5,319,21;9;3,3,1,3,7,8,1
5,319,21;9;3,3,2,1,4,7,1
5,319,21;9;3,3,2,2,8,8,1
5,319,21;9;3,3,2,3,8,8,1
5,319,21;9;3,3,3,1,7,8,1
5,319,21;9;3,3,3,2,8,8,1
5,319,21;9;3,3,3,3,8,8,1
5,319,21;9;3,3,4,1,8,8,1
5,319,21;9;3,3,4,2,8,8,1
5,319,21;9;3,3,4,3,8,8,1
5,319,21;9;3,3,5,1,8,8,1
5,319,21;9;3,3,5,2,8,8,1
5,319,21;9;3,3,5,3,8,8,1
5,320,21;12;2,3,0,1,1,1,1
5,320,21;12;2,3,0,2,2,2,1
5,320,21;12;2,3,0,3,3,3,1
5,320,21;12;2,3,1,1,2,4,1
5,320,21;12;2,3,1,2,4,8,1
5,320,21;12;2,3,1,3,6,8,1
5,320,21;12;2,3,2,1,5,7,1
5,320,21;12;2,3,2,2,8,8,1
5,320,21;12;2,3,2,3,8,8,1
5,320,21;12;2,3,3,1,7,8,1
5,320,21;12;2,3,3,2,8,8,1
5,320,21;12;2,3,3,3,8,8,1
5,320,21;12;2,3,4,1,8,8,1
5,320,21;12;2,3,4,2,8,8,1
5,320,21;12;2,3,4,3,8,8,1
5,320,21;12;2,3,5,1,8,8,1
5,320,21;12;2,3,5,2,8,8,1
5,320,21;12;2,3,5,3,8,8,1
5,321,21;12;3,3,0,1,1,1,1
5,321,21;12;3,3,0,2,2,2,1
5,321,21;12;3,3,0,3,3,3,1
5,321,21;12;3,3,1,1,2,4,1
5,321,21;12;3,3,1,2,4,8,1
5,321,21;12;3,3,1,3,6,8,1
5,321,21;12;3,3,2,1,5,7,1
5,321,21;12;3,3,2,2,8,8,1
5,321,21;12;3,3,2,3,8,8,1
5,321,21;12;3,3,3,1,7,8,1
5,321,21;12;3,3,3,2,8,8,1
5,321,21;12;3,3,3,3,8,8,1
5,321,21;12;3,3,4,1,8,8,1
5,321,21;12;3,3,4,2,8,8,1
5,321,21;12;3,3,4,3,8,8,1
5,321,21;12;3,3,5,1,8,8,1
5,321,21;12;3,3,5,2,8,8,1
5,321,21;12;3,3,5,3,8,8,1
5,322,21;13;2,3,0,1,1,1,1
5,322,21;13;2,3,0,2,2,2,1
5,322,21;13;2,3,0,3,3,3,1
5,322,21;13;2,3,1,1,2,4,1
5,322,21;13;2,3,1,2,4,8,1
5,322,21;13;2,3,1,3,6,8,1
5,322,21;13;2,3,2,1,5,7,1
5,322,21;13;2,3,2,2,8,8,1
5,322,21;13;2,3,2,3,8,8,1
5,322,21;13;2,3,3,1,7,8,1
5,322,21;13;2,3,3,2,8,8,1
5,322,21;13;2,3,3,3,8,8,1
5,322,21;13;2,3,4,1,8,8,1
5,322,21;13;2,3,4,2,8,8,1
5,322,21;13;2,3,4,3,8,8,1
5,322,21;13;2,3,5,1,8,8,1
5,322,21;13;2,3,5,2,8,8,1
5,322,21;13;2,3,5,3,8,8,1
5,323,21;13;3,3,0,1,1,1,1
5,323,21;13;3,3,0,2,2,2,1
5,323,21;13;3,3,0,3,3,3,1
5,323,21;13;3,3,1,1,2,4,1
5,323,21;13;3,3,1,2,4,8,1
5,323,21;13;3,3,1,3,6,8,1
5,323,21;13;3,3,2,1,5,7,1
5,323,21;13;3,3,2,2,8,8,1
5,323,21;13;3,3,2,3,8,8,1
5,323,21;13;3,3,3,1,7,8,1
5,323,21;13;3,3,3,2,8,8,1
5,323,21;13;3,3,3,3,8,8,1
5,323,21;13;3,3,4,1,8,8,1
5,323,21;13;3,3,4,2,8,8,1
5,323,21;13;3,3,4,3,8,8,1
5,323,21;13;3,3,5,1,8,8,1
5,323,21;13;3,3,5,2,8,8,1
5,323,21;13;3,3,5,3,8,8,1
5,324,22;8;1,3,0,1,1,1,1
5,324,22;8;1,3,0,2,2,2,1
5,324,22;8;1,3,0,3,3,3,1
5,324,22;8;1,3,1,1,3,4,1
5,324,22;8;1,3,1,2,6,8,1
5,324,22;8;1,3,1,3,7,8,1
5,324,22;8;1,3,2,1,4,7,1
5,324,22;8;1,3,2,2,8,8,1
5,324,22;8;1,3,2,3,8,8,1
5,324,22;8;1,3,3,1,7,8,1
5,324,22;8;1,3,3,2,8,8,1
5,324,22;8;1,3,3,3,8,8,1
5,324,22;8;1,3,4,1,8,8,1
5,324,22;8;1,3,4,2,8,8,1
5,324,22;8;1,3,4,3,8,8,1
5,324,22;8;1,3,5,1,8,8,1
5,324,22;8;1,3,5,2,8,8,1
5,324,22;8;1,3,5,3,8,8,1
5,325,22;10;1,3,0,1,1,1,1
5,325,22;10;1,3,0,2,2,2,1
5,325,22;10;1,3,0,3,3,3,1
5,325,22;10;1,3,1,1,2,4,1
5,325,22;10;1,3,1,2,4,8,1
5,325,22;10;1,3,1,3,6,8,1
5,325,22;10;1,3,2,1,5,7,1
5,325,22;10;1,3,2,2,8,8,1
5,325,22;10;1,3,2,3,8,8,1
5,325,22;10;1,3,3,1,7,8,1
5,325,22;10;1,3,3,2,8,8,1
5,325,22;10;1,3,3,3,8,8,1
5,325,22;10;1,3,4,1,8,8,1
5,325,22;10;1,3,4,2,8,8,1
5,325,22;10;1,3,4,3,8,8,1
5,325,22;10;1,3,5,1,8,8,1
5,325,22;10;1,3,5,2,8,8,1
5,325,22;10;1,3,5,3,8,8,1
5,326,22;12;1,3,0,1,1,1,1
5,326,22;12;1,3,0,2,2,2,1
5,326,22;12;1,3,0,3,3,3,1
5,326,22;12;1,3,1,1,2,4,1
5,326,22;12;1,3,1,2,4,8,1
5,326,22;12;1,3,1,3,6,8,1
5,326,22;12;1,3,2,1,5,7,1
5,326,22;12;1,3,2,2,8,8,1
5,326,22;12;1,3,2,3,8,8,1
5,326,22;12;1,3,3,1,7,8,1
5,326,22;12;1,3,3,2,8,8,1
5,326,22;12;1,3,3,3,8,8,1
5,326,22;12;1,3,4,1,8,8,1
5,326,22;12;1,3,4,2,8,8,1
5,326,22;12;1,3,4,3,8,8,1
5,326,22;12;1,3,5,1,8,8,1
5,326,22;12;1,3,5,2,8,8,1
5,326,22;12;1,3,5,3,8,8,1
5,327,22;14;1,3,0,1,1,1,1
5,327,22;14;1,3,0,2,2,2,1
5,327,22;14;1,3,0,3,3,3,1
5,327,22;14;1,3,1,1,2,4,1
5,327,22;14;1,3,1,2,4,8,1
5,327,22;14;1,3,1,3,6,8,1
5,327,22;14;1,3,2,1,5,7,1
5,327,22;14;1,3,2,2,8,8,1
5,327,22;14;1,3,2,3,8,8,1
5,327,22;14;1,3,3,1,7,8,1
5,327,22;14;1,3,3,2,8,8,1
5,327,22;14;1,3,3,3,8,8,1
5,327,22;14;1,3,4,1,8,8,1
5,327,22;14;1,3,4,2,8,8,1
5,327,22;14;1,3,4,3,8,8,1
5,327,22;14;1,3,5,1,8,8,1
5,327,22;14;1,3,5,2,8,8,1
5,327,22;14;1,3,5,3,8,8,1
5,328,24;2;1,3,0,1,1,1,1
5,328,24;2;1,3,0,2,2,2,1
5,328,24;2;1,3,0,3,3,3,1
5,328,24;2;1,3,1,1,3,4,1
5,328,24;2;1,3,1,2,6,8,1
5,328,24;2;1,3,1,3,8,8,1
5,328,24;2;1,3,2,1,6,7,1
5,328,24;2;1,3,2,2,8,8,1
5,328,24;2;1,3,2,3,8,8,1
5,328,24;2;1,3,3,1,8,8,1
5,328,24;2;1,3,3,2,8,8,1
5,328,24;2;1,3,3,3,8,8,1
5,328,24;2;1,3,4,1,8,8,1
5,328,24;2;1,3,4,2,8,8,1
5,328,24;2;1,3,4,3,8,8,1
5,328,24;2;1,3,5,1,8,8,1
5,328,24;2;1,3,5,2,8,8,1
5,328,24;2;1,3,5,3,8,8,1
5,329,24;4;1,3,0,1,1,1,1
5,329,24;4;1,3,0,2,2,2,1
5,329,24;4;1,3,0,3,3,3,1
5,329,24;4;1,3,1,1,3,4,1
5,329,24;4;1,3,1,2,6,8,1
5,329,24;4;1,3,1,3,8,8,1
5,329,24;4;1,3,2,1,6,7,1
5,329,24;4;1,3,2,2,8,8,1
5,329,24;4;1,3,2,3,8,8,1
5,329,24;4;1,3,3,1,8,8,1
5,329,24;4;1,3,3,2,8,8,1
5,329,24;4;1,3,3,3,8,8,1
5,329,24;4;1,3,4,1,8,8,1
5,329,24;4;1,3,4,2,8,8,1
5,329,24;4;1,3,4,3,8,8,1
5,329,24;4;1,3,5,1,8,8,1
5,329,24;4;1,3,5,2,8,8,1
5,329,24;4;1,3,5,3,8,8,1
5,330,24;4;2,3,0,1,1,1,1
5,330,24;4;2,3,0,2,2,2,1
5,330,24;4;2,3,0,3,3,3,1
5,330,24;4;2,3,1,1,3,4,1
5,330,24;4;2,3,1,2,6,8,1
5,330,24;4;2,3,1,3,8,8,1
5,330,24;4;2,3,2,1,6,7,1
5,330,24;4;2,3,2,2,8,8,1
5,330,24;4;2,3,2,3,8,8,1
5,330,24;4;2,3,3,1,8,8,1
5,330,24;4;2,3,3,2,8,8,1
5,330,24;4;2,3,3,3,8,8,1
5,330,24;4;2,3,4,1,8,8,1
5,330,24;4;2,3,4,2,8,8,1
5,330,24;4;2,3,4,3,8,8,1
5,330,24;4;2,3,5,1,8,8,1
5,330,24;4;2,3,5,2,8,8,1
5,330,24;4;2,3,5,3,8,8,1
5,331,24;4;3,3,0,1,1,1,1
5,331,24;4;3,3,0,2,2,2,1
5,331,24;4;3,3,0,3,3,3,1
5,331,24;4;3,3,1,1,2,4,1
5,331,24;4;3,3,1,2,4,8,1
5,331,24;4;3,3,1,3,6,8,1
5,331,24;4;3,3,2,1,4,7,1
5,331,24;4;3,3,2,2,8,8,1
5,331,24;4;3,3,2,3,8,8,1
5,331,24;4;3,3,3,1,8,8,1
5,331,24;4;3,3,3,2,8,8,1
5,331,24;4;3,3,3,3,8,8,1
5,331,24;4;3,3,4,1,8,8,1
5,331,24;4;3,3,4,2,8,8,1
5,331,24;4;3,3,4,3,8,8,1
5,331,24;4;3,3,5,1,8,8,1
5,331,24;4;3,3,5,2,8,8,1
5,331,24;4;3,3,5,3,8,8,1
5,332,24;5;2,3,0,1,1,1,1
5,332,24;5;2,3,0,2,2,2,1
5,332,24;5;2,3,0,3,3,3,1
5,332,24;5;2,3,1,1,2,4,1
5,332,24;5;2,3,1,2,4,8,1
5,332,24;5;2,3,1,3,6,8,1
5,332,24;5;2,3,2,1,4,7,1
5,332,24;5;2,3,2,2,8,8,1
5,332,24;5;2,3,2,3,8,8,1
5,332,24;5;2,3,3,1,8,8,1
5,332,24;5;2,3,3,2,8,8,1
5,332,24;5;2,3,3,3,8,8,1
5,332,24;5;2,3,4,1,8,8,1
5,332,24;5;2,3,4,2,8,8,1
5,332,24;5;2,3,4,3,8,8,1
5,332,24;5;2,3,5,1,8,8,1
5,332,24;5;2,3,5,2,8,8,1
5,332,24;5;2,3,5,3,8,8,1
5,333,24;5;3,3,0,1,1,1,1
5,333,24;5;3,3,0,2,2,2,1
5,333,24;5;3,3,0,3,3,3,1
5,333,24;5;3,3,1,1,3,4,1
5,333,24;5;3,3,1,2,6,8,1
5,333,24;5;3,3,1,3,8,8,1
5,333,24;5;3,3,2,1,6,7,1
5,333,24;5;3,3,2,2,8,8,1
5,333,24;5;3,3,2,3,8,8,1
5,333,24;5;3,3,3,1,8,8,1
5,333,24;5;3,3,3,2,8,8,1
5,333,24;5;3,3,3,3,8,8,1
5,333,24;5;3,3,4,1,8,8,1
5,333,24;5;3,3,4,2,8,8,1
5,333,24;5;3,3,4,3,8,8,1
5,333,24;5;3,3,5,1,8,8,1
5,333,24;5;3,3,5,2,8,8,1
5,333,24;5;3,3,5,3,8,8,1
5,334,24;6;1,3,0,1,1,1,1
5,334,24;6;1,3,0,2,2,2,1
5,334,24;6;1,3,0,3,3,3,1
5,334,24;6;1,3,1,1,2,4,1
5,334,24;6;1,3,1,2,4,8,1
5,334,24;6;1,3,1,3,6,8,1
5,334,24;6;1,3,2,1,4,7,1
5,334,24;6;1,3,2,2,8,8,1
5,334,24;6;1,3,2,3,8,8,1
5,334,24;6;1,3,3,1,8,8,1
5,334,24;6;1,3,3,2,8,8,1
5,334,24;6;1,3,3,3,8,8,1
5,334,24;6;1,3,4,1,8,8,1
5,334,24;6;1,3,4,2,8,8,1
5,334,24;6;1,3,4,3,8,8,1
5,334,24;6;1,3,5,1,8,8,1
5,334,24;6;1,3,5,2,8,8,1
5,334,24;6;1,3,5,3,8,8,1
5,335,25;4;2,3,0,1,1,1,1
5,335,25;4;2,3,0,2,2,2,1
5,335,25;4;2,3,0,3,3,3,1
5,335,25;4;2,3,1,1,3,4,1
5,335,25;4;2,3,1,2,6,8,1
5,335,25;4;2,3,1,3,7,8,1
5,335,25;4;2,3,2,1,4,7,1
5,335,25;4;2,3,2,2,8,8,1
5,335,25;4;2,3,2,3,8,8,1
5,335,25;4;2,3,3,1,7,8,1
5,335,25;4;2,3,3,2,8,8,1
5,335,25;4;2,3,3,3,8,8,1
5,335,25;4;2,3,4,1,8,8,1
5,335,25;4;2,3,4,2,8,8,1
5,335,25;4;2,3,4,3,8,8,1
5,335,25;4;2,3,5,1,8,8,1
5,335,25;4;2,3,5,2,8,8,1
5,335,25;4;2,3,5,3,8,8,1
5,336,25;4;3,3,0,1,1,1,1
5,336,25;4;3,3,0,2,2,2,1
5,336,25;4;3,3,0,3,3,3,1
5,336,25;4;3,3,1,1,2,4,1
5,336,25;4;3,3,1,2,4,8,1
5,336,25;4;3,3,1,3,6,8,1
5,336,25;4;3,3,2,1,5,7,1
5,336,25;4;3,3,2,2,8,8,1
5,336,25;4;3,3,2,3,8,8,1
5,336,25;4;3,3,3,1,7,8,1
5,336,25;4;3,3,3,2,8,8,1
5,336,25;4;3,3,3,3,8,8,1
5,336,25;4;3,3,4,1,8,8,1
5,336,25;4;3,3,4,2,8,8,1
5,336,25;4;3,3,4,3,8,8,1
5,336,25;4;3,3,5,1,8,8,1
5,336,25;4;3,3,5,2,8,8,1
5,336,25;4;3,3,5,3,8,8,1
5,337,25;5;2,3,0,1,1,1,1
5,337,25;5;2,3,0,2,2,2,1
5,337,25;5;2,3,0,3,3,3,1
5,337,25;5;2,3,1,1,2,4,1
5,337,25;5;2,3,1,2,4,8,1
5,337,25;5;2,3,1,3,6,8,1
5,337,25;5;2,3,2,1,5,7,1
5,337,25;5;2,3,2,2,8,8,1
5,337,25;5;2,3,2,3,8,8,1
5,337,25;5;2,3,3,1,7,8,1
5,337,25;5;2,3,3,2,8,8,1
5,337,25;5;2,3,3,3,8,8,1
5,337,25;5;2,3,4,1,8,8,1
5,337,25;5;2,3,4,2,8,8,1
5,337,25;5;2,3,4,3,8,8,1
5,337,25;5;2,3,5,1,8,8,1
5,337,25;5;2,3,5,2,8,8,1
5,337,25;5;2,3,5,3,8,8,1
5,338,25;5;3,3,0,1,1,1,1
5,338,25;5;3,3,0,2,2,2,1
5,338,25;5;3,3,0,3,3,3,1
5,338,25;5;3,3,1,1,3,4,1
5,338,25;5;3,3,1,2,6,8,1
5,338,25;5;3,3,1,3,7,8,1
5,338,25;5;3,3,2,1,4,7,1
5,338,25;5;3,3,2,2,8,8,1
5,338,25;5;3,3,2,3,8,8,1
5,338,25;5;3,3,3,1,7,8,1
5,338,25;5;3,3,3,2,8,8,1
5,338,25;5;3,3,3,3,8,8,1
5,338,25;5;3,3,4,1,8,8,1
5,338,25;5;3,3,4,2,8,8,1
5,338,25;5;3,3,4,3,8,8,1
5,338,25;5;3,3,5,1,8,8,1
5,338,25;5;3,3,5,2,8,8,1
5,338,25;5;3,3,5,3,8,8,1
5,339,26;4;1,3,0,1,1,1,1
5,339,26;4;1,3,0,2,2,2,1
5,339,26;4;1,3,0,3,3,3,1
5,339,26;4;1,3,1,1,3,4,1
5,339,26;4;1,3,1,2,6,8,1
5,339,26;4;1,3,1,3,7,8,1
5,339,26;4;1,3,2,1,4,7,1
5,339,26;4;1,3,2,2,8,8,1
5,339,26;4;1,3,2,3,8,8,1
5,339,26;4;1,3,3,1,7,8,1
5,339,26;4;1,3,3,2,8,8,1
5,339,26;4;1,3,3,3,8,8,1
5,339,26;4;1,3,4,1,8,8,1
5,339,26;4;1,3,4,2,8,8,1
5,339,26;4;1,3,4,3,8,8,1
5,339,26;4;1,3,5,1,8,8,1
5,339,26;4;1,3,5,2,8,8,1
5,339,26;4;1,3,5,3,8,8,1
5,340,26;6;1,3,0,1,1,1,1
5,340,26;6;1,3,0,2,2,2,1
5,340,26;6;1,3,0,3,3,3,1
5,340,26;6;1,3,1,1,2,4,1
5,340,26;6;1,3,1,2,4,8,1
5,340,26;6;1,3,1,3,6,8,1
5,340,26;6;1,3,2,1,5,7,1
5,340,26;6;1,3,2,2,8,8,1
5,340,26;6;1,3,2,3,8,8,1
5,340,26;6;1,3,3,1,7,8,1
5,340,26;6;1,3,3,2,8,8,1
5,340,26;6;1,3,3,3,8,8,1
5,340,26;6;1,3,4,1,8,8,1
5,340,26;6;1,3,4,2,8,8,1
5,340,26;6;1,3,4,3,8,8,1
5,340,26;6;1,3,5,1,8,8,1
5,340,26;6;1,3,5,2,8,8,1
5,340,26;6;1,3,5,3,8,8,1
5,341,28;2;1,3,0,1,1,1,1
5,341,28;2;1,3,0,2,2,2,1
5,341,28;2;1,3,0,3,3,3,1
5,341,28;2;1,3,1,1,3,4,1
5,341,28;2;1,3,1,2,6,8,1
5,341,28;2;1,3,1,3,7,8,1
5,341,28;2;1,3,2,1,4,7,1
5,341,28;2;1,3,2,2,8,8,1
5,341,28;2;1,3,2,3,8,8,1
5,341,28;2;1,3,3,1,7,8,1
5,341,28;2;1,3,3,2,8,8,1
5,341,28;2;1,3,3,3,8,8,1
5,341,28;2;1,3,4,1,8,8,1
5,341,28;2;1,3,4,2,8,8,1
5,341,28;2;1,3,4,3,8,8,1
5,341,28;2;1,3,5,1,8,8,1
5,341,28;2;1,3,5,2,8,8,1
5,341,28;2;1,3,5,3,8,8,1
5,342,8;4;2;1,4,0,1,1,1,1
5,342,8;4;2;1,4,0,2,2,2,1
5,342,8;4;2;1,4,0,3,3,3,1
5,342,8;4;2;1,4,1,1,5,5,1
5,342,8;4;2;1,4,1,2,10,10,1
5,342,8;4;2;1,4,1,3,13,13,1
5,342,8;4;2;1,4,2,1,11,11,1
5,342,8;4;2;1,4,2,2,16,16,1
5,342,8;4;2;1,4,2,3,16,16,1
5,342,8;4;2;1,4,3,1,15,15,1
5,342,8;4;2;1,4,3,2,16,16,1
5,342,8;4;2;1,4,3,3,16,16,1
5,342,8;4;2;1,4,4,1,16,16,1
5,342,8;4;2;1,4,4,2,16,16,1
5,342,8;4;2;1,4,4,3,16,16,1
5,342,8;4;2;1,4,5,1,16,16,1
5,342,8;4;2;1,4,5,2,16,16,1
5,342,8;4;2;1,4,5,3,16,16,1
5,343,16;4;2;1,4,0,1,1,1,1
5,343,16;4;2;1,4,0,2,2,2,1
5,343,16;4;2;1,4,0,3,3,3,1
5,343,16;4;2;1,4,1,1,5,5,1
5,343,16;4;2;1,4,1,2,10,10,1
5,343,16;4;2;1,4,1,3,13,13,1
5,343,16;4;2;1,4,2,1,11,11,1
5,343,16;4;2;1,4,2,2,16,16,1
5,343,16;4;2;1,4,2,3,16,16,1
5,343,16;4;2;1,4,3,1,15,15,1
5,343,16;4;2;1,4,3,2,16,16,1
5,343,16;4;2;1,4,3,3,16,16,1
5,343,16;4;2;1,4,4,1,16,16,1
5,343,16;4;2;1,4,4,2,16,16,1
5,343,16;4;2;1,4,4,3,16,16,1
5,343,16;4;2;1,4,5,1,16,16,1
5,343,16;4;2;1,4,5,2,16,16,1
5,343,16;4;2;1,4,5,3,16,16,1
5,344,16;8;2;1,4,0,1,1,1,1
5,344,16;8;2;1,4,0,2,2,2,1
5,344,16;8;2;1,4,0,3,3,3,1
5,344,16;8;2;1,4,1,1,5,5,1
5,344,16;8;2;1,4,1,2,10,10,1
5,344,16;8;2;1,4,1,3,13,13,1
5,344,16;8;2;1,4,2,1,11,11,1
5,344,16;8;2;1,4,2,2,16,16,1
5,344,16;8;2;1,4,2,3,16,16,1
5,344,16;8;2;1,4,3,1,15,15,1
5,344,16;8;2;1,4,3,2,16,16,1
5,344,16;8;2;1,4,3,3,16,16,1
5,344,16;8;2;1,4,4,1,16,16,1
5,344,16;8;2;1,4,4,2,16,16,1
5,344,16;8;2;1,4,4,3,16,16,1
5,344,16;8;2;1,4,5,1,16,16,1
5,344,16;8;2;1,4,5,2,16,16,1
5,344,16;8;2;1,4,5,3,16,16,1
5,345,16;8;4;1,4,0,1,1,1,1
5,345,16;8;4;1,4,0,2,2,2,1
5,345,16;8;4;1,4,0,3,3,3,1
5,345,16;8;4;1,4,1,1,5,5,1
5,345,16;8;4;1,4,1,2,10,10,1
5,345,16;8;4;1,4,1,3,13,13,1
5,345,16;8;4;1,4,2,1,11,11,1
5,345,16;8;4;1,4,2,2,16,16,1
5,345,16;8;4;1,4,2,3,16,16,1
5,345,16;8;4;1,4,3,1,15,15,1
5,345,16;8;4;1,4,3,2,16,16,1
5,345,16;8;4;1,4,3,3,16,16,1
5,345,16;8;4;1,4,4,1,16,16,1
5,345,16;8;4;1,4,4,2,16,16,1
5,345,16;8;4;1,4,4,3,16,16,1
5,345,16;8;4;1,4,5,1,16,16,1
5,345,16;8;4;1,4,5,2,16,16,1
5,345,16;8;4;1,4,5,3,16,16,1
5,346,16;8;4;2,4,0,1,1,1,1
5,346,16;8;4;2,4,0,2,2,2,1
5,346,16;8;4;2,4,0,3,3,3,1
5,346,16;8;4;2,4,1,1,5,5,1
5,346,16;8;4;2,4,1,2,10,10,1
5,346,16;8;4;2,4,1,3,13,13,1
5,346,16;8;4;2,4,2,1,11,11,1
5,346,16;8;4;2,4,2,2,16,16,1
5,346,16;8;4;2,4,2,3,16,16,1
5,346,16;8;4;2,4,3,1,15,15,1
5,346,16;8;4;2,4,3,2,16,16,1
5,346,16;8;4;2,4,3,3,16,16,1
5,346,16;8;4;2,4,4,1,16,16,1
5,346,16;8;4;2,4,4,2,16,16,1
5,346,16;8;4;2,4,4,3,16,16,1
5,346,16;8;4;2,4,5,1,16,16,1
5,346,16;8;4;2,4,5,2,16,16,1
5,346,16;8;4;2,4,5,3,16,16,1
5,347,16;8;4;3,4,0,1,1,1,1
5,347,16;8;4;3,4,0,2,2,2,1
5,347,16;8;4;3,4,0,3,3,3,1
5,347,16;8;4;3,4,1,1,4,5,1
5,347,16;8;4;3,4,1,2,8,10,1
5,347,16;8;4;3,4,1,3,12,13,1
5,347,16;8;4;3,4,2,1,8,11,1
5,347,16;8;4;3,4,2,2,16,16,1
5,347,16;8;4;3,4,2,3,16,16,1
5,347,16;8;4;3,4,3,1,14,15,1
5,347,16;8;4;3,4,3,2,16,16,1
5,347,16;8;4;3,4,3,3,16,16,1
5,347,16;8;4;3,4,4,1,16,16,1
5,347,16;8;4;3,4,4,2,16,16,1
5,347,16;8;4;3,4,4,3,16,16,1
5,347,16;8;4;3,4,5,1,16,16,1
5,347,16;8;4;3,4,5,2,16,16,1
5,347,16;8;4;3,4,5,3,16,16,1
5,348,16;8;5;2,4,0,1,1,1,1
5,348,16;8;5;2,4,0,2,2,2,1
5,348,16;8;5;2,4,0,3,3,3,1
5,348,16;8;5;2,4,1,1,4,5,1
5,348,16;8;5;2,4,1,2,8,10,1
5,348,16;8;5;2,4,1,3,12,13,1
5,348,16;8;5;2,4,2,1,8,11,1
5,348,16;8;5;2,4,2,2,16,16,1
5,348,16;8;5;2,4,2,3,16,16,1
5,348,16;8;5;2,4,3,1,14,15,1
5,348,16;8;5;2,4,3,2,16,16,1
5,348,16;8;5;2,4,3,3,16,16,1
5,348,16;8;5;2,4,4,1,16,16,1
5,348,16;8;5;2,4,4,2,16,16,1
5,348,16;8;5;2,4,4,3,16,16,1
5,348,16;8;5;2,4,5,1,16,16,1
5,348,16;8;5;2,4,5,2,16,16,1
5,348,16;8;5;2,4,5,3,16,16,1
5,349,16;8;5;3,4,0,1,1,1,1
5,349,16;8;5;3,4,0,2,2,2,1
5,349,16;8;5;3,4,0,3,3,3,1
5,349,16;8;5;3,4,1,1,3,5,1
5,349,16;8;5;3,4,1,2,6,10,1
5,349,16;8;5;3,4,1,3,9,13,1
5,349,16;8;5;3,4,2,1,9,11,1
5,349,16;8;5;3,4,2,2,16,16,1
5,349,16;8;5;3,4,2,3,16,16,1
5,349,16;8;5;3,4,3,1,13,15,1
5,349,16;8;5;3,4,3,2,16,16,1
5,349,16;8;5;3,4,3,3,16,16,1
5,349,16;8;5;3,4,4,1,16,16,1
5,349,16;8;5;3,4,4,2,16,16,1
5,349,16;8;5;3,4,4,3,16,16,1
5,349,16;8;5;3,4,5,1,16,16,1
5,349,16;8;5;3,4,5,2,16,16,1
5,349,16;8;5;3,4,5,3,16,16,1
5,350,16;8;6;1,4,0,1,1,1,1
5,350,16;8;6;1,4,0,2,2,2,1
5,350,16;8;6;1,4,0,3,3,3,1
5,350,16;8;6;1,4,1,1,4,5,1
5,350,16;8;6;1,4,1,2,8,10,1
5,350,16;8;6;1,4,1,3,12,13,1
5,350,16;8;6;1,4,2,1,8,11,1
5,350,16;8;6;1,4,2,2,16,16,1
5,350,16;8;6;1,4,2,3,16,16,1
5,350,16;8;6;1,4,3,1,14,15,1
5,350,16;8;6;1,4,3,2,16,16,1
5,350,16;8;6;1,4,3,3,16,16,1
5,350,16;8;6;1,4,4,1,16,16,1
5,350,16;8;6;1,4,4,2,16,16,1
5,350,16;8;6;1,4,4,3,16,16,1
5,350,16;8;6;1,4,5,1,16,16,1
5,350,16;8;6;1,4,5,2,16,16,1
5,350,16;8;6;1,4,5,3,16,16,1
5,351,16;9;4;2,4,0,1,1,1,1
5,351,16;9;4;2,4,0,2,2,2,1
5,351,16;9;4;2,4,0,3,3,3,1
5,351,16;9;4;2,4,1,1,4,5,1
5,351,16;9;4;2,4,1,2,8,10,1
5,351,16;9;4;2,4,1,3,12,13,1
5,351,16;9;4;2,4,2,1,8,11,1
5,351,16;9;4;2,4,2,2,16,16,1
5,351,16;9;4;2,4,2,3,16,16,1
5,351,16;9;4;2,4,3,1,14,15,1
5,351,16;9;4;2,4,3,2,16,16,1
5,351,16;9;4;2,4,3,3,16,16,1
5,351,16;9;4;2,4,4,1,16,16,1
5,351,16;9;4;2,4,4,2,16,16,1
5,351,16;9;4;2,4,4,3,16,16,1
5,351,16;9;4;2,4,5,1,16,16,1
5,351,16;9;4;2,4,5,2,16,16,1
5,351,16;9;4;2,4,5,3,16,16,1
5,352,16;9;4;3,4,0,1,1,1,1
5,352,16;9;4;3,4,0,2,2,2,1
5,352,16;9;4;3,4,0,3,3,3,1
5,352,16;9;4;3,4,1,1,3,5,1
5,352,16;9;4;3,4,1,2,6,10,1
5,352,16;9;4;3,4,1,3,9,13,1
5,352,16;9;4;3,4,2,1,9,11,1
5,352,16;9;4;3,4,2,2,16,16,1
5,352,16;9;4;3,4,2,3,16,16,1
5,352,16;9;4;3,4,3,1,13,15,1
5,352,16;9;4;3,4,3,2,16,16,1
5,352,16;9;4;3,4,3,3,16,16,1
5,352,16;9;4;3,4,4,1,16,16,1
5,352,16;9;4;3,4,4,2,16,16,1
5,352,16;9;4;3,4,4,3,16,16,1
5,352,16;9;4;3,4,5,1,16,16,1
5,352,16;9;4;3,4,5,2,16,16,1
5,352,16;9;4;3,4,5,3,16,16,1
5,353,16;9;5;2,4,0,1,1,1,1
5,353,16;9;5;2,4,0,2,2,2,1
5,353,16;9;5;2,4,0,3,3,3,1
5,353,16;9;5;2,4,1,1,3,5,1
5,353,16;9;5;2,4,1,2,6,10,1
5,353,16;9;5;2,4,1,3,9,13,1
5,353,16;9;5;2,4,2,1,9,11,1
5,353,16;9;5;2,4,2,2,16,16,1
5,353,16;9;5;2,4,2,3,16,16,1
5,353,16;9;5;2,4,3,1,13,15,1
5,353,16;9;5;2,4,3,2,16,16,1
5,353,16;9;5;2,4,3,3,16,16,1
5,353,16;9;5;2,4,4,1,16,16,1
5,353,16;9;5;2,4,4,2,16,16,1
5,353,16;9;5;2,4,4,3,16,16,1
5,353,16;9;5;2,4,5,1,16,16,1
5,353,16;9;5;2,4,5,2,16,16,1
5,353,16;9;5;2,4,5,3,16,16,1
5,354,16;9;5;3,4,0,1,1,1,1
5,354,16;9;5;3,4,0,2,2,2,1
5,354,16;9;5;3,4,0,3,3,3,1
5,354,16;9;5;3,4,1,1,4,5,1
5,354,16;9;5;3,4,1,2,8,10,1
5,354,16;9;5;3,4,1,3,12,13,1
5,354,16;9;5;3,4,2,1,8,11,1
5,354,16;9;5;3,4,2,2,16,16,1
5,354,16;9;5;3,4,2,3,16,16,1
5,354,16;9;5;3,4,3,1,14,15,1
5,354,16;9;5;3,4,3,2,16,16,1
5,354,16;9;5;3,4,3,3,16,16,1
5,354,16;9;5;3,4,4,1,16,16,1
5,354,16;9;5;3,4,4,2,16,16,1
5,354,16;9;5;3,4,4,3,16,16,1
5,354,16;9;5;3,4,5,1,16,16,1
5,354,16;9;5;3,4,5,2,16,16,1
5,354,16;9;5;3,4,5,3,16,16,1
5,355,16;10;4;1,4,0,1,1,1,1
5,355,16;10;4;1,4,0,2,2,2,1
5,355,16;10;4;1,4,0,3,3,3,1
5,355,16;10;4;1,4,1,1,4,5,1
5,355,16;10;4;1,4,1,2,8,10,1
5,355,16;10;4;1,4,1,3,12,13,1
5,355,16;10;4;1,4,2,1,8,11,1
5,355,16;10;4;1,4,2,2,16,16,1
5,355,16;10;4;1,4,2,3,16,16,1
5,355,16;10;4;1,4,3,1,14,15,1
5,355,16;10;4;1,4,3,2,16,16,1
5,355,16;10;4;1,4,3,3,16,16,1
5,355,16;10;4;1,4,4,1,16,16,1
5,355,16;10;4;1,4,4,2,16,16,1
5,355,16;10;4;1,4,4,3,16,16,1
5,355,16;10;4;1,4,5,1,16,16,1
5,355,16;10;4;1,4,5,2,16,16,1
5,355,16;10;4;1,4,5,3,16,16,1
5,356,16;10;6;1,4,0,1,1,1,1
5,356,16;10;6;1,4,0,2,2,2,1
5,356,16;10;6;1,4,0,3,3,3,1
5,356,16;10;6;1,4,1,1,3,5,1
5,356,16;10;6;1,4,1,2,6,10,1
5,356,16;10;6;1,4,1,3,9,13,1
5,356,16;10;6;1,4,2,1,9,11,1
5,356,16;10;6;1,4,2,2,16,16,1
5,356,16;10;6;1,4,2,3,16,16,1
5,356,16;10;6;1,4,3,1,13,15,1
5,356,16;10;6;1,4,3,2,16,16,1
5,356,16;10;6;1,4,3,3,16,16,1
5,356,16;10;6;1,4,4,1,16,16,1
5,356,16;10;6;1,4,4,2,16,16,1
5,356,16;10;6;1,4,4,3,16,16,1
5,356,16;10;6;1,4,5,1,16,16,1
5,356,16;10;6;1,4,5,2,16,16,1
5,356,16;10;6;1,4,5,3,16,16,1
5,357,16;12;2;1,4,0,1,1,1,1
5,357,16;12;2;1,4,0,2,2,2,1
5,357,16;12;2;1,4,0,3,3,3,1
5,357,16;12;2;1,4,1,1,4,5,1
5,357,16;12;2;1,4,1,2,8,10,1
5,357,16;12;2;1,4,1,3,12,13,1
5,357,16;12;2;1,4,2,1,8,11,1
5,357,16;12;2;1,4,2,2,16,16,1
5,357,16;12;2;1,4,2,3,16,16,1
5,357,16;12;2;1,4,3,1,14,15,1
5,357,16;12;2;1,4,3,2,16,16,1
5,357,16;12;2;1,4,3,3,16,16,1
5,357,16;12;2;1,4,4,1,16,16,1
5,357,16;12;2;1,4,4,2,16,16,1
5,357,16;12;2;1,4,4,3,16,16,1
5,357,16;12;2;1,4,5,1,16,16,1
5,357,16;12;2;1,4,5,2,16,16,1
5,357,16;12;2;1,4,5,3,16,16,1
5,358,17;8;4;2,4,0,1,1,1,1
5,358,17;8;4;2,4,0,2,2,2,1
5,358,17;8;4;2,4,0,3,3,3,1
5,358,17;8;4;2,4,1,1,4,5,1
5,358,17;8;4;2,4,1,2,8,10,1
5,358,17;8;4;2,4,1,3,12,13,1
5,358,17;8;4;2,4,2,1,8,11,1
5,358,17;8;4;2,4,2,2,16,16,1
5,358,17;8;4;2,4,2,3,16,16,1
5,358,17;8;4;2,4,3,1,14,15,1
5,358,17;8;4;2,4,3,2,16,16,1
5,358,17;8;4;2,4,3,3,16,16,1
5,358,17;8;4;2,4,4,1,16,16,1
5,358,17;8;4;2,4,4,2,16,16,1
5,358,17;8;4;2,4,4,3,16,16,1
5,358,17;8;4;2,4,5,1,16,16,1
5,358,17;8;4;2,4,5,2,16,16,1
5,358,17;8;4;2,4,5,3,16,16,1
5,359,17;8;4;3,4,0,1,1,1,1
5,359,17;8;4;3,4,0,2,2,2,1
5,359,17;8;4;3,4,0,3,3,3,1
5,359,17;8;4;3,4,1,1,3,5,1
5,359,17;8;4;3,4,1,2,6,10,1
5,359,17;8;4;3,4,1,3,9,13,1
5,359,17;8;4;3,4,2,1,9,11,1
5,359,17;8;4;3,4,2,2,16,16,1
5,359,17;8;4;3,4,2,3,16,16,1
5,359,17;8;4;3,4,3,1,13,15,1
5,359,17;8;4;3,4,3,2,16,16,1
5,359,17;8;4;3,4,3,3,16,16,1
5,359,17;8;4;3,4,4,1,16,16,1
5,359,17;8;4;3,4,4,2,16,16,1
5,359,17;8;4;3,4,4,3,16,16,1
5,359,17;8;4;3,4,5,1,16,16,1
5,359,17;8;4;3,4,5,2,16,16,1
5,359,17;8;4;3,4,5,3,16,16,1
5,360,17;8;5;2,4,0,1,1,1,1
5,360,17;8;5;2,4,0,2,2,2,1
5,360,17;8;5;2,4,0,3,3,3,1
5,360,17;8;5;2,4,1,1,3,5,1
5,360,17;8;5;2,4,1,2,6,10,1
5,360,17;8;5;2,4,1,3,9,13,1
5,360,17;8;5;2,4,2,1,9,11,1
5,360,17;8;5;2,4,2,2,16,16,1
5,360,17;8;5;2,4,2,3,16,16,1
5,360,17;8;5;2,4,3,1,13,15,1
5,360,17;8;5;2,4,3,2,16,16,1
5,360,17;8;5;2,4,3,3,16,16,1
5,360,17;8;5;2,4,4,1,16,16,1
5,360,17;8;5;2,4,4,2,16,16,1
5,360,17;8;5;2,4,4,3,16,16,1
5,360,17;8;5;2,4,5,1,16,16,1
5,360,17;8;5;2,4,5,2,16,16,1
5,360,17;8;5;2,4,5,3,16,16,1
5,361,17;8;5;3,4,0,1,1,1,1
5,361,17;8;5;3,4,0,2,2,2,1
5,361,17;8;5;3,4,0,3,3,3,1
5,361,17;8;5;3,4,1,1,4,5,1
5,361,17;8;5;3,4,1,2,8,10,1
5,361,17;8;5;3,4,1,3,12,13,1
5,361,17;8;5;3,4,2,1,8,11,1
5,361,17;8;5;3,4,2,2,16,16,1
5,361,17;8;5;3,4,2,3,16,16,1
5,361,17;8;5;3,4,3,1,14,15,1
5,361,17;8;5;3,4,3,2,16,16,1
5,361,17;8;5;3,4,3,3,16,16,1
5,361,17;8;5;3,4,4,1,16,16,1
5,361,17;8;5;3,4,4,2,16,16,1
5,361,17;8;5;3,4,4,3,16,16,1
5,361,17;8;5;3,4,5,1,16,16,1
5,361,17;8;5;3,4,5,2,16,16,1
5,361,17;8;5;3,4,5,3,16,16,1
5,362,17;9;4;2,4,0,1,1,1,1
5,362,17;9;4;2,4,0,2,2,2,1
5,362,17;9;4;2,4,0,3,3,3,1
5,362,17;9;4;2,4,1,1,3,5,1
5,362,17;9;4;2,4,1,2,6,10,1
5,362,17;9;4;2,4,1,3,9,13,1
5,362,17;9;4;2,4,2,1,9,11,1
5,362,17;9;4;2,4,2,2,16,16,1
5,362,17;9;4;2,4,2,3,16,16,1
5,362,17;9;4;2,4,3,1,13,15,1
5,362,17;9;4;2,4,3,2,16,16,1
5,362,17;9;4;2,4,3,3,16,16,1
5,362,17;9;4;2,4,4,1,16,16,1
5,362,17;9;4;2,4,4,2,16,16,1
5,362,17;9;4;2,4,4,3,16,16,1
5,362,17;9;4;2,4,5,1,16,16,1
5,362,17;9;4;2,4,5,2,16,16,1
5,362,17;9;4;2,4,5,3,16,16,1
5,363,17;9;4;3,4,0,1,1,1,1
5,363,17;9;4;3,4,0,2,2,2,1
5,363,17;9;4;3,4,0,3,3,3,1
5,363,17;9;4;3,4,1,1,4,5,1
5,363,17;9;4;3,4,1,2,8,10,1
5,363,17;9;4;3,4,1,3,12,13,1
5,363,17;9;4;3,4,2,1,8,11,1
5,363,17;9;4;3,4,2,2,16,16,1
5,363,17;9;4;3,4,2,3,16,16,1
5,363,17;9;4;3,4,3,1,14,15,1
5,363,17;9;4;3,4,3,2,16,16,1
5,363,17;9;4;3,4,3,3,16,16,1
5,363,17;9;4;3,4,4,1,16,16,1
5,363,17;9;4;3,4,4,2,16,16,1
5,363,17;9;4;3,4,4,3,16,16,1
5,363,17;9;4;3,4,5,1,16,16,1
5,363,17;9;4;3,4,5,2,16,16,1
5,363,17;9;4;3,4,5,3,16,16,1
5,364,17;9;5;2,4,0,1,1,1,1
5,364,17;9;5;2,4,0,2,2,2,1
5,364,17;9;5;2,4,0,3,3,3,1
5,364,17;9;5;2,4,1,1,4,5,1
5,364,17;9;5;2,4,1,2,8,10,1
5,364,17;9;5;2,4,1,3,12,13,1
5,364,17;9;5;2,4,2,1,8,11,1
5,364,17;9;5;2,4,2,2,16,16,1
5,364,17;9;5;2,4,2,3,16,16,1
5,364,17;9;5;2,4,3,1,14,15,1
5,364,17;9;5;2,4,3,2,16,16,1
5,364,17;9;5;2,4,3,3,16,16,1
5,364,17;9;5;2,4,4,1,16,16,1
5,364,17;9;5;2,4,4,2,16,16,1
5,364,17;9;5;2,4,4,3,16,16,1
5,364,17;9;5;2,4,5,1,16,16,1
5,364,17;9;5;2,4,5,2,16,16,1
5,364,17;9;5;2,4,5,3,16,16,1
5,365,17;9;5;3,4,0,1,1,1,1
5,365,17;9;5;3,4,0,2,2,2,1
5,365,17;9;5;3,4,0,3,3,3,1
5,365,17;9;5;3,4,1,1,5,5,1
5,365,17;9;5;3,4,1,2,10,10,1
5,365,17;9;5;3,4,1,3,13,13,1
5,365,17;9;5;3,4,2,1,11,11,1
5,365,17;9;5;3,4,2,2,16,16,1
5,365,17;9;5;3,4,2,3,16,16,1
5,365,17;9;5;3,4,3,1,15,15,1
5,365,17;9;5;3,4,3,2,16,16,1
5,365,17;9;5;3,4,3,3,16,16,1
5,365,17;9;5;3,4,4,1,16,16,1
5,365,17;9;5;3,4,4,2,16,16,1
5,365,17;9;5;3,4,4,3,16,16,1
5,365,17;9;5;3,4,5,1,16,16,1
5,365,17;9;5;3,4,5,2,16,16,1
5,365,17;9;5;3,4,5,3,16,16,1
5,366,18;8;4;1,4,0,1,1,1,1
5,366,18;8;4;1,4,0,2,2,2,1
5,366,18;8;4;1,4,0,3,3,3,1
5,366,18;8;4;1,4,1,1,4,5,1
5,366,18;8;4;1,4,1,2,8,10,1
5,366,18;8;4;1,4,1,3,12,13,1
5,366,18;8;4;1,4,2,1,8,11,1
5,366,18;8;4;1,4,2,2,16,16,1
5,366,18;8;4;1,4,2,3,16,16,1
5,366,18;8;4;1,4,3,1,14,15,1
5,366,18;8;4;1,4,3,2,16,16,1
5,366,18;8;4;1,4,3,3,16,16,1
5,366,18;8;4;1,4,4,1,16,16,1
5,366,18;8;4;1,4,4,2,16,16,1
5,366,18;8;4;1,4,4,3,16,16,1
5,366,18;8;4;1,4,5,1,16,16,1
5,366,18;8;4;1,4,5,2,16,16,1
5,366,18;8;4;1,4,5,3,16,16,1
5,367,18;8;6;1,4,0,1,1,1,1
5,367,18;8;6;1,4,0,2,2,2,1
5,367,18;8;6;1,4,0,3,3,3,1
5,367,18;8;6;1,4,1,1,3,5,1
5,367,18;8;6;1,4,1,2,6,10,1
5,367,18;8;6;1,4,1,3,9,13,1
5,367,18;8;6;1,4,2,1,9,11,1
5,367,18;8;6;1,4,2,2,16,16,1
5,367,18;8;6;1,4,2,3,16,16,1
5,367,18;8;6;1,4,3,1,13,15,1
5,367,18;8;6;1,4,3,2,16,16,1
5,367,18;8;6;1,4,3,3,16,16,1
5,367,18;8;6;1,4,4,1,16,16,1
5,367,18;8;6;1,4,4,2,16,16,1
5,367,18;8;6;1,4,4,3,16,16,1
5,367,18;8;6;1,4,5,1,16,16,1
5,367,18;8;6;1,4,5,2,16,16,1
5,367,18;8;6;1,4,5,3,16,16,1
5,368,18;10;4;1,4,0,1,1,1,1
5,368,18;10;4;1,4,0,2,2,2,1
5,368,18;10;4;1,4,0,3,3,3,1
5,368,18;10;4;1,4,1,1,3,5,1
5,368,18;10;4;1,4,1,2,6,10,1
5,368,18;10;4;1,4,1,3,9,13,1
5,368,18;10;4;1,4,2,1,9,11,1
5,368,18;10;4;1,4,2,2,16,16,1
5,368,18;10;4;1,4,2,3,16,16,1
5,368,18;10;4;1,4,3,1,13,15,1
5,368,18;10;4;1,4,3,2,16,16,1
5,368,18;10;4;1,4,3,3,16,16,1
5,368,18;10;4;1,4,4,1,16,16,1
5,368,18;10;4;1,4,4,2,16,16,1
5,368,18;10;4;1,4,4,3,16,16,1
5,368,18;10;4;1,4,5,1,16,16,1
5,368,18;10;4;1,4,5,2,16,16,1
5,368,18;10;4;1,4,5,3,16,16,1
5,369,18;10;6;1,4,0,1,1,1,1
5,369,18;10;6;1,4,0,2,2,2,1
5,369,18;10;6;1,4,0,3,3,3,1
5,369,18;10;6;1,4,1,1,4,5,1
5,369,18;10;6;1,4,1,2,8,10,1
5,369,18;10;6;1,4,1,3,12,13,1
5,369,18;10;6;1,4,2,1,8,11,1
5,369,18;10;6;1,4,2,2,16,16,1
5,369,18;10;6;1,4,2,3,16,16,1
5,369,18;10;6;1,4,3,1,14,15,1
5,369,18;10;6;1,4,3,2,16,16,1
5,369,18;10;6;1,4,3,3,16,16,1
5,369,18;10;6;1,4,4,1,16,16,1
5,369,18;10;6;1,4,4,2,16,16,1
5,369,18;10;6;1,4,4,3,16,16,1
5,369,18;10;6;1,4,5,1,16,16,1
5,369,18;10;6;1,4,5,2,16,16,1
5,369,18;10;6;1,4,5,3,16,16,1
5,370,20;8;2;1,4,0,1,1,1,1
5,370,20;8;2;1,4,0,2,2,2,1
5,370,20;8;2;1,4,0,3,3,3,1
5,370,20;8;2;1,4,1,1,4,5,1
5,370,20;8;2;1,4,1,2,8,10,1
5,370,20;8;2;1,4,1,3,12,13,1
5,370,20;8;2;1,4,2,1,8,11,1
5,370,20;8;2;1,4,2,2,16,16,1
5,370,20;8;2;1,4,2,3,16,16,1
5,370,20;8;2;1,4,3,1,14,15,1
5,370,20;8;2;1,4,3,2,16,16,1
5,370,20;8;2;1,4,3,3,16,16,1
5,370,20;8;2;1,4,4,1,16,16,1
5,370,20;8;2;1,4,4,2,16,16,1
5,370,20;8;2;1,4,4,3,16,16,1
5,370,20;8;2;1,4,5,1,16,16,1
5,370,20;8;2;1,4,5,2,16,16,1
5,370,20;8;2;1,4,5,3,16,16,1
5,371,20;12;2;1,4,0,1,1,1,1
5,371,20;12;2;1,4,0,2,2,2,1
5,371,20;12;2;1,4,0,3,3,3,1
5,371,20;12;2;1,4,1,1,3,5,1
5,371,20;12;2;1,4,1,2,6,10,1
5,371,20;12;2;1,4,1,3,9,13,1
5,371,20;12;2;1,4,2,1,9,11,1
5,371,20;12;2;1,4,2,2,16,16,1
5,371,20;12;2;1,4,2,3,16,16,1
5,371,20;12;2;1,4,3,1,13,15,1
5,371,20;12;2;1,4,3,2,16,16,1
5,371,20;12;2;1,4,3,3,16,16,1
5,371,20;12;2;1,4,4,1,16,16,1
5,371,20;12;2;1,4,4,2,16,16,1
5,371,20;12;2;1,4,4,3,16,16,1
5,371,20;12;2;1,4,5,1,16,16,1
5,371,20;12;2;1,4,5,2,16,16,1
5,371,20;12;2;1,4,5,3,16,16,1
5,372,24;4;2;1,4,0,1,1,1,1
5,372,24;4;2;1,4,0,2,2,2,1
5,372,24;4;2;1,4,0,3,3,3,1
5,372,24;4;2;1,4,1,1,4,5,1
5,372,24;4;2;1,4,1,2,8,10,1
5,372,24;4;2;1,4,1,3,12,13,1
5,372,24;4;2;1,4,2,1,8,11,1
5,372,24;4;2;1,4,2,2,16,16,1
5,372,24;4;2;1,4,2,3,16,16,1
5,372,24;4;2;1,4,3,1,14,15,1
5,372,24;4;2;1,4,3,2,16,16,1
5,372,24;4;2;1,4,3,3,16,16,1
5,372,24;4;2;1,4,4,1,16,16,1
5,372,24;4;2;1,4,4,2,16,16,1
5,372,24;4;2;1,4,4,3,16,16,1
5,372,24;4;2;1,4,5,1,16,16,1
5,372,24;4;2;1,4,5,2,16,16,1
5,372,24;4;2;1,4,5,3,16,16,1
5,373,16;8;4;2;1,5,0,1,1,1,1
5,373,16;8;4;2;1,5,0,2,2,2,1
5,373,16;8;4;2;1,5,0,3,3,3,1
5,373,16;8;4;2;1,5,1,1,6,6,1
5,373,16;8;4;2;1,5,1,2,12,12,1
5,373,16;8;4;2;1,5,1,3,18,18,1
5,373,16;8;4;2;1,5,2,1,16,16,1
5,373,16;8;4;2;1,5,2,2,32,32,1
5,373,16;8;4;2;1,5,2,3,32,32,1
5,373,16;8;4;2;1,5,3,1,26,26,1
5,373,16;8;4;2;1,5,3,2,32,32,1
5,373,16;8;4;2;1,5,3,3,32,32,1
5,373,16;8;4;2;1,5,4,1,31,31,1
5,373,16;8;4;2;1,5,4,2,32,32,1
5,373,16;8;4;2;1,5,4,3,32,32,1
5,373,16;8;4;2;1,5,5,1,32,32,1
5,373,16;8;4;2;1,5,5,2,32,32,1
5,373,16;8;4;2;1,5,5,3,32,32,1
